Mutation_Set,Count
No_mutations,18
K225L,39586
G220V; K225I,5332
G101S; K225L,4057
G220V; K225I; C231S; Y355H,1720
G220I; K225I,1446
L98P; K225L,954
K225L; Y355H,709
Q53K; K225L,700
E154G; G220V; K225I,599
K225L; N274K,596
K225L; C231R,560
S162I; G220V; K225I,531
G220V; K225I; C231S,506
E154G; K225I,458
G101S; G220V; K225I,452
S162C; G220V; K225I,400
K225L; A266E,389
E28K; K225L,243
N138D; K225L,217
L98P; G220V; K225I,210
Q27R; K225L,210
K225L; C231S,201
K225L; V265A,176
G220V; K225I; C231R,152
G220V; K225I; V265D,146
K225L; R402S,133
Q75R; G220V; K225I; C231S,122
I199N; G220V; K225I,116
E154G; Y171N; K225I,112
E154G; K225L,110
K225I,107
G220V; K225I; V265A,106
L98F; K225L,104
K225L; D278N,103
F194L; K225L,103
G220V; K225I; N365D,93
K225L; I352V,91
N138D; G220V; K225I,81
K225L; R394H,79
S162C; G220I; K225I,77
K225L; I232T,76
K225L; D325N,71
L145M; K225L,68
I134V; K225L,67
G220V; K225I; Y355H,63
K225L; Q354R,62
S60N; K225L,61
G101S; S174G; K225L,60
I41V; K225L,60
K225I; C231R; S292N,58
G220V; K225T,56
K225L; I233V,55
I102L; K225L,55
N92K; K225L,54
G101S; K225I,52
F194V; K225L,48
K225L; N248S,48
N122D; K225L,47
G101S; F194L; K225L,46
K225L; E349K,46
K225L; I227T,45
K225L; D270N,45
K225L; S292N,45
K62N; K225L,44
K225L; N274S,43
G220V; K225I; I227V,43
M211I; K225L,42
K225L; N362D,41
S6T; K225L,41
G220V; K225I; N362D,40
K225L; V382M,40
M172I; K225L,40
K225L; S372N,40
K225L; A389T,40
K225L; I227V,38
E154G; F194L; K225I,38
N195S; K225L,37
E154G; S162I; S163F,37
K225L; N243S,37
H125Y; K225L,36
S162I; K225L,36
K225L; S372R,36
S162N; K225L,36
K225L; I247T,36
G101S; K225L; Y355H,35
Q141R; K225L,35
K225L; L328M,34
S162I; G220V; K225I; N248S,34
K225L; I352T,34
Q27K; K225L,34
N164S; G220V; K225I,34
M1I; K225L,33
K225L; I232L,33
K225L; N261D,33
I199T; K225L,32
V184I; K225L,32
K225L; I232V,31
K225L; N238K,31
S162C; K225L,31
K225L; K330R,31
K225L; I262T,31
K225L; C231R; S292N,30
F136L; K225L,29
K225L; N297S,29
K225L; D326N,29
H56Y; K225L,28
K225L; N365D,28
Q53K; F194L; K225L,28
S162I; G220V; K225T,28
K225L; Y268H,28
S60G; K225L,27
T59I; K225L,27
S162I; S163F; N175H; C231R,27
I165V; K225L,27
L98P; T160S; G220V; K225I,27
K225L; P298S,27
K225L; T264P,27
E154G; S166C; G220V; K225I,26
K225L; I316T,26
G220V; K225I; I262N,26
K225L; I408N,26
K225L; F252L,26
K225L; Y357H,25
K225L; V405I,25
M172R; K225L,25
G101S; K225L; I247T,25
K225L; G401D,25
K225L; V382A,24
H56L; K225L,24
K225L; A313E,24
K225L; N293D,24
T59A; K225L,24
K225L; E373D,23
K225L; C231G,23
K225L; I262L,23
I102V; K225L,22
K225L; L240M,22
G220V; K225I; A266E,22
N10D; K225L,22
K225L; I316V,21
K225L; I408T,21
K225L; G403D,21
K225L; S284N,21
K225L; T230A,21
N197D; K225L,21
K225L; N261S,21
K225T,21
E154G; S162I; K225I,21
D77N; K225L,21
H56Y; G220V; K225I,21
N195S; G220V; K225I,21
K225L; T400A,20
Q141K; K225L,20
N138D; K225L; E349K,20
E154G; S162I; S163F; K225L,20
S60G; G220V; K225I,20
K225L; N258D,20
K225L; I262M,20
K225L; N383D,20
I199T; G220V; K225I,20
I39V; K225L,20
D65G; K225L,19
Q27R; K225L; Y355H,19
G220I; K225I; Y355H,19
M151I; K225L,19
K225L; N379S,19
K225L; T229M,19
P173Q; K225L,19
K225L; I263V,19
K225L; R402H,19
I199S; K225I,18
K225L; T242A,18
S66F; K225L,18
K225L; A389V,18
K225L; R410H,18
K225L; R385K,18
K225L; T341A,18
E79D; K225L,18
N161Y; K225L,18
N96S; K225L,18
K225L; T230K,18
K225L; L391M,17
K225L; D270G,17
I102M; K225L,17
K225L; Y357C,17
D196N; K225L,17
G101S; K225L; I247L,17
K225L; K329R,17
K225L; T242I,17
N10S; K225L,17
P120T; K225L,17
K225L; I232F,16
G220I; K225I; C231S; Y355H,16
G220V; K225T; C231S,16
V47M; L98P; K225L; A266E,16
G220V; K225I; N248S,16
K225L; N388D,16
H56Y; Q75R; G220V; K225I; C231S,16
R193H; K225L,16
N161Y; G220V; K225I,16
A182S; K225L,16
K225L; N269S,16
K225L; A313S,16
L98P; G220V; K225I; C231S; Y355H,16
T160S; K225L,15
Q75R; K225L,15
K225L; Q344N,15
K225L; I368V,15
L98P; K225I,15
K225L; T273A,15
K225L; S314N; I316N,15
K225L; V265I,15
K225L; Q236R,15
K62R; K225L,15
K225L; T234S,15
N197S; K225L,15
K225L; A313V,15
K225L; A313T,15
D65N; K225L,15
K225L; F384S,15
K225L; F334L,15
K225L; S292I,15
K85R; K225L; S292N,15
G220V; K225I; N293D,15
K225L; R402C,15
S66Y; K225L,14
K225L; N365S,14
K225L; Q236K,14
K225L; T273I,14
S60R; K225L,14
L98I; K225L,14
E213*; K225L,14
K225L; N322S,14
I203V; K225L,14
G101S; K225L; C231R,14
K225L; R394C,14
K225L; I409T,14
S217C; G220V; K225I,14
K225L; Q344K,14
H219Y; K225L,14
L98P; G220I; K225I,14
K225L; V345A,14
K225L; I377V,14
L61M; K225L,14
H56R; K225L,14
E28K; G220V; K225I,14
G101S; K225L; I352V,14
K225L; K329N,14
K225L; I247V,14
K225L; V405A,14
K225L; D270Y,14
E154G; G220V; K225I; S292N,14
F194L; G220I; K225I,13
K225L; F358S,13
K225L; D338Y,13
P57H; K225L,13
K225T; C231S,13
I181V; K225L,13
S99L; K225L,13
S67N; K225L,13
K225L; N383S,13
K225L; K397N,13
K225L; A266T,13
P112L; K225L,13
I35V; K225L,13
R16H; K225L,13
K225L; P393Q,13
I143V; K225L,13
K225L; D312N,13
K225Q,13
I199V; K225L,13
E201G; K225L,13
K225L; A266V,13
A129V; K225L,13
K225L; D259Y,13
D121P; K225L,13
P173L; K225L,13
K225L; P239S,13
G220V; K225I; S292N,13
K225L; K381N,13
K225I; C231R,13
Q53K; G101S; K225L,13
K225L; I399T,12
G179C; K225L,12
K225L; I399V,12
S76N; K225L,12
I102L; G220V; K225I,12
V13I; K225L,12
K225L; N378D,12
V47M; K225L,12
K225L; Y375H,12
K225L; R348H,12
K225L; S318N,12
D11Y; K225L,12
K225L; K397R,12
K225L; G401S,12
G139C; K225L,12
N92K; G220V; K225I,12
R93H; K225L,12
P12Q; K225L,12
G101S; K225L; E349K,12
N122S; K225L,12
K225L; I396V,12
N96D; K225L,12
K225L; K407R; I408S; I409F; R410V,12
K225L; I262V,12
L98P; S162I; G220V; K225I,12
K225L; N390D,12
E28D; K225L,12
H56N; K225L,12
K225L; V345I,12
A224T; K225L,12
I199N; K225L,12
E213G; K225L,12
K225L; R394S,12
K225L; G403S,12
R168C; K225L,12
E133K; K225L,11
H176R; K225L,11
K225L; D326G,11
D54N; K225L,11
S166C; G220V; K225I,11
Q27R; I102L; K225L,11
K225L; K381R,11
Q53R; K225L,11
G220V; K225I; C231S; D325N; Y355H,11
K225L; Y299H,11
K225L; N390S,11
T160A; K225L,11
K225L; L404P,11
K225L; F411L,11
S162T; G220V; K225I; Q354R,11
K225L; F358L,11
K225L; T234P,11
K225L; P239Q,11
L98P; K225L; A266E,11
K225L; V291M,11
K225L; V382L,11
N72D; K225L,11
N195D; K225L,11
K225L; K300N,11
Y171C; K225L,11
P43T; K225L,11
E154A; G220V; K225I,11
N175H; G220V; K225I,11
G220V; K225I; D325N,11
K225L; N258S,11
K225L; A389S,11
K225L; K406*,11
S162I; G220V; K225I; C231S,11
K225L; K346R,11
K225L; N379K,11
K225L; G353D,11
T51I; K225L,10
K225L; R385G,10
Y68H; K225L,10
N72D; G220V; K225I,10
L210M; K225L,10
K225L; N277S,10
K225L; G257S,10
D128G; K225L,10
K225L; C231Y,10
K225L; D278A,10
K225L; Q290K,10
K225L; P298Q,10
F55L; K225L,10
K225L; G308D,10
K225L; D278Y,10
V47M; I199F; G220V; K225I,10
E154*; K225L,10
I134V; G220V; K225I,10
K225I; C231S,10
N96S; G101S; K225L,10
K225L; D325G,10
D65Y; K225L,10
K225L; T400I,10
L98P; K225L; Y355H,10
G220V; K225I; C231S; S292N; Y355H,10
K225L; N390T,10
R193C; K225L,10
S198*; K225L,10
K225L; D301N,10
Q53K; G220V; K225I,10
G101D; K225L,10
K225L; T264A,10
K225L; D326A,10
K225L; P294S,10
K225L; R385S,10
K225L; D338G,10
E154G; S162I; G220V; K225I,10
S187F; K225L,10
K225L; P298L,10
S162T; G220V; K225I,10
A224V; K225L,10
K225L; N378S,10
K225L; N293S,10
K225L; Y268C,10
D128N; K225L,10
N63S; K225L,10
P23S; K225L,10
F194I; K225L,10
G220V; K225I; I262M,10
K225L; N297D,10
E78K; K225L,9
P188T; K225L,9
K225L; G246S,9
K225L; G308S,9
K225L; F343L,9
Q53*; K225L,9
L98R; K225L,9
T88Q; K225L,9
E106A; K225L,9
R16S; K225L,9
P2S; K225L,9
N164S; K225L,9
K22R; K225L,9
K225L; K407N,9
A131V; K225L,9
K225L; Q235K,9
K225L; F337L,9
K225L; T230M,9
K225L; S333*,9
D128Y; K225L,9
H56Y; G220V; K225I; C231S,9
N97S; K225L,9
I183V; K225L,9
G101S; G220I; K225I,9
K225L; K342E,9
N111S; K225L,9
R193L; K225L,9
P206L; K225L,9
P188L; K225L,9
K37E; K225L,9
S198L; K225L,9
D117N; K225L,9
K225L; D326Y,9
S163F; K225L,9
R82C; K225L,9
K225L; T341N,9
P52L; K225L,9
A153T; K225L,9
Q27H; K225L,9
S67I; K225L,9
K225L; S284R,9
D15Y; K225L,9
K225L; D366Y,9
A224E; K225L,9
G220V; K225I; C231S; F337S; Y355H,9
K225L; L296M,9
R45C; K225L,9
Q75K; K225L,8
K225L; S367F,8
K225L; L253F,8
A110V; K225L,8
G101S; K225L; K406*,8
K225L; I352S,8
Q141R; G220V; K225I,8
S140R; K225L,8
S67R; K225L,8
G220I; K225I; C231S,8
K225L; I409V,8
F83L; K225L,8
S162I; G220V; K225I; I262F,8
K225L; R410C,8
K225L; S372G,8
A153V; K225L,8
S162C; G220V; K225T,8
K225L; D259N,8
K225L; V291A,8
K225L; Q235H,8
K225L; V405F,8
K225L; G257C,8
G220V; K225I; N274S,8
Q75*; K225L,8
K225L; Q304K,8
N175K; K225L,8
E79K; K225L,8
K225L; S333L,8
F91L; K225L,8
G223C; K225L,8
G220I; K225I; I227T,8
K225L; C231S; Y355H,8
L208M; K225L,8
D196G; K225L,8
K225L; C347Y,8
K225L; G315C,8
I102T; K225L,8
K225L; R348S,8
G220V; K225I; D326N,8
P2H; K225L,8
D117Y; K225L,8
K225L; P398S,8
K225L; E251*,8
K225L; I241V,8
S6L; K225L,8
K225L; K397E,8
K225L; G386C,8
G220V; K225I; I352V,8
K225L; Q295R,8
K225L; I316L,8
K225L; P398L,8
K225L; T228S,8
K37R; K225L,8
S166Y; K225L,8
F202L; K225L,8
K225L; E305*,8
P188S; K225L,8
K225L; P294Q,8
K225L; V319I,8
G220V; K225I; I232T,8
K225L; Q235R,8
S66P; K225L,8
K225L; G386D,8
H176Y; K225L,8
K225L; E373*,8
V148I; K225L,8
K225L; S372I,8
K225L; K406E,8
G101V; K225L,8
G220V; K225I; T264S,8
K225L; G308C,8
E28K; G101S; K225L,8
F91L; G220V; K225I,7
M172L; K225L,7
Q141*; K225L,7
P23Q; K225L,7
K225L; G256V,7
K225L; R280H,7
N138S; K225L,7
K225L; T350A,7
K225L; Q290R,7
L114M; K225L,7
Y20H; K225L,7
G220V; K225I; I247V,7
K225L; Y272H,7
K225L; E349*,7
K225L; G226D,7
P112Q; K225L,7
T119I; K225L,7
K225L; K356R,7
N122D; G220V; K225I,7
P43L; K225L,7
S217N; K225L,7
Q141K; G220V; K225I,7
D54Y; K225L,7
K225L; L240R,7
K225L; R244C,7
S187Y; K225L,7
Q123H; K225L,7
K225L; D301G,7
K225L; Q290H,7
K225L; G246D,7
Q204H; K225L,7
P120Q; K225L,7
K225L; P393T,7
N72S; K225L,7
F192L; K225L,7
V87M; K225L,7
K225L; Q387K,7
K225L; S361F,7
K225L; D338N,7
Q141H; K225L,7
K225L; K342R,7
K225L; S372T; E373Q; Y375F; N378G; N379S; K381A; V382T; F384Y; R385K; A389V; N390E; L391E; R394Q; I396V; K397E; P398E; T400K; K407N; I408K; R410E; F411E,7
K225L; Y299C,7
G24S; K225L,7
G220V; K225L,7
N175H; K225L,7
Y222C; K225L,7
G101S; G220V; K225I; C231S; Y355H,7
K225L; P398Q,7
K225L; I371V,7
K225L; D325Y,7
G220V; K225I; N379S,7
K225L; K329E,7
K225L; K288N,7
K225L; L309M,7
K22N; K225L,7
P23L; K225L,7
G220V; K225I; V405A,7
Q27*; K225L,7
K225L; G353S,7
K225L; T341I,7
K225L; Q295H,7
K225L; I321V,7
K225L; G401C,7
K62N; G220V; K225I,7
K225L; I247T; I352V,7
P52Q; K225L,7
K225L; A283T,7
S108N; K225L,7
G152C; K225L,7
K225L; I396T,7
P12L; K225L,7
K225L; I233T,7
E105D; K225L,7
K225L; K342N,7
G101S; N122D; K225L,7
S163F; K225Q; Y355H,7
E79*; K225L,7
E201*; K225L,7
K225L; N370S,7
K225L; T230S,7
K225L; K356E,7
S6T; S32A; K225L,7
G220V; K225I; S372N,7
P57S; K225L,7
S191L; K225L,7
D77N; L98P; K225L,7
G101S; K225L; V265A,7
I199F; G220V; K225I,7
E154G; G220V; K225I; N297D,7
G115S; K225L,7
K225L; D325E,7
N175S; K225L,7
K225L; G403C,7
G220V; K225I; Q354R,7
G220V; K225I; S292I,7
K225L; Q354*,7
K225L; G386S,7
I150V; K225L,7
K225L; Q354K,7
K225L; L260P,7
G223D; K225L,7
K225L; N248K,7
V13F; K225L,7
K225L; P239T,6
K225L; R410S,6
K225L; D270A,6
K225L; T229A,6
K225L; K285N,6
S32A; K225L,6
G220V; K225I; E349K; K397E,6
K225L; A283S,6
D81Y; K225L,6
S187P; K225L,6
F194L; K225L; V265A,6
K225L; N269D,6
K225L; Q290*,6
N161H; G220V; K225I,6
K225L; K359R,6
G127C; K225L,6
G220V; K225I; D326A,6
N169D; K225L,6
K37N; K225L,6
P58S; K225L,6
G177D; K225L,6
G101S; K225L; I371V,6
K225L; T264S,6
G64S; K225L,6
K225L; I271V,6
G101S; K225L; C231S,6
S162I; N164S; K225L,6
K225L; N362S,6
K225L; I408F,6
N147T; K225L,6
K225L; P239L,6
K225L; K359E,6
P52T; K225L,6
K225L; L380S,6
N161H; K225L,6
P58T; K225L,6
K225L; D366N,6
G101S; G220V; K225I; Y355H,6
G220V; K225I; C231S; Y355H; R402H,6
S108G; K225L,6
G220D; K225L,6
M211V; K225L,6
G220V; K225I; N261S,6
K225L; L276F,6
L98P; F194L; K225L,6
G101S; F194L; K225L; K406*,6
K225L; N388S,6
K225L; P393S,6
K225L; N379D,6
T51S; K225L,6
G25S; K225L,6
D205Y; K225L,6
L19P; K225L,6
T185I; K225L,6
P58L; K225L,6
K225L; S314Y,6
G220V; K225I; C231S; N365D,6
K225L; A266S,6
K225L; Q236*,6
Y30C; K225L,6
G101S; K225L; I232T,6
G177V; K225L,6
T88I; K225L,6
G101S; K225L; K397N,6
I215V; K225L,6
K225L; G226C,6
K225L; E373G,6
E44G; K225L,6
K225L; Y357S,6
K225L; K288R,6
G220I; K225I; A313T,6
G101S; K225L; R402C,6
N63D; K225L,6
D65E; K225L,6
G220V; K225I; R244S,6
I165T; K225L,6
P120S; K225L,6
L167M; K225L,6
G220V; K225I; A313E,6
K225L; L260M,6
E201K; K225L,6
E154K; K225L,6
K225L; N390K,6
K225L; L364M,6
G220V; K225I; I232F,6
R168H; K225L,6
K225L; I408D; I409H; R410S,6
G220V; K225I; A389T,6
K225L; R348C,6
R168S; K225L,6
K225L; C347F,6
V184F; K225L,6
G220V; K225I; P298S,6
K225L; F255L,6
N161S; K225L,6
G101C; K225L,6
T50A; K225L,6
Y73C; K225L,6
G220V; K225I; I232M,6
A207V; K225L,6
Q123*; K225L,5
K62E; K225L,5
K225L; G353C,5
G220V; K225I; I233V,5
S6T; G220V; K225I,5
G220V; K225I; V382M,5
K225L; L380F,5
I183T; K225L,5
K225L; S361Y,5
K225L; R280S,5
G101S; K225L; A266E,5
A182V; K225L,5
K225L; N277D,5
S108G; E154G; K225I,5
G220V; K225I; I232V,5
S162C; G220V; K225I; L240M,5
M211I; G220V; K225I,5
S180Y; K225L,5
G101S; K225L; N261S,5
G49D; K225L,5
K225L; S361A,5
E105K; K225L,5
S60N; G220V; K225I,5
Q204*; K225L,5
W40*; K225L,5
K225L; V289M,5
R82L; K225L,5
G220V; K225I; C231S; Y355H; N362D,5
K225L; Q295*,5
G101S; G220V; K225I; K330R,5
Y69H; K225L,5
N138D; S162I; G220V; K225I,5
K225L; D301Y,5
K225L; I408V,5
F55S; K225L,5
K225L; Q237R,5
K225L; D312Y,5
E106*; K225L,5
T59A; G220V; K225I,5
G101S; K225L; I409V,5
G220V; K225I; C231S; Y355H; K407E,5
P155L; K225L,5
S187P; G220V; K225I,5
S166A; G220V; K225I,5
K225L; Q237*,5
K225S,5
K225L; G374S,5
P71S; K225L,5
K225L; G246C,5
T59I; G220V; K225I,5
H212Y; K225L,5
R16C; K225L,5
S180F; K225L,5
E189D; K225L,5
E105G; K225L,5
K225L; V382E,5
G220V; K225I; D270N,5
K225L; F303V,5
K225L; K406R,5
G223S; K225L,5
M151I; G220V; K225I,5
D81N; K225L,5
S174N; K225L,5
G177C; K225L,5
K225L; E336*,5
G220V; K225I; D278N,5
Y20C; K225L,5
Q141R; E154G; K225L,5
K109R; K225L,5
G101S; K225L; N274K,5
K225L; N248T,5
S163Y; K225L,5
Q27R; G220V; K225I,5
P146S; K225L,5
K225L; P298T,5
K225L; D310N,5
F33L; K225L,5
R82S; K225L,5
K225L; N269T,5
G127S; K225L,5
E44K; K225L,5
K225L; I263V; Y355H,5
K225L; D312G,5
E28*; K225L,5
K225L; N274K; Y355H,5
G101S; F194V; K225L,5
G220V; K225I; I408N,5
D11N; K225L,5
G220V; K225I; S284N,5
H176N; K225L,5
Q27R; K225L; V265A,5
D196Y; K225L,5
T160M; K225L,5
D121G; K225L,5
F202L; G220V; K225I,5
Q53K; K225L; Y355H,5
W40L; K225L,5
E44D; K225L,5
G24C; K225L,5
Q53K; H56Y; K225L,5
S137N; K225L,5
R45H; K225L,5
A224S; K225L,5
E154G; G220V; K225I; N365S,5
N197D; G220V; K225I,5
K225L; E305K,5
K225L; G315D,5
G179S; K225L,5
K225L; S367Y,5
K225L; T400P,5
H56R; G101S; K225L,5
K225L; L296P,5
R82H; K225L,5
R45L; K225L,5
T209I; K225L,5
E28G; K225L,5
K225L; K311R,5
G152V; K225L,5
G101S; N138D; K225L,5
S99A; K225L,5
P146Q; K225L,5
K225L; E251K,5
K225L; S318R,5
F194V; K225L; N293D,5
K225L; Y369H,5
S166F; K225L,5
Q53K; F194V; K225L,5
K225L; Y268S,5
K225L; Q295K,5
K225L; P393L,5
G101S; I102L; K225L,5
T209P; K225L,5
S6T; S32A; H56L; K225L,5
Q123K; K225L,5
L114P; K225L,5
K225L; G374D,5
K225L; Y272C,5
K225Q; C231R,5
K225L; T242N,5
G220V; K225I; Q237R,5
N200S; K225L,5
G177S; K225L,5
E154G; G220V; K225I; C231S; Y355H,4
T50S; K225L,4
G101S; Q141R; K225L,4
K225I; Y355H,4
E154G; K225I; T229M,4
K225L; Y355H; N365D,4
K225L; V291E,4
S137I; K225L,4
N96S; G220V; K225I; C231S; Y355H,4
N10D; G220V; K225I,4
K62N; G101S; K225L,4
K225L; F252S,4
K225L; V265A; Y355H,4
Q75T; S76T; T88Q; K225L,4
K225L; Q267K,4
K225L; E250D,4
G220V; K225I; C231S; Y355H; N365D,4
N195T; K225L,4
K225L; N383H,4
K225L; K245R,4
T51A; K225L,4
K80R; K225L,4
F29S; K225L,4
G220V; K225I; E349K,4
G101S; K225L; V291M,4
Q53K; K225L; I352V,4
G220V; K225I; Y355C,4
G64C; K225L,4
G101S; I183V; K225L,4
K225L; I227S,4
S76G; K225L,4
L103M; K225L,4
K225L; R244H,4
K225L; C347*,4
K225L; R410L,4
I126V; K225L,4
M36I; K225L,4
S166A; K225L,4
K225L; S314F,4
G101S; K225L; K330R,4
K225L; S314N; I316N; Q344N,4
K225L; F337S,4
V132I; K225L,4
G101S; K225L; I227V,4
G139D; K225L,4
G220V; K225I; I409T,4
E79D; K225L; Y355H,4
L98P; K225L; C231R,4
K225L; A340S,4
G220I; K225I; G401S,4
S166A; G220V; K225I; C231S,4
K225L; L360S,4
S99*; K225L,4
K225L; S287N,4
K225L; I249V,4
M1I; G220V; K225I,4
G220V; K225I; D270A,4
K225L; K381E,4
K225L; F384L,4
N116D; K225L,4
G101S; K225L; F411S,4
S217G; K225L,4
K225L; T254A,4
L98P; K225L; V265A,4
G220V; K225I; L328M,4
G220V; K225I; C231S; Y355C,4
H125Y; G220V; K225I,4
G152D; K225L,4
S66F; G220V; K225I,4
N10S; S60N; K225L,4
K225L; Y279H,4
N92K; G220V; K225I; C231S; Y355H,4
G101S; K225L; V345I,4
G64S; G101S; K225L,4
K225L; Q344R,4
G139S; K225L,4
K225L; N376D,4
D121Y; K225L,4
P206S; K225L,4
S198P; K225L,4
E154G; Y171C; K225I,4
G220V; K225I; F343L,4
G220V; K225I; K406E,4
P112S; K225L,4
S140G; K225L,4
E159K; K225L,4
G127D; K225L,4
L98P; K225L; N274K,4
S60I; K225L,4
K225L; V265G,4
K225L; N297T,4
K135E; K225L,4
K225L; N297I,4
K225L; N322D,4
N95S; K225L,4
D121A; K225L,4
A182T; K225L,4
D70N; K225L,4
P12S; K225L,4
G220V; K225I; D278Y,4
L98P; K225L; L240M,4
K225L; K407E,4
K225L; T400N,4
K225L; N388H,4
K225L; I395V,4
K225L; S314A,4
K225L; S287R,4
G220V; K225I; C231S; Y355H; T400I,4
G220V; K225I; C231S; A313T; Y355H,4
G220V; K225I; D366Y,4
K225L; E336G,4
I41V; N164S; K225L,4
E28D; G220V; K225I,4
K225L; I321V; V405I,4
G220V; K225I; F303S,4
G101S; S162N; K225L,4
H56Y; S67C; Q75R; G220V; K225I; C231S,4
Q53R; K225L; C231R,4
I203T; K225L,4
G220V; K225I; I262L,4
K225L; K330N,4
G101S; S162I; G220V; K225I,4
K225L; Q267H,4
G101S; K225L; N248S,4
S140N; K225L,4
K225L; N383K,4
K225L; G374V; Y375I; N376T; I377S; N378T; N379T; L380*; K381R; V382*; N383T; F384L; R385E; G386V; Q387R; N388M; A389Q; N390I; L391*; N392T; P393R; R394V; I395L; I396S; K397N; P398R; I399L; T400P; G401V; R402V; G403A; L404W; V405L; K407R; I408S; I409F; R410V,4
P12T; K225L,4
R193S; K225L,4
E201A; K225L,4
K225L; Y332H,4
N14D; K225L,4
P206Q; K225L,4
G220V; K225I; N297D,4
I183M; K225L,4
V132I; G220V; K225I; D312N,4
K225L; T264K,4
D70Y; K225L,4
K225L; T234A,4
G220V; K225I; N297S,4
I42V; K225L,4
C26Y; K225L,4
E159*; K225L,4
Q123R; K225L,4
M172T; G220V; K225I,4
H125R; K225L,4
K62T; K225L,4
N10D; G220V; K225I; C231S; Y355H,4
N147S; K225L,4
Q53K; N195S; K225L,4
D205N; K225L,4
K225L; K288E,4
R93L; K225L,4
K225L; A266E; T273I,4
K225L; L296V,4
G220V; K225I; C231S; Y355H; Y357C,4
Y171H; K225L,4
S32N; K225L,4
H56Q; K225L,4
G101S; L145M; K225L,4
M1I; G101S; K225L,4
K225L; D259G,4
K225L; I262F,4
G220V; K225I; Q344N,4
K225L; V265F,4
N97D; K225L,4
Q27R; G101S; K225L,4
G101S; K225L; D325N,4
G220V; K225I; R402H,4
G220V; K225I; I408V,4
G101S; K225L; S284N,4
K225L; Q237K,4
E154G; K225I; N370D,4
K3Q; K225L,4
N200D; K225L,4
K225L; I249T,4
L98F; K225L; N248S,4
K225L; N274H,4
K225L; D310G,4
K225L; E250*,4
R82C; G101S; K225L,4
F136L; G220V; K225I,4
S140I; K225L,4
S60G; G220V; K225I; C231S; Y355H,4
L98P; S99L; K225L,4
E154G; S162N; K225I,4
A207S; K225L,4
K225L; A340T,4
G101S; K225L; R402S,4
P58Q; K225L,4
P146L; K225L,4
K225L; I233V; A266E,4
G115D; K225L,4
L144F; K225L,4
E213K; K225L; S372N,4
P71L; K225L,4
K225L; G315S,4
K225L; F252V,4
E44*; K225L,4
K225L; N370D,4
G220C; K225L,4
G179S; G220V; K225I,4
F29L; K225L,4
K225L; Q387H,4
K135E; A207V; G220V; K225I,4
N63S; G101S; K225L,4
N63S; G220V; K225I,4
I199N; G220V; K225I; Y355H,4
K225L; C231F,4
G220V; K225I; C231S; G353C; Y355H,4
G220V; K225I; P298L,4
G101S; K225L; N248H,4
N147K; K225L,4
G101S; G220V; K225I; C231R,4
G115C; K225L,4
K225L; F303Y,4
G25V; K225L,3
K225L; K288T,3
E154G; G220I; K225I,3
K225L; S284I,3
K225L; E349G,3
T88I; L98P; K225I,3
L98P; K225L; S292N,3
K225L; S292G,3
I199M; K225L,3
E154G; S162I; Y171N; K225I,3
K225L; N362D; R394H,3
K225L; I377L,3
E154G; K225I; Y357C,3
G220V; K225I; D338G,3
G220I; K225I; V265A,3
K225L; L286F,3
K225L; Y355H; I371V,3
G101S; I181V; K225L,3
I21V; K225L,3
N34S; I199N; K225L,3
I86V; K225L,3
G101S; K225L; I249V,3
H125N; K225L,3
F202L; G220I; K225I,3
K225L; Y268F,3
G100D; K225L,3
E105G; G220V; K225I; C231S; Y355H,3
P2S; G220V; K225I,3
N118H; G220V; K225I,3
G220I; K225I; T234S,3
K225L; L404M,3
E154G; K225I; F384S,3
M36V; K225L,3
G101S; K225L; Y268H,3
K225L; D310E,3
K225L; T273N,3
K225L; G257D,3
G220V; K225I; C231S; N379S,3
G220I; K225I; C231S; Y355H; N370S,3
G220V; K225I; C231S; A313E; Y355H,3
N38S; K225L,3
K225L; I377T,3
G101S; K225L; G401D,3
S67G; K225L,3
G101S; K225L; T273I,3
G220V; K225I; C231S; Y272H; Y355H,3
N122D; G220I; K225I; T273A,3
G220V; K225I; Y268H,3
S6T; S32A; H56L; Q75T; S76T; T88Q; K225L,3
H216N; K225L,3
G220V; K225I; I282V,3
G220V; K225I; D366G,3
K225L; Y355C,3
T59A; S162I; G220V; K225I; A313E,3
P58T; G101S; K225L,3
H142Y; G220V; K225I,3
N122D; K225L; E349K,3
N92K; G220V; K225I; V265A,3
G220V; K225I; N261D; G403S,3
N116H; G220V; K225I,3
E79D; T160A; K225L,3
D70Y; G220V; K225I,3
L98P; G101V; K225L,3
I199F; K225L,3
N10K; K225L,3
L98P; G220V; K225I; S292N,3
S60N; K225L; N274K,3
L144S; K225L; A266E; R410H,3
K225L; A340E,3
K225L; L363S,3
K225L; V265A; Y357H,3
D121P; G220V; K225I,3
N34D; K225L,3
P173S; K225L,3
D11Y; G220V; K225I,3
G101S; A224E; K225L,3
G101S; T160A; K225L,3
E154G; F194V; K225I,3
A153T; K225I; N248S,3
I4M; K225L,3
P188Q; K225L,3
I41T; G220I; K225I,3
K225L; F303L,3
N118H; K225L,3
G101S; K225L; T234M,3
M172I; I199V; K225L,3
Q53K; K225L; C231R,3
G220I; K225I; D325N,3
G101S; K225L; T229M,3
K225L; D270E,3
K225I; Q354R,3
K225L; T264I,3
G101S; K225L; N258S,3
K225L; L275S,3
G101S; K225L; E250D,3
K225L; G315V,3
K225L; I232S,3
K225L; I352L,3
L167M; G220V; K225I,3
D117N; G220V; K225I,3
S32R; K225L,3
K225L; S287I,3
S162I; G220V; K225I; C231R,3
K225L; V319L,3
G220V; K225I; C231R; S292N,3
G101S; K225L; R410L,3
E154G; G220V; K225I; N376S,3
G101S; K225L; A389T,3
G101S; K225L; Y375H,3
P155Q; K225L,3
K225L; I232T; I371V,3
C26R; K225L,3
I42T; K225L,3
K225L; Y272C; N274K,3
I102T; G220V; K225I,3
N122K; K225L,3
P23T; K225L,3
G101S; K225L; D270N,3
K225L; T228A,3
K225L; E336K,3
K225L; I396S,3
Q75T; S76T; K225L,3
K225L; G226S,3
L98I; G220V; K225I; C231R,3
H56L; Q75T; S76T; T88Q; K225L,3
S162C; G220V; K225I; T242A,3
G101S; G220V; K225I; C231S,3
I41V; G220V; K225I,3
G101S; K225L; D301Y,3
M151V; K225L,3
G220V; K225I; N248S; N365D,3
K225I; C231R; S292N; K407E,3
G220V; K225I; K397E,3
G220V; K225I; L391M,3
G64V; K225L,3
G101S; K225L; N390D,3
S130P; K225L,3
K225L; K281E,3
G220V; K225I; R280C,3
G220V; K225I; C231S; N248S; Y355H,3
G101S; K225L; D270A,3
E154G; K225I; N248Y,3
K225L; F411S,3
S6*; K225L,3
Q27R; K62N; K225L,3
H212Y; G220V; K225I,3
K225L; S284G,3
K225L; N293D; E305K,3
G220V; K225I; V345I,3
I149L; K225L,3
E79D; G220V; K225I,3
G220V; K225I; E373D,3
S163P; K225L,3
E154G; G220V; K225I; Y355H,3
T17I; G220V; K225I,3
Q27R; I199N; K225L; Y355H,3
E189*; K225L,3
E154A; K225L,3
P71T; K225L,3
Y68C; G101S; K225L,3
K225L; E349A,3
K225L; Y317C,3
A129T; K225L,3
K225L; A266E; Y355H,3
K225L; E373K,3
K62N; E154G; K225I,3
A207T; K225L,3
K225L; V265A; I399T,3
V148G; I199S; K225I,3
Y113H; K225L,3
K225L; I321T,3
L98P; F158L; K225L,3
P52S; K225L,3
L98R; G177S; K225L,3
I199N; G220V; K225I; C231S; Y355H,3
I126L; K225L,3
L98P; K225L; R394H,3
A182E; K225L,3
G101S; S162I; K225L,3
D156N; K225L,3
N8D; K225L,3
G101S; K225L; K329N,3
G101S; K225L; N248K,3
G101S; K225L; N379S,3
K225L; Q344*,3
E78K; G220I; K225I,3
K225T; I232T,3
Y222H; K225L,3
K225L; I282T,3
N72T; G220V; K225I,3
K225L; L275F,3
K225L; N238D,3
F33L; G101S; K225L,3
K225L; S318I,3
K225L; R244S,3
E28K; G220I; K225I,3
K135R; K225L,3
T119A; K225L,3
Q27R; K225L; N274K,3
N138D; K225I,3
K22*; K225L,3
E154G; M172I; G220V; K225I,3
V184I; G220V; K225I,3
G220V; K225I; T400A,3
I102V; K225L; Y355H,3
K225L; L286I,3
K225L; E250K,3
Y171N; K225L,3
K225L; T234K,3
P188Q; G220V; K225I,3
G220V; K225I; C231S; Q235H,3
N63H; G101S; K225L,3
R82C; G220V; K225I,3
K225L; K323R,3
D65A; K225L,3
N92K; G101S; K225L,3
T17A; K225L,3
N197K; K225L,3
K225L; D301A,3
I199N; G220V; K225I; T264A,3
Y113C; K225L,3
I181T; K225L,3
Q27R; K225L; C231R,3
N122D; K225L; Y355H,3
K225L; G226C; I316V,3
K62R; G101S; K225L,3
L98P; K225L; R402S,3
G220V; K225I; E250*,3
G220V; K225I; N390S,3
G101S; A224S; K225L,3
G220V; K225I; S314N; I316N,3
F194L; G220V; K225I,3
G223V; K225L,3
I39V; K225L; I232V,3
Q27R; K225L; N238K; V265A,3
H125Y; K225L; C231R,3
S130T; G220V; K225I,3
K225L; Y332*,3
P12Q; G220V; K225I,3
G101S; K225L; V382E,3
G101S; K225L; Q387K,3
K225L; G374C,3
Q204K; K225L,3
K225L; Q304*,3
G220V; K225I; T341A,3
G64D; G220V; K225I,3
E28K; E154G; K225I,3
G101S; K225L; I368V,3
I94T; K225L,3
N161K; K225L,3
Y171*; K225L,3
S60I; G101S; K225L,3
Y113C; K225L; A266E,3
K225L; D278N; Y355H,3
G101S; K225L; L276F,3
E154G; Y171N; K225L,3
K225L; I263L,3
L61P; K225L,3
G24D; K225L,3
G220V; K225I; C231S; T264P; Y355H,3
G220V; K225I; Y317H,3
G220V; K225I; N390D,3
G101S; K225L; F343L,3
V13A; K225L,3
N111D; K225L,3
S217I; K225L,3
P57L; G101S; K225L,3
F55L; G220V; K225I,3
I86T; E154G; K225I,3
K225L; V289A,3
K225L; Y279C,3
N116K; K225L,3
G101S; K225L; N365D,3
V132I; G220V; K225I,3
V87L; K225L,3
Q53K; L98P; K225L,3
K225L; D278G,3
G101S; H125Y; K225L,3
R45L; G220I; K225I,3
K225L; A283V,3
E154G; F194L; K225L,3
G220V; K225I; P239S,3
A129E; K225L,3
F158L; K225L,3
M1V; K225L,3
K225L; N277K,3
E78G; K225L,3
K225L; R280C,3
Y9H; K225L,3
L98P; G220V; K225I; Y279F,3
G101S; M151I; K225L,3
E154G; K225I; A266E,3
A129S; K225L,3
G220V; K225I; E336*,3
E154G; G220V; K225I; S372N,3
K225L; I232M,3
T88A; K225L,3
K225L; K288Q,3
S162R; K225L,3
K225L; I409L,3
S162I; N164S; G220V; K225I,3
G101S; K225L; I232V,3
T50I; K225L,3
Q27R; K225L; C231S,3
S99L; G101S; K225L,3
L98P; K225T,3
I41V; G220V; K225I; C231S; Y355H,3
N34S; K225L,3
K225L; V382G,3
I41V; G101S; K225L,3
G220V; K225I; K342E,3
K225L; Y332N,3
G101S; K225L; P239S,3
G101S; K225L; N261D,3
N195K; K225L,3
G101S; N195S; K225L,3
K225L; F324L,3
E154G; I165V; K225I,3
G101A; G220V; K225I,3
N195H; K225L,3
E79D; S162T; G220V; K225I; Q354R,3
E106D; K225L,3
H56L; G220V; K225I,3
K80E; K225L,3
T17I; K225L,3
K225L; N238T,3
V47A; G220I; K225I,3
I199L; K225L,3
F136S; K225L,3
R93C; K225L,3
G101S; K225N,3
G101S; K225L; K300R,3
S6T; G220I; K225I,3
K225L; N274K; D325E,3
G220V; K225I; C231S; N297S; Y355H,3
G101S; K225L; S292N,3
G101S; K225L; D270G,3
E154G; K225I; V345A,3
G220V; K225I; C231S; A266E; Y355H,3
E28K; K225L; V265A,3
F29Y; K225L,3
P155S; K225L,3
Q75H; K225L,3
K225L; Q235*,3
L98F; N138D; F194L; K225L; N248S,3
Q141K; N197D; K225L,3
T50P; K225L,3
I48V; K225L,3
N138D; K225L; T400P,3
S162I; S163F; K225L,3
Q27K; G220V; K225I; C231S; Y355H,3
G101S; K225L; L328M,3
N138D; K225L; Y355H,3
L98P; H125Y; K225L,3
F55L; G101S; K225L,3
G220I; K225I; N388D,3
N138D; G220V; K225I; C231S,3
F158S; K225L,3
E154G; G220V; K225I; V382M,3
G25D; K225L,3
I90V; K225L,3
G220V; K225I; L404P,3
D15N; K225L,3
L98F; K225L; Q354R,3
K225L; N238H,3
L98P; N138D; K225L,3
G101S; K225L; R410H,3
G220V; K225I; Q236K,3
N72H; E154G; G220V; K225I,3
S130F; K225L,3
G101S; K225L; Q290K,3
T50A; L98P; K225L,3
K225L; D278E,3
G101S; K225L; E336*,3
K225L; C231R; Y355H,3
E154G; K225I; I263L,3
K225L; Y355H; K397R,3
S162C; G220V; K225I; N378S,3
G49C; K225L,3
Q53K; S162I; G220V; K225I,3
N10T; K225L,3
G101A; K225L,3
L98F; G220V; K225I,3
K225L; V405G,3
A207E; K225L,3
S174R; K225L,3
Q204R; K225L,3
K62N; G220V; K225I; C231S,3
G220V; K225I; R402C,3
G220V; K225I; F252L,3
S67C; K225L,3
I41V; Q141R; K225L,3
G179V; K225L,3
E154G; S162I; K225L,3
F186S; K225L,3
Q53K; I165V; K225L,3
K225L; E305D,3
I42V; G220V; K225I,3
K225L; Y332C,3
G101S; Y222C; K225L,3
K225L; N297H,3
D156Y; K225L,3
N161D; K225L,3
Q53K; K225L; C231S,3
I134V; K225L; K288E,3
K225L; Q236H,3
D70N; G220V; K225I,3
N164S; G220V; K225I; C231S; Y355H,3
K225I; I227T,3
K225L; G256R,3
K225L; N248S; Y355H,2
D65N; G101S; K225L,2
K225L; I232T; A266E,2
E154G; G220V; K225I; S287N,2
E154G; S162I; S163F; K225I,2
Q53K; L98P; G220V; K225I,2
N170D; K225L,2
G101S; L103M; K225L,2
D121N; E154G; G220V; K225I,2
G101D; S162C; G220I; K225I,2
G101S; L114M; K225L,2
G101S; E133K; K225L,2
G101S; K225L; Q354R,2
P120T; G220V; K225I,2
G220V; K225I; L240R,2
N10D; K225L; V265A,2
K225L; I247T; S372N,2
N8S; S99L; K225L,2
N96D; G101S; K225L,2
N197S; G220V; K225I,2
E154G; F194V; K225I; Q236K,2
R193L; G220V; K225I,2
G24C; L98P; K225L,2
G101S; G152D; K225L,2
K225L; N248Y; A266E,2
E201K; G220V; K225I; V265D,2
K135N; G220V; K225I; C231R,2
G220V; Y222C; K225I,2
G220V; K225I; Q387K,2
L98P; G220V; K225I; L240R,2
K225L; I395S,2
D128G; G220I; K225I,2
G220I; K225I; I352T,2
E28K; K225L; N365S,2
K225L; C231S; D278N,2
D11N; G101S; K225L,2
Q141H; G220V; K225I,2
I39T; K225L,2
K225L; V319A,2
Q204H; G220V; K225I,2
G220I; K225I; R410S,2
L98I; G220V; K225I,2
G220V; K225I; K397N; P398R; I399L; T400P; G401V; R402V; G403A; L404W; V405L; K407R; I408S; I409F; R410V,2
I102S; G220V; K225I,2
K225L; C231R; S372T; E373Q; Y375F; N378G; N379S; K381A; V382T; F384Y; R385K; A389V; N390E; L391E; R394Q; I396V; K397E; P398E; T400K; K407N; I408K; R410E; F411E,2
L98P; N111H; K225L,2
K225L; F255S,2
D65G; G101S; K225L; C231R,2
G220I; K225I; A313V,2
G101S; N175S; K225L; Q354R,2
A131T; G220V; K225I,2
D11E; K225L,2
G220V; K225I; G401D,2
G64S; G220V; K225I; C231S,2
L104S; I199N; G220V; K225I; N261H,2
G220V; K225I; C231S; Y355H; I399M,2
F136L; N164S; K225L,2
G220V; K225I; N390K,2
G101S; K225L; K342R; K406*,2
L98P; K225L; K300N,2
G49V; K225L,2
F202Y; K225L,2
K225L; I282V,2
F194L; K225L; C231R,2
G24S; G220I; K225I,2
G101R; K225L,2
L98P; L145M; G220I; K225I,2
G101S; K225L; Y357C,2
M1I; G220V; K225I; I232M,2
L98P; G220V; K225I; C231Y,2
A131V; G220V; K225I,2
P188R; K225L,2
A182E; G220V; K225I,2
G220V; K225I; A283T,2
G220V; K225T; C231S; N261S,2
N161T; K225L,2
L98P; K225L; N261D,2
T160K; K225L,2
S162I; G220V; K225L,2
P206S; G220V; K225I,2
K225L; R385I,2
G220V; K225I; Q290R,2
K225L; Y355H; N392K,2
E28K; N197D; K225L,2
L98P; G101S; K225L; I247L,2
K225L; N248D,2
G49S; G220V; K225I,2
G220V; K225I; C231S; F334L; Y355H,2
F33S; K225L,2
L98P; S162I; G220V; K225I; I232V,2
F192L; G220V; K225I,2
G101S; G220V; K225I; D326N,2
K225L; K381N; N390K,2
K225L; G353V,2
G101S; D156N; K225L,2
T51I; G220V; K225I,2
S191*; G220I; K225I,2
E154G; S162I; K225T,2
G101S; K225L; P298Q,2
K225L; D366G,2
I18T; K225L,2
N10D; K225L; V382A,2
F194L; K225L; A266E; D325N,2
K225L; C231R; N293S,2
G101S; Y113F; K225L,2
W40C; K225L,2
E105A; G220V; K225I,2
G220V; K225I; S361Y,2
K225L; I247L,2
N92K; G220V; K225I; Q236R,2
I134V; G220V; K225I; C231S; Y355H,2
S60N; K225L; C231R; I263L; D312N,2
G220I; K225I; V265D,2
R16S; G220V; K225I,2
G101S; K225L; K381R,2
H56N; E154G; G220V; K225I,2
G101S; G220C; K225L,2
E28K; G220V; K225I; C231S; Y355H,2
G101S; K225L; G226D,2
H56Y; K225L; N274K,2
E154G; K225I; Y299H,2
S162N; K225L; C231R,2
G220V; K225I; A313V,2
G220I; K225I; K359R,2
K225L; Y307C,2
G220V; K225I; N243S,2
Q53K; N138D; K225L,2
K225L; N274S; Y355H,2
P43S; G220V; K225I,2
L107P; G220V; K225I,2
E154G; S162I; S163F; T341S,2
F186V; K225L,2
I39V; G101S; K225L,2
V184G; K225L,2
S32A; G220V; K225I,2
P188T; G220I; K225I,2
N170Y; K225L,2
N92S; K225L,2
Q75R; G220V; K225I; C231S; Y355H,2
G220V; K225I; C231S; I316T; Y355H,2
N46D; K225L,2
K225L; G401V,2
Q53K; K225L; L328M,2
M211T; K225L,2
N10S; G220V; K225I,2
K225L; I227V; Y355H,2
K225L; A266E; A313S,2
G220V; K225I; Q235H,2
D65N; G220V; K225I,2
G220V; K225I; I232L,2
L98P; K225L; V265F,2
E154G; G220V; K225I; G401D,2
D65N; K225L; Y355H,2
K225L; Q295E,2
K225L; N365D; S372T; E373Q; Y375F; N378G; N379S; K381A; V382T; F384Y; R385K; A389V; N390E; L391E; R394Q; I396V; K397E; P398E; T400K; K407N; I408K; R410E; F411E,2
G220V; K225I; R410C,2
K225L; Q236K; I368V,2
G101S; G220V; K225I; N297D,2
G101S; K225L; P294S,2
G25S; G220V; K225I,2
N138D; G220V; K225I; C231S; Y355H,2
N10D; K225L; K397N; P398T; I399D; T400Y; G401R; R402S; G403W; L404P; V405G; K406*; I408D; I409H; R410S,2
S162C; G220V; K225I; S372N,2
D54A; K225L,2
G220V; K225I; C231S; T400A,2
E154G; F194C; K225I,2
G101S; K225L; Q354K,2
I41V; N164S; G220V; K225I,2
G220V; K225I; C231S; I233V; Y355H,2
G220V; K225I; G226D,2
K225L; E251G,2
G101S; K225L; P298T,2
S99L; I199N; G220V; K225I,2
K225L; G256*,2
Q75*; G220V; K225I,2
S162I; G220V; K225I; I247T,2
G101S; K225L; R410S,2
G49V; Q53K; L61P; K225L,2
G220I; K225I; F334L,2
G220V; K225I; S292G,2
S162C; G220V; K225I; T242I,2
G220V; K225I; C231S; K329R; Y355H,2
D15N; G220V; K225I,2
Q75R; G101S; K225L,2
E201G; K225L; A266E,2
N97K; G101S; G220V; K225I,2
I4V; K225L,2
G101S; F194L; E201G; K225L; K406*,2
G177D; G220V; K225I,2
S162I; G220V; K225I; N365D,2
I199L; G220V; K225I,2
L98P; G220V; K225I; Y375L; N376*; I377H; N378Q; N379Q; K381E; V382G; N383E; F384L; R385*; G386R; Q387S; N388E; A389C; N390K; L391S; N392E; R394A; I395Y; I396Y; K397Q; P398T; I399D; T400Y; G401R; R402S; G403W; L404P; V405G; K406*; I408D; I409H; R410S,2
E154D; K225L,2
V132A; K225L,2
N170S; K225L,2
K225L; K407*,2
K3E; K225L,2
K225L; N243Y,2
L104F; K225L,2
G220V; K225I; C231S; F337S; Y355H; I408T,2
G101S; K225L; N379D,2
P71Q; K225L,2
N175T; K225L,2
D205G; K225L,2
D81G; K225L; R402S,2
S60N; G101S; K225L,2
G220V; K225I; Q295H,2
V184I; G220I; K225I,2
G220V; K225I; P393L,2
G101S; K225L; I377V,2
G220V; K225I; V382L,2
G101S; S130P; F194L; K225L,2
S99*; G101S; K225L,2
G101S; K225L; K245R,2
Q53K; K225L; S292G,2
K225L; A389E,2
E106G; G220V; K225I,2
W40R; K225L,2
K225L; V265D,2
K225L; C231S; I396V,2
G220V; K225I; I408T,2
N138D; K225L; Q354R,2
F55L; G220V; K225I; C231S; Y355H,2
G101S; G220V; K225I; N362D,2
D70E; K225L,2
E154G; K225I; L391P,2
P2S; Q141*; K225L,2
K225L; G403D; I408T,2
I199V; G220V; K225I,2
T59P; K225L,2
G101S; K225L; K281E,2
L98R; G220V; K225I,2
L114R; K225L,2
V132F; K225L,2
D81Y; G220V; K225I; C231S; Y355H,2
L98P; K225I; C231S; I399M,2
Q27R; N138D; K225L,2
G64D; K225L,2
Y73H; G101S; K225L,2
L98P; K225L; D278N,2
G101S; K225T,2
S162C; G220V; K225I; I227V,2
D128N; G220V; K225I,2
K225L; N248Y,2
K225L; L339F; G401C,2
E154G; P188T; K225I,2
G220V; K225I; S318N,2
K225L; K311N,2
D156N; S162I; G220V; K225I,2
L98P; I134V; G220V; K225I,2
G220I; K225I; A389T,2
M172K; K225L,2
K225L; I262N,2
L218M; K225L,2
K85R; K225L,2
G220V; K225I; C231S; V382A,2
G101S; K225L; A389S,2
H216R; G220V; K225I,2
G220V; K225I; G403C,2
K225L; P294T,2
K225V,2
E154G; K225I; T335I,2
K225L; A340V,2
G101S; K225L; G403D,2
D77N; K225L; A266E,2
G101S; K225L; L404P,2
G220V; K225I; C231S; Y355H; L360F,2
E154G; K225I; T242A,2
L98P; K225L; I241V,2
G220I; A224E; K225I,2
L221F; K225L,2
G220I; K225I; E250*,2
G220V; K225I; C231S; Y355H; N378D,2
K89R; K225L,2
K3R; K225L,2
S60R; K225L; A266E,2
K225L; I352V; R402S,2
L210P; K225L,2
Q53K; F194L; K225L; R385K,2
K225I; K397E,2
Q53K; K225L; I371T,2
D54G; K225L,2
K225L; N365K,2
S60C; G220V; K225I,2
N118Y; K225L,2
G220V; K225T; C231S; Y355H,2
E154G; G220V; K225I; C231S,2
K225L; C231R; Y357S,2
E79*; G220V; K225I,2
N138D; K225L; S292N,2
Y20F; K225L,2
G101S; K225L; N378D,2
N138D; G220I; K225I; N388D,2
Q27K; G101S; K225L,2
G100C; K225L,2
G101S; K225L; K342R,2
G220V; K225I; C231S; Y355H; D366Y,2
K225L; D301V,2
N34S; G101S; K225L,2
S6T; G220V; K225I; C231S; Y355H,2
H56Y; G220I; K225I,2
G101S; T185I; K225L,2
K225L; A266E; K397R,2
E28G; G220V; K225I,2
E154G; G220V; K225I; I247T; K300R,2
A131T; K225L,2
G220V; K225I; C231S; C347F,2
R16S; G101S; K225L,2
G220V; K225I; S333L,2
P12Q; G101S; K225L,2
K225I; C231S; Y355H,2
K225L; Y369C,2
K225L; Q267*,2
G220V; K225I; G246D,2
E154G; G220V; K225I; D259G,2
G220V; K225I; G315C,2
K225L; N297K,2
G220V; K225I; G246C,2
E154G; K225I; V382M,2
G220V; K225I; Q387*,2
K225L; K311E,2
K225L; R244C; D326N,2
K225L; Q290K; K397R,2
M172R; K225L; K342R,2
K225L; N243K,2
F55L; L98P; K225L,2
S166A; G220V; K225I; C231S; Y355H,2
D15G; G220V; K225I,2
Y68H; G220V; K225I,2
G101S; K225L; D366Y,2
F186L; K225L,2
Q27K; G220V; K225I; D270N,2
T185A; K225L,2
E154A; G220V; K225I; C231S; Y355H,2
H56R; G220V; K225I; C231S; Y355H,2
K225L; C231R; G374C,2
P12S; Y30C; L98P; K225L,2
G220V; K225I; Y357C,2
N138D; K225I; N370S,2
K225L; S361P,2
G152C; K225L; D325G,2
G220V; K225I; V382G,2
G101S; E159G; K225L,2
N96S; G220V; K225I,2
E154G; H216N; G220V; K225I,2
K225L; V265D; A266E; Y268W; N269E; D270Q; Y272R; T273S; N277K; D278K; R280E; K281E; S284K,2
I134V; F194L; K225L,2
K225L; D338E,2
G220V; K225I; C231R; P239T; V265A,2
G220V; K225I; C231S; Y355H; R402C,2
Y73H; K225L,2
D11Y; G220V; K225I; C231S; Y355H,2
G220V; K225I; S292N; N362D,2
K225L; I409S,2
I199T; G220I; K225I,2
K225L; N362D; V405A,2
K225L; I247T; A266E,2
K135E; G220V; K225I,2
D70G; K225L,2
F33L; S60G; K225I; R394C,2
I48T; K225L,2
L98P; K225L; G401S,2
G220V; K225I; D301G,2
D121E; K225L,2
E28K; K225I,2
K225L; K330E,2
G220V; K225I; C231S; I408N,2
G101S; I165V; K225L,2
G220V; K225I; K406*,2
G25D; G220V; K225I,2
K225L; L309Q,2
G49D; G220V; K225I,2
G101S; K225I; Y355H,2
S217R; K225L,2
S162I; R193C; G220V; K225I,2
I41V; K225L; N388D,2
K225L; N261K,2
G220V; K225I; D338Y,2
S76N; G101S; K225L,2
N10S; G101S; K225L,2
N63H; K225L; S284R,2
G101S; A182S; K225L,2
G220V; K225I; D366N,2
K225L; Y299H; S318N; D326A,2
D117G; K225L,2
G101S,2
S140N; G220V; K225I,2
G101S; D121G; K225L,2
G220V; K225I; C231S; Y355H; N365S,2
N63K; K225L,2
P43Q; K225L,2
K225L; K381T,2
K225L; C231R; R402C,2
K225I; D325N,2
M36I; G220V; K225I,2
L98I; S166Y; G220V; K225I; C231R,2
L98F; K225L; N248S; L360S,2
G220V; K225I; D270Y,2
K62E; G220V; K225I,2
G220I; K225I; T335I,2
K225L; G308V,2
K62M; G101S; K225L,2
V184G; G220V; K225I,2
E189K; K225L,2
G101S; K225L; F252L; T341I,2
G64D; K225L; Y355H,2
I199S; K225I; Y355H,2
G220V; K225I; C231R; I321V,2
C26*; K225L,2
L98H; K225L,2
E154G; G220V; K225I; N383D,2
N10D; E28K; K225L,2
K225I; N248S,2
Q53R; H56Y; K225L; C231R,2
K225L; L364P,2
P52Q; G220V; K225I,2
P112Q; G220V; K225I,2
L98P; K225L; G315S,2
G101S; K225L; I409T,2
G101S; K225L; N388D,2
D128A; G220V; K225I; C231S; Y355H,2
N10S; E154G; K225I,2
G101S; K225L; I396V,2
N96T; K225L,2
S162I; G220V; K225I; A266E,2
L98P; I143V; G220V; K225I,2
G220V; C231S; Y355H,2
K225L; G256E,2
H125Y; S162I; G220V; K225I,2
Q27R; G220V; K225I; C231S; Y355H,2
L98P; Q141R; K225L,2
N92K; G101C; K225L,2
K225L; K330R; I408T,2
K225L; Q304R,2
S162R; G220V; K225I,2
F192V; G220V; K225I; C231S; Y355H,2
K225L; D310Y,2
F33L; G220V; K225I,2
S163A; G220V; K225I,2
L98F; G101S; K225L,2
V184A; K225L,2
K225L; I302V,2
S162I; G220V; K225I; N362D,2
S162C; G220V; K225I; N258D; I409V,2
G220V; K225I; C231Y,2
K225L; R394L,2
D11Y; G101S; K225L,2
N197S; K225L; T273I,2
G101S; K225L; Y357H,2
G220V; K225I; G257S,2
K225L; A266E; S314F,2
L98P; K225L; L296M,2
M172I; K225L; V265A,2
G220V; K225I; C231S; V265A; Y355H,2
S162I; G220V; K225I; K330N,2
E154G; K225I; Y375H,2
G101S; K225L; G403S,2
S162C; S163F; G220V; K225I,2
Q53R; E154G; K225I,2
I18V; K225L,2
K225L; G257S; N274K,2
R16H; G220V; K225I,2
G101S; L218P; K225L,2
G101S; K225L; G315D,2
E106*; K225L; R402S,2
G101S; H216N; K225L,2
N72D; K225L; K342E,2
G101S; K225L; N269S,2
G101S; G220V; K225T,2
V13I; G220V; K225I; C231S; Y355H,2
Q27R; K225I,2
K225L; N269S; Y355H,2
Y190C; K225L; C231G,2
G220V; K225I; G374V; Y375I; N376T; I377S; N378T; N379T; L380*; K381R; V382*; N383T; F384L; R385E; G386V; Q387R; N388M; A389Q; N390I; L391*; N392T; P393R; R394V; I395L; I396S; K397N; P398R; I399L; T400P; G401V; R402V; G403A; L404W; V405L; K407R; I408S; I409F; R410V,2
L98P; K225L; I233V,2
G220V; K225I; N322S,2
G179S; G220V; K225I; D312N,2
R93S; K225L,2
K225L; D278N; I352V,2
G220V; K225I; I227T,2
A131V; K225L; Y332C,2
K31R; K225L,2
G220V; K225I; E250D,2
K225L; L240M; A313E,2
G220V; K225I; D301V,2
N138D; G220I; K225I; V265I,2
N138D; K225L; R244H,2
A110D; K225L,2
E154G; M211I; K225L,2
S60G; G101S; G220V; K225I,2
K225L; S292N; R402S,2
Q75R; S162I; G220V; K225I; C231S,2
A153S; S162C; G220V; K225I,2
K225L; N370T,2
I86T; K225L,2
D121G; G220V; K225I,2
G101S; K225L; I227T; D312N,2
G220V; K225I; I409L,2
G220V; K225I; T242A,2
N138D; E154G; G220V; K225I,2
G220I; K225I; I408T,2
G220I; K225I; V405G,2
S191*; K225L,2
N14K; G220V; K225I,2
T50I; G220V; K225I,2
G220I; K225I; R402S,2
K225L; C231R; R394C,2
S32I; K225L,2
E44*; G101S; K225L,2
G101S; K225L; Q344K,2
G220V; K225I; L286I,2
P58S; K225L; D301G,2
Y68C; K225L,2
G152S; K225L,2
G220I; A224T; K225I,2
E154G; F194V; K225L,2
K109E; K225L,2
P120Q; G220V; K225I,2
G220V; K225I; C231S; N322S; Y355H,2
G220I; K225I; N243S,2
L145M; E154G; K225L,2
S66P; G101S; K225L,2
K225L; P393A,2
G101S; K225L; N362D,2
K225L; G257V,2
K225L; I327S,2
D15Y; G101S; K225L,2
S162I; G220V; K225I; S314T,2
L98P; G220V; K225I; C231S,2
G101S; I183M; K225L,2
Q53K; K225L; G308C,2
K225L; N274K; Q290K,2
G220V; K225I; V265D; E349K,2
G101S; E159K; K225L,2
K22E; K225L,2
S76I; K225L,2
G101S; M172I; K225L,2
E79G; K225L,2
S67N; G220V; K225I,2
E154G; K225L; T230A,2
G220V; K225I; I396T,2
L98P; L167M; K225L,2
G101S; K225L; Y272H,2
A153S; K225L,2
F83V; K225L,2
G101S; Q123R; K225L; N379S,2
N118S; K225L,2
K225L; L363M,2
G139D; G220V; K225I,2
G101S; K225L; T264A,2
Y30H; G220V; K225I,2
Q53K; K225L; A266E,2
N161Y; G220V; K225I; N379K,2
Y9C; E154G; Y171N; K225I,2
K225L; D338G; V405I,2
S162C; G220V; K225I; N297I,2
V47M; L98P; K225L,2
K225L; C231R; V265A,2
K225L; N274K; Y317C,2
H212N; K225L,2
E154G; Y171N; K225I; N297S,2
P23L; G220V; K225I,2
G101S; K225L; D326G,2
F202S; K225L,2
K225L; Y375C,2
G220V; K225I; T400I,2
L98P; G220V; K225I; N365D,2
A153T; G220V; K225I,2
G220V; K225I; C231S; Y355H; V405I,2
Q75H; G220V; K225I; C231S; Y355H,2
G101S; L210M; K225L,2
Q27R; E154G; K225I,2
E159*; G220V; K225I,2
G220V; K225I; V405I,2
R93H; G101S; K225L,2
H56Y; G220V; K225I; Y299F,2
K225L; L275M,2
G220V; K225I; N320I,2
K225L; I327L,2
S162V; G220V; K225I,2
K225L; I227V; N274K,2
E154G; K225L; S292N,2
P57H; G101S; K225L,2
G220V; K225I; C231S; Y355H; G403D,2
K225L; I232V; N274K,2
P71S; G101S; K225L,2
I134V; G220V; K225I; V345I,2
Y355H,2
L98P; G220V; K225I; N238D,2
K225L; Q344N; N365D,2
D117Y; K225L; N274K,2
K225L; Y268H; I271V,2
I39L; S60N; K225Q,2
L98P; K225L; T350I,2
G101S; N175S; G220V; K225I,2
I143V; G220V; K225I,2
G101S; L107M; K225L,2
K225L; Y268N,2
S32A; H56L; K225L,2
L98P; G220V; K225I; Y355H,2
G223V; K225L; N274K,2
G101S; L167M; K225L,2
Y69H; F194L; K225L,2
S191P; K225L,2
G220V; K225I; S284G,2
K225L; I321F,2
G220V; K225I; N269T,2
I39V; G101S; G220V; K225I,2
K225L; C347S,2
G220V; K225I; S372G,2
F136S; G220I; K225I,2
G220V; K225I; A266V,2
K225L; L328P,2
M211I; G220V; K225I; C231S; Y355H,2
E154G; G220V; K225I; I241T,2
S174G; K225L,2
K225L; N274K; S372N,2
M36T; K225L,2
N138D; K225I; R280H,2
E154G; G220V; K225I; N320S,2
P23S; G220V; K225I,2
K225L; N274K; I409L,2
G101S; G223C; K225L,2
G101S; K225L; Q236R,2
G220V; K225I; G403S,2
K225L; V405G; K406*; I408D; I409H; R410S,2
G101C; G220V; K225I,2
Q27R; Q53K; K225L,2
S162I; G220V; K225I; V265A; Y268H,2
K225L; S314N,2
G101S; K225L; N383D,2
G220V; K225I; N261D,2
F178L; K225L,2
G101S; E105G; K225L,2
G101S; K225I; F255S,2
Q27R; K225L; K381N,2
K225L; V265A; Q267R,2
R168L; K225L,2
G220V; K225I; N388S,2
S162I; K225I,2
Q53K; E78K; K225L,2
K225L; I395T,2
E154G; S162C; K225I; S284R,2
G101S; S187F; K225L,2
D77N; G101S; K225L,2
G220I; K225I; F358L,2
Q75K; L98P; K225L,2
K135*; K225L,2
K225L; T335I,2
K225L; T230A; S292N,2
H216Y; K225L,2
E78D; G220V; K225I,2
L74P; K225L,2
K225L; T254I,2
K225L; C231R; N383K,2
G101S; L104F; K225L,2
S162I; G220V; K225I; C231S; Y355H,2
N95S; G220V; K225I,2
N138D; G220I; K225I,2
G220I; K225I; D301N,2
P23Q; G220V; K225I,2
K225L; S318N; Y355H,2
G101S; K225L; I282V,2
G220V; K225I; G401S,2
G220V; K225I; E373*,2
G220V; K225I; R394A; I395Y; I396Y; K397Q; P398T; I399D; T400Y; G401R; R402S; G403W; L404P; V405G; K406*; I408D; I409H; R410S,2
A110S; K225L,2
K225L; P298L; V382M,2
E154G; D196G; G220V; K225I,2
D77Y; K225L,2
K37R; G101S; K225L,2
K225L; I233V; Y355H,2
P57T; K225L,2
A129T; G220I; K225I,2
G101S; K225L; T230S; N269H,2
N195S; G220I; K225I,2
L98F; K225L; C231R,2
I126V; G220V; K225I,2
N138D; G220V; K225I; R402H,2
T17S; K225L,2
V47L; K225L,2
K225L; Y351H,2
N95D; K225L,2
V148A; K225L,2
Q53K; G220I; K225I,2
N195S; G220V; K225I; C231S; Y355H,2
G101S; K225L; I232S,2
E78*; K225L,2
Q141P; K225L,2
K62R; K225L; D270N,2
G101S; N197K; K225L,2
A129V; G220V; K225I,2
G220V; K225I; K285N,2
G101S; G220V; K225I; P393T,2
E28A; K225L,2
S60N; F194L; K225L,2
K225L; K306R,2
G220V; K225I; K300R,2
Q53K; T59A; K225L,2
K225L; T350I,2
P112T; K225L,2
D77E; K225L; N390I,2
G220I; K225I; F252L,2
S162I; G220V; K225I; G374V; Y375I; N376T; I377S; N378T; N379T; L380*; K381R; V382*; N383T; F384L; R385E; G386V; Q387R; N388M; A389Q; N390I; L391*; N392T; P393R; R394V; I395L; I396S; K397N; P398R; I399L; T400P; G401V; R402V; G403A; L404W; V405L; K407R; I408S; I409F; R410V,2
Q53K; K225L; V382A,2
S162C; G220I; K225I; A313T,2
G220V; K225I; F337S; K407E,2
K225L; I316F,2
I199V; N200D; K225L; Y355H,2
N72D; E78G; K225L; V405I,2
N138D; G220V; K225I; D270A,2
G101S; D196N; K225L,2
G220V; K225I; G386D,2
Q53K; N197S; K225L,2
G220V; K225I; D326G,2
G220I; K225I; N248S,2
K225L; V291G,2
G220V; K225I; C231S; Y355H; I408N,2
F194V; G220V; K225I,2
K225L; T229M; A389V,2
G220V; K225I; D312Y,2
K225L; N238S,2
G220V; K225I; Q267R,2
N63S; L98P; K225L,2
G220V; K225I; K288N,2
D77N; G220V; K225I; V265A; F411L,2
K89E; K225L,2
G220V; K225I; N378D,2
Q27R; K225L; N258D,2
K225L; K407R,2
E154G; S162I; S163F; N170D; K225L,2
G220I; K225I; N258K,2
K80E; R82L; K225L,2
K225I; T230K; Y355H,2
R93H; G220V; K225I,2
S166T; K225L,2
G220I; K225I; S292N,2
A131S; K225L,2
G101S; K225L; S292I,2
G220I; K225I; C231R,2
G220V; K225I; I368V,2
G220V; K225I; P398S,2
I134V; F194V; K225L,2
E154G; G220V; K225I; S287G; I396T,2
Q53L; K225L,2
G220V; K225I; C231S; E250*; Y355H,2
K225L; T335A,2
G220I; K225I; T264A,2
E154G; K225I; V289A,2
E154G; G220V; K225I; N362S,2
G220I; K225I; I352V,2
E154G; K225I; G403D,2
N164S; G220V; K225I; C231S; Y355H; R402C,2
N200S; G220V; K225I,2
G220V; K225I; E349G,2
G101S; K225L; D278N,2
K225L; N238I,2
M1T; K225L,2
S6P; G101S; K225L,2
K225L; N376K,2
G101S; K225L; F358L,2
D81Y; G220V; K225I,2
T88I; G220V; K225I,2
K225L; Q235P,2
Y30H; K225L,2
K225L; P393R; R394V; I395L; I396S; K397N; P398R; I399L; T400P; G401V; R402V; G403A; L404W; V405L; K407R; I408S; I409F; R410V,2
Q27R; K225L; D301G,2
I41V; S60N; K225L,2
L61R; K225L,2
F136L; E154G; G220V; K225I,2
K225L; N392S,2
N138D; K225L; V265A,2
G101S; H219Y; K225L,2
L98P; K225L; I227T,2
G220V; K225I; Q344R,2
K225L; C231S; K381R,2
S166Y; K225L; I262V,2
G179D; K225L,2
H56L; Q75T; S76T; T88Q; D121P; K225L,2
K225L; Y332F,2
K225L; N258K,2
G101S; K225L; S318N,2
D65Y; G101S; K225L,2
K225L; C231R; I352V,2
N161S; S162C; G220V; K225I,2
F136L; K225L; N383S,2
G101S; K225L; V382A,2
P206Q; G220V; K225I,2
L98P; K225L; N388D,2
L98P; K225L; I247V,2
K225L; L331P,2
I134V; K225L; Y355H,2
R16S; G220I; K225I,2
Q53E; K225L,2
K225L; I263T,2
L98F; K225L; Y355H,2
S187F; G220V; K225I,2
K225L; N277Y,2
G220V; K225I; C231S; Y355H; R394S,2
N72D; G220V; K225I; N243S,2
G220I; K225I; N297S,2
Q53K; L98F; K225L,2
S162I; G220V; K225I; L240M,2
L98P; E154*; K225L,2
I35V; G101S; G220V; K225I,2
G220V; K225I; C231S; R244H; Y355H,2
G25C; K225L,2
K225L; L276I,2
L98P; K225L; E349K,2
L114M; G220V; K225I,2
H142Y; K225L,2
I48M; E154G; G220V; K225I,2
G220V; K225I; C231S; Y355H; S372N,2
G101S; K225L; Q344H,2
V47A; K225L,2
G101S; I165N; K225L,2
E154G; K225I; A340S; I396V,2
L98P; M211I; K225L,2
S67N; G101S; K225L,2
G101S; K225L; P294Q,2
K225L; S284I; I395V,2
S162N; G220I; K225I,2
K225L; N392T,2
G101S; K225L; I227T,2
T59I; S66F; G220V; K225I,2
K225I; Y299H,2
K225L; N379T,2
G220V; K225I; G246V,2
K225L; I368T,2
Q75R; G220V; K225I; C231S; Q354K,2
E189G; K225L,2
D117E; K225L,2
G101S; K225L; L391M,2
K135N; K225L,2
K225Q; I262M,2
G101S; K225L; Q237R; N269D,2
V184I; K225L; V265D,2
S66F; G220I; K225I,2
S130C; K225L,2
G220V; K225I; V265A; K381R,2
G220V; K225I; C231S; V265A,2
K225L; L391Q,2
D121N; K225L,2
G220V; K225I; L309M,2
G101S; K225I; D325N,2
M1L; K225L,2
L98F; K225L; G403S,2
A182V; G220V; K225I,2
S99L; G220V; K225I,2
G220V; K225I; P298Q,2
G220V; K225I; I227V; C231S; Y355H,2
G101S; P155L; K225L,2
K225L; N274D,2
K225L; I396F,2
E154G; I183V; G220V; K225I,2
G101S; K225L; K407N,2
G220V; K225I; C231S; T341N; Y355H,2
Q53K; K225L; D270A,2
N97K; K225L,2
G220V; K225I; Y369C,2
G101S; Q123*; K225L,2
G220V; K225I; C231S; Y355H; S372G,2
C26Y; G220V; K225I,2
K225L; K330Q,2
P43S; K225L,2
N63T; G220V; K225I,2
D65A; K225I; C231R,2
Q27R; L98P; K225L,2
K225L; I262L; Y355H,2
G101S; I126V; K225L,2
P57L; K225L,2
K225L; N322K,2
K225L; C231R; N238S,2
K62N; L98P; K225L,2
L98I; K225L; C231R; Q235R,2
S76T; K225L,2
G101S; K225L; N365S,2
G220V; K225I; Q290K; I352V,2
I35V; L98P; E154G; G220V; K225I,2
K225L; F358S; N365D,2
E154G; K225I; Y355H,2
K225L; Q354R; Y355H,2
G220V; K225I; C231S; I352V,2
S174N; G220V; K225I,2
G101S; K225L; K323R,2
K225L; Y355H; G386S,2
I90V; S162I; G220V; K225I,2
M172V; K225L,2
Q27R; K225L; E349K,2
K225L; L360M,2
K225L; Y375*,2
Q53K; E213V; K225L,2
R45C; G101S; K225L,2
K225L; Y355H; E373G,2
E79K; G220I; K225I,2
G101S; K225L; R280H,2
G220V; K225I; F334L; P393L,2
G220V; K225I; A313S,2
G220V; K225I; N293K,2
G220V; K225I; I316T,2
E154G; I183T; K225I,2
K225L; Q344H,2
G220V; K225I; A340V,2
G220I; K225L,2
L98P; Y113C; G220V; K225I; N274D,2
I102L; K225L; N274K,2
S162C; G220V; K225I; N258D,2
K225L; D325A,2
I199N; G220V; K225I; N238D,2
N122T; K225L,2
S217N; G220V; K225I,2
E154G; G220V; K225I; S292I,2
S60N; N138D; K225L,2
K225L; D326N; A340V,2
S60R; L98P; K225L; V265A; N376S,2
G101S; K225L; K381N,2
Q53K; K225L; I409L,2
G101S; K225L; P393T,2
Q53K; K225L; V382M,2
P2T; K225L,2
G220V; K225I; V382A,2
G220V; K225I; I316V,2
G220V; K225I; T350I,2
G101S; K225L; V405G,2
T59S; K225L,2
G101S; K225L; C231G,2
S162C; G220V; K225I; S292N,2
G101S; K225L; F337L,2
L98P; K225L; N297S,2
E28K; K225L; I352V,2
K225L; A266D,2
K225L; A266E; D366G,2
I21T; K225L,2
K225L; I232F; A266E,2
K225L; S292N; N379S,2
E154G; K225I; D338N,2
G101S; D128G; K225L,2
K225L; K397N; P398R; I399L; T400P; G401V; R402V; G403A; L404W; V405L; K407R; I408S; I409F; R410V,2
N92D; K225L,2
S6T; G101S; K225L,2
E154G; K225L; Q354*,2
G220V; K225I; N378S,2
S60R; G101S; K225L,2
K225L; K300R,2
L98P; G220V; K225I; I233V,1
N138D; G220V; K225I; Q236K; G353C,1
I42V; G220V; K225I; C231S; Y355H,1
G101S; K225L; D338N,1
L98P; E154G; K225I,1
M172R; I199T; K225L,1
G220V; K225I; C231S; I232L; Y355H,1
K225L; T264A; G386V,1
G220V; K225I; A266T,1
G220V; K225I; C231S; Q295H,1
Q27R; G220V; K225I; S292N,1
K225L; S333T; Y355H,1
E154G; D156N; Y171N; K225I,1
D11N; G49C; K225L,1
K225L; K285N; D301N,1
K225L; L253S,1
L98P; H219N; K225L; C231R; Y357C,1
K225L; V319G,1
V148F; K225L; N277S,1
K109N; G220V; K225I,1
K225L; C231R; T400I,1
S140N; K225L; L404M,1
S180Y; K225L; G403V,1
D205N; G220I; K225I; I316V,1
K225L; K356T; A389V,1
G220V; K225I; Q235R,1
V184I; K225L; N269D,1
I48F; K225L,1
Y20H; K225L; N392S,1
Q53K; K225L; D270Y,1
G177C; K225L; N362S,1
D15G; G101S; K225L,1
G220V; K225I; C231S; S314P; Y355H,1
G220V; K225I; C231S; D270N,1
K62N; K225L; D325N,1
G101S; F194L; K225L; S292N,1
E154G; G220V; K225I; V345A,1
G220V; K225I; G353D; N388D,1
W40*; G220V; K225I; V265A,1
G220V; K225I; L286F; Y355H,1
T17P; K225L,1
P23S; G101S; G220V; K225I,1
N161S; K225L; T230A,1
Q53K; K225L; V291M,1
G220V; K225I; I227N; N320D,1
G101S; N169D; K225L,1
K225L; Y279F,1
G220V; K225T; N238K,1
S6T; K225L; R394H,1
S6P; N8D; K225L,1
D65Y; K225L; Y355H,1
T119S; E154G; K225I,1
S60N; E105G; K225L,1
L98P; K225L; I262L,1
N92K; K225L; I352V,1
G220I; K225I; D366N,1
K225L; A266E; R348H,1
F202L; G220V; K225I; C231S; Y355H,1
G220V; K225I; D301A; N362D,1
G220V; K225I; Q236H; N365D,1
G101S; K225L; V265I,1
P112Q; G220I; K225I,1
I143V; N161Y; K225I,1
E28K; W40*; K225L,1
N111S; K225L; N274K,1
G101S; H219Y; G220V; K225I,1
Q53K; K225L; N277S,1
K225L; K288E; K356N,1
D11N; I199S; K225I,1
K225T; G246S; E251*,1
Q53*; E154G; G220V; K225I,1
N138D; K225L; V265D,1
G101S; K225L; K407R; I408S; I409F; R410V,1
I18L; G101S; K225L,1
C26F; Q53K; K225L,1
Q53K; I199F; K225L,1
Y222F; K225L,1
H56Y; Q75R; G220V; K225I; C231S; G353S,1
K225L; T341A; Y355H; N378S,1
I150L; K225L,1
M211V; K225L; N390D,1
K225L; T228N,1
H56Y; N72S; Q75R; G220V; K225I; C231S,1
S166P; K225L,1
Q53K; K225L; D270N,1
N138D; E154A; K225L,1
N170K; K225L; A389T,1
L98P; K225L; N390T,1
L61M; S162I; G220V; K225I,1
G220V; K225I; I241V; P298S,1
L98P; K225L; N238S,1
G24V; G220V; K225I,1
L98F; K225L; I352V,1
V184I; G220V; K225I; C231S; Y355H,1
I90V; Y113*; K225L,1
D128A; G220V; K225I; V265D; K288N,1
G101S; K225L; Q344N,1
N197D; K225L; C231R,1
E28K; K225L; I327V,1
G127D; G220V; K225I,1
L98P; K225L; V319I,1
K225L; A313S; R348H,1
Q27R; K225L; V382G; R394H,1
L98P; K225L; N293K,1
K225L; I241V; D278N,1
K225L; I227V; I316V,1
G101S; K225L; T341I,1
Q53K; K225L; S333L,1
K225L; Q295R; L360S; G401D,1
G220V; K225I; G308C,1
Y30D; K225L,1
E154G; K225I; T230M; G374C,1
S76I; L98P; K225L,1
Q75R; G220V; K225I; C231S; G401S; K407E,1
M36V; E154G; K225I,1
E213K; G220V; K225I; C231S; Y355H,1
S76N; R82C; G220V; K225I,1
R168L; K225L; D278N,1
K225L; L240M; N269K; N274K; Y355H,1
I199T; G220V; K225I; A389T,1
Y30H; Q53K; K225L,1
L61Q; K225L,1
T88Q; E154G; G220V; K225I; D366A; G403S,1
E154G; K225I; D270N,1
K225L; K330N; L331M,1
S162I; K225L; Q387R,1
I165V; M211I; K225L,1
D196Y; K225L; G401D,1
G220V; K225I; T350S,1
P23S; R82H; K225L,1
G101V; G220V; K225I; C231R,1
N164S; G220V; K225I; V265D,1
N10D; K225L; I316T,1
G101S; G179V; K225L,1
I134V; K225L; E305K,1
G220V; K225I; C231S; D312H; Y355H,1
D54Y; N138D; K225L,1
L98I; K225L; Y355H,1
L98F; K225L; N248S; A389T,1
G220V; K225I; I232V; N365D,1
G101S; K225L; N277D; Y357C,1
K225I; N258S,1
L98P; A153V; K225L,1
G220V; K225I; D278G,1
P57L; G220V; K225I; C231S,1
E154G; K225I; R394C,1
S163F; I199T; K225Q; Y355H,1
S6T; S32A; H56L; Q75T; S76T; T88Q; K225L; N274K,1
H56N; G101S; S137N; K225L,1
N161Y; K225L; S372G,1
V87M; G220I; K225I; A389V,1
E44D; L98P; K225L,1
D65Y; G220I; K225I,1
D128G; N175H; G220I; K225I; G401D,1
R82S; K225L; N248I,1
A110V; G220V; K225I,1
S198L; K225I,1
G101S; G220D; K225L,1
P120Q; N138D; K225L,1
N96K; G101S; K225L,1
N10T; E154G; K225I,1
G220V; K225I; C231S; G246S; Y355H,1
G220I; K225I; I232L,1
L84M; G101S; K225L,1
G101S; E154G; G220V; K225I,1
K225L; I233T; V265F,1
S162I; G220V; K225T; L296M,1
K225L; N258T; Y355H,1
G101S; K225L; S372T; E373Q; Y375F; N378G; N379S; K381A; V382T; F384Y; R385K; A389V; N390E; L391E; R394Q; I396V; K397E; P398E; T400K; K407N; I408K; R410E; F411E,1
G101S; I150V; K225L,1
S162C; G220V; K225I; T242A; V291E,1
K225L; N274K; S314Y,1
L144Q; G220V; K225I; C231S; V345I; Y355H,1
E154G; P173S; K225I,1
G177S; G220I; K225I,1
L98P; M151I; G220V; K225I; C231R; V405G; K406*; I408D; I409H; R410S,1
K225L; L260M; S372N,1
K225L; G257S; D338A,1
S60N; K225L; T242I; D278N,1
S60N; G220V; K225I; C231S; Y355H,1
K225L; N274K; T400A,1
V148I; K225L; N274K,1
K225L; F252L; I368V,1
L104F; K225L; C231R,1
E154G; G179D; K225I,1
E154G; K225I; K359I,1
P12T; S67I; K225L,1
M172L; K225L; D366N,1
N175D; G220V; K225I,1
K37N; E154G; K225L; C231R,1
G220V; K225I; V265D; S284R,1
E78K; K225L; C231S,1
N197S; K225L; I262V,1
K225L; C231R; V291A,1
Q53K; V87M; K225L,1
W40C; I102L; E154G; G220V; K225I,1
K225L; Q236*; A266E,1
K225L; N379D; G403A,1
E28K; K225L; G403S,1
L98F; N138D; K225L; N248S,1
K225L; V289A; D325E,1
L98P; G223D; K225L,1
G101S; K225L; N379H,1
L98P; K225L; D325N,1
K225L; I227T; G403C,1
K225L; N258S; N269S,1
S163F; K225L; I227V,1
M211T; K225L; R402S,1
L98P; E201K; K225L,1
S187F; I199N; G220V; K225I,1
G220V; K225I; I409V,1
R193S; G220V; K225I,1
R16H; K225L; T350I,1
G220I; K225I; E349*,1
N122S; K225L; C231R; I233T,1
K225L; F343Y,1
K225L; C231S; A313V,1
D81N; K225L; I241V,1
H125P; K225L,1
I102L; P155S; G220V; K225I,1
G220V; K225I; F337S,1
E78K; G152C; G220V; K225I,1
S163P; K225L; C231R,1
S162I; V184I; G220V; K225I,1
V184I; K225L; S372N,1
T50A; E154G; G220V; K225I; S292N,1
K225L; E250*; F411L,1
L98F; S191*; K225L,1
R82L; G220V; K225I; I232M,1
V184I; K225L; N261D,1
S66Y; K225L; P393Q,1
Q53K; K225L; L380M,1
G220V; K225I; C231S; D325N; F343L; Y355H,1
E106*; G220I; K225I,1
K225L; D270N; D325N,1
P2S; E154G; R193H; K225I,1
Y73S; G220V; K225I; G246C,1
F83V; G220I; K225I,1
G49S; K225L,1
G101S; K109R; K225L,1
S162I; N164S; K225L; T228A; R410H,1
K225L; F255L; N390D,1
Q53*; S162T; G220V; K225I,1
K225L; C231R; A389V,1
F124S; K225L,1
Q53K; Y68C; K225L,1
I199T; K225L; V265A; F303L; Q354K,1
E44*; K225L; K381R; V382*; N383T; F384L; R385E; G386V; Q387R; N388M; A389Q; N390I; L391*; N392T; P393R; R394V; I395L; I396S; K397N; P398R; I399L; T400P; G401V; R402V; G403A; L404W; V405L; K407R; I408S; I409F; R410V,1
S6*; Q53K; K225L,1
K225L; K311I,1
Q27*; K225L; R394H,1
K37R; S162C; G220V; K225I,1
Q53K; K225L; F358L,1
Y222C; K225L; N379K,1
Q141R; G220V; K225I; K288Q,1
P58Q; P120Q; K225L,1
A110D; A207E; K225L,1
N46S; K225L; I316N; Q344K,1
S162I; G220V; K225I; V405I,1
S99*; K225L; N365D; R410S,1
K85*; H142Y; K225L,1
K225L; T341P,1
G220V; K225I; L276F,1
L98F; M211T; K225L,1
N96S; I102L; K225L,1
G220I; K225I; G403S,1
G101S; K225L; S372I,1
L98P; K225L; N293S,1
V87M; E154G; I203V; K225I; K356E,1
K225L; I352V; Y357C,1
T59A; G220V; K225I; C231S,1
M151I; E154G; K225I,1
A153V; K225L; C231S,1
Q27H; H219Y; K225L,1
T160M; K225L; C231R,1
T59A; I102V; K225L; T230A,1
G101S; H212Q; K225L; A313S,1
S66C; S162I; G220V; K225I,1
H212Y; K225L; D325G,1
G220V; K225I; K330N,1
D11G; K225L,1
N63D; G220V; K225I; C231R,1
K225L; N390I,1
P57H; D65E; P120S; K225L; A266E,1
K225L; L240Q,1
S60N; L84M; K225L,1
K225L; T229A; I233V; G374C,1
D65N; G101S; G220V; K225I,1
K225L; G257D; A266E,1
G101S; N122S; K225L,1
H125R; K225L; A266E,1
K225L; F255L; S314N; I316N; S372T; E373Q; Y375F; N378G; N379S; K381A; V382T; F384Y; R385K; A389V; N390E; L391E; R394Q; I396V; K397E; P398E; T400K; K407N; I408K; R410E; F411E,1
L98P; K225L; A283D,1
Q204*; G220V; K225I,1
K62R; E154G; S166C; G220V; K225I,1
K225L; K288N; K342R,1
F136L; S162I; G220V; K225I,1
K225L; Q235*; S372N,1
L84M; K225L; C231R,1
I41V; G220V; K225I; C231S,1
G220V; K225I; I396V,1
V47M; S198T; I199D,1
N10S; Q204H; K225L,1
N138D; Y171C; K225L,1
I41V; K225L; Y355H,1
Q75R; G101S; G220V; K225I; C231S,1
K225L; E251*; D325N; I399S,1
I203V; G220V; K225I; L360*,1
L98P; K225L; T341A,1
Q53K; R82H; K225L,1
G101S; A153T; K225L,1
I199S; K225I; G246S,1
G220V; K225I; I232V; V345I,1
S187P; K225L; C231R,1
S6T; S32A; S191L; G220V; K225I; C231S; Y355H,1
T185I; G220I; K225L,1
G220V; K225I; I241V; V265A,1
S198*; K225L; K330R,1
K109E; E154G; G220V; K225I; C231S,1
K225L; P398S; R402S,1
V184I; K225L; P398S,1
Y113S; K225L,1
R168C; G220V; K225I,1
G220V; K225I; F411S,1
P57S; K225L; N277S,1
G101D; G220V; K225I; Q354R,1
K225L; F334L; Y355H,1
K225L; A313T; V405G,1
S60R; P71Q; K225L,1
S60N; N118H; K225L; F384S,1
D11Y; K225L; C231R,1
I143V; K225L; C231G,1
R45C; G220V; K225T; C231S; Y355H,1
G220V; K225I; S314N,1
V13I; G220V; K225I; N388S,1
K225L; C231S; N293D,1
L145M; G220I; K225I,1
G101S; K225L; A313T,1
Q53R; G220V; K225I; V265D,1
K225L; Y299H; S333*; K407R; I408S; I409F; R410V,1
G101S; K225I; C231S,1
E154G; G220V; K225I; S372G,1
I39F; G220V; K225I; C231S,1
L98P; E154K; K225L,1
N200D; G220V; K225I; C231S; Y355H,1
K37E; K225L; N362S,1
Y69H; S99P; G101S; K225L,1
I165V; K225L; A266E,1
A182T; G220V; K225I,1
K225L; C231S; E336G,1
G101S; K225L; I399V,1
K225L; Y272H; S284N,1
T51A; K225L; I316T,1
S66Y; G101S; G220V; K225I,1
D156Y; K225L; I247L,1
N169H; K225L,1
S32A; K225L; Y299*,1
E154G; S187F; G220V; K225I,1
L98F; K225L; N370S,1
S162I; K225L; D270G,1
N92S; K225L; A266E,1
E44*; I199T; K225L,1
E154G; G220V; K225I; R410H,1
P23L; E154G; Y171N; K225I,1
Q141R; K225L; V405A,1
S32A; H56L; Q75T; S76T; T88Q; G220V; K225I; Q236K,1
S60I; G220I; K225I,1
E154G; M172I; K225I; P398L,1
Y20H; H212Y; K225L,1
E154G; K225I; S284R,1
K37N; K225L; N248Y,1
G220V; K225I; V265D; P393L,1
M172I; K225L; I262L,1
Q53K; K225L; C347Y,1
E106D; K225L; A313S,1
H125Y; E154G; S162I; G220V; K225I,1
E154G; G220V; K225I; E336K,1
E28D; S162I; G220V; K225I,1
G220I; K225I; T400A,1
E189K; K225I,1
K225L; A266E; S292G,1
L98P; G220I; K225I; G401D,1
P206Q; K225L; R394C,1
Q53*; G220V; K225I,1
M1I; K225L; T242A,1
A182S; K225L; T242I,1
S66A; G101S; K225L,1
G220V; K225I; C231S; K329E; Y355H,1
K225L; D270H,1
E78D; N200D; K225L,1
L98P; K225L; G257C,1
Q27R; T50I; K225L,1
E79K; G220V; K225I; C231S; Y355H,1
E154G; G220V; K225I; I352V; Y355H,1
P2S; E154G; K225L,1
V148F; K225L,1
Q53K; F202S; K225L,1
K225T; C231R,1
E133K; G220I; K225I,1
I102L; G220I; K225I; A313E,1
K225L; N238K; E336K,1
Q53K; K225L; S314F,1
K225L; C231Y; R385G,1
R93H; G220V; K225I; V265D,1
T50N; K225L,1
E154G; G220V; K225I; Q344R,1
G49C; G101S; K225L,1
G220V; K225I; C231S; E349K; A389T,1
I181V; K225L; Y355H,1
N175K; G220V; K225I,1
G101S; G220V; K225I; S372T; E373Q; Y375F; N378G; N379S; K381A; V382T; F384Y; R385K; A389V; N390E; L391E; R394Q; I396V; K397E; P398E; T400K; K407N; I408K; R410E; F411E,1
T50S; K225L; I232F; T400I,1
S32A; K225L; A389T,1
P23S; G101D; K225L,1
E154G; K225I; G257D,1
L98P; K225L; T229A,1
E28K; G101S; K225L; F358L,1
E105G; G220V; K225I,1
G101S; K225L; S314F,1
E154G; G220V; K225I; K288R,1
G64D; K225L; C231R,1
L98P; K225L; G226C,1
M1I; K225L; C231S; I327T,1
S66A; S162N; K225L; N274K,1
K225L; C231R; A266E,1
G101S; K225L; K359N,1
Q27H; I90F; K225L,1
E106D; K225L; L391R,1
Q53K; K225L; Y268H,1
E28K; M151I; K225L,1
N8D; K225L; N274K,1
D117G; G220I; K225I,1
K225L; T254I; Y299H,1
G127S; G220V; K225I,1
Q53K; K225L; F411Y,1
G101S; G220V; K225I; Q344N; S361A; N365D,1
T119N; K225L,1
F178S; K225L,1
L210M; G220V; K225I,1
M151I; Y222S; K225L,1
A207P; K225L,1
K225L; K300Q,1
S6T; S162I; G220V; K225I; N258D,1
I48F; S162T; G220V; K225I; Q354R,1
E154G; S162I; S163F; V184I,1
G177S; G220V; K225I,1
P71Q; F194L; K225L; Y355H,1
G220V; K225I; N248S; Q267K,1
G101S; S108N; K225L,1
G220I; K225I; K356T; V382A,1
K225L; I227V; C231Y,1
W40C; F192L; K225L,1
E154G; G220V; K225I; F337S,1
K225L; I232V; K330N,1
L98P; E133G; K225L,1
T50S; F83L; K225L,1
L98P; K225L; Y375H,1
H56R; E154G; G220V; K225I,1
G101S; P206Q; K225L,1
L98P; G220V; K225I; R402C,1
L107Q; K225L,1
G220V; K225I; P294Q,1
N97I; G101S; K225L,1
G101S; K135R; K225L,1
G101S; K225L; I247T; I409T,1
Q53K; G220V; K225I; C231S; Y355H,1
G101S; G220V; K225I; S292N,1
Q123*; S137G; G220V; K225I; C231S; Y355H,1
P155S; K225L; I263V,1
K225L; I316N; Q344N,1
L98F; I199T; K225L,1
Q27R; G220V; K225I; S284R,1
H56Y; K225L; N274S,1
G220I; K225I; K397E,1
K225L; C347R,1
Y20D; K225L,1
Q53K; K225L; S367Y,1
N138D; K225L; N269S,1
Q53K; K225L; S314Y,1
F83L; G220V; K225I; C231S; Y355H,1
Y20H; K225L; C231R; S292N,1
K225L; D270G; I409T,1
K225L; L328M; Y355H,1
L98P; K225L; I232T,1
G101S; K225L; I247T; K300N,1
S162C; G220V; K225I; C231S; Y355H,1
G220I; K225I; L360S,1
R193C; K225L; A283V,1
E28K; G220V; K225I; N269S; K397N,1
I183V; K225L; K330R,1
K225L; D270N; E305D,1
G49C; S162C; G220V; K225I; N322S,1
G220V; K225I; N248S; K342R,1
K225L; I409F,1
E105*; K225L; P239T,1
K62E; F194V; K225L,1
L210Q; K225L,1
N161S; K225L; G315V,1
S6T; K225L; S284N,1
R193H; K225L; Q344K,1
N175D; K225L,1
D196G; G220V; K225I,1
L98P; S162I; K225L,1
G101S; K225L; V405A,1
Q27R; K225Q; I232F,1
N138D; S162I; K225I,1
K225L; P298A; R394V; I395L; I396S; K397N; P398R; I399L; T400P; G401V; R402V; G403A; L404W; V405L; K407R; I408S; I409F; R410V,1
K225L; C231R; Y355H; I371V,1
E106K; G220V; K225I; C231S; Y355H,1
T88P; D121P; I199T; K225L,1
F33L; G152D; K225L; S292N,1
Q53K; K225L; I408N,1
S174N; K225L; K397R,1
G220V; K225I; C231S; L276F; Y355H,1
Q27R; K225L; I227V; N269T,1
G127C; K225L; A266E,1
G101S; K225L; Q236*,1
K225L; Y307N,1
N195D; K225L; C231R,1
F194V; G220I; K225I,1
G220V; K225I; G257C,1
K225L; N248T; F411N,1
D11Y; Q53K; K225L,1
G101S; K225L; L328P,1
G220V; K225I; N261D; I399V,1
G101S; G220V; K225I; K281E,1
G101S; K225L; S287R,1
G179S; G220V; K225I; A266E,1
H219Y; G220V; K225I,1
M1I; G101S; A182S; K225L,1
K225L; Y355H; N383S,1
G101S; G220V; K225I; F337S,1
S130A; K225L,1
L98P; Q204H; K225L,1
L145M; K225L; N238T,1
L98P; K225L; L339F,1
E154G; G220V; K225I; Y375H,1
G220I; K225I; I409L,1
L98P; G127C; K225L,1
L98P; K225L; E373K,1
V148A; K225L; N274K,1
S6*; K225L; T400A,1
S66F; K225L; F343L,1
N161Y; K225L; I327T,1
S60N; K225L; E305K,1
G101S; G115S; G220V; K225I,1
H142Y; K225L; I232T,1
S6T; I215V; K225L,1
K225L; I262V; N274K,1
Q53R; N197S; K225L,1
K225L; V319A; R348H,1
P52Q; Q53K; G101S; K225L,1
K225L; S333A,1
G101S; A182V; K225L,1
E105Q; K225L,1
E154G; S162I; Y171C; K225I,1
E154G; G220V; K225I; N379K,1
E106*; K225L; C231G,1
T160M; G220V; K225I; C231S; Y355H,1
E28K; K225L; S292N,1
G220V; K225I; C231S; S284R; Y355H; S361Y,1
G220V; K225I; C231S; Y355H; R385K,1
K225L; I232L; R394S,1
Q53K; K225L; G226C,1
G101S; A153V; K225L,1
I181V; K225L; R348H,1
Y73H; S162C; G220V; K225I,1
Q53K; T160A; K225L,1
I215V; G220V; K225I; C231S; D301N; Y355H,1
S6T; S32A; H56L; Q75T; S76T; T88Q; D121P; S162I; S163F; S198T; I199D; G220V; K225I,1
D77N; T88A; K225L,1
S162C; G220V; K225I; E349*,1
Q75R; G220V; K225I; C231S; I316L,1
G115C; G220V; K225I,1
Y171H; K225L; N274K,1
R45L; E159K; K225L; P298L,1
Q141K; K225L; A266E,1
L98P; T160S; E201*; G220V; K225I; A313S,1
G101S; K225L; N320S,1
K225L; E250K; I262T,1
G220I; K225I; N392S,1
S60G; G101S; K225L; I396V,1
Q27*; G49C; K225L; A266E,1
T50A; K225L; C231S,1
T88Q; G127S; K225L; Q236*; I316T,1
G101S; G220A; K225I; C231R,1
E106*; K225L; I249T,1
E154G; G220V; K225I; T234K; S292N,1
I134V; I199N; G220V; K225I,1
Q53*; K225L; S292N,1
C26Y; G101S; K225L,1
K225L; Y307H,1
L98P; I183V; G220V; K225I,1
L98F; K225L; D338Y,1
K225L; T242A; G401S,1
Q53R; G101S; K225L,1
K225L; Y355H; K356R,1
K225L; N320D,1
G152D; K225L; G401D,1
K62N; S166P; G220I; K225I,1
N92K; K225L; F358L,1
G101S; D121P; F194L; E201G; K225L; K406*,1
T50I; K225L; A266E,1
G101S; K225L; G315C,1
G49S; L98P; E154G; G220V; K225I,1
E154K; G220I; K225I,1
S162C; G220V; K225I; K342R,1
T59I; L98P; K225L,1
G220V; K225I; C231S; P298L; Y355H,1
G220I; K225I; Q354R,1
K225L; G353C; R394H,1
I102M; F124L; K225L,1
K225L; E251V,1
G220V; K225I; K288R,1
D117E; K225L; R385K,1
K225L; N274K; N392D,1
Q75T; S76T; G220V; K225I,1
K225L; I377F,1
H125N; K225L; Y355H,1
F83S; K225L; R394H,1
D205Y; K225L; S284N,1
Q75L; K225L; N238S,1
F192Y; G220V; K225I; C231S,1
G101S; K225L; S333*,1
T50I; S162C; G220V; K225I,1
S162C; G220V; K225I; I352V,1
F194C; K225L,1
E154G; G220V; K225I; N388D,1
Y73C; K225L; F343L,1
Q53K; K225L; V265A,1
G220V; G223C; K225I,1
Y69F; G220V; K225I,1
G220I; K225I; Q344N; N365D,1
G220V; K225I; C231S; N383D,1
V87L; G101S; K225L,1
G220I; K225I; T335A,1
Q53K; K225L; I232L; I233V,1
G101S; K225L; T230A; I352V,1
K225L; V405D,1
N38T; G101S; G220V; K225I,1
L157S; E201D; K225L,1
Q53K; K225L; I263L,1
D70Y; K225L; T400I,1
S163Y; G220V; K225I,1
N63D; E154G; G220V; K225I; D301V,1
K225L; C231S; E373D,1
K225L; C231*; T234K,1
E154G; G220V; K225L,1
F158S; G220V; K225I; L328M,1
I126T; K225L,1
N138Y; K225L,1
N138D; M172I; K225L,1
W40R; G220V; K225I; C231S; G308D; Y355H,1
G220V; K225I; C231S; Y355H; K397R,1
G100R; K225L,1
I199T; G220V; K225I; Y357C,1
G220V; K225I; L404M,1
E154G; G220V; K225I; D366N,1
K225L; C231Y; R348S,1
G101S; K225L; G308C,1
K225L; I262V; A266E,1
G220I; K225I; K306T,1
P71S; K225L; N383S,1
G179C; G220V; K225I; I232V,1
A131T; A207V; G220V; K225I,1
K225L; Q290H; I352V,1
H125Y; M172I; K225T,1
L98P; G179D; G220V; K225I; Q267*,1
G220I; K225I; I227T; S372R,1
Q53K; I102L; K225L,1
G220V; K225I; C231S; Y355H; N388H,1
G24V; K225L; N238K,1
S6T; Y20F; L98P; K225L,1
K225L; Y272H; N274K,1
K225L; A313S; Y355H,1
G220V; K225I; C231S; R280C; Y355H,1
L98F; F136L; K225L,1
K225L; D312N; I352V; R402H,1
G139C; K225L; N274K,1
Q27R; G220V; K225I; C231S; I302L; Y355H,1
S162I; G220V; K225I; T254P,1
S130F; K225L; F334S,1
G101S; N164D; K225L,1
R16C; G220V; K225I,1
M36I; S162I; N164S; G220V; K225I,1
I48M; G101S; G220V; K225I,1
L98F; K225L; Q290R,1
N122S; E154G; N195S; K225I,1
G220I; K225I; K330E,1
G220V; K225I; G315C; N362D,1
I4M; G220V; K225I; V265D,1
L98P; I102L; H125Y; K225L; N238K,1
T59S; G220V; K225I; N365D,1
D15E; E154G; K225I,1
K225L; T228I,1
Y20C; F194I; K225L,1
K225L; A313V; I409T,1
S162C; K225L; D326Y,1
G220I; K225I; D338G,1
K225L; L363W,1
K225L; N274K; D312Y,1
K225L; C231S; Q290R,1
K225L; N274K; R402H,1
G101S; K225L; Y279H,1
G220V; K225I; S367F,1
M211V; G220V; K225I,1
I199V; I203V; K225L; D270N,1
K225L; A389S; K407R; I408S; I409F; R410V,1
K225L; I233V; V265A,1
G127S; K225L; Y355H,1
R45L; G101S; K225L,1
G220I; K225T,1
Q53K; N96D; K225L; V265A,1
G220V; K225I; N238S; D278N,1
H56Q; S162N; K225L; K300R,1
W40R; G220V; K225I; C231S; Y355H,1
L210R; G220V; K225I; C231R,1
D81N; G220V; K225I; Q295K,1
K225L; G386S; N390T,1
S67G; G220V; K225I,1
Q27*; E154G; G220V; K225I,1
P57H; E213K; G220I; K225I,1
L221V; K225L,1
G220V; K225I; Q236*,1
D81Y; G220V; K225I; C231S,1
M211I; K225L; A340E,1
Q53K; N169D; K225L,1
G220V; K225I; I316V; N362D,1
T50A; G101S; K225L,1
E28K; S32I; G220V; K225I,1
E154G; G177D; P188T; G220V; K225I,1
G220I; K225I; S284N,1
N169K; K225L,1
G220V; K225I; C231S; R280S,1
L98F; K225L; T229A; N248S; S361A,1
G220V; K225I; Q304K,1
K225L; S292R,1
G220I; K225I; R348H,1
M172V; K225L; D270A,1
E154G; K225I; R394S,1
K225L; K288E; Y355H,1
R16C; L98P; K225L,1
G220V; K225I; C231S; Y355H; K407*,1
E28K; H142R; K225L,1
K225L; N277D; R410C,1
D205Y; K225L; Y355H,1
L98P; M211T; K225L,1
G220V; K225I; F255L,1
G220V; K225I; R385K; F411S,1
K225L; N243S; L309P,1
G220I; G223C; K225I,1
T160M; K225L; C231R; A266E,1
K225L; S372G; P398S,1
G24S; S162G; K225L,1
R16C; E154G; K225I,1
K225L; C231G; A266E,1
G220V; K225I; D270H,1
M1I; G220I; K225I; C231S; Y355H,1
K225L; T350P,1
H176N; G220V; K225I,1
R16H; L104F; K225L,1
N138D; K225L; Q236*,1
G101S; K225L; T234A,1
E28K; E201*; K225L,1
S6T; S32A; H56L; Q75T; S76T; T88Q; D121P; S162I; S163F; S198T; I199D; V265D; A266E; Y268W; N269E; D270Q; Y272R; T273S; N277K; D278K; R280E; K281E; S284K,1
K225L; T341A; Y355H,1
K225L; I396N,1
P155L; K225L; N274K,1
D77N; K225L; K407N,1
S32I; E154A; K225L,1
G101S; K225L; L276P,1
L61M; G101S; K225L; I396V,1
Q53K; S162I; N164S; K225I,1
I199S; E213*; K225I,1
Q141K; G220V; K225I; N362D,1
E28K; K225L; Q344H,1
A224T; K225L; I316V,1
Y9C; E154G; Y171N; K225I; Y357N,1
F136L; K225L; C231R,1
L98P; L218M; G220V; K225I,1
K225L; P298A,1
V184I; G220V; K225I; C231S,1
K225L; V265A; S314F,1
E154G; F194L; K225I; G257C,1
E154G; S187P; G220V; K225I,1
E106*; Q141R; K225L; L309M,1
N10D; K225L; L240M,1
K62N; S162I; G220V; K225I,1
K225L; D326G; Y355H,1
S162I; S163F; N175H; C231R; G246C,1
Q53R; G101S; K225L; K381N,1
G220V; K225I; I232M; G353D,1
E105D; G220V; K225I; C231S; Y355H,1
L98P; D117Y; K225L,1
L98P; K225L; P294T,1
H142Y; S162I; G220V; K225I,1
D70N; G101S; S162N; K225L,1
P58L; S60R; K225L; I232V; Y355H,1
S76N; G220V; K225I,1
G220V; K225I; A389E,1
Q53R; G220I; K225I,1
N72D; L98P; G220V; K225I,1
N96S; G101S; K225L; T400A,1
G139D; G220V; K225L; N370T,1
G101S; P173L; K225L; D312N; I409T,1
G101S; P173L; K225L; I409T,1
S99*; K225L; I352V,1
Q53K; K225L; I271T,1
S6T; S32A; H56L; Q75T; S76M; K225L,1
S108N; K225L; C231R,1
Q75T; S76T; T88Q; G220V; K225I; T228S; C231S; Y355H,1
E213V; K225L,1
P146Q; G220V; K225I,1
S66F; K225L; K406*,1
G101S; F186L; K225L,1
S162C; R168S; G220V; K225I,1
N92K; G220V; K225I; V265D,1
Q75H; G220V; K225I; I262N,1
Q27R; S162I; G220V; K225I,1
S162C; G220V; K225I; E373D,1
G220V; K225I; N376K,1
K225L; C347G,1
G101S; G179C; K225L,1
G220V; K225I; C231S; A340T; Y355H,1
T160S; K225L; I247T,1
G139D; G220V; K225I; V265A,1
F33L; I199N; G220V; K225I,1
N5K; E154G; G220V; K225I,1
D81G; G220V; K225I; N293D,1
M1I; K225L; T242I,1
H125Y; S162N; K225L,1
N92K; G220V; K225I; G226D,1
S6T; G220V; K225I; N248S; Y357H,1
L61M; R93H; G220V; K225I; C231S,1
G220V; K225I; C231S; S314N; Y355H,1
G220V; K225I; I227V; P294T,1
E79D; L98P; K225L,1
S162I; D196Y; G220V; K225I,1
S191*; G220V; K225I; C231S; Y355H,1
L98P; K225L; R280C,1
K37R; G220V; K225I,1
L98P; K225L; T264A,1
Q53K; K225L; Y299H,1
D121P; N164S; K225L,1
G220V; K225I; C231S; Y355H; N379D,1
G220V; K225I; C231S; Y355H; P398T; I399D; T400Y; G401R; R402S; G403W; L404P; V405G; K406*; I408D; I409H; R410S,1
E28K; G220V; K225I; V265D,1
L19M; L98P; K225L,1
N200D; A224T; K225L,1
G101S; K225L; G374C,1
M1I; S66F; G101S; P146S; K225L,1
G101S; K225L; Q267*,1
T88S; K225L,1
G101S; E189G; K225L,1
L145M; K225L; D278N,1
S140N; G220V; K225I; K359E,1
Q53K; G100D; K225L,1
M1I; R45H; G220V; K225I,1
G220I; K225I; N258T,1
S32A; M172I; K225L,1
K225L; C231R; R402H,1
G49D; L98P; T160S; G220V; K225I,1
G220V; K225I; Y279F,1
G101S; G220V; K225I; L364M,1
K225L; C231R; R410C,1
G220V; K225I; C231S; V265D; I408T,1
K225L; G226V; A266E,1
E28K; K225L; G257V,1
N200Y; K225L,1
R82H; K225L; E349K; V405I,1
K225L; Y299H; Y355H,1
Q75R; G220I; K225I; C231S,1
G101S; K225L; D338Y,1
S137N; K225L; R410C,1
G101S; K225L; N293K,1
S130P; K225L; V382A,1
S162C; I199V; G220V; K225I,1
S66F; K225L; G315V; D325N,1
G220I; K225I; Y299*,1
D70Y; K225L; G386C; R394A; I395Y; I396Y; K397Q; P398T; I399D; T400Y; G401R; R402S; G403W; L404P; V405G; K406*; I408D; I409H; R410S,1
M151I; F194L; K225L,1
L98P; K225L; D312N,1
P57S; D196N; K225I; P298S,1
M1K; S99L; K225L,1
K225L; P239Q; I247T,1
V13A; D117E; K225L,1
V47M; L98P; K225L; A266E; S287N; D301Y,1
K225L; T242N; R402S,1
K225L; Q344*; C347F,1
S32I; E106A; K225L,1
G101S; K225L; Y268C,1
E159*; G220V; K225I; C231S,1
G101S; H125R; K225L,1
E154G; K225I; S372R,1
G101S; Q141K; K225L,1
E154G; S162I; S163F; K225L; N243S,1
Q27K; K225L; R410H,1
S162I; S187F; G220V; K225I,1
V13G; S162I; G220V; K225I; N248S,1
E154G; K225I; S292I,1
S162C; G220I; K225I; N277D,1
Q27H; G101S; K225L,1
G101S; S174G; K225L; F337S,1
L98P; K225L; F358L,1
S66P; L98P; K225L; T230A; L240K,1
K225L; T350N,1
G101S; A224T; K225L,1
E154G; S162I; S163F; K225E,1
D196Y; G220V; K225I,1
Q53K; T160S; K225L,1
E28K; P120Q; K225L,1
H125Y; G220V; K225I; K406E,1
S32N; G220I; K225I,1
R16S; K225L; Y299H; S318N; D326A,1
K225L; T229M; L240M; T400I,1
M1I; N92K; K225L; N388S,1
D11A; K225L,1
S76I; K225L; D259Y; A266E,1
G220V; K225I; L339F,1
G101S; G220V; K225I; A340E,1
N10D; H56N; K225L,1
S76N; K225L; D338Y,1
E28K; G152C; G220V; K225I,1
K225L; A266E; K381R,1
G101S; P188T; K225L; C231R; K397N,1
Q53K; M151I; K225L,1
G220V; K225I; L296M,1
K225L; E349K; P398L,1
P146S; N197D; K225L,1
S198L; K225L; G308C,1
D121A; K225L; D326N,1
S162I; G220V; K225I; D270A,1
G220V; K225I; L309Q,1
Q27R; I102L; N197D; K225L,1
L98P; K225L; S284N,1
M211I; K225L; N274K,1
E154G; K225I; D270A; Y357C,1
G220V; K225I; C231S; N293D; Y355H,1
D205E; K225L; V382M,1
M151I; G220V; K225I; R394H,1
G220V; K225I; Y355H; N362D,1
G220V; K225I; I233V; V265D,1
G101S; G220V; K225I; E250*,1
L218P; G220V; K225I,1
S140G; E154G; G220V; K225I; L296M,1
E154G; K225I; A389T,1
P2L; Q53K; P188S; K225L,1
N164S; G220V; K225I; C231S; D310Y; Y355H,1
F194V; F202L; K225L,1
G101S; H125Y; K225L; T229A,1
S6T; S32A; H56L; I199N; G220V; K225I,1
G64S; G101S; K225L; G401D,1
K225L; N269S; S292N,1
Q27R; N96S; G220V; K225I,1
K225L; I232S; N258D,1
Q53K; D65Y; K225L,1
R16S; K225L; D278N,1
Q75R; G220V; K225I; C231S; Q290*,1
G101S; K225L; R280C,1
E28K; K225L; D325Y,1
D117N; K225L; I262L,1
S76N; K225L; K306E,1
S162C; G220V; K225T; K407E,1
N138D; K225L; Q387*,1
T51S; L98P; K225L,1
N38D; E106A; K225L,1
K225L; C231R; N322S,1
G220V; K225I; T264S; Y332*,1
A224V; K225L; T264I,1
S60N; K225L; N362D,1
E28K; G220V; K225I; A389V,1
S162C; G220I; K225L,1
L98P; G220V; K225I; K342E,1
P206T; K225L; A266E,1
A207V; G220V; K225I; C231R,1
G220V; K225I; D338G; E373D,1
D65A; G220V; K225I; C231S,1
K225L; I302S,1
K22N; K225I; R244H,1
D11Y; L98P; K225L,1
L74M; R193C; K225L,1
A207V; K225L; V265A,1
K225L; D325N; T341N,1
G101S; K225L; D326Y,1
G220V; K225I; V289M,1
I143V; K225L; C231R,1
K225L; N365I,1
S191*; K225L; R348S,1
K225L; S314P,1
G220I; K225I; R394C,1
K225L; I282N,1
Q141*; K225L; N248K,1
L98R; L167M; K225L; I232T,1
L145M; K225L; C231Y,1
G101S; S162R; K225L,1
V13I; M172L; K225L,1
L19M; L98F; K225L,1
K225L; A266E; I408N,1
S140C; K225L; Y268H,1
Q27R; K225L; Y357H,1
P188L; G220V; K225I; V265D,1
S6T; S32A; A224S; K225L,1
G220V; K225I; C231S; Y299N; N365D,1
G101S; K225L; F252S,1
M211I; K225L; N261D; A313V,1
K225L; I271L,1
G220I; K225I; S314A,1
S162I; P188L; K225L,1
N122D; M151I; G220V; K225I,1
G220V; K225I; D325Y,1
N63S; E154G; K225I,1
N122S; S162I; G220V; K225I,1
I18L; Q75T; S76T; T88Q; G220V; K225I; C231S; Y355H,1
K225L; S314N; I316N; Q344N; N365D,1
K225L; C231R; G315D,1
E154G; K225I; T264P,1
D65E; G220V; K225I,1
R45H; K225L; C231R,1
N5K; K225L,1
E154G; K225I; F324L,1
K225L; N392K,1
K225L; S292I; Y355H,1
G220I; K225I; D259N,1
F194L; G220V; K225M,1
L98P; K225L; I227V; K288R,1
P43L; K225L; N258S,1
F29Y; Q75R; N161S; G220V; K225I; C231S,1
K225L; A313E; E349*,1
L98P; G220V; K225T,1
N63S; K225L; N243S; Y355H; K359R,1
K225L; V345I; Y355H; N378D,1
K225L; C231R; Q295R,1
A207V; G220V; K225I,1
L98P; K225L; G353D,1
G101S; T119A; K225L,1
Q53R; K225L; F324L,1
S99L; G220I; K225I,1
K225L; N322S; Q354R,1
K225L; T264S; D326A,1
K225L; G315C; K381N,1
F194L; K225L; A266E; D326Y,1
M172I; K225T,1
M211V; K225L; D301A,1
Q53K; L61P; K225L,1
H219Y; G220V; K225I; I227V,1
N164S; G220V; K225I; F337L,1
P58Q; K225L; S314N,1
G220V; K225I; C231S; D312N,1
H142Y; K225L; N274K,1
G220V; K225I; E336K,1
G101S; F194L; N195K; K225L,1
M172I; K225L; R394H,1
G220V; K225I; F334L,1
S162I; G220V; K225I; L260M,1
E154G; K225L; V291A,1
S162I; G220V; K225I; K356R,1
K225L; N392S; I396V,1
N8S; K225L; I233V,1
L214M; K225L,1
Q141E; K225I,1
S32A; D121P; L218M; K225L,1
S130A; G220V; K225I,1
N97T; G220V; K225I,1
F7L; G220V; K225I,1
Y222*; K225L,1
E154G; S162I; S163F; K225T,1
L98P; T209I; K225L,1
G101S; K225L; N376D,1
K62N; F194V; K225L,1
I35V; K225L; N274K; Y355H,1
E106K; K225L,1
K225L; Y299S; N383D,1
K225L; T234S; N383D,1
S67N; K225L; Q354*,1
K225L; Y355H; L404M,1
K225L; Q236K; N365D,1
V87M; I215F; K225L,1
N96S; K225L; C231R; S318N,1
G220V; K225I; R244H,1
I199T; G220V; K225I; E251G,1
S162I; G220V; K225T; T228I,1
T17P; K225L; D270N,1
P188Q; G220V; K225I; L240R; V265A,1
G101S; K225L; G401C,1
R45L; K225L; A266E; S372N,1
F33L; E154G; F194L; K225I,1
G220V; K225I; S361A,1
G101S; K225L; I327V,1
G101S; P155Q; G220I; K225I,1
S60N; Y73H; S162I; G220V; K225I; N274H,1
Q75R; S166P; G220V; K225I; C231S; R394H,1
K225L; C231G; Y272*,1
K225L; I271V; Y307H,1
E154G; K225I; S292G,1
N118D; K225L,1
I102L; P120L; K225L; P298S,1
K225L; G353A; A389T; R394C,1
L98P; K225L; V265D; A266E; Y268W; N269E; D270Q; Y272R; T273S; N277K; D278K; R280E; K281E; S284K,1
G101C; V184I; K225L,1
K31I; G220V; K225I,1
S162C; G220V; K225I; G403S,1
I39S; K225L,1
F194L; G220I; K225I; Q344N,1
K225L; L391P,1
K225L; D278N; S318N,1
V47A; K225L; Y355H,1
D81Y; N138D; K225L; I368V,1
K225L; N269K,1
K225L; C231S; F337L,1
S162N; G223C; K225L; N248S,1
G220V; K225I; C231S; V291L; Y355H,1
K225L; G257S; K342R,1
N122S; G220V; K225I; C231S; D325N; Y355H,1
G220V; K225I; N243S; F255L,1
P206Q; K225L; I352S,1
K225L; V265A; E373G,1
K225L; K346N; Y369N,1
G101S; S180F; K225L; T341A,1
K225L; D310N; R402S,1
L157S; K225L,1
Y171*; G220V; K225I,1
Q53*; K225L; G401S,1
N46K; K225L,1
K225L; K356S; Y357T; F358S; K359N; L360C; S361L; N362T; L363C; L364*; N365T; D366T; S367L; I368S; Y369T; N370I; I371L; S372A; E373R; G374V; Y375I; N376T; I377S; N378T; N379T; L380*; K381R; V382*; N383T; F384L; R385E; G386V; Q387R; N388M; A389Q; N390I; L391*; N392T; P393R; R394V; I395L; I396S; K397N; P398R; I399L; T400P; G401V; R402V; G403A; L404W; V405L; K407R; I408S; I409F; R410V,1
L145M; K225L; T341N,1
K225L; A266E; R402S,1
T160A; K225L; N274K,1
E28K; F192L; G220V; K225I; S361F,1
D81G; K225L,1
L98I; K225L; Y375H,1
N10S; G220I; K225I,1
Q27R; K225L; L328P,1
G220V; K225I; V265D; I399L,1
P12Q; K225L; R394H,1
S60G; K225L; A313E,1
S162C; G220V; K225I; K407R; I408S; I409F; R410V,1
G220V; K225I; C231S; Q295R; Y355H,1
V184F; G220V; K225I,1
G101V; K225L; Y355H,1
G220V; K225I; Y268C,1
K109N; K225L,1
S6T; H56L; E154G; F194L; K225L; Y299H,1
I86T; E154G; G220V; K225I; V345A,1
P52S; N138D; H176Y; S191*; K225L; D326N,1
N92S; G101S; K225L,1
Q75R; G220V; K225I; C231S; S292N,1
S32T; D121P; S162I; K225L,1
L98F; K225L; C231R; D278N,1
N72S; G220V; K225I; P294L,1
A110D; G220V; K225I,1
I199S; K225L,1
E44D; I102V; K225L,1
N175H; G220V; K225I; K407R,1
G220I; K225I; T350I,1
P52S; G101S; K225L,1
I102L; K225L; V265A,1
F186V; G220V; K225I; S314N; I316N,1
G220I; K225I; G386S,1
L145M; K225L; A266E; D278N,1
K225L; N238K; N365D,1
G101S; T119I; K225L,1
F202L; K225L; Y268S,1
G101S; F158L; S198L; K225L; P393S,1
G220V; K225I; V265A; N370S,1
M172V; I199T; K225L,1
P71Q; K225L; C231R,1
G220V; K225I; I399V,1
G220V; K225T; I232T,1
K225L; S284N; P298S,1
P112Q; K225L; A313T,1
N96T; K225L; I408T,1
K225L; P239Q; Y268C,1
K225L; D270A; K285N,1
F194I; G220V; K225I,1
S108N; G220V; K225I,1
N138D; G220V; K225I; F252S,1
I41V; K225L; Q235K,1
D81A; E154G; K225L,1
K225L; I227T; I409T,1
S162I; H212N; K225L,1
D11Y; A182S; K225L,1
K225L; C231R; Q354R,1
K225L; N248I,1
Y171C; K225L; N293S,1
K225L; T242A; A283T,1
G101S; E213*; K225L,1
M1I; G220V; K225I; C231S; Y355H,1
G101S; F194L; K225L; N297I,1
K225L; I227V; Y299F; R410C,1
G220I; K225I; Y357H,1
K225L; N248I; G403D,1
G101S; K225L; K329R,1
K225L; A389T; P398Q,1
G101S; Q141R; K225I,1
G101S; G220V; K225I; D270N,1
H56Y; D70Y; G220V; K225I,1
S6T; D128E; A129T; K225L; Q354R; K356R,1
E78K; K225L; N297D,1
K225L; I262V; T341A,1
S60N; G101D; K225L,1
S76R; Q204*; K225L; G256*,1
N38S; S162C; G220V; K225I,1
K225L; C231S; L240M,1
G101S; G220V; K225I; V291L,1
Q75R; G220V; K225I,1
S108R; K225L,1
K225L; T335N,1
F55L; S162I; G220V; K225I,1
L98P; K225L; I262L; N365H,1
G24D; N92D; K225L,1
S162C; G220V; K225I; P393S,1
P58S; G220I; K225I; I262T,1
K225L; L360F; N383H,1
D121Y; G220V; K225I,1
G220V; K225I; C231S; N238S; Y355H,1
E28K; L98P; K225L; D278N,1
H56Q; K225L; D278N; Y355H,1
S162I; K225L; R244H,1
K225L; N277S; L309P,1
T88I; G220I; K225I,1
G220V; K225I; L363F; L364A; N365E; D366R; S367L; I368Y; Y369L; N370Q; I371Y; S372*; E373R; Y375L; N376*; I377H; N378Q; N379Q; K381E; V382G; N383E; F384L; R385*; G386R; Q387S; N388E; A389C; N390K; L391S; N392E; R394A; I395Y; I396Y; K397Q; P398T; I399D; T400Y; G401R; R402S; G403W; L404P; V405G; K406*; I408D; I409H; R410S,1
K225L; I316V; V382M,1
G220V; K225I; C231S; E349G; Y355H,1
T59I; K225L; D325N,1
G220I; K225I; C231S; K281E; Y355H,1
S137G; K225L; I352V,1
Q75R; E106*; K225L,1
E105D; K225L; V345A,1
G220V; K225I; C231S; E251*; Y355H,1
K225L; G226S; C231R; L286I,1
K225L; I241M,1
N169D; K225L; T400A,1
I199N; G220V; K225I; Q344H,1
S108N; E154G; G220V; K225I,1
F136L; K225L; T400A,1
L98R; L145M; K225L,1
H56R; K225L; N274K,1
G220I; K225I; C231R; Y357H,1
E28K; Q75R; G220V; K225I; C231S,1
K225L; N274K; Q344N; N365D,1
K225L; Y268H; T335A,1
Q141R; K225L; A340V,1
E105D; P173L; E213*; K225L,1
K62R; F194V; K225L,1
K225L; K285E,1
S217C; G220V; K225I; Y355H,1
S162I; N175H; C231R,1
I102L; K225L; K346R,1
V87M; G101S; G220V; K225I,1
K225L; I302M; A389S,1
E28K; S162I; G220V; K225I,1
N10T; A182V; G220V; K225I; I321T,1
G220V; K225I; N274K,1
S99T; K225L,1
G220V; K225I; C231S; D312N; Y355H,1
G101S; E106*; K225L; L391M,1
E44K; G220V; K225I,1
Q53K; M211I; K225L; D326A,1
G220V; K225I; C231R; A266E,1
Q27R; G220I; K225I; R385K,1
Q53K; K225L; R410C,1
G220V; K225I; N269S,1
G177S; K225L; G257S,1
P71T; G101S; K225L,1
I215T; K225L,1
A207S; G220V; K225I,1
L98P; E133D; K225L,1
K225L; C231R; V265I,1
E154G; G220V; K225I; Q290H,1
K225L; A266T; Y268S,1
D81G; G220V; K225I,1
K225L; I263V; D325N,1
E154G; K225I; I263M,1
G101S; K225L; G246S; T264P,1
L98P; G101S; G220V; K225I,1
Q141K; K225I; C231R; S292N,1
D196N; K225L; C231R,1
D128Y; K225L; N274K,1
K225L; L296M; K346M,1
K225L; G257S; T273A,1
Y30C; K225L; N274K,1
N195S; K225L; V265A,1
N195S; G220V; K225I; R402H,1
S174I; K225L,1
G101S; K225L; T264P,1
S32A; S162I; G220V; K225I; G374V; Y375I; N376T; I377S; N378T; N379T; L380*; K381R; V382*; N383T; F384L; R385E; G386V; Q387R; N388M; A389Q; N390I; L391*; N392T; P393R; R394V; I395L; I396S; K397N; P398R; I399L; T400P; G401V; R402V; G403A; L404W; V405L; K407R; I408S; I409F; R410V,1
Q53K; K225L; I227T,1
R93C; K225L; V265A,1
V13I; G101S; K225L; D366N,1
L98P; G220V; K225I; C231R,1
Q141H; G220V; K225I; D326N,1
G101S; Y171C; K225L,1
L98P; K225L; I352V; F384C,1
G220I; K225I; G315C,1
K225L; T341S; I352V,1
G101S; S162I; S163F; K225L,1
Y68C; K225L; P298T,1
L98P; K225L; V405A,1
G220V; K225I; K342E; Y355H,1
K225L; K397T,1
K109N; G220V; K225I; C231S; Y355H,1
P206T; G220V; K225I,1
K225L; F303L; N378S,1
L98F; K225L; Q290H,1
Q75H; G101S; K225L,1
K225I; C231R; S292N; A313T,1
N138D; G220V; K225I; K381R,1
G220V; K225I; I282T,1
G220V; K225I; I316L,1
I41V; K225L; F358L; L391M,1
K225L; C231S; I399T,1
S60G; S162I; G220V; K225I; A313E,1
D77E; G220V; K225I,1
G220I; K225I; Y268H,1
K225L; T230K; A389T,1
G220I; K225I; V289A,1
L98P; K225L; T234K,1
E28K; D65Y; K225L,1
S67G; I134V; G220I; K225I,1
L98P; D128N; T160S; G220V; K225I,1
S67N; N138D; K225L,1
S66F; K225L; Q304K,1
E44*; G220V; K225I,1
G101S; N170D; K225L,1
P23L; G101D; G220V; K225I,1
G101S; P188L; K225L,1
G25C; S162C; G220I; K225I,1
Q27R; I126V; K225L,1
L98I; G101S; K225L,1
G220I; K225I; I247L,1
E28K; K225L; A313S,1
S60R; G220V; K225I,1
G220V; K225I; C231S; Y355H; R410S,1
L98P; N195T; G220V; K225I,1
G220V; K225I; I249T,1
L98P; N200I; G220V; K225I,1
Y20H; Q53K; K225L,1
L98P; G220V; K225I; L391M,1
K225L; N274K; K397R,1
A224T; K225Q,1
G101S; P188S; K225L,1
T59P; K225L; V265A,1
L114M; G220I; K225I,1
N195S; K225L; N297S,1
K225L; D278N; S292I,1
E154G; I203V; K225I,1
Q27R; P52L; K225L,1
I41V; K225L; N274K,1
S99A; G220V; K225I; N297K,1
Q53K; K225L; K381T,1
S191L; K225L; A313T,1
F194V; K225L; T242A,1
K225L; G246S; R280S,1
Q53K; P146Q; K225L,1
N122D; K225L; R348H,1
H56R; G101S; K225L; E373D,1
S60G; G220V; G223D; K225I,1
G220I; K225I; F358S; G401V,1
Q53K; K225L; A389T,1
G220V; K225I; D301Y,1
D70Y; M151I; G220V; K225I,1
I41V; K225L; I408T,1
L98P; K225L; R402H,1
E154G; L218M; K225I,1
D70N; K225L; N248S,1
N138D; G220V; K225I; P239Q,1
G220V; K225I; N277S,1
N97D; E154G; G220V; K225I,1
K225L; S314F; Q354R,1
N63H; N122H; K225L,1
L98P; S174G; K225L,1
D70E; I199N; G220V; K225I; C347Y; G386D,1
G220V; K225L; G315S,1
K225L; P393T; R402S,1
G101S; K225L; G226S,1
K225L; A266E; I352T,1
S6T; I134V; D196N; K225L,1
G101S; N197S; K225L,1
K22M; K225L,1
K225L; N297S; Y355H,1
G101S; K225L; Q290*,1
K225Q; Q236*,1
K225L; L253*,1
K225L; S314Y; I316N,1
V148A; K225L; R385G,1
E154G; G220V; K225I; S292N; K406*,1
K225L; T234M,1
G220V; K225I; C231S; G403D,1
L98V; G220I; K225I,1
K225L; A313P,1
P43S; N169S; K225L,1
W40C; G220V; K225I,1
G220V; K225I; R394H,1
K225L; S361T,1
I181V; G220V; K225I,1
G49D; D121N; K225L,1
P173L; G220V; K225I; C231S; Y355H,1
Q27R; N96S; K225L,1
S60R; F202L; K225L,1
G220V; K225I; V291A,1
N14D; I165V; K225L,1
S162C; F192L; G220V; K225I,1
K225L; C231R; Q235H,1
G101S; D196A; K225L,1
P23Q; K225L; K330R,1
R168C; K225L; N376D; T400N,1
G101S; H212Y; K225L,1
K225L; T350I; R402S,1
G220V; K225I; C231S; Q290K; Y355H,1
L98P; G220S; K225L; F252L,1
C26R; K225L; D326N,1
G101S; G220V; K225I; G403V,1
K225L; R244C; N390D,1
D77N; K225L; G386C,1
Y190H; G220V; K225I,1
G101S; G220V; K225I; I377T,1
G220V; K225I; C231S; Y355H; K407N,1
I102L; N197D; G220V; K225I; V265A,1
G220V; K225I; C231S; Y355H; I399T,1
I48T; K225L; G315C; N378S,1
I134V; N138D; K225L,1
K225L; P239L; R410H,1
S162I; K225L; I399V,1
T160P; G220V; K225I,1
Y30*; G101S; K225L; V345F,1
K225L; I233V; I247V,1
G220V; K225I; C231S; Y355H; V405G,1
I203V; G220V; K225I,1
R45S; L98P; K225L,1
R168S; K225L; Y355H,1
K225L; V265A; Y268D,1
Q75K; K225L; N274K; V382M,1
G101S; I102L; H125R; K225L,1
N200K; K225L,1
S187P; K225L; N293D,1
V47M; D70Y; K225L,1
S137G; G220I; K225I; Y355H,1
P173Q; K225L; C231S,1
Q53R; I134V; K225L,1
I41V; N96K; G220I; K225I,1
N96S; F194V; K225L,1
S67N; L98P; G220V; K225I; C231S; Y355H,1
G220V; K225I; C231S; T341A,1
K135R; K225L; Y375H,1
G101S; K225L; G257R,1
I42V; K225L; F337S,1
G101S; G152S; K225L,1
S137G; S162C; G220V; K225I; Y357C,1
Q53K; A224S; K225L,1
K225L; G308S; A389V,1
T88Q; K225L; Y355H,1
D65G; K225L; G257D; Y268H,1
Q27*; K225L; D312E; F334L,1
G101S; K225L; I233T,1
I203V; G220V; K225I; I316V,1
R82C; K225L; S314Y; I316N,1
E154G; Y171N; F202L; K225I,1
L98I; K225L; R348H; K397N,1
D70Y; G220I; K225I; I409T,1
G101S; K225I; C231R,1
L167P; R193H; K225I,1
L98P; I102S; K225L; I321T,1
G101S; I199N; K225L,1
N10D; L221F; K225L,1
Q53K; K225L; Y357H,1
A129S; G220V; K225I,1
G220V; K225I; C231S; Y332D; Y355H,1
G101S; S198T; K225L,1
G220V; K225I; I316V; K397E,1
K225L; N274S; E305*,1
Y171*; K225L; N243S,1
I143L; K225L,1
S162I; S198T; K225L; I227T,1
M211I; G220V; K225I; C231S,1
H56Y; G220V; K225I; C231S; Q344N; I352V,1
K225L; E349D,1
G100C; G220V; K225I; C231S; Y355H,1
I102M; G220V; K225I; Q290K,1
H176Q; F178L; G220V; K225I; C231S; Y355H,1
V132I; N138D; K225L,1
D128N; K225L; Y355H,1
I199S; G220V; K225I,1
G101S; I134V; K225L,1
S60R; G220V; K225I; N293D,1
M151I; G220V; K225I; I316V,1
G220V; K225I; C231S; V265D; Y355H,1
H125Y; K225L; V405G,1
K225L; N258D; R410H,1
D65N; N170Y; K225L,1
G220V; K225I; E305K,1
F194L; K225L; Q267*,1
E154G; A207E; G220V; K225I; N365S,1
N92K; G220V; K225I; I249V; V265A,1
V13I; L98P; G220V; K225I; G315D,1
T160M; K225L; I232L,1
K225L; D270N; I316T,1
G179C; K225L; N274K,1
Q204R; G220V; K225I; I232V,1
E154G; K225I; P393Q,1
K225L; N261S; S372N,1
L98P; K225L; N293D,1
V47G; R93L; K225L,1
E154G; G220V; K225I; N269T,1
R93L; S198T; I199D; K225L,1
K225L; Q235K; A266E,1
Q53K; M211I; K225L,1
S67N; G101S; S191P; K225L,1
K225L; P393Q; R402S,1
S187F; K225L; N274K,1
D11G; G220V; K225I; C231S; Y355H,1
L98P; S162I; G220V; K225I; N248S,1
S166P; G220V; K225I; C231S,1
G177V; K225L; I232T,1
G101S; E106D; K225L; T264I,1
H142Q; K225L,1
S198T; I199D; K225L; D278N,1
K22R; E154G; K225I,1
G220F; K225I; Y355H,1
E154G; K225I; N248I; R410C,1
G101S; K225L; I271V,1
D65Y; L98F; K225L,1
T88P; G220V; K225I,1
E28K; S198T; I199D,1
K85R; T119N; K225L; S292N,1
M211I; K225L; L253F,1
Q27R; Q75*; K225L,1
S162R; T185I; G220I; K225I,1
E44G; L98I; G220I; K225I,1
N138D; A153V; G220V; K225L,1
S6T; S32A; Q53K; K225L,1
E133K; G220V; K225I,1
Q27R; G115D; K225L,1
S99*; G220I; K225I; C231R,1
V132A; G220V; K225I; V291M,1
E154G; I183V; G220V; K225I; R394H,1
G220V; K225I; S314F,1
Q141R; K225L; N293S,1
S166F; G220V; K225I; C231S; R280L; Y355H,1
K225L; L260R,1
P2S; K225L; C231S,1
R82L; G220V; K225I; C231S,1
N92K; K225L; N238K,1
S162I; G220V; K225I; N248S; D270Y,1
I41V; G220I; K225I,1
L98P; K225L; I232V,1
K225Q; A266E,1
P58S; K225L; Y355H,1
K225L; V265A; N362D,1
G101S; K225L; Q354H,1
Y69H; G101S; K225L,1
N195S; G220V; K225I; T341A,1
K3I; K225L,1
E305K; K406E,1
K225L; K245E; Q354R,1
R16S; K225L; G386C,1
N138D; K225L; L260M,1
G101S; K225L; G403V,1
S162N; K225L; S287N,1
K225I; I263V,1
G220V; K225T; A266E,1
E28K; G220I; K225L,1
S76N; G101S; K225I,1
S60N; L98P; K225L,1
G101S; K225L; R402H,1
I215L; K225L,1
L98F; K225L; G315D,1
N10H; G101S; K225L; D310N,1
D54N; G220V; K225I; N365D,1
I199T; K225L; N322D,1
N175I; K225L,1
K225L; D301A; N378D,1
G220V; K225I; C231S; Y355H; G403S,1
K225L; K381*,1
Q53K; K225L; D326N,1
H56L; G100D; K225L,1
T59A; V184I; K225L,1
Q53K; Y171H; K225L,1
I199S; K225I; T229A,1
K225L; N392S; T400I,1
K225L; T264P; S284R,1
S163Y; K225L; R402S,1
N138D; H212R; G220V; K225I,1
K225L; C231G; V405A,1
K225L; Q354R; G386C,1
N161H; K225L; S314N; I316N,1
I199N; G220V; K225I; G403C,1
E28K; K225L; N365D,1
S162I; G220V; K225I; V382A,1
G220V; K225I; Y355H; K397E,1
H56L; T88Q; D121P; K225L; A266E,1
L98P; G220V; K225I; N365D; S367P,1
I102L; G220V; K225I; S367F,1
P188Q; K225L; N274K; S314Y,1
T88N; T160A; K225L,1
K225L; E250G; Y355H,1
G220V; K225I; S314P,1
F55L; A110D; G220V; K225I,1
G220V; K225I; L363S,1
K225L; N261S; V345A,1
G220V; K225I; Y355H; N365D,1
V132F; D196Y; K225L; E251*; I408N,1
Q123*; G220V; K225I; C231S; Y355H,1
G220I; K225I; R410C,1
E28D; K225L; C231R,1
N111S; I199N; G220V; K225I,1
L145M; G152D; K225L; Q344K,1
G220V; K225I; V265D; Y375H,1
G101S; K225L; I262V,1
K225L; K359Q; L360I; S361V; N362*; L364A; N365E; D366R; S367L; I368Y; Y369L; N370Q; I371Y; S372*; E373R; Y375L; N376*; I377H; N378Q; N379Q; K381E; V382G; N383E; F384L; R385*; G386R; Q387S; N388E; A389C; N390K; L391S; N392E; R394A; I395Y; I396Y; K397Q; P398T; I399D; T400Y; G401R; R402S; G403W; L404P; V405G; K406*; I408D; I409H; R410S,1
I41V; F83L; K225L,1
I134F; G223D; K225L,1
G101S; E201D; K225L,1
G220V; K225I; C231S; Y355H; N390K,1
I18L; E154G; K225I; I377L,1
I102L; P120T; K225L,1
F194L; N200D; K225L,1
K80E; K225L; T242A,1
I199N; G220V; K225I; N390D,1
K225L; P298S; D310N,1
K225L; N274K; S367Y,1
H56Y; Q75R; G220V; K225I; C231S; I368V,1
K225L; G374S; K397Q,1
K225L; N274S; N378S,1
Q141*; K225L; G246S,1
G220I; K225I; V405F,1
K225L; P393T; K407R; I408S; I409F; R410V,1
P120T; K225L; L260M,1
I150T; K225L,1
P12R; V13L; N14T; D15I; R16V; T17P; I18F; L19C; Y20T; I21L; K22S; P23R; G24A; G25V; C26V; Q27R; E28S; Y30S; S32A; F33S; N34I; I35L; M36*; K37R; N38I; I39S; W40G; I41L; I42S; P43R; E44S; R45A; N46T; V47*; I48L; G49A; T50P; T51L; P52R; Q53K; D54I; F55S; H56T; P57L; P58R; T59P; S60V; L61*; K62R; N63T; G64V; D65I; S66P; K225Q,1
D70N; G101S; K225L,1
W40*; K225L; N238K,1
K225L; N388T,1
Q53K; L210M; K225L; C231R,1
Q53K; S162I; N164S; K225L,1
I41V; K225L; Q354R,1
I41V; K225L; V405F,1
G101S; K225L; N390K,1
L19M; K225L,1
V13I; R193H; K225L,1
S66F; L98P; G220V; K225I,1
K225L; N293D; Y375H,1
G152C; K225L; D338G; K342E; S372N,1
K225L; N269I,1
G179S; K225L; I262L,1
G220V; K225I; G246D; N248S,1
K225L; C231S; R402S,1
G101C; K225L; A266E,1
Q53K; K225L; T264I,1
K225L; N248Y; Y355H,1
S333*,1
L98R; G101S; K225L,1
I41V; K225L; I232L,1
K225L; T341A; R402S,1
L98P; K225I; P239T,1
G101S; K225L; S367Y,1
D128Y; G220V; K225I,1
E154G; A207T; G220V; K225I,1
K22N; K225L; C231S; N293D,1
H212N; K225L; V265A,1
G220V; K225I; S292N; T335I,1
G101S; V184I; G220V; K225I; S287N; S314N; I316N,1
Y20*; G220I; K225I; P393S,1
E154G; Y171N; K225I; L328M,1
E28K; K225L; K397E,1
H142N; K225L,1
K225L; S287G; A340E,1
Q75R; G220V; K225I; C231S; A389T,1
V184I; D196N; K225L,1
L98P; K225L; V405L,1
S32I; T160A; K225L,1
G220V; G223D; K225I,1
G220V; K225I; S318I,1
P43T; G220V; K225I; I321V,1
S60T; E154G; G220V; K225I,1
L144S; K225L,1
K37E; I90M; E154G; G220V; K225I; S292N,1
K225L; Y355H; G401S,1
E28K; K225L; T341A,1
G101S; I102T; K225L; S367Y,1
G220V; K225I; G374C,1
E213*; G220I; K225I; C231S; Y355H,1
K225I; C231R; S292N; G401D,1
G220V; K225I; C231S; R244H,1
G220V; K225T; V289M,1
N10S; E154G; I203T; K225L,1
V87L; K225L; N379K,1
G101S; K225L; C231Y,1
K225L; D301N; Y355H,1
G220V; K225I; C231S; Y355H; K356R,1
I90T; L98F; K225L,1
G101S; K225L; N277S; I399T,1
P57T; G220V; K225I,1
P43Q; G220I; K225I,1
Q204K; K225I,1
F124L; K225L; E305D,1
D65G; G101S; K225L; N379D,1
G49S; K225L; Q344N,1
H56L; Q75T; S76T; T88Q; K225L; N274K,1
G101D; K225L; C231S,1
P120T; G220V; K225I; R410S,1
G220I; K225I; R385S,1
K225L; C231R; S372N,1
K225L; N248S; G374S,1
K225L; I232V; D366Y,1
E154G; G220V; K225I; F252I,1
K80R; G220V; K225I,1
E79D; L145M; K225L,1
N164S; G220V; K225I; Y357C,1
L144M; K225L,1
P12Q; F178S; G220V; K225I; V265A,1
H56L; G101S; K225L; N269S,1
Q53K; L98P; G177C; K225L,1
E106K; G220V; K225I; C231S,1
S6T; S32A; H56L; Q75T; S76T; T88Q; S108N; D121P; D128Y; S162I; K225L,1
F83S; G220V; K225I; C231S; Y355H,1
N138D; K225L; T229M; E349K,1
E154G; K225I; C347G,1
V13I; K225L; Q344N,1
D117Y; D196Y; K225L; N297S,1
E28K; K225L; D366G,1
I21L; E154G; K225L,1
P112L; G220V; K225I,1
N111D; G220V; K225I,1
F192S; K225L,1
Q53K; F202L; K225L,1
K225L; I262M; G374C,1
K225L; V265I; A266E,1
G220V; K225I; C231S; A313E,1
P58L; F192S; K225L,1
G101S; H142Y; K225L,1
P71Q; G220V; K225I,1
F178I; G220V; K225I,1
E154G; R168C; K225I,1
G220V; K225I; V345A,1
S162C; G220V; K225I; N277D,1
Q75H; G220V; K225I,1
I126T; I183T; K225L; C231R; Q235*; S292N,1
P2H; S162C; K225L,1
G101S; G220V; K225I; G403C,1
E189K; G220V; K225I; C231S; Y355H,1
G220S; K225L; N274K,1
I90L; Q141R; G220V; K225I,1
K225L; L286F; V405F,1
G101S; K225L; R385G,1
G220V; K225I; K329N,1
N111H; G220V; K225I,1
L98P; E201*; G220V; K225I,1
K225L; S314N; I316N; G403D,1
L145M; K225L; N248S,1
K225L; L286F; V405G,1
L98P; K225L; C231G,1
R193C; G220I; K225I,1
G220I; K225I; D366Y,1
F33L; K225L; Y355H,1
K225L; I247V; I262M,1
G64C; N96S; G220V; K225I,1
S130F; G220V; K225I; C231S; Y355H,1
N72S; L98P; K225L,1
P57H; L98P; K225L,1
E28K; G220V; K225I; S292G,1
E154G; G220V; K225I; F324L,1
S191*; K225L; N274K,1
K225L; V265A; F358S,1
R82S; S162C; G220V; K225I; N322S,1
S140G; G220V; K225I; C231S; Y355H,1
G220V; K225I; N261K,1
K225L; I232T; A313S,1
C26R; V148I; K225L,1
G220V; K225I; C231S; G308C; Y355H,1
S174R; G220V; K225I; C231S; Y355H,1
E106*; K225L; Y355H,1
G101S; K225L; I241T,1
P58Q; G220V; K225I; C231S; Y355H,1
G220V; K225I; I302L,1
K225L; Y268H; Y355H,1
I4T; Y171C; K225L,1
N122H; K225L,1
I18F; K225L; I316V,1
G101S; G220V; K225I; N258K,1
P188T; K225L; G386D; Q387T; N388H; A389T; L391T; N392R; P393S; R394*; I395P; I396A; K397*; P398N; I399S; T400S; G401N; R402S; G403Y; V405T; K406E; K407A; I408L; I409F; R410K; F411K,1
E201A; K225L; Y355H,1
P57H; E154G; K225I,1
K225L; L253F; I316V,1
R16C; P206S; K225L,1
S162N; K225L; N258S,1
G101S; K225L; L253F,1
M211I; G220I; K225I,1
G220V; K225I; G246S,1
K225L; G403A; L404W; V405L,1
K225L; Y355H; P393Q,1
K225L; E336*; G386R; Q387S; N388E; A389C; N390K; L391S; N392E; R394A; I395Y; I396Y; K397Q; P398T; I399D; T400Y; G401R; R402S; G403W; L404P; V405G; K406*; I408D; I409H; R410S,1
K225L; A266E; K288E; T400I,1
E79A; G101S; K225L,1
Q27R; K225L; S333L,1
G101C; G220V; K225I; C231S,1
K225L; F384S; G403A; L404W; V405L; K407R; I408S; I409F; R410V,1
F194V; K225L; C231R,1
I90M; P146L; K225L,1
E28K; K225L; V405A,1
F192L; K225L; E250*; I262V; D270Y,1
K225L; D338G; Q344K,1
P146T; K225L,1
E154G; G220V; K225I; S314F,1
G101S; N175S; K225L; Q354R; L391M,1
K3R; D11Y; K225L,1
L98P; K225L; N370Y,1
L98P; E201G; K225L,1
G101S; A207T; K225L; Q387*,1
K225L; C231S; Q236*,1
K31I; E154G; K225I,1
I126N; G220V; K225I,1
G24S; G220V; K225I; V265D; E373D,1
G220I; K225I; N383S,1
F83L; G220V; K225I,1
K225L; F411V,1
P71S; G101S; G220V; K225I,1
S162C; G220V; K225I; K245E,1
P112S; V184I; K225L,1
S162I; G220V; K225I; N248S; Y375*; N376T; I377S; N378T; N379T; L380*; K381R; V382*; N383T; F384L; R385E; G386V; Q387R; N388M; A389Q; N390I; L391*; N392T; P393R; R394V; I395L; I396S; K397N; P398R; I399L; T400P; G401V; R402V; G403A; L404W; V405L; K407R; I408S; I409F; R410V,1
E154G; K225I; N388D,1
G220I; K225I; K329R,1
L61P; K225L; D270N,1
K225L; A266E; A340E,1
E154G; M211I; G220V; K225I; C231S,1
K225L; V265D; A266E; Y268W; N269E; D270Q; Y272R; T273S; N277K; D278K; R280E; K281E; S284K; S314N; I316N,1
V47L; K225L; D278N,1
M1V; G101S; K225L,1
K225L; I227V; N258D,1
K22R; L98P; K225L,1
Q53K; K225L; D325G,1
L98P; S180A; K225L; T400P,1
G220V; K225I; I368F,1
K31R; G220V; K225I,1
E154G; Y171N; K225I; E250D,1
C26Y; S162C; G220V; K225I,1
G220I; K225I; P298Q,1
K225L; C231R; Y355C,1
K225L; C231G; D325N,1
Q27R; K225L; S287N; N392K,1
L98P; I134V; K225L,1
P2H; I41V; K225L; T229M,1
D81G; K225L; A266E,1
P155L; G220V; K225I; C231S; Y355H,1
D15Y; G220V; K225I,1
G101S; K225L; S284G,1
Q27R; E154G; G220V; K225I; F255L,1
K225*,1
K225L; I232F; G315C,1
S162C; M172I; G220V; K225I,1
V47M; G101S; G220V; K225I,1
L61M; K225L; F358L,1
Q53K; K225L; R394C,1
R45S; G220V; K225I; C231S,1
Y30C; K225L; Y355H,1
G220V; K225I; R385S,1
G220V; K225I; Q290K; N297D,1
D54Y; G220I; K225I,1
N92S; K225L; G257V,1
K62N; G64S; K225L,1
E154A; G220V; K225I; L328M,1
L98P; A129E; K225L,1
S108R; G220V; K225I,1
Q75H; K225L; L391P,1
G152D; G220V; K225I; C231S; I232T; Y355H,1
F124S; K225L; T242I,1
E154G; A182V; G220V; K225I,1
L61Q; S162I; G220V; K225I,1
F124S; S191P; K225L,1
K225I; A266E,1
P173T; K225L; G257D,1
M172I; N195S; G220V; K225I,1
K225L; N376S,1
R16S; K225L; C231R,1
K225L; G386V,1
K89T; G220V; K225I,1
K85N; K225L,1
Q27R; P120S; K225L,1
G220I; K225I; A313E,1
S66Y; S198*; K225L,1
K62N; L98P; G220V; K225I,1
Q141R; F158L; K225L,1
L214M; G220V; K225I,1
Q53K; G220V; K225I; N365D,1
K225L; I227V; F337S,1
T51N; L98P; K225L; S284N; I321V,1
N10S; Q53K; K225L; C231R,1
G101S; K225L; Y355C,1
G220I; K225I; I396V,1
K225L; S292I; G374D,1
E79G; K225L; I232L,1
G220I; K225I; C231S; A283T; V382L,1
K225L; N365D; K406*,1
S60N; K225L; N376D,1
N138D; K225L; D325N,1
G220V; K225I; I352T,1
G127D; K225L; Y355H,1
N96S; K225L; N248Y,1
S60N; E79*; K225L,1
E133*; K225L,1
G220V; K225I; I262F,1
P23L; S130F; K225L; V345I,1
E154G; G220V; K225I; Q295K,1
E28G; E44D; K225L,1
Q27R; V47M; L98P; K225L; A266E,1
E154G; S162I; S163F; N195D; K225L,1
N63T; I86T; L98P; K225L,1
E28*; G220V; K225I; C231S; Y355H,1
H125R; G220V; K225I,1
F7L; E154G; K225I,1
S162I; G220V; K225I; G246C,1
P43Q; L98P; K225L,1
K3R; K225L; N274K,1
N138D; K225L; N274K,1
K225L; I316S,1
P52L; K225L; N274K,1
Q27H; S162I; G220V; K225T,1
A129T; G220V; K225I; C231S,1
Q204H; K225L; T242A,1
S66Y; N92K; K225L; I396V,1
S99P; K225L,1
N170K; G220V; K225I; C231S,1
G101S; K225L; G315V,1
K225L; C231S; I232L,1
N138D; S162C; G220V; K225I,1
D121P; K225L; V405A,1
M36T; K225I,1
G220I; K225I; A266E; P294T,1
G220I; K225I; A389P,1
G101S; E201G; K225L,1
L98P; K225L; Q237*,1
M151I; G220V; K225I; N293D,1
R82H; L98F; K225L,1
L98P; E213*; K225L; S292I,1
G101S; E106*; K225L; C231S,1
G101S; S163Y; K225L,1
K225L; S292N; R402H,1
G101S; G220V; A224V; K225I; Y317C,1
H219Y; K225L; T234M,1
Q141R; K225L; C231R; E373D,1
D70N; K225L; T341A,1
G101S; A129T; K225L; I247T,1
I134T; K225L; I227V,1
Q27R; S180P; K225L,1
K225L; Y355H; V382L,1
L98P; I183M; K225L,1
Q27H; K225L; I316T,1
L208P; K225L,1
G220V; K225I; V265D; V382M,1
G101S; K225L; Y369H,1
P12Q; K225L; I232F; I316V,1
T51I; Q141*; K225L,1
S60R; I199N; K225L,1
K225L; C231R; P294Q,1
Q141*; G220V; K225I,1
G101S; H125Y; K225L; Q387R,1
G220V; K225I; I232N,1
I183N; G220V; K225I,1
L98P; G220V; K225I; I371V,1
G220I; K225I; S314Y,1
G101S; K225L; I247T; N362S,1
L98P; E106A; K225L,1
L98P; L104F; K225L,1
P2S; K225L; I247L,1
F55S; K225L; N238K,1
G101S; G220V; K225I; C231S; Y355H; K407R,1
P173L; K225L; Q235*,1
G101S; S191L; K225F,1
K225L; P239T; I408F,1
L98P; H216R; K225L,1
G220V; K225I; C231S; Q236K; Y355H,1
L98P; S99*; K225L,1
I165V; H176R; K225L; T264S,1
Q53K; K225L; Q236K,1
G220V; K225I; N376T; I377S; N378T; N379T; L380*; K381R; V382*; N383T; F384L; R385E; G386V; Q387R; N388M; A389Q; N390I; L391*; N392T; P393R; R394V; I395L; I396S; K397N; P398R; I399L; T400P; G401V; R402V; G403A; L404W; V405L; K407R; I408S; I409F; R410V,1
D65Y; K225L; T229M; C231S,1
G101S; K225L; L404W; V405L; K407R; I408S; I409F; R410V,1
S66Y; G220V; K225I,1
Q123K; K225L; C231R,1
I199N; G220V; K225I; Y375L; N376*; I377H; N378Q; N379Q; K381E; V382G; N383E; F384L; R385*; G386R; Q387S; N388E; A389C; N390K; L391S; N392E; R394A; I395Y; I396Y; K397Q; P398T; I399D; T400Y; G401R; R402S; G403W; L404P; V405G; K406*; I408D; I409H; R410S,1
S162I; S166P; G220V; K225I,1
A110T; N138D; K225L,1
Q53K; A131V; K225L,1
P58Q; T59A; K225L,1
P71T; H125L; K225L,1
K225L; N322S; K356E,1
K225L; V291M; I409T,1
G101S; H176R; K225L,1
E78K; G101S; K225L,1
K225L; C231R; Q290*,1
G101S; G220V; K225I; C231S; V265D,1
K225L; A266T; N274K,1
H125Y; H212N; K225L; I371V,1
E154G; K225I; T230M,1
S162I; S217N; G220V; K225I,1
S162C; G220V; K225I; D325N,1
K225L; T234A; N274K,1
G152R; K225L,1
V87M; G220V; K225I,1
Q27K; G220V; K225I,1
I143V; S162I; G220V; K225I,1
M172I; K225L; G386D,1
S162C; F178L; G220I; K225I,1
I143V; G220V; K225I; C231S; Y355H,1
E154G; S166C; G220V; K225I; A340S,1
K225L; Q290E,1
G220V; K225I; K300N,1
K225L; C231R; E373D,1
L98P; P120T; G220V; K225I,1
K225L; N274K; G308V,1
Q204K; G220V; K225I; C231S; Y355H,1
G101S; K225L; V289M,1
E28K; L98F; K225L,1
G101S; K225L; N379K,1
K62N; G220I; K225I,1
P23L; K225L; I262T,1
S162I; D196Y; G220V; K225I; T341A,1
S76I; E154G; K225L,1
A129T; E154G; G220V; K225I,1
K225L; A266E; D270A,1
L98P; G220V; K225I; I409T,1
D54N; K225L; K342E,1
E154G; K225I; Q344P,1
N138D; E201G; G220V; K225I,1
G101S; E154*; K225L; N365S,1
K225L; C231S; Y357C,1
K225I; K406*,1
V132A; K225L; I233V,1
A153V; K225L; Q354R,1
G220V; K225I; C231R; G256*,1
N8S; K225L,1
A207V; G220V; K225I; C231S; Y355H,1
H212Y; K225L; Y355H,1
G220V; K225I; Y375L; N376*; I377H; N378Q; N379Q; K381E; V382G; N383E; F384L; R385*; G386R; Q387S; N388E; A389C; N390K; L391S; N392E; R394A; I395Y; I396Y; K397Q; P398T; I399D; T400Y; G401R; R402S; G403W; L404P; V405G; K406*; I408D; I409H; R410S,1
K225L; V291L,1
G220V; K225I; S292R,1
D65E; K225L; G257S,1
H56L; Q75T; S76T; D121P; K225L; I371V,1
D65G; G220V; K225I; C231S; Y355H,1
H216N; G220V; K225I,1
G139D; S162I; G220V; K225I,1
S198*; G220V; K225I,1
S162C; G220V; K225I; F252L,1
K225L; C231S; V319A,1
P112Q; K225L; I227T,1
H56P; K225L,1
M1K; G220V; K225I; C231S; Y355H,1
K85N; L98P; G220V; K225I,1
P71S; K225L; A266E,1
K22R; G101S; K225L,1
K225L; S367P,1
Q75R; S108N; G220V; K225I; C231S,1
N138D; K225L; C231R,1
I39V; G220V; K225I,1
S162I; N164S; K225L; C231R; S292N,1
K225L; C231G; N274S,1
S162I; G220V; K225I; S314N; I316N; R394H,1
G220V; K225I; Y357S,1
N197S; K225L; R348H,1
G220V; K225T; N238S,1
G101S; R193S; G220V; K225I,1
I183S; K225L,1
K225L; T264P; Y355H; G403S,1
N170K; K225L,1
K225L; N390Y,1
G220V; K225I; Y299C,1
N10S; G220V; K225I; V265D; K330M,1
F83Y; P112T; K225L,1
K225L; Y355H; I399V,1
S6T; N14D; S32A; H56L; G101S; G220V; K225I,1
E105*; N138D; K225L,1
D196E; K225L,1
E154G; G220V; K225I; S292N; K397N; P398R; I399L; T400P; G401V; R402V; G403A; L404W; V405L; K407R; I408S; I409F; R410V,1
K225L; P298S; I316T,1
K225L; C231R; N322S; D326G,1
T185P; G220V; K225I; V265D; E349K,1
L98P; F194L; K225L; C231R,1
G220V; K225I; S372R,1
E28K; K225L; R385K,1
G220V; K225I; C231S; D270G; Y355H,1
I143V; K225L; Y355H,1
S217C; G220V; K225I; I409T,1
G101S; K225L; Q237*,1
L98P; K225L; I321V,1
E28K; K225L; I232T,1
K80E; K225L; D270N; E305*,1
N138D; G220V; K225I; Q354R,1
K225L; S284N; Y355H; E373K,1
S6T; K225L; C231S,1
G139C; K225L; L260M,1
I134V; G220V; K225I; L328M,1
P12L; Q53K; K225L,1
I86V; G220V; K225I,1
A129T; K225L; V265I,1
G101S; K225L; R394C; K406*,1
R168C; K225L; Q295*,1
N92K; K225L; N376D,1
G220V; K225T; Y355H,1
N72H; K225L,1
G101S; K225L; Y268F,1
K225L; C231S; E349K; Y355H,1
I39F; K225L,1
G220I; K225I; G256*,1
G220V; K225I; I232T; Y299*,1
E154G; K225I; G403A,1
I39V; L221V; K225L,1
S6T; D121P; H125D; K225L,1
E154G; K225I; D301G,1
T50I; G220I; K225I,1
S162C; A182V; G220V; K225I,1
K225L; L275F; V289M; D338Y,1
S6T; S32A; H56L; Q75T; S76T; T88Q; D121P; S162I; S163F; S198T; I199D; K225I,1
S162C; G220V; K225I; C231S; I262V,1
D81A; K225L; Y355H,1
G220V; K225I; Q387H,1
G101S; T209I; K225L; N379S,1
G101S; K225L; T341A,1
E154G; P188Q; G220V; K225I; C231Y,1
G220V; A224E; K225I; C231S,1
N111S; K225L; R402S,1
K225L; Y355H; V405I,1
K225L; I271N,1
R93C; G101S; K225L,1
D54E; K225L; V265A,1
T59I; G220V; K225I; C231S; Y355H,1
G101S; K225L; Y307C,1
L98P; K225L; F252S,1
P43T; G220V; K225I; C231S,1
E28K; G101S; K225L; S318N,1
A153S; K225I,1
G101S; K225L; Y317H,1
G101S; G220V; K225I; D326G; T341N,1
E154G; K225I; I232V,1
K225L; D278N; Q290*,1
E28K; K225L; T400A,1
K225L; Y357C; I409L,1
E154G; G177V; K225I,1
K225L; Y357*,1
I215V; A224T; K225L,1
P2H; P58S; K225L; D301G,1
K225L; Q290K; C347F,1
S76N; G220I; K225I,1
N161Y; K225I,1
R16H; K225L; R280C,1
G220I; K225I; P298T,1
R45H; L98P; K225L,1
E154G; G220V; K225I; G386V; Q387R; N388M; A389Q; N390I; L391*; N392T; P393R; R394V; I395L; I396S; K397N; P398R; I399L; T400P; G401V; R402V; G403A; L404W; V405L; K407R; I408S; I409F; R410V,1
K225L; V265A; Q354R,1
K300N,1
A207V; K225L; G403S,1
L98P; G220V; K225I; K330*,1
K62N; K225L; G353C,1
S137R; K225L,1
A153S; K225L; C231R,1
M1I; G101S; R168L; K225L,1
K225L; T234P; A266E,1
H56L; Q75T; S76T; T88Q; K225L; C231R; R402H,1
R193H; K225L; Y355H,1
H216P; K225L,1
G220V; K225I; N365D; S372G,1
N122S; E154G; K225I; Y268H,1
G101S; S137N; G220V; K225I; C231R,1
K225L; G256*; R394H,1
F158L; G220V; K225I,1
K225L; N238K; N370S,1
K225L; T335S,1
P188Q; G220V; K225I; C231S,1
G220V; K225I; P393S,1
Q53K; N197D; K225L,1
Y171C; G220I; K225I,1
S6T; S32A; H56L; Q75T; S76T; T88Q; D121P; K225L,1
I199N; G220V; K225I; F384S,1
E154G; G220V; K225I; P294T,1
S162I; N164S; K225L; N379D,1
G101S; S140I; T160M; K225L,1
E28K; D117Y; E154G; K225I,1
Y69C; K225L,1
V148F; G220V; K225I; C231H,1
G101S; P146S; E201*; K225L,1
E154A; K225L; G374C,1
G101S; Q204*; G220V; K225I,1
I215N; K225L,1
K225L; F252S; N274K,1
K22R; K225L; L240R,1
G220V; K225I; Q267K,1
P2L; K225L,1
E154G; K225L; I262M,1
Q53K; E154G; Y171N; K225I,1
K225I; T230K; S314A,1
N118D; K225L; N248K,1
P188S; K225L; R402H,1
G220I; K225I; V405I,1
G101S; K225L; G257S,1
G220V; K225I; L364Q,1
K85Q; K225L,1
S162I; G220V; K225I; G403C,1
G220V; K225I; N362D; A389T,1
K225L; A389T; P393L,1
Q27R; K225L; N297D,1
K225L; C231R; F384S,1
Q75R; G220V; K225L,1
G101S; K225L; I262F,1
P173Q; K225L; N274K; R410H,1
K225L; I302T,1
Q75*; K225L; E373*,1
G220V; K225I; Q354K,1
E154*; K225L; R402H,1
N138D; G220V; K225I; N365D,1
Q53R; L98P; K225L,1
S140N; K225L; S292N,1
K225L; I249S,1
K225L; Q344N; N365D; S372T; E373Q; Y375F; N378G; N379S; K381A; V382T; F384Y; R385K; A389V; N390E; L391E; R394Q; I396V; K397E; P398E; T400K; K407N; I408K; R410E; F411D,1
K225L; Y272N,1
G101S; A207S; K225L,1
G220V; K225I; C231S; K300E; Y355H,1
E106K; S162C; G220I; K225I,1
D77Y; L98P; K225L,1
K225L; C231S; I262M,1
G101S; Q141R; K225L; N365S,1
I35M; K225L,1
E154G; K225I; V291M,1
G101S; N175S; K225L,1
G220V; K225I; C231S; Y355H; Q387K,1
N161Y; S162I; G220V; K225I; N269S,1
E105*; K225L,1
T88I; G101S; K225L,1
K225L; K330T,1
K225L; V291M; N379S,1
K225I; G256*; N365D,1
L98P; K225L; V382M,1
N92K; G220I; K225I,1
G101S; K225L; N370S,1
S162C; G220V; K225I; P398S,1
Q75R; G220V; K225I; C231S; I399V,1
G220V; K225I; D270N; P298Q,1
K225L; C231S; R348C,1
D65N; S162C; G220I; K225I,1
E154G; R193L; K225I,1
G101S; Y171N; K225L,1
K225L; C231R; N390S,1
G220V; K225I; I316S,1
K225L; I227V; P294S,1
N122D; G220V; K225I; C231S,1
P2H; S76R; I134V; S162I; G220V; K225I,1
K225L; S372R; A389T,1
K225I; K330R,1
D121P; K225L; C231S,1
K225L; A266E; Q344N,1
G49D; K225L; N293D,1
F29V; K225L,1
K225L; I227T; N388D,1
S166C; I199T; G220V; K225I,1
Y73*; K225L,1
L98P; K225L; Q235K,1
P43T; K225L; Q354R,1
E154G; K225L; N261D,1
S6T; E154G; K225I,1
I199V; S217C; G220V; K225I,1
E154K; K225L; N274K,1
K225I; G256*,1
Y113H; G220V; K225I; C231S; Y355H,1
K62N; G101S; Q204H; K225L,1
N72D; G101S; K225L,1
K3R; G220V; K225I; C231R,1
N96S; L98P; K225L,1
K225L; K406N,1
R82L; G220I; K225I,1
G220V; K225I; C231S; I352V; Y355H,1
D15N; T50S; K225L,1
K225L; N274K; E349K,1
G220V; K225I; P398Q,1
K225L; N277T,1
Y30H; R45C; K225L,1
A153V; G220V; K225I,1
Q53R; L98P; G220V; K225I,1
G152C; E154*; K225L,1
R16S; K225L; N274K,1
M1T; G220V; K225I; V265A,1
G220V; K225I; F337Y,1
K225L; V265A; S318R,1
P112T; G220V; K225I; S333*,1
Q53K; G100S; K225L,1
G101S; K225L; N383S,1
P23Q; G220V; K225I; C231S; Y355H,1
S174N; K225L; N293H,1
T160S; K225L; F334L; P393S,1
L98P; P188Q; K225L; T400A,1
G220V; K225I; C231S; Q290*,1
P188T; G220V; K225I,1
G220V; K225I; C231S; R244H; S292N; Y355H; I409T,1
G101S; A207V; G220V; K225I,1
G220V; K225I; C231R; L328M,1
G220I; G223C; K225I; I227T,1
Q53K; K225L; R394H,1
G101S; K225L; S372R,1
M1I; I199N; G220V; K225I,1
E154G; S162I; Y171N; K225I; S292I,1
E154G; E159*; K225I,1
G220V; K225I; C231S; K285R,1
G115S; G220V; K225I; C231S; Y355H,1
G220V; K225I; C231S; A389T,1
N95D; G101S; K225L,1
K225L; S287N; T341I,1
G220V; K225I; C231S; K288R; Y355H,1
K225L; I271V; L286F,1
E78G; L98P; K225L,1
L98P; G220V; K225I; V382M,1
Q27R; S217N; K225L; Y355H,1
H125Y; G220V; K225I; I262L; G308C,1
S162I; G220V; K225I; G226D,1
N96S; G101S; L208P; K225L,1
G101S; K225L; Y299C,1
A131D; G220V; K225I,1
K225L; N293D; G403C,1
E79D; N111S; K225L; Y355H,1
N14D; L98P; K225L,1
T59A; N197K; G220V; K225T; C231S,1
S32N; V148G; I199S; K225I,1
K225L; L363F,1
K225L; N243S; N274K; Y357H,1
D11N; P120T; K225L,1
S198T; I199D; G220V; K225I; C231S; Y355H,1
K225T; N370S,1
P173S; K225I; C231R; S292N,1
G220V; K225I; F303V; N365D,1
L98F; G220V; K225I; C231S; Y355H,1
P58L; K225L; Q267H; I321T,1
G101S; R193H; G223V; K225L,1
G223D; K225L; P239T,1
L144F; G220V; K225I,1
H56L; D121P; K225L; C231R; R402S,1
K225L; C231R; R402S,1
G220S; K225L; I232T,1
P52T; K225L; G374V; Y375I; N376T; I377S; N378T; N379T; L380*; K381R; V382*; N383T; F384L; R385E; G386V; Q387R; N388M; A389Q; N390I; L391*; N392T; P393R; R394V; I395L; I396S; K397N; P398R; I399L; T400P; G401V; R402V; G403A; L404W; V405L; K407R; I408S; I409F; R410V,1
D196A; K225L; F343Y,1
K225Q; D310E,1
S162T; G220V; K225I; R410L,1
S162I; K225L; K406E,1
D15V; E28K; K225L,1
G101D; K225L; N362D,1
G127C; D128Y; K225L,1
Y171C; G220V; K225I,1
H125Y; K225L; I227V; C231R,1
R82L; G220V; K225I; C231R,1
K225L; Y355H; K407R,1
A182E; K225L; N274K,1
G101S; S180Y; K225L,1
S162C; G220V; K225I; S292N; S314N,1
S6T; S32A; G101S; K225L,1
A129E; N175H; G220V; A224V; K225T,1
V184G; K225L; S372N,1
N34Y; K225L,1
I39V; G220I; K225I,1
S162I; T209N; G220V; K225I,1
N63S; K225L; Q236*,1
N200D; G220V; K225I,1
K225L; T273I; I352V,1
F136L; E154G; K225I,1
L98P; G220V; K225I; R410S,1
G220V; K225T; I409V,1
G220V; K225I; C231S; Y279F,1
G101S; K225L; P298A,1
Y68C; G101S; K225L; F303S,1
S140R; K225L; I408N,1
G101S; K225L; N238K,1
F91L; G220V; K225I; C231S; Y355H,1
K225L; T234S; A266E,1
S108G; A110S; E154G; K225I,1
N138D; I183M; K225I,1
G220V; K225I; R410H,1
G139S; N169D; K225L; C347*,1
G101S; G220V; K225I; P393Q,1
G220I; K225I; R244C,1
K225L; N322H,1
V184I; K225L; N293S,1
N72D; N164S; K225L,1
A207T; G220V; K225I,1
K225L; I327V,1
G101S; I199T; K225L,1
Q75R; K225L; T264P,1
G64S; G220V; K225I; V265D,1
L98I; S162C; G220V; K225I,1
G139D; G220V; K225I; D325N,1
S60G; G220V; K225I; N390T,1
N72S; G220V; K225I; N293D,1
G127C; K225L; S292T,1
T160S; G220V; K225I,1
R16H; G220V; K225I; C231S; Q295*; Y355H,1
M172R; K225L; K342R; P393S,1
I41V; Q53K; K225L,1
S6*; L98P; K225L,1
L98R; I199T; K225L; S372R,1
K225L; K306R; G315V,1
G101S; K225L; V405I,1
V13A; G220V; K225I; C231S; Y355H,1
E159*; K225L; I352T,1
G220V; K225I; D338Y; T350S,1
K225L; T350S,1
Q123H; G220V; K225I,1
H125Y; K225L; G315S,1
G101S; K225L; Q267H,1
Q141R; G220V; K225I; V405F,1
G101S; K225L; N322D,1
H56L; N195S; K225L,1
K225L; N258T,1
E201D; K225L,1
P57H; K225L; Q236K,1
L98P; G220V; K225I; V345I,1
G220V; K225I; C231S; E250D; T341A,1
S162I; G220V; K225I; Y369H,1
K225L; C231S; E336K,1
S162C; K225L; Y268H,1
K225L; C231R; I262T,1
G101S; G179S; K225L,1
G220V; K225I; D259Y,1
K22R; F194L; K225L,1
K225L; D278N; R410S,1
K225L; N274K; K288N,1
N63H; G220V; K225I,1
S60G; S162I; G220V; K225I,1
M151I; K225L; N274K,1
Q27K; N118H; K225L,1
G101S; K225L; P298S,1
I126M; K225L,1
T59I; L98P; K225L; Y355N,1
P71S; G220I; K225I,1
Q141K; I199N; G220V; K225I,1
N72D; K225L; S333L,1
K225L; N365D; G403S,1
K225L; N392T; P393R; R394V; I395L; I396S; K397N; P398R; I399L; T400P; G401V; R402V; G403A; L404W; V405L; K407R; I408S; I409F; R410V,1
V132A; S162C; G220I; K225I; I262T,1
K225L; G403V,1
G101S; P120T; G220V; K225I,1
Q53K; K225L; K397E,1
M1I; K225L; T228A,1
K225L; I368V; N390S,1
K225L; I233V; E336K,1
K225L; R280C; N383D,1
K37T; G220I; K225I; G403C,1
D70N; E154G; G220V; K225I; S292N,1
K225L; C231R; A283V,1
L98P; G220V; K225I; F303Y,1
Y190C; G220V; K225I,1
Q27K; M172I; K225L,1
N10S; K225L; N297S,1
G220V; K225I; V265D; Q354R,1
T160A; K225L; C231S,1
K225L; F255C,1
E154G; G220V; K225I; N378S; F384L; R385E; G386V; Q387R; N388M; A389Q; N390I; L391*; N392T; P393R; R394V; I395L; I396S; K397N; P398R; I399L; T400P; G401V; R402V; G403A; L404W; V405L; K407R; I408S; I409F; R410V,1
K225L; L276F; R394S,1
G220S; K225L,1
K225L; I232T; Q354R,1
G101S; M172R; K225L; I247L,1
E213*; K225L; T229M,1
S60C; S162I; G220V; K225I,1
K225L; I232T; E349K,1
G220I; K225I; N261D,1
G220V; K225I; C231S; Y355H; Y375F,1
K225L; K288M,1
L98P; S162I; N164S; K225L; D270N; S284R,1
Q27H; G220V; K225I; V265D,1
Q53K; K225L; R244S,1
Q123K; G220V; K225I; F303S,1
M151T; K225L,1
G101S; L144S; K225L,1
K225L; Y355H; I371V; I399T,1
S6T; Q75T; S76T; F194V; K225L,1
K85R; G220V; K225I; C231S; Y355H,1
F29V; G220V; K225I,1
K225L; N274K; G403D,1
G101S; P188Q; K225L,1
N10D; G64D; G220V; K225I,1
K225L; I262L; L380S; R402S,1
R16H; S162I; G220V; K225I,1
F178V; K225L; R394H,1
K225L; I262L; D278N,1
S60G; K225I,1
R16S; D77N; G220V; K225I; V265A; F411L,1
D81G; K225L; K330R,1
E28K; E154G; S162I; S163F; I352V,1
K225T; K245R; V265A,1
S67I; G220V; K225I; I232F,1
K225L; N293T,1
P57H; G220V; K225I,1
T160S; H212N; K225L,1
D121P; I126N; S162I; G220V; K225I,1
K225I; N365D,1
N96D; P120Q; K225L,1
L98P; P120Q; K225L; N362D,1
T119A; G220V; K225I,1
G220V; K225I; I247V; I327T,1
I39V; P58T; K225L,1
N97K; E154G; S162I; S163F; K225L,1
K225L; K306M,1
S66Y; K225L; C231S,1
K225L; Q344K; I352V,1
K225L; A340T; Y355H,1
G101S; S166P; K225L; L286P,1
K225L; D326V,1
M151I; K225L; C231G,1
W40*; H56Y; K225L,1
I42V; L98P; K225L,1
K225L; E251*; N274K,1
A224T; K225L; G256R,1
S60R; G101S; G220V; K225I,1
H212N; G220V; K225I,1
H212Y; K225L; R394H,1
A153D; K225L,1
Q27R; K225L; N261D,1
P71L; S162I; K225L,1
L98P; N197D; K225L,1
S67R; G220V; K225I,1
K225L; V382L; N383D,1
Y113N; G220V; K225I,1
R193S; K225L; P294S,1
G101S; Q123R; K225L,1
G139S; K225L; C231Y,1
A207T; G220V; K225I; S284R; A313T,1
S32N; K225L; V265A; I399T,1
M1V; D11N; I102M; K225L,1
K225L; D326E,1
H56Y; Q75R; G100D; G220V; K225I; C231S; Q354R,1
D196A; K225L; G256V; Q295H,1
P120L; K225L,1
S6T; S32A; E44K; T88K; G220V; K225I; C231S; Y355H,1
G220V; K225I; N243S; V265A,1
I42T; S162I; G220V; K225I,1
D117Y; V184I; K225L,1
Q53K; N122T; K225L,1
D196Y; G220V; K225I; N248S,1
F194L,1
K225L; N365D; S372T; E373Q,1
N111S; P112Q; K225L; R402S,1
K225L; Q236K; N277D,1
E44A; K225L,1
Y171H; G220V; K225I; C231S; Y355H,1
E154*; G220V; K225I; G246D,1
E154G; G220V; K225I; K285E,1
S198L; G220V; K225I; C231S; Y355H,1
K225L; I352V; I368V,1
K225T; V265A,1
I199N; K225L; I352V,1
F29S; K225L; Y375L; N376*; I377H; N378Q; N379Q; K381E; V382G; N383E; F384L; R385*; G386R; Q387S; N388E; A389C; N390K; L391S; N392E; R394A; I395Y; I396Y; K397Q; P398T; I399D; T400Y; G401R; R402S; G403W; L404P; V405G; K406*; I408D; I409H; R410S,1
I149T; K225L,1
P58S; K225L; N274K,1
E189*; G220V; K225I,1
E28K; K225L; Y355H,1
G220V,1
G220V; K225I; C231S; Y355H; A389V,1
N92K; G220V; K225I; C231S; L309M; Y355H,1
Y190C; K225L,1
M211I; G220V; K225I; N365D,1
A224S; K225L; P294S,1
I199T; G220V; K225I; I262M,1
G220V; K225I; L296P,1
K225L; A283D,1
H56L; E154G; G220V; K225I,1
N46S; G220V; K225I,1
D121P; K225L; R280H,1
P43A; K225L,1
E154G; K225L; R402S,1
Y20C; K225L; Q354R; S361P,1
K225L; R394H; V405G,1
K225L; K381E; I408N,1
K225L; C231R; K356E,1
S162I; K225L; N365D,1
S137G; K225L,1
G220V; K225I; C231S; N258S,1
G101S; A207T; G220V; K225I; I408N,1
M1I; K225L; Q354R,1
M172T; K225L; D259N,1
E28K; K225L; T230K,1
N147D; G220V; K225I,1
M1I; P2T; K225L,1
G101S; K225L; Q236K; N277D,1
I90T; K225L,1
N164S; G177V; G220V; K225I; L296M,1
K3*; Q53L; K225L,1
G101S; G220V; K225I; F358L,1
E28K; Q53K; K225L,1
G127S; G220V; K225I; C231S; Y355H,1
G101S; Y222*; K225L,1
N138D; K225L; N379H,1
G152C; G220V; K225I; C231S; D325N; Y355H,1
K225L; T228A; F343L,1
Q204R; G220I; K225I; G403D,1
L98P; D205E; K225L,1
G101S; K225L; I395T,1
Q141*; K225L; N243S,1
L98R; K225L; Y357C,1
S162C; G220I; K225I; F343S,1
R16C; G101C; K225L,1
E28K; E105G; K225L,1
L98P,1
Q27K; G101S; K225L; V265A; Y355H,1
G220I; K225I; S284N; K342E,1
E154G; S162C; K225I,1
D77V; S162C; G220V; K225I; S314Y,1
I134V; N200D; K225L,1
K225L; V345A; Q354R,1
G223C; K225L; V265A,1
T160A; K225L; T242A,1
Q27R; K225L; G386D,1
C231R,1
P155S; G220V; K225I,1
G49D; E154G; G220V; K225I,1
E28D; K225L; R402S,1
F136L; K225L; A389V,1
N164K; K225L,1
E154G; G220V; K225I; V265D; A266E; Y268*; N269E; D270Q; Y272R; T273S; N277K; D278K; R280E; K281E; S284K; S314N; I316N,1
G220I; K225I; G403D,1
S6T; K225L; Y355H,1
G101S; K225I; I399V,1
M151I; G220V; K225I; C231S; Y355H,1
D81Y; K225L; Y355H,1
G64S; K225L; C231R,1
E154G; K225I; N392I,1
G101S; K225L; R394H,1
N138D; K225L; I399V,1
I102L; S174N; G220V; K225I,1
G220V; K225I; C231S; T264S; Y355H,1
E154G; K225I; I249V,1
Q53K; N72S; K225L,1
I199N; K225L; N261K,1
D65A; K225L; C231R,1
L98P; P206Q; K225L,1
H176Q; F194L; K225L,1
K225L; C231R; R410L,1
I215V; G220V; K225I,1
F158S; K225L; K407M,1
S162C; G177D; G220V; K225I,1
N122D; G220V; K225I; R394H,1
L98P; K225L; R394C,1
S76R; G220V; K225I,1
G24D; K225L; C231S,1
S162I; S166A; G220V; K225I; N365D,1
G220V; K225I; C231S; L286F; Y355H,1
H56N; G220I; K225I; N383D,1
M172I; K225L; I352V,1
V148I; G220I; K225I,1
K225L; N274K; I352V,1
G25S; S162I; G220V; K225I,1
L98P; K225L; T341A; I371V,1
K225L; L364R; N365T; D366T; S367L; I368S; Y369T; N370I; I371L; S372A; E373R; G374V; Y375I; N376T; I377S; N378T; N379T; L380*; K381R; V382*; N383T; F384L; R385E; G386V; Q387R; N388M; A389Q; N390I; L391*; N392T; P393R; R394V; I395L; I396S; K397N; P398R; I399L; T400P; G401V; R402V; G403A; L404W; V405L; K407R; I408S; I409F; R410V,1
P12T; K225L; P294L,1
S60G; G220I; K225I,1
I41N; K225L; N293K,1
P2H; N92K; G220I; K225I,1
E28K; G101S; H125Y; K225L,1
T88A; G220V; K225I,1
G220I; K225I; C231S; F324L,1
M172I; K225L; E349G,1
G220V; K225I; C231S; R280C,1
E154G; K225I; P239Q,1
K225L; F334C,1
E154G; S162N; K225L; N379S,1
K225L; K300*,1
N138D; K225L; N388S,1
G101S; F136L; K225L,1
F83L; G101S; K225L,1
P23S; S60N; Y73H; S162I; G220V; K225I; N274H,1
K225L; N362D; P393L,1
G220V; K225I; C231N; Y355H,1
R168H; K225L; S314Y,1
I183V; K225L; K342E,1
H125R; S140R; G220I; K225I,1
K225L; N274K; I395V,1
K225L; N274K; P298S,1
K31R; K225L; R402S,1
D205N; K225L; S318R,1
A131D; K225L,1
G101S; G223V; K225L; I399V,1
K225L; N274K; Q354K,1
G220V; K225I; C231S; I408T,1
I199N; G220V; K225I; D312A,1
G101S; K225L; N297D,1
K225L; I316T; R394C,1
E154G; Y171N; K225I; F337S,1
K85N; G220V; K225I,1
V87L; L98P; K225L,1
S32A; H56L; E154G; G220V; K225I; A266V; V289M,1
K225L; K285N; R402S,1
G25V; G101S; K225L,1
G220I; K225I; G403C,1
Y20H; S162T; G220V; K225I,1
N10S; K225L; A266E,1
H216Y; K225L; L364M,1
E154G; E201A; G220V; K225I,1
G220V; K225I; Y375I; N376T; I377S; N378T; N379T; L380*; K381R; V382*; N383T; F384L; R385E; G386V; Q387R; N388M; A389Q; N390I; L391*; N392T; P393R; R394V; I395L; I396S; K397N; P398R; I399L; T400P; G401V; R402V; G403A; L404W; V405L; K407R; I408S; I409F; R410V,1
K225L; S292N; F343L,1
P12Q; S76N; K225L; Q290K,1
L98P; E105D; K225L; I271V,1
G64S; H216N; K225L,1
I165V; K225L; S367F,1
G220V; K225I; E305G; D326N,1
G220V; K225I; C231S; Y375F; N378G; N379S; K381A; V382T; F384Y; R385K; A389V; N390E; L391E; R394Q; I396V; K397E; P398E; T400K; K407N; I408K; R410E; F411E,1
K225L; I232L; R402H,1
S162I; G220V; K225I; N258K,1
L98P; G220V; K225I; D366Y,1
C26Y; Y68H; G101S; K225L,1
D11E; G101S; K225L,1
G49V; G101S; K225L,1
K225L; Y355H; V405L; K407R; I408S; I409F; R410V,1
S66Y; K225L; D278N,1
Q141K; G220V; K225I; C231S; Y355H,1
P43R; I134V; K225L,1
K225L; N277T; R385K,1
K225L; I227V; A313E,1
K225L; C231R; I396T,1
E154G; K225I; N322T,1
K225L; T229M; N274K,1
I134V; K225L; I247T; I352V,1
G220V; K225I; C231R; K359R,1
L98P; I199T; K225L,1
T50I; D156N; K225L,1
E28K; T88I; K225L,1
N122D; K225L; C231S,1
R168H; K225L; I352T,1
S60N; P146L; G220V; K225I; N362D,1
R45C; Q141K; K225L,1
K225L; I232T; D326N,1
K225L; F303C,1
N122Y; K225L,1
P173L; G220V; K225I,1
I199N; G220V; K225I; N365D,1
K225L; I409N,1
D128Y; N138D; G220V; K225I,1
A224E; K225L; P298Q,1
G220V; K225I; C231R; K311R,1
I35V; L98P; G220V; K225I,1
K225L; P294Q; N390T,1
G220V; K225I; A340E,1
P71Q; K225L; I263V,1
K225L; N274D; A283D,1
P188Q; L218M; K225L; N274K,1
E154G; G220V; Y222C; K225I,1
T160A; K225L; P393Q,1
L98P; G220V; K225I; C231S; S318N,1
K62R; K225L; C231R; S292N,1
I21V; K225L; A266E,1
P12L; R93H; K225L,1
K80I; K225L,1
K225L; N274K; D301G,1
W40C; K225L; Y355H,1
S162I; G220V; K225I; N248S; E373D,1
K225L; F337L; K407E,1
L98P; K225L; E305D,1
S162T; K225L; T273A,1
K225L; P294S; R385K,1
K225I; Q236*,1
H56Y; L98F; G220V; K225I; C231S,1
T88Q; D121P; K225L,1
I149L; G220V; K225I; C231S; I352V; Y355H,1
K225L; R348H; L364Q,1
E154G; G220V; K225I; L286I,1
F124L; K225L,1
Q53K; K225L; Q295R,1
L98P; Q141R; E154G; K225I,1
G220V; K225I; F303Y,1
G220V; K225I; C231S; Y355H; P393S,1
S6L; G101S; K225L,1
N96S; K225L; N274K,1
E28K; E106A; K225L,1
E154G; F194L; G220V; K225I; V291G,1
G25V; G220I; K225I; C231S,1
G220V; K225I; C231R; N365D,1
L98P; K225L; G257V,1
G101S; S162C; G220V; K225I,1
Q53K; K225L; N297T,1
I35V; N122D; K225L; D325N,1
E78*; E154G; K225I,1
K85N; G220I; K225I,1
G220I; K225I; K397I,1
K225L; D325N; K407R; I408S; I409F; R410V,1
H125Y; K225L; I247T,1
P43Q; K225L; Y355H,1
S6T; A207V; G220V; K225I; C231S; Y355H,1
G101S; K225L; P239Q,1
G49D; G101S; F194L; K225L,1
S76N; E154G; K225I,1
K225L; Y355H; I408V,1
G220V; K225I; C231S; S292N; Q344*; Y355H,1
K62R; K225L; Q344H,1
G220V; K225I; I321V,1
G101S; G220V; K225I; I233V,1
G220V; K225I; C231S; Q344N,1
K225L; D270N; N362D,1
L214P; K225L; Y355H,1
G101S; M211V; K225L,1
K225L; V265I; V405G,1
Q204K; G220V; K225I,1
G101S; G220V; K225I; N238D; A389T,1
K225L; N378I,1
S162T; G220V; K225I; Y355H,1
L98P; I143V; K225L,1
K225L; N365D; G401D,1
K225L; C231R; K406E,1
E189*; K225I; C231R; S292N,1
Q27R; I41V; K225L,1
V47M; G220V; K225I,1
P2S; Q75R; G220V; K225I; C231S,1
T51I; T59I; K225L,1
W40L; R193H; K225L,1
F29L; I134V; K225L,1
K225L; S367L; I368Y; Y369L; N370Q; I371Y; S372*; E373R; Y375L; N376*; I377H; N378Q; N379Q; K381E; V382G; N383E; F384L; R385*; G386R; Q387S; N388E; A389C; N390K; L391S; N392E; R394A; I395Y; I396Y; K397Q; P398T; I399D; T400Y; G401R; R402S; G403W; L404P; V405G; K406*; I408D; I409H; R410S,1
E28K; F136Y; K225L,1
F55L; N92K; G220V; K225I,1
M151I; K225L; A266E,1
I134V; G220I; K225I,1
G220V; K225I; V319I,1
M1I; N195S; G220V; K225I,1
G220I; K225I; T273A,1
G101S; E154G; K225L,1
P52Q; H56Y; K225L; C231S,1
E28K; H216N; K225L; Y355H,1
S162I; S163F; K225Q; V265A,1
H125Q; G220V; K225I; I227V,1
G101S; K225L; I377V; N379D,1
H56Y; A182T; G220I; K225I,1
L98F; P173Q; K225L; L240M,1
L104F; N164S; K225L,1
L19M; K225L; K306E,1
D128G; H176R; K225L,1
Q27R; K225L; I408D; I409H; R410S,1
S32A; K225L; A313V,1
D205N; K225L; N261S,1
L98F; G220V; K225I; C231S,1
L167M; G220I; K225I,1
S6P; K225L; Q354R,1
N96D; G220V; K225I; C231S; Y355H,1
G101S; S166P; I199N; G220V; K225I,1
Q53R; G101S; K225L; R402C,1
G101S; K225L; P398Q,1
G220V; K225I; Q295*,1
G220V; K225I; N277K,1
M1I; K225L; T230S,1
S108I; K225L,1
N197K; K225L; I262L; L360F,1
E154G; K225L; K407R; I408S; I409F; R410V,1
K225L; C231S; N365H,1
K22*; L98P; K225L,1
N96S; G220V; K225I; C231S,1
K225L; T229A; A266E,1
E154*; K225L; Q236H; K381R,1
N10T; K225L; P294T,1
K225L; P298S; R402S,1
L98P; T160S; K225L; N297S,1
G220V; K225I; C231S; P294T; Y355H,1
N111S; N138D; K225L,1
D196N; K225L; I316T; R394S,1
K62N; G101S; G220V; K225I; R402C,1
P23T; Q27R; Q123H; K225L,1
N138D; G220V; K225I; S292N,1
E79D; K225L; T230K,1
G101S; N169D; G220V; K225I,1
K225L; N390K; R402S,1
T88I; I102L; K225L,1
N197I; K225L; A266E,1
D121P,1
T59I; G101S; K225L,1
E28D; G220V; K225I; I408L,1
D15Y; R16H; K225L,1
G101S; N164T; K225L,1
G101S; K225L; K306R,1
G220I; K225I; C347F,1
G220V; K225L; Y355H,1
M211V; K225L; C231R,1
Q75R; F202L; G220V; K225I; C231S; D338N,1
S162N; K225L; R402S,1
R16L; G220V; K225I; V265A; S367F,1
G101S; G220V; K225I; N243D,1
G101S; I143V; F194L; K225L,1
C26S; K225L,1
S162C; G220I; K225I; T242A; N297D,1
K225L; V382M; G386D,1
T160M; G220V; K225I,1
D54A; E213K; K225L,1
K225L; G374Y; Y375S; N376I; I377L; N378T; N379C; K381E; V382Q; N383*; F384Q; R385*; G386L; Q387S; N388Y; A389R; N390S; L391P; N392F; P393*; R394E; I395K; I396*; K397A; P398D; I399S; T400R; G401T; R402K; G403L; L404P; V405E; K406G; K407N; I408R; I409G; R410N; F411A,1
E154G; K225T; K281E,1
I203V; G220I; K225I,1
L98P; P120Q; G220V; K225I,1
T50S; G101S; K225L,1
E154G; E189D; G220V; K225I,1
G220I; K225I; A283D,1
G220V; K225I; Y355H; K406*,1
S66F; P71L; G101S; K225L,1
G101S; T119P; K225I,1
F136L; G220V; K225I; Y355H,1
E154G; Y171N; K225I; N365D,1
K225L; T273N; Y355H,1
L98P; G220V; K225I; V345F,1
M1I; L98P; K225L,1
L61P; G220V; K225I,1
G139D; G220V; K225I; C231S; Y355H,1
Q123L; E154G; G220V; K225I,1
S140N; N200D; K225L; V405I,1
G101S; G220V; K225I; S314N,1
N96K; K225L,1
G152C; K225L; L404P,1
L98P; F192L; K225L; I232F,1
P57T; L98P; G101S; K225L,1
K225L; Q344*; K407N,1
K225L; Y307S,1
K225L; N238K; N293K,1
R16H; G220V; K225I; C231S,1
D121P; S198T; I199D; K225L; I263V,1
D15N; G101S; K225L,1
G220V; K225I; D270N; S292N,1
E154G; K225I; K245E,1
R16H; K225L; F411N,1
K225L; N274K; S361F,1
G220V; K225T; C231S; T242I,1
G101S; K225L; K330T,1
Y113C; N161S; K225L,1
M151I; G220I; K225I,1
P146S; K225L; D278A,1
G220I; K225I; G353C,1
S187Y; K225L; C231R,1
E154G; K225I; Q354R,1
I199M; K225L; A266V,1
D54Y; K225L; C231R; I368V,1
K225L; D366G; V382E,1
K225L; N297Y,1
L98P; K225L; I262S,1
K225L; N269S; N365D,1
E154G; G220V; K225I; I247L,1
G101D; K225L; I396L,1
K31*; K225L,1
P120Q; K225L; A266E,1
E133K; K225L; I247V; A313S,1
L98P; E189D; K225L,1
K135R; G220V; K225I,1
C26Y; G220V; A224T; K225I,1
K225L; L328Q; T400P; G401V; R402V; G403A; L404W; V405L; K407R; I408S; I409F; R410V,1
S163F; G220V; K225I; G246C,1
I165V; K225L; A313E,1
K225L; C231R; V345A,1
L98P; N118K; D121P; K225T,1
K225I; T273I,1
K225L; S292N; V382A,1
Q53K; I203V; K225L,1
N122T; G220V; K225I; C231S; Y355H,1
E28K; A182V; G220V; K225I,1
Q27*; G101S; K225L,1
A110V; G177C; K225L,1
D70Y; K225L; N390D,1
N138D; P206S; K225L,1
Q27K; G220I; K225I; D325N,1
E154G; G220V; K225I; I368T,1
S6T; Y171*; K225L,1
G220I; K225I; A283V,1
S162C; G220V,1
N72D; K225L; L328M,1
G220V; K225I; C231S; D270E,1
I102L; G220V; K225I; C231S; Y355H,1
T160A; K225L; G401D,1
P2L; Q141R; G220V; K225I; C231S,1
Q53K; K225L; N269S,1
E213G; K225L; V382E,1
G220V; K225I; Q290K,1
S32A; K225L; I247V; A266E,1
N34K; K225L; Y375C,1
Q123K; G220V; K225I,1
K80T; K225L,1
S163F; K225Q; C347*; S372N,1
G220I; K225I; S314N,1
S162I; N195S; G220V; K225I,1
K225L; N269H,1
N118D; A224T; K225L,1
G101S; G220V; K225L,1
L98P; K225L; K330R,1
S60R; G139C; K225L; T273A,1
K225L; F384L; R385E; G386V; Q387R; N388M; A389Q; N390I; L391*; N392T; P393R; R394V; I395L; I396S; K397N; P398R; I399L; T400P; G401V; R402V; G403A; L404W; V405L; K407R; I408S; I409F; R410V,1
Q53K; K225L; Y375H,1
K225L; L309P,1
S163T; K225L,1
G220V; K225I; S284R; N362D,1
G101S; G220V; K225I; Q235R,1
G220I; K225I; S314N; I316N,1
H142Q; S162I; N164S; S198T; I199D; G220V; K225I; V265D,1
S32A; E154G; Y171N; K225I; Q290*,1
I181V; G220V; K225I; N238H,1
H56R; K225L; Y355H,1
E44D; G101S; K225L,1
L98F; K225L; P398S,1
L98F; E154G; S162I; S163F,1
S187P; I199N; G220V; K225I,1
D128G; N175H; G220I; K225I; Y355H,1
T88Q; G220V; K225I,1
Q53K; G101S; I134V; G220V; K225I,1
G220V; K225I; I227L,1
N164D; K225L; Y355H,1
G101S; K225L; I271T; A313E,1
K225L; L360F,1
H56L; Q75T; S76T; G220V; K225I,1
P12L; K225L; A313E,1
I183F; K225L,1
S162I; G220V; K225I; Y355H,1
F194L; K225L; N322D,1
K225L; A266E; S314N; I316N,1
K225L; P239S; R402S,1
H216Q; K225L,1
Q141R; K225L; N274K; T400A,1
Q75T; S76T; G220I; K225I,1
I4M; K225L; I233T,1
G101S; K225L; G386S,1
L145M; K225L; A313T,1
K225L; F303S,1
K225L; C231S; A389T,1
H125Y; K225L; D278N,1
Q75R; N138D; G220V; K225I; C231S,1
K225L; C231R; D325G,1
N92K; K225L; N297D,1
Q27R; N161K; K225L; V265A,1
G101S; K225L; R280S,1
F7S; G220V; K225I; C231S; Y355H,1
D121N; K225L; N274K,1
E79*; G220V; K225I; P298Q,1
G220V; K225I; Q235K,1
Q27R; S32A; K225L; V265A,1
N10Y; G220V; K225I,1
S130P; G220V; K225I,1
R82L; G220V; K225I; C231S; Y355H,1
Y73C; G101S; G220V; K225I,1
N111S; G220V; K225I; R402C,1
V47M; L98P; E154G; K225L,1
K225L; T229M; C231S,1
L74M; G101S; K225L,1
N97Y; K225L; K323R; K406*,1
G220V; K225I; V265D; G353C,1
K225L; N258D; K407E,1
E154G; S162I; E189K; K225I,1
E106*; K225L; S292N,1
K225L; N261D; V291A,1
G220V; K225I; N277D,1
E28K; K225L; C231S; V291L,1
I21S; L98P; G220V; K225I,1
P57H; H216R; G220V; K225I; V265D,1
K225L; D301A; N388D,1
L61M; K225L; I352S; N365D,1
L98P; K225L; L364M,1
E154G; G220V; K225I; S318C,1
K225L; C231R; R394H,1
G220V; K225I; K356R,1
E28K; G49D; G220V; K225I,1
M151L; K225L,1
A182T; G220V; K225I; C231R,1
G101S; G220V; K225I; N297S,1
S6T; K225L; N362D,1
V87A; G220V; K225I,1
K225L; Q267*; A389T,1
K225L; D325N; R402S,1
E79D; G101S; G220V; K225I,1
K225L; I409G; R410*; F411A,1
N195D; K225L; P393Q,1
G220V; K225I; C231S; R244C; Y355H; K406E,1
G127S; K225L; N362D,1
L98P; A207E; K225L,1
T59I; G101D; E154G; K225I,1
G220V; K225I; G257V,1
S162I; L218M; G220V; K225I,1
K225L; I227T; I247T,1
P23L; N63S; K225L,1
N200D; L208M; K225L,1
G220V; K225I; V291M,1
N10D; G220V; K225I; C231S,1
K225L; Y272*,1
A110T; K225L,1
E28K; L98P; K225L; L296M,1
K225I; S292N,1
G101S; K225L; N274S,1
N5S; K225L,1
D54Y; M151I; K225L,1
K225L; D278N; E349K,1
R16S; K225L; R402S,1
D54Y; K225L; Q290R,1
K225L; C231R; I399N,1
G220V; K225I; I233L,1
D54N; S66Y; K225L,1
L98P; G101S; K225L,1
Q53K; K80E; K225L,1
E154G; F194L; K225I; G257D,1
I41T; K225L; D338N,1
G101S; E159*; N197S; K225L; N379S,1
D54Y; K225L; R348H,1
I102V; S137N; K225L,1
K225L; Y355H; T400A,1
N147S; S162C; G220I; K225I,1
L98P; K225L; N322K,1
A224S; K225L; T335P,1
I199T; G220V; K225I; C231N; V265A; Y355H,1
P146S; I199V; G220V; K225I; C231S,1
N138D; I183V; G220V; K225I,1
K225L; Y357H; G401D,1
Q75R; K225L; D301Y,1
I199N; G220V; K225I; A313V,1
G220V; K225I; N269K,1
K225I; C231R; T234M,1
Y68H; S162C; G220V; K225I,1
S162I; G220V; K225I; N293D,1
Q53K; K225L; D278N; I409T,1
E154G; K225I; L276F,1
G220V; K225I; K346E,1
K225L; N293D; D326Y,1
K225L; Q387R,1
G220V; K225I; P393Q,1
P23S; K225L; F343L,1
N138D; K225L; N243S; E349K,1
G127S; K225L; K397*,1
S198L; G220V; K225I,1
K225L; V345I; Y355H,1
D128G; K225L; T229A,1
A110D; Q141R; K225L,1
A182V; G220V; K225I; C231S; Y355H; V405A,1
N96Y; K225L,1
G220V; K225I; P298A,1
G220V; K225I; N258S,1
L98P; K225L; I352V,1
S32N; K225L; C231R,1
K225L; V291L; E373D,1
L210M; K225L; I247T,1
G220I; K225I; D270N,1
I39V; I150V; K225L,1
G220V; K225I; C231R; L286F,1
G24D; K225L; T400I,1
L98F; K225L; D278Y,1
V13I; E154A; G220V; K225I,1
K225L; C231R; S292I,1
G220V; K225I; Y357*,1
L98I; E154G; K225I; Q344N,1
D81N; E154G; K225I,1
K225L; I232V; L391P,1
K225L; Q235*; T273I,1
S198*; G220V; K225I; Y355H,1
K225L; N238S; Q290*,1
M172R; G177S; K225L; R280H,1
L98P; K225L; T264S,1
S6L; E28K; Q204H; K225L,1
P206Q; K225L; Q354R; Y355H,1
Q53K; I199N; K225L; Y355H,1
I102V; E154G; K225I; R410P,1
K225L; K330M,1
H56R; G220V; K225I; C231S,1
E28K; E154G; S162I; S163F; K225L,1
G101S; R193L; K225L,1
G101S; V148I; K225L; Y268H,1
Y73C; P112S; G220V; K225I,1
G220V; K225I; A313V; Y355H; K407E,1
W40*; G220V; K225I; C231S; Q344H,1
K225L; D326A; T400P; G401V; R402V; G403A; L404W; V405L; K407R; I408S; I409F; R410V,1
K225L; K330R; V405F,1
G220V; K225I; V345I; S372R,1
K225L; A266E; S284R,1
G220V; K225I; C231S; D310Y,1
G101S; A129S; K225L; N378D,1
P43Q; G220V; K225I; N274S,1
S162C; G220V; K225I; E349G,1
G220V; K225T; I396V; V405A,1
P146Q; S162C; G220V; K225I,1
N116D; G220V; K225I; S284G,1
L84Q; K225L,1
G220V; K225I; S333*,1
W40*; S66P; K225L,1
Q53K; R82L; K225L,1
N164S; G220V; K225I; A266E,1
G101S; K225L; G401S,1
D15Y; G220I; K225I,1
S162C; G220V; K225I; N322S,1
Q27L; K225L,1
N10S; K22R; K225L; N274K,1
G101S; F194I; K225L,1
I41V; G220V; K225I; D325N,1
N10D; S162I; K225L,1
S162I; N195T; G220V; K225T,1
G220I; K225I; Y375H,1
I143L; E154G; K225L,1
E28K; G220V; K225I; E349K; K397E,1
I165N; G220V; K225I,1
Y73C; Q75K; K225L,1
K225L; Y355H; A389S,1
M172T; K225L; R394H,1
I90V; K225Q; C231R,1
Q27K; K225L; D278N,1
A129E; K225L; Y355H,1
G220V; K225I; C231S; V382M,1
K225L; K300N; Y355H,1
K225L; K281R; Y351S,1
P155S; S162C; G220V; K225I,1
K22N; G220V; K225I,1
I199N; G220V; K225I; A389T,1
K225L; S372G; E373R; Y375L; N376*; I377H; N378Q; N379Q; K381E; V382G; N383E; F384L; R385*; G386R; Q387S; N388E; A389C; N390K; L391S; N392E; R394A; I395Y; I396Y; K397Q; P398T; I399D; T400Y; G401R; R402S; G403W; L404P; V405G; K406*; I408D; I409H; R410S,1
G101S; K225L; L404M,1
K225L; E305*; R402C,1
Q75R; S166P; G220V; K225I; C231S; P239S,1
K225L; N274K; A313E,1
K225L; Q236K; N274K,1
G220I; K225I; V291M,1
E28K; K225L; K346N,1
R193L; K225L; N322S; G403V,1
I165V; K225L; N258T,1
K225L; I399T; I409N,1
G220V; K225I; Y332C,1
A131V; K225L; Y355H,1
T17N; Y20*; K225L; K397N,1
S162I; G220V; K225I; V291M,1
M211I; K225L; D326A,1
G101S; G220V; K225I; S318R,1
G101S; G220V; K225I; D325N,1
N138D; E154G; K225I,1
D15N; E154G; S162I; S163F,1
E201G; G220V; K225I,1
S6T; S32A; H56L; G101S; K225L,1
G220I; K225I; Y355H; G374S,1
I199M; G220V; K225I; G403D,1
K225L; N365T; D366T; S367L; I368S; Y369T; N370I; I371L; S372A; E373R; G374V; Y375I; N376T; I377S; N378T; N379T; L380*; K381R; V382*; N383T; F384L; R385E; G386V; Q387R; N388M; A389Q; N390I; L391*; N392T; P393R; R394V; I395L; I396S; K397N; P398R; I399L; T400P; G401V; R402V; G403A; L404W; V405L; K407R; I408S; I409F; R410V,1
M172L; K225L; Q267R,1
S6T; E28K; K225L,1
G101S; S198*; K225L,1
L98P; S187P; K225L,1
K225L; N277K; D325G,1
K3E; K225L; S372T; E373Q; Y375F; N378G; N379S; K381A; V382T; F384Y; R385K; A389V; N390E; L391E; R394Q; I396V; K397E; P398E; T400K; K407N; I408K; R410E; F411E,1
K225I; D326N; G403W; L404P; V405G; K406*; I408D; I409H; R410S,1
N138D; S162N; K225L,1
E154G; S162I; S163F; K225L; P294Q,1
Q141H; Y171C; K225L,1
N138D; N161Y; G220V; K225I; I227T,1
A131V; K225V; N258D,1
S162C; G220V; K225I; Q344*,1
E28*; L98P; T160S; G220V; K225I,1
L84M; K225L,1
D156E; K225L,1
L98P; G101S; K225L; N370S,1
G101S; K225I; K330R,1
K225L; Y299N,1
D11N; I41V; K225L,1
K225L; Y355H; I408N,1
G101S; G220V; K225I; I227T,1
G101S; K225L; Y332C,1
Q53K; G220C; K225L,1
S180Y; K225L; G353S,1
Y113C; G220V; K225I,1
E154G; F194L; G220V; K225I; Q290*,1
K225L; N277S; L328M,1
Q27R; K225L; A266E,1
K225L; I327T,1
T160S; K225L; N362D,1
P12Q; G101S; H176N; K225L,1
D205N; A224T; K225L,1
S108N; S162I; G220V; K225I,1
K225L; G403A; L404W; V405L; K407R; I408S; I409F; R410V,1
K225L; N261T,1
N10S; Q27R; K225L,1
K225L; N378K,1
T59I; K225L; P298S,1
I39V; E154*; S162I; K225L,1
G220I; K225I; C231R; E349K,1
K225L; D326A; I352L,1
G220V; K225I; G315S,1
D54V; K225L,1
S162I; G220V; K225I; S367F,1
D121G; F136L; K225L,1
F91L; I199V; K225L,1
G220V; K225I; S284K,1
G220V; K225I; C231S; A266E,1
G220V; K225I; A266E; N365D,1
G101S; K225L; T350A; V382M,1
Q53K; I102V; K225L,1
P52Q; N195S; K225L,1
P23S; K225L; S314F,1
S60N; G101S; K225L; S292N,1
S162I; G220V; K225I; E305G,1
K62R; E154G; K225I,1
Q27R; K225L; D278N,1
G101S; K225L; N390T,1
K225L; I247T; A389T,1
Q53K; K225L; R402C,1
K225L; C231R; Q387K,1
Q53K; F124C; K225L,1
G101S; K225L; N277D,1
G220V; K225I; C231S; Y355H; G403C,1
K225L; P298L; I352V,1
E28K; K225L; K306N,1
Y20S; K225L,1
G101S; K225L; T341I; V382M; F384S,1
G101S; D128Y; K225L; I377L,1
L145M; I183V; K225L,1
G101S; N138D; G220V; K225I,1
G220I; K225I; S292I,1
S99L; A131S; K225L,1
N72D; G220V; K225I; I232V,1
Q27R; K225L; Q237K; P393S,1
K225L; T273I; L328M,1
K225L; Q354R; N362D,1
K37N; I183V; K225L,1
A182S; K225L; Y355H,1
E78K; K225L; I408T,1
S162N; K225L; C231R; T242I,1
K225L; Y357H; F411S,1
K225L; S292N; A389V,1
E154G; Y171C; G220V; K225I,1
V13I; E154G; G220V; K225I,1
M172L; K225L; D278N,1
K225L; D259N; D270Y; E305K,1
G220V; K225I; P239L,1
G101S; K225L; L328M; Y355H,1
G101S; L167M; G220V; K225I,1
G220I; K225I; C347R,1
K225L; N376H,1
G220V; K225I; K288*,1
K225L; P298T; N379D,1
N8D; G101S; K225L,1
L98P; K225L; T229M,1
G101S; K225L; Y299H,1
I165V; K225L; K381R; V382*; N383T; F384L; R385E; G386V; Q387R; N388M; A389Q; N390I; L391*; N392T; P393R; R394V; I395L; I396S; K397N; P398R; I399L; T400P; G401V; R402V; G403A; L404W; V405L; K407R; I408S; I409F; R410V,1
T209A; K225L; Q354R,1
N138D; G220I; K225I; C231S; Y355H,1
T88P; K225L,1
L98P; K225L; Y279C,1
E154G; Y171N; K225I; K407R; I408S; I409F; R410V,1
A182S; K225L; Q290H,1
K225L; Y369N,1
G101S; K225L; Y355H; E373*,1
G101S; K225L; E373Q; Y375F; N378G; N379S; K381A; V382T; F384Y; R385K; A389V; N390E; L391E; R394Q; I396V; K397E; P398E; T400K; K407N; I408K; R410E; F411E,1
K225L; T229M; V382M,1
G127V; K225L,1
S99*; D121G; K225L,1
S162I; G220V; K225I; S292N,1
E154G; G220V; K225I; A389V,1
Q75R; N138D; K225L; I227T,1
S99L; K225L; T229M,1
S130P; Y171H; K225L,1
P57S; G101S; K225L; I227T,1
E154G; A207S; G220V; K225I,1
Q53K; K225L; N383S,1
G101S; P120Q; K225L,1
S66F; P146S; K225L; I368V,1
S162I; G220V; K225I; D326N,1
Q53K; F186S; K225L,1
K225L; C231R; N238K,1
N122S; R193H; K225L,1
G101S; K225L; N297K,1
K225L; C231R; I377V,1
E154G; A207T; K225I,1
E154G; K225I; R385K,1
L74M; L98F; K225L,1
E28K; A110V; K225L,1
K225L; Y357V; F358L; K359Q; L360I; S361V; N362*; L364A; N365E; D366R; S367L; I368Y; Y369L; N370Q; I371Y; S372*; E373R; Y375L; N376*; I377H; N378Q; N379Q; K381E; V382G; N383E; F384L; R385*; G386R; Q387S; N388E; A389C; N390K; L391S; N392E; R394A; I395Y; I396Y; K397Q; P398T; I399D; T400Y; G401R; R402S; G403W; L404P; V405G; K406*; I408D; I409H; R410S,1
K225L; T234P; A313T,1
G220I; K225I; L331M,1
M172R; K225L; K397N,1
P2S; S166Y; G220V; K225I,1
E154G; K225L; F384L,1
E44*; S162I; G220V; K225I,1
G49D; K225L; K329E,1
K225L; T341N; E349*,1
S6T; H56Y; Q75R; G220V; K225I; C231S,1
G220V; K225I; I371V,1
G101S; G220V; K225I; P298Q,1
E154G; K225I; T229M; K381N,1
K225L; I302L,1
I181V; K225L; I247T,1
S60N; K225L; I262T,1
S6T; K225L; V382A,1
N10I; K225L,1
S162I; S198*; G220V; K225I,1
E28*; G101S; K225L; I352V,1
N161Y; A182T; G220V; K225I,1
S162I; K225L; C231*,1
G101S; G127C; K225L,1
N138D; G220V; K225I; N322S,1
S162I; G220V; K225I; V265D,1
S162C; G220V; K225I; C231S,1
N116D; G220I; K225I,1
F194L; K225L; I262L,1
Y68H; K225L; A266E,1
L145M; K225L; D301N; Y355H,1
F91I; K225L,1
G220V; K225I; K406N,1
Q53K; E105A; F194L; K225L,1
G220V; K225I; T341I,1
L98P; S174I; K225L,1
E154G; K225I; G315D,1
L98P; K225L; K300N; V405L,1
L98F; K225L; D278N,1
K225L; C231R; V319I,1
M211V; G220V; K225I; C231S; Y355H,1
S67N; L98P; K225L,1
L74R; N92K; K225L,1
P23S; K225L; G226C; N274K,1
S32N; G220V; K225I,1
G101S; G220V; K225I; K397N,1
E44*; K225L; Q237R,1
N10D; K225L; C231S,1
D77N; A182T; K225L,1
Q27R; E154G; S180P; K225I,1
K225L; A266E; R348S,1
L98P; N122D; G220V; K225I,1
E28K; K225L; C231R,1
G220V; K225I; G315D,1
K225L; F255L; K330R,1
K37N; K225L; A266E,1
D65Y; M211I; K225L,1
G101S; F194L; K225L; R394H,1
G220V; K225I; C231S; G315D; Y355H,1
I126V; G220V; K225I; C231S; Y355H,1
G220V; K225I; N269K; G401S,1
K225L; G226S; F384S,1
K225L; N293K,1
N122D; K225L; Q267K,1
G220I; K225I; R410L,1
E28K; S162C; K225L,1
G139D; R193H; K225L; C347*,1
G101S; G220V; K225I; V265D,1
S162I; G220V; K225I; I271V,1
G220V; K225I; C231S; Q295L; Y355H,1
I39V; S162I; G220V; K225I,1
I48T; G220I; K225I,1
Y171H; K225L; K330R,1
N138D; M172I; K225L; D278N,1
K225L; N274K; N365K,1
N10S; K225L; V289M,1
I48V; V184I; K225L,1
Q53R; L98R; K225L,1
V184F; K225L; Q235R,1
S60G; S66Y; G220V; K225I,1
D54Y; G220V; K225I,1
S162C; G220V; K225I; N379K,1
E28K; I102L; K225L,1
H56L; K225L; Q295R; Y299H,1
K225L; E349K; V405I,1
P155Q; K225L; C231R,1
E105D; K225L; A266E,1
L114M; K225L; N274K,1
S6*; K225L; N274K,1
E154G; S162I; S163F; D312N; S372I,1
E154G; F194L; K225I; G374S,1
G101S; K225L; T230A,1
G101S; K225L; E336K,1
E79*; Y171H; G220V; K225I; C231S; Y355H,1
G101S; Y171F; K225L,1
T50I; Q53K; K225L,1
G101S; A110V; K225L,1
H56Y; E154A; K225L,1
Y69H; K225Q; I262M,1
K225L; I227V; I247V,1
A153T; G220I; K225I,1
I4V; G101S; K225L,1
I199N; G220V; K225I; K329R,1
E44D; K225L; L380S,1
K225L; F343I,1
G220I; K225I; V345I,1
E201K; K225I; Q354R,1
D81Y; K225L; D278N; Y355H,1
G101S; G179D; K225L,1
G101S; K225L; K311R,1
K225L; E250*; N383D,1
S162C; G220V; K225I; T264A,1
S166P; G220V; K225I; C231S; Y355H,1
N96D; K225L; C231R,1
R16H; G101S; K225L,1
P58S; N138D; K225L,1
K225L; F324L; I352V,1
S32A; H56L; Q75T; S76T; K225L,1
K225L; Q236R; N274K,1
Q53K; H216Y; K225L,1
Q53R; P57H; G220V; K225I,1
K225L; N274K; S292N,1
K225L; T230K; A283T,1
A207T; K225L; G257S,1
G220I; K225I; D301Y,1
G101S; G220V; K225I; T341I,1
G220V; K225I; N248T,1
Q53K; Q204H; K225L,1
K225L; K281R,1
K225L; D325N; D326Y,1
Y171N; G220V; K225I,1
K225L; N274K; Y375F; N378G; N379S; K381A; V382T; F384Y; R385K; A389V; N390E; L391E; R394Q; I396V; K397E; P398E; T400K; K407N; I408K; R410E; F411E,1
S6T; F194L; K225L,1
K225L; N274K; S284N,1
G101S; G220V; K225I; I262V,1
K225L; V265A; R402S,1
N138D; E154G; K225I; I262L; Y357N,1
G220V; K225I; C231S; P294L; Y355H,1
K225L; I232L; K406E,1
N197S; E201K; G220V; K225I,1
G101V; K225L; N274K,1
K225L; K342Q,1
L98P; K225L; I316T,1
K37E; K225L; L404P,1
K225L; L240M; V291E,1
S166F; K225L; Q354R,1
K225I; E349*; K381R,1
E28K; K225L; R402C,1
G101S; K225L; R348C,1
P71Q; K225L; G226S,1
F55S; K225I; C231R; L260P; S292N,1
N72S; G220V; K225I,1
K225L; A266E; F358I,1
E159K; K225L; C231R,1
K225L; A266E; E349K,1
P2H; G220V; K225I,1
R168S; G177S; K225L,1
R16L; K225L,1
G220V; K225I; C231N,1
G220V; K225I; Y375H,1
K62N; G220V; K225I; C231S; Y355H,1
N46S; K225L,1
C26Y; E28K; K225L,1
D81A; K225L; K300R; G386S,1
Q53K; K225L; R402S,1
D81N; S162I; G220V; K225I,1
Q53K; K225L; S287N,1
M151I; G220V; K225I; C231R; V405G; K406*; I408D; I409H; R410S,1
Q27R; G177V; K225L,1
P71T; G101S; K225L; T228I,1
Q75R; G220V; K225I; C231S; I247S,1
A182S; K225L; I233V,1
P146L; G220V; K225I,1
N197S; K225L; V405A,1
N8I; K225L,1
P58S; F136L; K225L,1
T51I; K225L; N378G; N379S; K381A; V382T; F384Y; R385K; A389V; N390E; L391E; R394Q; I396V; K397E; P398E; T400K; K407N; I408K; R410E; F411E,1
I215M; K225L,1
G220V; K225I; C231S; N248S,1
E28K; N72S; G220V; K225I; C231S; Y355H,1
G115V; G220V; K225I,1
D121A; K225L; N258D,1
G220V; K225I; V265D; A340V,1
Q53K; G220V; K225I; V265A,1
S130Y; G220V; K225I; K285N,1
P188T; N197D; K225L,1
K225L; I262L; N383T,1
Y222S; K225L,1
K225L; D278N; D326N,1
S162I; G220V; K225I; P294T,1
Y20C; F194L; K225L,1
E28K; E213*; K225L,1
K225L; N376K; I399N,1
R82S; E213K; K225L,1
G115D; K225I; G353D,1
F83L; E154G; G220V; K225I; N365S,1
N138D; P188R; G220V; K225I,1
V13L; K225L,1
G101C; K225L; Y355H,1
K225L; L339F,1
H56L; K225L; L391M,1
K225L; T229M; C231R,1
G220V; K225I; T341N,1
K225L; N379D; R385K,1
L98F; K225L; Y268C,1
E28K; K37N; K225L,1
S187A; G220V; K225I,1
R168H; K225L; Q354K,1
S163F; K225L; L331P,1
K225L; A266E; Y355C,1
K225L; I227T; V265D,1
E201G; G220I; K225I,1
G220I; K225I; N258D,1
K225L; K288N; V382M,1
G101S; K225L; D259N,1
G49C; G220V; K225I; C231S; Y355H,1
L98P; G220V; K225I; G226C,1
G220V; K225I; C231S; N383T; F384L; R385E; G386V; Q387R; N388M; A389Q; N390I; L391*; N392T; P393R; R394V; I395L; I396S; K397N; P398R; I399L; T400P; G401V; R402V; G403A; L404W; V405L; K407R; I408S; I409F; R410V,1
G101S; P112T; K225L,1
K62*; G220V; K225T; S292N,1
P71T; L98P; G220V; K225I,1
E106K; K225L; R348C,1
I203V; K225L; D325N; I399T,1
I102L; G220I; K225I,1
H125Y; N138D; G220V; K225I,1
G220V; K225I; R244P,1
E154G; K225L; K359N,1
S217G; G220V; K225I,1
N161H; K225L; I352T,1
I18S; K225L,1
K225L; I262T; N362D,1
Y69H; E154G; K225I,1
I18S; G220V; K225I,1
Q27*; G152D; K225L,1
F192L; K225I; I232T; N248S; A340T,1
K225L; N322S; Y355H,1
K225L; I399N,1
K225L; K288Q; F358S,1
N96S; K225L; C231R,1
F194I; K225L; G256R,1
S198T; I199D; K225*,1
S162T; G220V; K225I; Q354R; R394H,1
R93S; Q141K; K225L,1
E154G; T160S; K225L,1
K225L; T229M; N390D,1
G220V; K225I; C231S; Q304*; Y355H,1
E28K; S162C; G220V; K225I,1
S6T; H56L; K225L,1
T17A; K225T,1
K225L; N261D; V289G,1
I165V; K225L; C231S; Y355H,1
Q53K; D196N; K225L; F252L,1
G220V; K225I; C231S; Q290*; Y355H,1
E154G; G220V; K225I; V265I,1
G220I; K225I; G226V,1
K225L; S284N; Y355H,1
G177D; K225L; C231S,1
G101S; A129S; K225L,1
D65N; G220V; K225I; V265D,1
P146T; G220V; K225I,1
Q123R; G220V; K225I,1
G101S; K225L; R244S,1
S174R; K225L; I227V,1
E79D; G220V; L221S; K225I,1
K225L; N269S; S333L,1
G220V; K225I; C231S; N258D; Y355H; S361Y,1
G220V; K225I; C231S; T341A; Y355H,1
G101S; R193C; G220V; K225I,1
L98P; K225L; T400I,1
L98P; K225L; Q235*,1
T50I; Q53K; K225L; G374C,1
Q27R; R168H; K225L; Q236R,1
S163F; N169Y; K225L,1
K225L; K285R,1
D15N; G220I; K225I; I227T,1
D54N; G220V; K225I,1
I41V; K225L; I263V,1
E201K; K225L; N274K,1
L98P; K225L; K342N,1
N92T; K225L,1
G101S; K225L; R385K,1
P120L; E154G; K225I,1
E154G; Y171N; K225I; Q237H,1
Q53K; E201G; K225L,1
K225L; K381M,1
P71Q; G101S; K225L,1
L84P; G220V; K225I,1
K225L; C231R; I232F,1
P43L; K225L; A266E; D338E,1
S67G; K225L; V382A,1
K225L; Q290K; Y355H,1
L98P; K225L; N269S,1
K225L; C231*; Y355H,1
H56L; G101S; G220V; K225I; C231S; I352V; Y355H,1
D15Y; S162I; G220V; K225I,1
H56Y; K225L; I396V,1
K225L; C231R; K288E,1
T59A; S217I; K225L,1
K225L; N258S; C347R,1
G152S; S162I; G220V; K225I; N248S,1
L98I; E154G; S162I; S163F,1
L98P; K225L; I232F,1
L210P; G220V; K225I,1
Q27R; K225L; R244C,1
G220V; K225I; Q344K,1
I126V; K225L; A266E,1
V87L; H216L; G220V; K225I,1
K31E; K225L,1
I102L; K225L; Y355H,1
E154G; S166C; G220V; A224S; K225I,1
I102M; G220V; K225I,1
I199N; G220V; K225I; I396V,1
G220V; K225I; E251D; V265A,1
K225L; C231R; N365D,1
E79D; I134V; K225L,1
Q27K; K225L; N322S,1
Y68H; G220V; K225I; C231S; Y355H,1
P57S; G101S; K225L; I247L,1
Q27K; K225L; Q290K,1
K225L; T400A; L404P,1
K225L; S287G,1
S32A; G220V; K225I; C231S; Y355H,1
N8K; E154G; G220V; K225I; K330R,1
G101S; S180Y; G220V; K225I,1
G220V; K225I; S314N; N365D; V382G,1
E154G; K225I; N248I,1
N164D; G220V; K225I,1
M1I; T51A; K225L; N261T,1
K225L; L331M,1
N161H; K225L; F303L,1
N10D; G101S; K225L,1
E106K; K225L; C231R,1
Q53K; K225L; V345I,1
E28K; K225L; T234P,1
G101S; K225L; T254N,1
G101S; V148A; K225L,1
T17I; E105G; G220V; K225T,1
D70N; G220V; K225I; V265D,1
G152V; S162C; G220V; K225I; T234P,1
Y171C; K225L; A266E,1
S162C; S217N; G220I; K225I,1
G220V; K225I; K407E,1
G101S; F194L; K225L; N390S,1
Q53K; K225L; I227T; F358L,1
S162T; K225L,1
H142Q; E154G; G220V; K225I,1
S60N; G101S; K225L; Y355H,1
K225L; G256R; V405I,1
G101S; P155T; K225L; I247T,1
G220V; K225I; N322I,1
N161S; G220V; K225I,1
K62R; G220V; K225I; C231S; Y355H,1
E154G; G220V; K225I; K359T,1
S162C; G220V; K225I; T230P,1
I102L; K225I,1
Y20S; K225L; C231R,1
K225L; N362D; R402S,1
G101S; K225L; G256V,1
E189*; G220V; K225I; C231S; D270Y; Y355H,1
G101S; G220V; K225I; A313E,1
L61M; G101S; K225L,1
S166C; G220V; K225I; N383S,1
D65Y; S162I; G220V; K225I,1
N138D; G220V; K225I; Q304L,1
G220V; K225I; P294S,1
N38T; K225L,1
R193L; K225L; D325N,1
I199N; G220V; K225I; V345I,1
Q53K; N195T; K225L,1
W40*; S162I; G220V; K225I,1
G101S; A182V; G220I; K225I,1
G101S; P206S; K225L,1
Y73C; G220V; K225I,1
G220V; K225I; R244C,1
S191W; K225L,1
L98I; I102L; K225L,1
Q75R; E154K; G220V; K225I; C231S; I371V,1
N138D; K225L; S372R,1
K62N; N138D; F194L; K225L,1
H125Y; K225L; A266E,1
S60G; K225L; C231R; Y268H,1
G220V; K225I; C231S; C347*; Y355H,1
T185P; K225L,1
T17I; G101S; K225L,1
S198T; I199D; K225L; R394S,1
G101S; V148I; K225L; I316T,1
S32A; T88Q; D121P; S162I; K225L; S367L; I368Y; Y369L; N370Q; I371Y; S372*; E373R; Y375L; N376*; I377H; N378Q; N379Q; K381E; V382G; N383E; F384L; R385*; G386R; Q387S; N388E; A389C; N390K; L391S; N392E; R394A; I395Y; I396Y; K397Q; P398T; I399D; T400Y; G401R; R402S; G403W; L404P; V405G; K406*; I408D; I409H; R410S,1
S6T; H56L; Q75T; S76T; K225L,1
P58L; G220V; K225I,1
E154G; F194L; K225I; C231Y,1
T59A; S162I; G220V; K225I,1
K85*; K225L,1
G100S; E154G; Y171N; K225I,1
D15N; G101S; G220V; K225I,1
G127C; P173L; K225L,1
L61P; S162I; G220V; K225I,1
S67R; K225L; Y268H,1
L145M; K225L; K330R,1
A207S; K225L; G374V; Y375I; N376T; I377S; N378T; N379T; L380*; K381R; V382*; N383T; F384L; R385E; G386V; Q387R; N388M; A389Q; N390I; L391*; N392T; P393R; R394I; I395L; I396S; K397N; P398R; I399L; T400L; G401V; R402V; G403A; L404W; V405L; K407R; I408S; I409F; R410V,1
N96D; K225L; I399T,1
G177S; K225L; G403S,1
G220V; K225I; T273A,1
K22R; G101S; G220V; K225I,1
G101S; S162I; K225L; Y299H,1
V132I; G220V; K225I; C231S; Y355H,1
K225L; S284G; R402S,1
D11A; G220V; K225I; C231R,1
M36I; L98P; K225L; N383S,1
Q27R; P120Q; K225L,1
S32R; G101S; K225L,1
V47M; I199F; G220V; K225I; N269S,1
H56N; G220V; K225L,1
E154G; G220V; K225I; T400P,1
I41F; G220V; K225I,1
Q141K; H212N; K225L,1
I102M; F194L; K225L; S314N; I316N; Q344N,1
E154G; G220V; K225I; S292N; T400I,1
G220V; K225T; R410C,1
K62N; P206S; G220V; K225I,1
Q53K; K225L; S318R,1
G101S; G220V; K225I; C231S; N297S; Y355H,1
T160S; K225L; C231R,1
K225L; A313E; I352V,1
S162I; G220V; K225I; R402S,1
G64C; G220V; K225I; K406R,1
T185I; G220V; K225I,1
L98P; N122K; K225L; E349K,1
R193C; G220V; K225I,1
V13L; G220V; K225I,1
I199F; G220V; K225I; A389V,1
G220V; K225I; C231S; D259N; Y355H,1
N122D; D196Y; K225L; E349K,1
L98P; G152S; K225L,1
E28K; K225L; N248S,1
G220V; K225I; C231S; G257D; Y355H,1
K109E; E159K; K225T,1
K22R; M151I; K225L,1
N14K; K225L,1
G220V; K225I; C231S; V265I; Y355H,1
G115C; K225I; C231R; S292N,1
Q53K; L98P; F194L; K225L,1
G220I; K225I; D310N,1
K225L; P294T; Y355H,1
I165V; P206T; K225L,1
K225L; D270A; N274K; S372R,1
K225L; D301Y; Y355H,1
Q141K; K225L; I232T,1
D81N; I199T; K225L; I232L,1
L98F; K225L; D326G,1
K225L; I232T; N274H,1
G101S; G220V; K225I; I408N,1
S76N; A110T; S162C; G220V; K225I; R394S,1
N72S; G220V; K225I; V265A,1
E154G; G220V; K225I; I396V,1
I199S; K225L; K285N,1
L98P; E154G; G220V; K225I,1
L98P; P173S; K225L,1
S191L; G220V; K225I,1
N138D; G220V; K225I; T341N,1
R82L; K225L; C231R,1
S166Y; G220I; K225I,1
K225I; T242I; N248S,1
T160M; G220V; K225I; C231S,1
N138D; S162I; G220V; K225I; S314F; Q354R,1
G220V; K225I; Q236K; S372T; E373Q; Y375F; N378G; N379S; K381A; V382T; F384Y; R385K; A389V; N390E; L391E; R394Q; I396V; K397E; P398E; T400K; K407N; I408K; R410E; F411E,1
E28K; Q141H; K225L,1
G101S; G220V; K225I; P398Q,1
K225L; Q267R,1
K225L; T230P; R244H,1
K225L; S292N; E349K,1
E154G; G220V; K225I; T350A,1
E44D; E154G; G220V; K225I,1
N14S; N63T; K225L,1
T17A; K225L; I409T,1
I102L; K225L; R348H; L391M,1
E154G; E201T; K225I,1
P71T; G220I; K225I,1
V47A; K225L; N365D,1
G220V; K225I; K407N; I408K; R410E; F411E,1
D70E; E154G; G220V; K225I,1
S140N; K225L; L253S,1
E154G; G220V; K225I; K306R,1
K225L; V265A; D310N,1
L98P; K225L; A313S,1
E28K; G49D; K225L,1
G101S; K225I; T234P,1
D77N; L98P; R193L; K225L,1
A207E; G220V; K225I,1
E28K; P52L; K225L,1
G220V; K225I; Q344*,1
Y68H; K225L; C231R,1
E154G; F194L; K225I; I321T,1
K225L; I233V; T273A,1
G220V; K225I; C231S; D338G; Y355H,1
S162N; I165T; K225L,1
Q53K; K225L; L328P,1
E28K; S67G; K225L,1
K22R; S162C; G220I; K225I,1
K225L; L296P; P398L,1
S60G; K225L; T341A; R410L,1
N72D; I86V; K225L,1
G101S; R168H; K225L; T230A,1
N138D; P146T; K225L,1
I4M; K225L; D326A,1
G25C; K225L; K281E,1
G220V; K225I; I227V; Y355H,1
E154G; K225I; V382A,1
K225L; C231R; S372R,1
E154G; G220V; K225I; N293K,1
K225L; D270N; I352V,1
D54Y; K225L; Y355H,1
L98F; Q141R; E154G; K225L,1
R168S; T185I; G220V; K225I; N297S,1
S217I; K225L; G374V,1
G101C; G220I; K225I; C231S,1
L218M; G220V; K225I; C231S,1
H125Y; K225L; I263V,1
G220V; K225I; L360F,1
G101S; A131T; G220V; K225I,1
K225L; G257C; K381N,1
K225L; E250*; Y355H,1
G220I; K225I; T341N,1
E106A; K225L; R244H,1
I134N; K225L,1
L145M; K225L; I263T,1
S60I; G101S; Y190C; K225L; Y355H,1
E189*; K225L; Y355H,1
K225L; Y268D,1
P23S; L98P; S174I; K225L,1
K85R; K225L; S292N; E349*,1
G101S; K225L; S314N; I316N,1
G220V; K225I; C231S; L309M; Y355H,1
S60G; G101S; M211I; G220V; K225I,1
N122D; K225L; F337L,1
G49C; K225L; A266E,1
G100C; K225I,1
G101S; D128N; K225L,1
S76G; G220V; K225I,1
P71L; G220V; K225I; C231S,1
E154G; S162I; S163F; M172I; S284N,1
M1I; H56Y; Q75R; T209P; G220V; K225I; C231S,1
G220V; K225I; C231S; Y355H; R385S,1
K225L; T264P; N274K,1
K225L; A313V; V405A,1
I199A; G220V; K225I; C231S; Y355H,1
P71T; K225L; S318N,1
M151T; Q204R; K225I,1
K225L; N383T,1
S76N; K225L; N383K,1
F83Y; K225L,1
Q27R; E154G; K225L,1
D15E; K225L,1
L104F; G220V; K225I,1
G101S; I143V; K225L,1
K225L; V265A; V382M,1
E28K; N164S; K225L,1
G220V; K225I; C231S; L328M; Y355H,1
E154G; K225I; Y357S,1
S162C; R193H; G220I; K225I,1
G101S; F124L; K225L,1
K225L; L296Q,1
K225L; Y317F,1
D70G; K225L; G256R,1
M36V; S162I; K225L,1
L98P; G220V; K225I; V405I,1
K225L; N248H,1
K225L; C231S; E373G,1
G220V; K225I; C231S; Y355H; R394C,1
L98I; K225L; D301G,1
K37N; E154G; K225I,1
N195S; K225L; R394H,1
S163Y; K225L; N258D; D278N,1
L98P; S198P; K225L,1
E28K; K225L; K346E; L404P,1
N170K; K225L; A266E,1
K225L; A266S; I408T,1
K225L; C231R; D278N,1
S162C; R193H; G220V; K225I,1
L98P; H142Y; E189*; K225L,1
E154G; K225I; Q237R,1
K225L; A266E; A389E,1
H56Y; K225L; Q344N,1
G101S; N195D; K225L,1
Y73H; G220V; K225I,1
Q53K; K225L; Q267*,1
L167M; G220V; K225I; C231S; Y355H,1
N200H; K225L,1
G220S; K225L; Y355H,1
N122D; F194V; K225L; N388D,1
T59I; G101S; G220V; K225I,1
M211I; K225L; C231S,1
T51I; K225L; L328M,1
K225L; V382M; P398T; I399D; T400Y; G401R; R402S; G403C; L404P; V405G; K406*; I408D; I409H; R410S,1
L98I; G101S; K225L; I352V,1
K225L; T341S,1
V148I; S162I; G220V; K225I,1
E154G; K225I; L260M,1
H56N; G101S; K225L,1
G152C; D196N; I203V; K225L,1
G220V; K225I; C231S; R244C; Y355H,1
L107M; G220V; K225I; R348S,1
R168S; K225L; C231R,1
K225L; C231R; P398Q,1
Q53K; K225L; C231Y,1
E79K; K225L; A266E,1
D121E; K225L; I352V,1
K225L; Q236*; V382L,1
S108G; K225L; A266E,1
G220V; K225I; T228S; C231S,1
Q53R; G220V; K225I,1
P173L; K225L; I371V,1
G101S; E105*; K225L,1
Q27H; G101S; K225I,1
I102V; N164H; K225L,1
S60N; I199N; G220V; K225I,1
F55S; G101S; G220V; K225I,1
H56Y; P57S; K225L,1
K225L; Q236K; K300R,1
Q27K; N195S; K225L,1
S163F; G220V; K225I; C231S; Y355H,1
V184I; G220V; K225I; S292N,1
Q53K; E213K; K225L,1
I199T; K225L; Y355H,1
I134V; K225L; C231R,1
L98P; K225L; Q295H,1
K225L; S333L; G401D,1
A224T; K225L; Q290R; D325N,1
G220V; K225I; C231S; V265D; Y355H; P393H; R394V; I395L; I396S; K397N; P398R; I399L; T400P; G401V; R402V; G403A; L404W; V405L; K407R; I408S; I409F; R410V,1
Q27H; K225L; N269S,1
R93L; A224T; K225L,1
Q75R; G220V; K225I; C231S; K407E,1
N8S; G220I; K225I,1
F202S; G220V; K225I,1
D81N; G101S; K225L; I399V,1
L98P; K225L; Q290*,1
F124L; E154G; Y171N; K225I,1
S6T; S162I; G220V; K225I,1
G220V; K225I; P298S; L360F; S361V; N362*; L364A; N365E; D366R; S367L; I368Y; Y369L; N370Q; I371Y; S372*; E373R; Y375L; N376*; I377H; N378Q; N379Q; K381E; V382G; N383E; F384L; R385*; G386R; Q387S; N388E; A389C; N390K; L391S; N392E; R394A; I395Y; I396Y; K397Q; P398T; I399D; T400Y; G401R; R402S; G403W; L404P; V405G; K406*; I408D; I409H; R410S,1
D121H; K225L,1
P57S; G220V; K225I; I233V,1
G220I; K225I; D326N,1
H125Y; K225L; K330R,1
G220V; K225I; C231S; D326N,1
K225L; C231R; D338N,1
N46K; L98P; P173S; K225L,1
K225L; I247V; I316V,1
D65Y; E154G; S166C; G220V; K225I,1
P43Q; K225L; C231L,1
S66F; G220V; K225I; L309M,1
G101S; K225L; N362S,1
L61P; N138D; K225L,1
K62N; K225L; N365D,1
G64S; G101S; I165V; K225L,1
G101S; K225L; G246V,1
V184I; K225L; G403D,1
G220V; K225I; K407R,1
G220I; K225I; T230A,1
W40*; K225L; N390D,1
L98P; S180P; K225L,1
L98P; G220V; K225I; V265D,1
N34Y; K225L; K346*; Y355H,1
Q53K; F194L; K225L; S314Y,1
G220V; K225I; I377T,1
G101S; G220V; K225I; C231S; N277D,1
D81N; G220V; K225I,1
G25D; K225L; I352V,1
G101S; G220V; K225I; N365D,1
K225L; I316V; V382L; N383S,1
N72D; K225S; L328M,1
Q53K; G179C; K225L,1
Q27R; N164T; Q204H; K225L,1
E154G; G220V; K225I; E349K,1
G101S; K225L; S372G,1
I143V; K225L; I247T,1
G101S; E106G; K225L; P294T,1
D196H; K225L,1
G220V; K225L; L253F,1
K225L; R244L; N392D,1
G101S; A207T; K225L,1
L98F; K225L; N362D,1
G101S; K225L; A313S; Y355H,1
L98P; K225I; C231S,1
K225I; C231R; S292N; Y351*,1
K225L; T400P; G401V; R402V; G403A; L404W; V405L; K407R; I408S; I409F; R410V,1
E28K; N72S; K225L,1
G100C; S162C; G220V; K225I,1
S162C; G220V; K225I; A313T,1
E154G; K225I; Q290R,1
Q53K; L157S; K225L,1
Y113*; K225L,1
G24V; K225L; C231G,1
L98P; H142Y; K225L,1
K225L; P298Q; N379S,1
G101S; K225L; G246C,1
G220V; K225I; Q354*,1
E154G; K225I; L404M,1
G127C; S162C; K225L; C231R,1
Q141K; K225L; E305K,1
K62N; A224T; K225L,1
G101S; K225L; T254A,1
I102L; K225L; I247L,1
K62R; K225L; I227V,1
M172I; K225L; N274K; S367F,1
K225L; C231R; N392S,1
A129S; G220V; K225I; C231S; Y355H,1
N197S; G220V; K225I; I227V,1
E28K; K225L; I377V,1
G220V; K225I; C231S; T335P,1
E154G; S162I; S163F; M172I,1
Q53K; L210R; K225L,1
K225Q; P239S,1
I35V; N46D; K225L,1
E154G; F194V; G220V; K225I,1
A207T; K225L; C231S,1
E79*; N197D; K225L,1
K225L; Y355H; G403S,1
K62R; G220V; K225I,1
I35V; N138D; K225I,1
S66T; K225L,1
L98P; N197S; K225L,1
I165V; K225L; Y299C; K381N,1
S67R; G101S; K225L,1
L98P; N197S; G220V; K225I,1
T51I; Q141R; K225L,1
L61P; K225L; N274K,1
Q53K; N63S; K225L,1
G127C; N138D; K225L,1
G220V; A224S; K225I,1
L74Q; G220I; K225I,1
Y30N; D65A; G220V; K225I; A266E,1
S162C; G220V; K225I; E336K,1
K225L; G246V,1
K62N; N63S; E154G; K225I; P239Q,1
G220V; K225I; V265A; N365D,1
E154G; K225I; N258D; K381R,1
P12L; G220V; K225I,1
G101S; K225L; N293S; N365K,1
T160A; K225L; V405G,1
G220V; K225I; R402S,1
K225L; L286F; N390D,1
K225L; I233V; I399V,1
G101S; K225L; N378D; G386C; F411S,1
S162C; E213G; K225L,1
K225L; V405L,1
N63S; G101S; F194L; K225L,1
K225L; N365D; Y375F; N378G; N379S; K381A; V382T; F384Y; R385K; A389V; N390E; L391E; R394Q; I396V; K397E; P398E; T400K; K407N; I408K; R410E; F411E,1
K225L; Y355H; R394H,1
S162I; G220V; K225I; F358L,1
L98F; Q204*; K225L,1
Q204H; K225L; R394H,1
I149F; K225L,1
G220V; K225I; G401C,1
Y30C; G220V; K225I; C231S,1
G220I; K225I; I302V,1
K225L; D325N; I352V,1
H176R; K225L; D338G,1
I199N; G220V; K225I; Y357H,1
G220V; K225I; N261S; A283T,1
S6T; H56L; G101S; G220V; K225I,1
D128G; K225L; G374D,1
G101S; K225L; E305K,1
D15Y; K225L; Y355H,1
M36I; S99L; K225L,1
K225L; D278N; D312Y; I352T,1
G220V; K225I; C231R; V405A,1
E28*; K225L; V405A,1
L98P; G220V; K225I; L309M,1
K225L; R244L,1
Q75R; K225L; Y332H,1
I48L; G220V; K225I; I232F,1
H56Y; K225L; K288N,1
D117G; K225L; D325N,1
K37E; K225L; A266E,1
K225L; E336*; S372N,1
Q53K; K225L; T341A,1
Y69H; G220I; K225I; A389T,1
E154G; P173L; K225I; S367F,1
T51S; K225L; A266E,1
L98P; K225L; P298S,1
K225L; D259E,1
Q53K; S162I; K225L,1
G101S; G220V; K225I; I352V; P398L,1
G64D; G220V; K225I; C231S; Y355H,1
G220V; K225I; C231S; Y355H; V382A; P393Q,1
S67I; E154G; G220V; K225I,1
I102V; L114M; K225L,1
K225L; N293Y,1
I199T; G220V; K225I; R402S,1
H212N; G220V; K225I; A313T,1
F29S; G220V; K225I,1
E154G; G220V; K225I; D325N,1
K225L; K356R; R394H,1
A153T; K225L; N274K,1
G220V; K225I; Q387R,1
S99*; K225L; I368V,1
I35V; G220V; K225I; Y317H,1
I42S; K225L; A266E,1
G220I; K225I; S333*,1
G220I; K225I; N362D,1
G220V; K225I; T230K,1
N34K; K225L,1
G220V; K225I; C231S; I302V; Y355H,1
P155S; S162I; G220V; K225I,1
G220V; K225I; C231S; Q236R,1
G220V; K225I; K406R,1
K225L; S292G; Y299F,1
E154G; G220V; K225I; Q344N,1
E28K; S166Y; K225L,1
N147D; K225L,1
G220V; K225I; D278A,1
L98P; G220V; K225I; I316V,1
V184A; K225L; N379K,1
G101S; S162C; G220V; K225I; N297S,1
Q53*; G101S; N200D; K225L,1
G220V; K225I; E349K; T400A,1
S162I; G220V; K225I; I409T,1
K225I; I408D; I409H; R410S,1
G101S; K225L; I262T,1
E154G; S162N; K225L,1
E28D; S162C; G220I; K225I,1
D128Y; F194V; K225L,1
G115C; K225L; Y355H,1
E28K; K225L; N390D,1
V87M; G220I; K225I,1
M1I; N138D; K225L,1
P58S; L98P; K225L,1
G220I; K225I; Q344K,1
K225L; C231R; D325E,1
G220I; K225I; C231F,1
G220I; K225I; K381N,1
K31I; K225L,1
G101S; K225L; S287N,1
N138D; K225L; N390T,1
Q27R; T160A; K225L; V265A,1
G101S; K225L; I327T,1
K225L; K330R; Y355H,1
G220V; K225T; Q354R,1
S108N; K225L; I249V,1
D128E; K225L; D270G; Y355H,1
S162I; G220V; K225I; T229M; R402S,1
I215V; G220V; K225I; C231S; Y355H,1
D117G; N161Y; K225L,1
K225L; P294L; R348H,1
K225L; I232T; L296M,1
E189*; G220V; K225I; P398L,1
P2L; K225L; K407R,1
E28K; Y73C; K225L,1
E28K; K225L; K381E,1
E154G; G220V; K225I; S372I,1
K225L; F252S; K397E,1
E154G; K225I; L240M,1
N111I; G220V; K225I,1
V47M; G220V; K225I; V265D; A266E; Y268W; N269E; D270Q; Y272R; T273S; N277K; D278K; R280E; K281E; S284K,1
R45H; G101S; K225L,1
Q53K; M172I; K225L; R385K,1
D128Y; G220V; K225I; C231S; T341N; Y355H,1
K225L; I377S; A389S,1
N138D; K225L; E349K; L404P,1
N92S; G220V; K225I,1
G220I; K225I; Q235R; I409T,1
S99*; E154G; G220V; K225I,1
Q53K; L74P; K225L,1
G179C; K225L; Y355H,1
K37N; G101S; K225L,1
K225L; K346R; I399V,1
I102M; K225L; C231R,1
G177D; K225L; V382M,1
Q53K; K225L; Q290R; V382A,1
S162I; G220V; K225I; I262F; Q387H,1
K225L; F358C,1
Q75*; K225L; T350A,1
I102L; P120L; K225L,1
G101S; K225L; D326N,1
I4M; G152C; K225L,1
G139C; G220V; K225I,1
Q53K; K225L; G315D,1
G101S; K225L; A313V; Q344N,1
V47M; I199F; G220V; K225I; T400P,1
S162I; V184I; G220V; K225I; V291M,1
K225L; I262L; G403S,1
E28*; G220V; K225I,1
G101S; F178L; G220V; K225I,1
Q27R; K225L; K330N,1
G220I; K225I; N274S; Y357H,1
K225L; V265A; N274K,1
E154G; K225I; Q235K,1
S6T; G101S; K225L; N383D,1
G101S; K225L; P398L,1
Y20C; G220I; K225I,1
N97D; K225L; N378K,1
E28K; D128N; K225I,1
D117Y; K225L; D278N,1
G220V; K225I; N269Y; S292N,1
K225L; D259Y; K381R,1
Q141H; S162I; G220V; K225I,1
K225L; E251D,1
K31N; G220V; K225I,1
E28K; N122S; K225L,1
K225L; T242N; R348C,1
G101S; K225L; A283T,1
N10D; A129V; K225L; C231S,1
G220V; K225I; A389V,1
K62N; S162C; G220V; K225I; T230A,1
L98P; G220V; K225I; T230K,1
N72D; S163F; G220V; K225I,1
K225L; Y355H; G374S,1
P58T; K225L; L260M,1
P71L; L98P; K225L,1
F202L; S217N; K225L,1
G101S; H125R; G220V; K225I,1
A224T; K225L; Q304R,1
L98P; M172T; K225L,1
S162C; G220I; K225I; Y307H,1
Q53K; F194L; K225L; I232V,1
G220V; K225I; D325N; D326N,1
V47A; G220V; K225I; N365D,1
L98P; K225L; G308S,1
I134V; K225L; S372G,1
Q27R; K225L; S372T; E373Q; Y375F; N378G; N379S; K381A; V382T; F384Y; R385K; A389V; N390E; L391E; R394Q; I396V; K397E; P398E; T400K; K407N; I408K; R410E; F411E,1
K225L; E305A,1
K225L; C231R; C347R,1
G101S; I134V; G220V; K225I,1
Q123H; G220V; K225I; C231S,1
T51S; E154G; G220V; K225I,1
N63S; K225L; N293S,1
K225I; T264A,1
G220V; Y222D; K225I,1
K62N; D77N; K225L,1
F55L; G220V; K225I; V265A,1
K225L; P294Q; V382M,1
P12Q; H125Q; K225L; R280H,1
G24D; T51I; K225L,1
M1T; K225L; N274K,1
E154G; Y171N; K225T; D326N,1
P206L; G220V; K225I; C231S,1
H56Y; G220V; K225I; C231R,1
E28*; G101S; K225L,1
Q123R; S166C; G220V; K225I,1
T17I; L98P; K225L; N379K,1
E106D; E154G; F194V; G220V; K225I,1
P57L; G220V; K225I; N238D; P298S,1
E28*; K225L; D278N; Y355H,1
P2S; G220I; K225I,1
G220I; K225I; N297T,1
I48F; G220V; K225I; C231S; Y355H,1
G220V; K225I; V265D; A266E; Y268W; N269E; D270Q; Y272R; T273S; N277K; D278K; R280E; K281E; S284K,1
L98P; G220V; K225I; D270Y,1
G220V; K225I; V265A; D326G,1
G101S; F202L; K225L; N379K,1
Q27*; F194L; K225L,1
K225L; T234K; Q344N,1
H216R; K225L; T264I,1
P52S; N138D; K225L; D326N,1
P43L; G220V; K225I,1
L98P; K225L; S314F,1
E28K; K225L; N370D,1
Y20H; K225L; D270Y,1
S163F; K225L; S372R,1
E213K; K225L,1
K62N; E154G; G220V; K225I,1
F194L; K225L; I399T,1
G101S; K225L; N293D; R402H,1
G220V; K225I; R410L,1
Q27R; K62R; K225L; Y355H,1
K225L; P398T,1
P206T; G220V; K225I; C231S; Y355H,1
L98P; K225L; K397R,1
T160A; K225L; N269D,1
V47M; G101V; K225L,1
G101S; N122D; K225L; A340S,1
G220V; K225I; F252L; D270H,1
Q53K; H142R; K225L,1
S162C; N197S; G220V; K225I,1
G101S; K225L; F384S,1
K85R; K225L; R394H,1
I48M; P57L; G220V; K225I; V265D,1
D128Y; K225L; C231R; N383K,1
S166C; G220V; K225I; N362D,1
G220V; K225I; C231S; P294L,1
F202C; K225L,1
H56L; T88Q; P155L; K225L,1
K80E; K225L; I247T,1
E28K; G101N; K225L,1
G24V; G220I; K225I; G246D,1
G220V; K225I; C231S; E373*,1
R16H; G220V; K225I; C231S; Y355H,1
G101S; K225L; G308S,1
K225L; I233V; D270N,1
L98P; G220V; K225I; I316T,1
N195S; G223C; K225L,1
V47M; S99P; I199F; G220V; K225I,1
L98P; K225L; S367F,1
E154G; K225I; Y268H,1
N96D; K225L; A266T,1
D70N; G101S; K225L; E349K,1
I199N; G220V; K225I; S314N; Q344H,1
D77G; G101S; K225L,1
R82H; K225L; A389T,1
L98P; K225L; C231*,1
R82L; K225L; N274K,1
N96D; E154G; K225I; K342E,1
K89R; K225L; C231R,1
G220V; K225I; A313T,1
G220V; K225I; C347F; A389T,1
N63S; K225L; S292N,1
G220V; K225I; A389S,1
L98P; E105A; K225L,1
N10S; P23Q; K225L,1
K225L; I262M; N274K,1
K225L; T229M; Y355H,1
V47L; G220V; K225I,1
Q53K; K225L; N362D,1
P2L; S162C; G220V; K225I,1
H212R; K225L,1
E154G; S162I; S163F; K225Q; C231R,1
G220V; K225I; V265D; K406*,1
G101S; A131D; K225L,1
S6T; S32A; H56L; Q75T; S76T; T88Q; K225L; N365D,1
D205G; G220V; K225I,1
V13A; K225L; G401D,1
G101S; K225L; I352T,1
G220I; K225I; N370S,1
R16H; Q53K; K225L,1
G220V; K225I; L276I,1
R82C; K225L; L391M,1
K225L; Q387*,1
S198P; G220V; K225I; V265D,1
M1I; K225L; I408N,1
S60G; G220V; Y222F; K225I; C231S; Y355H,1
G220V; K225I; K381R; V382*; N383T; F384L; R385E; G386V; Q387R; N388M; A389Q; N390I; L391*; N392T; P393R; R394V; I395L; I396S; K397N; P398R; I399L; T400P; G401V; R402V; G403A; L404W; V405L; K407R; I408S; I409F; R410V,1
G101S; A207V; K225I; E349*,1
K225L; Q290K; A389T,1
K225L; I232T; D338N,1
E154G; K225I; E373D,1
N200D; K225L; Y355H,1
G101S; K225L; S372N; V405I,1
N8Y; K225L,1
N147S; S162I; G220V; K225I,1
E79K; G220V; K225T; C231S,1
G24C; G220V; K225I; C231R,1
L98P; K225L; C231R; E373D,1
A207T; K225L; K329R,1
K225L; C231G; T400A,1
P188T; K225L; C231R,1
Q53K; K225L; G308S,1
N122D; K225L; Q236K; S372N,1
G101S; E154D; K225L,1
K225L; N274K; D312N,1
K62R; G220V; K225I; C231S; R410H,1
I94F; K225L,1
K225L; R410P,1
G101S; G220V; K225I; S367F,1
K225L; R348S; Y355H,1
N92K; G220V; K225I; C231S; E305D; Y355H,1
K225L; A313S; N390T,1
N170T; K225L,1
R16H; R82C; K225L,1
P120L; K225L; K397R,1
S108N; G220V; K225I; V265D,1
G100D; E154G; K225I,1
N164S; G220V; K225I; A266E; N390K,1
T51I; G101S; K225L,1
G220V; K225I; C231S; Y355H; L363F,1
D117Y; M172I; K225L,1
N170I; K225L,1
Q53K; K225L; N258S,1
Q75R; G220V; K225I; C231S; E305*,1
G64S; L98P; K225L,1
M172I; K225T; C231R,1
S6T; I39V; K225L,1
K225L; A266E; N322D,1
T51I; E154G; K225I; N274K,1
K225L; C231R; L380F,1
G220V; K225I; C231S; S292N,1
I183M; K225L; Y272H; N362D,1
G220V; K225I; L260M; N362D,1
H125Y; E154G; K225I,1
K225L; T230R,1
G101S; K225I; I271N,1
G101S; K225L; L260M,1
K225L; I233T; G353D,1
N92K; K225L; V265G,1
L107M; G220V; K225I,1
E28K; G220V; K225I; C231S,1
G220V; K225I; K245N,1
E154G; S162I; K225I; S372R,1
G220V; K225I; T400A; R410S,1
E28A; K225L; R280H,1
F7L; G101S; K225L,1
E154G; Y171C; K225I; T230K,1
L210R; K225L,1
K225L; A313T; Q344N; S361A; N365D,1
G220I; K225I; N269T,1
L145M; K225L; P298T,1
L61M; G101S; K225L; Y355H,1
G127S; S162I; G220V; K225I,1
G115C; K225L; R402S,1
M151I; G220V; K225I; T350A,1
F194V; K225L; K288E,1
S162C; G220V; K225I; Y332F,1
S6T; S32A; L98P; K225L,1
S166Y; G220V; K225I; C231S; Y355H,1
P173Q; G177V; K225L,1
D128E; K225L,1
E28K; I39V; K225L,1
H56Y; Q75R; S108G; G220V; K225I; C231S,1
K225L; F303L; Y355H,1
P43S; S166A; G220V; K225I; T341A,1
K225L; C231R; I408N,1
D121P; S162C; G220V; K225I,1
G220V; K225I; P398L,1
E154G; K225I; C231R,1
K225L; D366N; K407N,1
K62N; Q75R; G220I; K225I; C231S,1
L98P; G220V; K225I; N261K,1
G220I; K225I; I263V,1
Q27R; K225L; S372N,1
G220V; K225I; A266S,1
E201G; G220V; K225I; C231S; Y355H,1
N197S; G220V; K225I; C231S; Y355H,1
N92S; G220I; K225I; C231S; Y355H,1
G220V; K225I; C231S; N277Y; Y355H,1
P173Q; S174N; K225L; I409V,1
L98P; K225L; N378S,1
G101S; K225L; G403A,1
F136L; K225L; F358L,1
E154G; A224T; K225L; D325N,1
Q53K; K225L; Q235H,1
G101S; A153S; K225L,1
V184I; K225L; N390D,1
G220V; Y222C; K225T,1
N118Y; K225L; N274K,1
T51N; G220V; K225I,1
S66A; K225L; Y355H,1
Q53K; Q75R; K225L,1
G101S; K225L; Q236R; I247L,1
I165V; K225L; Y299C,1
N195S; G220I; K225I; R280L,1
S180Y; K225L; A266E,1
S67R; I199N; K225L,1
S140N; K225L; A266E,1
T160M; G220I; K225I; I271V,1
K225I; N293D,1
Q27R; I42V; I199N; K225L; Y355H,1
K225L; I227T; Y355H,1
G101S; E154G; G220V; K225I; D366N,1
G49C; K225L; I227T,1
L98F; K225L; I377V,1
K225L; Y268H; F334L,1
I183V; K225L; K397E; P398T,1
E28G; S67R; K225L; C231S,1
K225L; Y355H; I377S,1
G101S; K225L; T254P,1
N116H; K225L,1
G101S; K225V,1
G220V; K225I; G403D,1
S32A; H56L; K225L; V265A,1
E154G; K225I; D366N,1
S76N; G220V; K225I; C231S; Y355H,1
G24S; G220V; K225I; C231S; Y355H,1
K225L; S292I; L328M,1
E44*; K225L; Y355H,1
G101S; K225L; G257C,1
G101S; E154K; I165N; K225L,1
K225L; Q236R; I316V,1
G101S; S162I; G220V; K225I; S318R,1
K225L; I233L,1
K225L; C231R; I408T,1
G101S; E201K; K225L,1
L104F; E154G; K225I; G401C,1
G220V; K225I; T229A,1
T264I,1
N118K; K225L,1
Q27R; M172I; K225L,1
S163F; K225Q; Y355H; I408V,1
K225L; I316T; R394S,1
L218M; K225L; N274K,1
F83S; N92K; N197S; K225L,1
E28K; G101S; G220V; K225I,1
G101S; G220V; K225I; I271V,1
P112Q; K225L; Y355H,1
H219D; K225L; N274K,1
K225L; N248S; T400A,1
K225L; I316T; T400P,1
E133K; K225L; V265A,1
L98P; K225L; S292I,1
N138D; K225Q,1
P2L; G220V; K225I,1
N10D; Q53R; K225L,1
S140I; G220V; K225I,1
I48T; K225L; S284N,1
G220V; K225I; K330R,1
K225L; C231S; K356R,1
G101S; K225L; S314A,1
G220V; K225I; C231S; S292I; Y355H,1
D121A; N161H; G220V; K225I,1
K225L; A313V; G386C,1
K37N; G220V; K225I; C231S; A313S,1
R82H; L98P; K225L,1
K225L; E349G; N379S,1
E28K; K225L; D278Y; G353C,1
K225L; N365T,1
E28K; K225L; Q290K; K397N,1
C26Y; G220V; K225I; S292N,1
N96S; V132I; K225L,1
K62R; K225L; N243S,1
A153S; S198T; I199D; K225L; C231R,1
W40*; K225L; E305K,1
K225L; I227N,1
M151I; K225L; I408D; I409H; R410S,1
Q53K; K225L; I321V,1
S162I; G220V,1
G101S; K225L; A313E,1
I199N; G220V; K225I; Q387H,1
G100C; G220V; K225I; C231S,1
S6T; H56L; G179V; K225L; V265A,1
K225L; N258D; Y279F; Y355H,1
K225L; I352V; Y355H,1
G220V; K225I; C231S; V345F; Y355H,1
L98P; K225L; C231S; D312N,1
N138D; K225L; I352V,1
I21T; E28K; G220I; K225I,1
S162C; L167M; G220V; K225I,1
L98P; G220V; K225I; E349K; K397E,1
E189*; K225L; D338Y,1
N118S; G220V; K225I,1
G101S; G220V; K225I; K323E,1
I90F; K225L,1
K225L; Y355H; F358S,1
S198T; I199D; K225I,1
S76R; K225L,1
K225L; D270N; Y355H,1
K225L; Y355H; P393L,1
G220V; K225I; C231S; R385K,1
Q204K; M211I; K225L,1
K225L; Q295L,1
F136L; K225L; G257S,1
P23T; G220I; K225I,1
R168C; G220V; K225I; C231R,1
N96S; K225L; Q290*,1
G101S; K225L; I408M,1
S162I; G220V; K225I; D325N,1
L98P; N175S; K225L; N258D,1
K225L; S287G; N376K,1
D65Y; K225L; N274K,1
K225L; I352V; Q354R,1
G220V; K225I; C231S; I327T,1
I41L; K225L,1
G220V; K225I; N362S,1
P12R; K225L,1
G49S; K225L; D278N,1
F7V; K225L,1
G49C; K225L; N293D,1
K225L; G257S; Q344N,1
K225L; I232T; N362D,1
M172I; K225L; T264S,1
I102L; M172R; K225L,1
H125Q; S162I; N164S; K225L,1
Y20H; E154G; K225I,1
G101S; G220V; K225I; Y268S,1
D81Y; G220V; K225I; C231S; D326G; Y355H,1
K225L; T273A; Y355H,1
S6T; S32A; L98P; G220V; K225I,1
Q53K; K225L; S361P,1
G220V; K225I; N248S; Y357H,1
F202V; G220V; K225I,1
K225L; I233V; N362D,1
P71T; R193H; K225L,1
S67N; N72D; K225L,1
R93L; K225L; V265A; Q267R,1
S162C; H216Q; K225Q,1
K225L; T229M; F343S,1
N170S; K225L; D278N,1
K225L; N238K; N390K,1
K225L; N376D; N383D,1
G101S; A129T; K225L,1
E28D; K225L; S284N,1
D70V; G101S; G220V; K225I,1
G220D; K225L; V382A,1
G220V; K225I; N390T,1
L98P; H125Y; G220V; K225I,1
G220I; K225I; E349K,1
N72D; K225L; I371V,1
G101S; K225L; S292G,1
K225I; Q354R; N362D,1
E154G; S162I; G220V; K225I; K407N,1
G101S; K225L; Q304*,1
N164S; G220V; K225I; S292N,1
S67N; E154G; G220V; K225I,1
G220V; K225I; D325G,1
L145M; K225L; V265A,1
K225L; E305G,1
K62N; G220V; K225I; P298L,1
G220V; K225I; C231S; G386S,1
K225L; N248S; A266V,1
K225L; N365H,1
P57T; G101S; K225L,1
H142D; K225L,1
E154G; K225I; K288E,1
S32A; E154G; G220V; K225I,1
P23T; G101S; K225L,1
K225L; A266E; V345I,1
Q27H; Q53K; K225L,1
S130A; H142Q; G220V; K225I,1
G101S; K225L; L363*,1
N63S; K225L; Q235R,1
G220V; K225I; C231S; P298L,1
R16S; D65N; K225L,1
K225L; D270H; S314F; S333L,1
Q141R; K225L; S372R,1
G101S; K225L; S314N; I316N; Q344N,1
H56Y; Q75R; G220V; K225I,1
Q75K; G220V; K225I,1
K225L; I232S; G308C,1
S162C; G220V; K225I; Q344N; N365D,1
Q27*; G220V; K225I,1
Q53K; G152C; K225L,1
D121V; K225L,1
N197D; G220V; K225I; C231S; Y355H,1
G220V; K225I; C231S; A266E; I352V; Y355H; R402L,1
N164S; G220V; K225I; Y355H,1
N96S; G139D; K225L,1
K225L; G257C; D278N,1
K225L; C231S; F343L,1
G220I; K225I; V319I,1
I102V; N164D; K225L,1
K225L; I352A,1
S99A; K225L; Y357C,1
K225L; N243S; A389T,1
D121P; G220I; K225I,1
H56L; G101S; K225L; D301Y,1
E159K; G220V; K225I,1
Q53K; K225L; N365D,1
G101S; E133A; K225L,1
G220V; K225I; C231S; S314Y; Y355H,1
N138D; K225L; K330R; G403C,1
E154G; K225I; D278N,1
L114P; K225L; R394H,1
Y30F; S32G; K225L; F411L,1
L98P; G220V; K225I; P298L,1
F194I; K225L; F411S,1
G220I; K225I; E250D,1
G220V; K225I; C231S; Q236K,1
G101S; K225L; T254I,1
G101S; E189*; K225L,1
K225L; S292N; D338E,1
S60N; A207S; K225L; R394H,1
R45C; G101S; K225L; F255I,1
Y30*; G220V; K225I,1
D15Y; G220V; K225I; C231S; Y355H,1
S174N; K225I; C231R; S292N,1
G220V; K225I; G374V,1
D77N; K225L; I262V,1
G25D; G101S; K225L,1
K225L; A266E; Y375H; A389V,1
E154G; G220V; K225I; N261I; S284N,1
Q53H; K225L,1
V13A; K225I; C231S,1
I35T; N175D; K225L; Q344*,1
K225L; E349K; K381T,1
K225L; N274K; N390D,1
G127C; K225L; C231R; G353C,1
K225L; Y357V; F358L; K359Q; L360I; S361V; N362*; L364A; N365E; D366R; S367L; I368Y; Y369L; N370Q; I371Y; S372*; E373R; Y375L; N376*; I377H; N378Q; N379*; K381E; V382G; N383E; F384L; R385*; G386R; Q387S; N388E; A389C; N390K; L391S; N392E; R394A; I395Y; I396Y; K397*; P398T; I399D; T400Y; G401R; R402S; G403W; L404P; V405G; K406*; I408D; I409H; R410S,1
K62R; K225L; G386C,1
S198T; I199D; V265D,1
S174N; K225I,1
K225L; I371T,1
G220V; K225I; C231S; G246D; Y355H,1
S99L; E154G; K225I,1
D15N; P188T; K225L,1
Q53K; K225L; K285E,1
L98F; K225L; N258K,1
G101S; K225I; V382A,1
E154G; K225I; I321T,1
W40C; H216R; K225L,1
K225L; V265D; D301A,1
K225L; Y355H; D366Y,1
G220V; K225I; Q236*; P298S,1
E28K; L61M; L98P; K225L,1
D156Y; K225L; A313T,1
E106*; G220V; K225T,1
G49S; S198T; I199D; K225L; Y355H,1
K225L; T230P,1
E159*; K225L; G353D,1
G223C; K225L; N274K,1
I165V; S166P; K225L,1
G220I; K225I; Y332F,1
S198T; I199D; A266E,1
D121P; S162I; S163F; K225L,1
I215V; K225L; A266V,1
H219Q; K225L,1
K225L; Y375H; R402S,1
S162I; G220V; K225I; G256V,1
E28K; S162R; K225L,1
G220V; K225I; D326E,1
E154G; S162I; K225I; V291A; Y355H,1
A110T; E154G; K225I,1
G101A; E154G; K225I,1
F29L; G101D; K225L; N293D,1
K225L; K397Q,1
E159G; K225L; Y332H,1
D11N; G101S; G220V; K225I,1
N197D; G220V; K225I; C231S,1
P71Q; S162N; K225L; A266E,1
K225L; C231R; S287I,1
G101S; K225L; K356E,1
L98P; S162N; K225L,1
S162I; N164S; G220V; K225I; I232V,1
G101S; K225L; P393S,1
K225L; I232V; I247V,1
G101S; G220V; K225I; S333L,1
I18L; G220V; K225I,1
G101S; K225L; T350A,1
A110V; N200D; K225L,1
G101S; K225L; T400I,1
P12S; G101S; K225L,1
Y73H; F186S; K225L,1
G24C; K225L; Y355H,1
G101S; K225L; S372T; E373Q; Y375F; N378G; N379S; K381A; V382T; F384Y; R385K; A389V; N390E; L391E; R394Q; I396V; K397E; P398E; T400R; K407N; I408K; R410E; F411E,1
G220V; K225I; R410S,1
S217N; K225L; Y357C,1
G139C; K225L; I352V,1
G220V; A224T; K225I; V265D,1
I48V; Q75T; S76T; T88P; K225L; Y299H,1
H56Y; K62R; K225L,1
L98P; K225L; F337L,1
G220I; K225I; K288T,1
G220I; K225I; N269K; L328M,1
F192V; G220V; K225I; C231S,1
G220I; K225I; E373D,1
K225L; C231*; E349K,1
M151V; G220V; K225I; V265D,1
E28K; K225L; K288R,1
S32N; N138D; K225L; E349K,1
N118H; G220V; K225I; N365D,1
G220V; K225I; R385G,1
N72D; G220V; K225I; C231S,1
G220V; K225I; I302T,1
G101S; G220V; K225I; I227V,1
K225L; N362D; V405I,1
G127D; V132A; K225L; I233V,1
S67N; N195T; K225L,1
N111S; G220V; K225I; C231R,1
G220V; K225I; D326N; S372R,1
G101S; K225L; L296M,1
E154G; K225I; D301G; N362S,1
K225L; Y375L; N376*; I377H; N378Q; N379Q; K381E; V382G; N383E; F384L; R385*; G386R; Q387S; N388E; A389C; N390K; L391S; N392E; R394A; I395Y; I396Y; K397Q; P398T; I399D; T400Y; G401R; R402S; G403W; L404P; V405G; K406*; I408D; I409H; R410S,1
K225L; C231R; E305*; I316V,1
V184I; K225L; R280S,1
K225L; I271V; I399V,1
G100D; G220V; K225I; S372I,1
H56R; G101S; K225L; K359N,1
L19M; S162I; G220V; K225I,1
P43L; G220V; K225I; C231S; Y355H,1
Q141K; S166P; K225L,1
Q75R; S198L; G220V; K225I; C231S,1
S6T; K225L; C231R,1
K225L; E250G,1
G127C; K225L; N243S,1
D77N; K225L; I227S,1
R168H; G220V; K225I; Y355H,1
P52S; G220V; K225I,1
F55S; K225L; D326N,1
G220V; K225I; P239Q,1
L84M; S162C; G220V; K225I,1
G101S; N164S; K225L,1
K225L; T400S,1
K225L; N243D,1
Q75R; K225L; Y355H,1
G220V; K225I; V265D; S333*,1
K225L; N238T; G401C,1
K37N; S162I; G220V; K225I,1
K225L; I232T; L380F,1
Q27R; G139D; K225L,1
N175S; K225L; D270N,1
E154G; H176R; K225L,1
K225L; N274K; Y375F; N378G; N379S; K381A; V382T; F384Y; R385K; A389V; N390E; L391E; R394Q; I396V; K397E; P398E; T400K; K407N; I408K; R410A; F411E,1
P57L; K225L; C231S,1
Y30*; K225L; K397N,1
S60R; G220V; K225I; F255V,1
L98P; K225L; D338Y,1
K225L; C231R; Y355H; I408N,1
S66F; G220V; K225I; C231S; Y355H,1
F194L; K225L; D325G,1
K225L; N362S; I396V,1
G220V; K225I; C231S; R394H,1
G220V; K225I; Y279C,1
G220V; K225I; T264P,1
G220V; K225I; V265N,1
H56Y; G101S; K225L,1
T50I; E154G; G220V; K225I; K281N,1
N8S; G220V; K225I; V265D,1
G152C; K225L; N379S,1
T88I; E154G; Y171N; K225I,1
S66P; G220V; K225I,1
Q53K; K225L; I262V; L276F,1
H56L; G101S; K225L,1
K62E; F158S; K225L,1
Q75R; G220V; K225I; C231S; Q236R,1
G220V; K225I; Q304K; N362D,1
E133*; E154G; G220V; K225I,1
F194L; K225L; P298Q,1
E28G; K225L; I247T,1
K225I; T230K,1
K225L; F252L; N274K,1
K225L; P294L,1
N161Y; K225L; N383D,1
Y113*; K225L; C231R,1
Y73N; K225L; Q290H,1
K135R; G220V; K225I; V265D,1
H56Y; G220V; K225I; Q295*,1
G115S; G220I; K225I,1
G139C; K225L; K306E,1
N118T; G220V; K225I; C231S; Y355H,1
S66F; G220V; K225I; V405A,1
K225L; Y355*; K356S; Y357T; F358S; K359N; L360C; S361L; N362T; L363C; L364*; N365T; D366T; S367L; I368S; Y369T; N370I; I371L; S372A; E373R; G374V; Y375I; N376T; I377S; N378T; N379T; L380*; K381R; V382*; N383T; F384L; R385E; G386V; Q387R; N388M; A389Q; N390I; L391*; N392T; P393R; R394V; I395L; I396S; K397N; P398R; I399L; T400P; G401V; R402V; G403A; L404W; V405L; K407R; I408S; I409F; R410V,1
G101S; K225L; N277H,1
E28K; K225L; N293D,1
N63H; E78K; K225L; S284R,1
G101S; S163P; K225L,1
Y113F; G220I; K225I,1
K225L; N390I; L391*; N392T; P393R; R394V; I395L; I396S; K397N; P398R; I399L; T400P; G401V; R402V; G403A; L404W; V405L; K407R; I408S; I409F; R410V,1
G220V; K225I; C231R; I368V,1
P58L; I199N; G220V; K225I; C231R,1
E78K; G220V; K225I; C231S; Y355H,1
D128Y; K225L; S372N,1
K225L; P239T; A266E,1
K22N; Q141H; K225L; A313T,1
G101S; K225L; D366E,1
M1I; F192L; K225L,1
G101S; M211I; K225L,1
N195S; K225L; I232L,1
F194L; K225L; N248K,1
L98P; R193S; K225L,1
S60R; L98P; K225L; V291A,1
G220V; K225I; C231S; Y355H; K359R,1
G101S; F186S; K225L,1
G101S; G220V; K225I; R402S,1
M1I; N92K; G220V; K225I; V265A,1
M1V; K225L; D278N,1
K225L; T264A; D278N,1
G220V; K225I; C231S; S367Y,1
L103P; G220V; K225I; V265A; V382M,1
F55S; K225L; C231R,1
I181M; G220V; K225I,1
V148I; G220V; K225I,1
F91L; G101S; K225L,1
E28K; E154G; S162N; K225I,1
L61M; K225L; I327V,1
K225L; S367T,1
D15V; L98P; G220V; K225I,1
H176R; K225L; P298S; V319I,1
Q53K; S130F; K225L,1
G220V; K225I; C231S; Y355H; Q387H,1
N10D; L98P; K225L,1
Q27K; K225L; G315S,1
E78*; E154G; G220V; K225I,1
K225L; I232V; G401D,1
L98P; K225L; R385S,1
P52L; P173L; K225L,1
C26F; K225L; C231S,1
D65N; K225L; A313T; K381N,1
F33I; K225L; N376K,1
T17A; G220V; K225I; C231S; Y355H,1
L98P; K225L; N243I,1
N92I; K225L,1
F202Y; G220V; K225I; C231S,1
L98P; G220V; K225I; K342E; Y355H,1
H125Y; Q141H; K225L,1
T50I; K225L; N243S,1
E154*; K225L; I247T,1
G220V; K225I; C231S; S287R; Y355H,1
S99L; G101S; S162I; G220V; K225I,1
Q53K; G220V; K225I; F334L,1
E154G; M211I; G220V; K225I,1
K62N; K225L; V291A,1
R402S,1
M172I; K225L; Y307C,1
Q123K; G220I; K225I,1
K225L; A389V; T400A,1
E28K; Q141R; K225L,1
Q53K; S217C; G220V; K225I,1
H176N; G220V; K225I; C231S; Y355H,1
Q53*; G220V; K225I; N388S,1
K225L; K356E; F358S,1
G115V; K225L; Y355H,1
M1I; K225L; A266E,1
S162I; K225L; R402S,1
G220V; K225L; I408N,1
G127V; K225L; K300Q,1
K225L; D366N; K407E,1
K225L; Y355W,1
G220V; K225I; V405D,1
G101S; K225L; A340T,1
N122D; I203S; K225L,1
N138D; F194V; K225L,1
G101D; Q123K; K225L,1
M151V; G220V; K225I,1
F194L; I215V; K225L,1
K62E; G101S; K225L,1
G220V; K225I; C231S; G353D; Y355H,1
K225L; D270E; Y299*,1
L98P; D128Y; K225L,1
M1I; G220I; K225I,1
D77Y; G220V; K225I,1
Q141H; S162C; K225L; I247T,1
K225L; N243S; T264I,1
K225L; R280L,1
K225L; K245R; N388D,1
K225L; N243S; N258D,1
S130Y; K225L; N258K,1
E154G; K225T,1
G220V; K225I; V265A; D338Y,1
G101S; I126L; K225L,1
L145M; S163F; K225L,1
G220V; K225I; C231S; Y355H; I409V,1
S66F; K225L; I232M,1
Y20H; Q53K; K225L; R394H,1
K225L; C231R; K407N,1
Q53K; F194L; K225L; I408S,1
K62N; K225L; I232L; L296M,1
K225L; I321L,1
Q141R; E154G; K225I,1
K225L; N258Y,1
N200D; K225L; C231R,1
N10H; G101S; I102L; K225L,1
M151I; K225L; V289A,1
E154G; A224T; K225L; D325N; G353C,1
G101S; K225L; G353V,1
G101S; G220V; K225I; D326G,1
L98P; N138D; K225L; V291M,1
K225L; D326A; R402S,1
S60N; G220V; K225T,1
L98P; S130P; K225L,1
E154G; K225I; I262V,1
E28K; E79*; K225L,1
N5Y; G220V; K225I,1
I143T; K225L,1
G220V; K225I; T254S,1
R193S; G220V; K225I; N365D,1
S162T; G220V; K225I; N269K; Q354R,1
G127C; K225L; D270N,1
N92K; G220V; K225I; C231R,1
V87M; L98P; G220V; K225I,1
K225L; Q237R; D270Y,1
I183T; G220I; K225I,1
I199T; K225L; N390D,1
G101S; D117N; G220V; K225I,1
S162C; M211I; G220V; K225I,1
S6T; P71Q; Q141K; K225L,1
M211I; K225L; C231R,1
G115S; G220V; K225I,1
E79A; K225L,1
E154G; G220V; K225I; C231F,1
E189K; K225L; K311E,1
G220V; K225I; C231S; Y355H; I377V,1
G220V; A224S; K225I; C231R,1
Q53K; K225L; K306N,1
D128H; K225L; Y355H,1
E154G; N195S; G220V; K225I,1
K225L; N238T; I352T,1
Q53K; K225L; N258D,1
D205E; K225L; S361A,1
G101S; G220V; K225I; A313V,1
K225L; I232T; L240Q,1
G220V; K225I; C231S; G256*; Y355H; E373D,1
S162I; G220V; K225I; I227T,1
G220V; K225I; Y279H; D326E,1
G101S; N147T; K225L,1
D128G; K225L; T341A,1
K225L; G257D; R280H; Q290*,1
G101S; S140R; K225L,1
E79D; G101S; K225L; D270Y; S292I,1
Q53K; S66P; K225L,1
D65Y; E154G; K225I,1
E154G; K225I; R402S,1
N164S; G220V; K225I; S284I,1
L98F; K225L; N248S; I262L,1
G220V; K225I; I316F,1
K225L; I227T; R394L,1
G220V; K225I; C231S; R244L,1
G101S; K225I; F252L,1
G220V; K225I; Y272C; N274S,1
N92K; G220V; K225I; C231S; T400P,1
H216L; K225L,1
K225L; S284N; I352V,1
P146L; E154G; K225T,1
K225L; K359R; G374S,1
R16H; L98P; K225L,1
D65N; N72Y; N161H; G220V; K225I,1
G220V; K225I; C231S; E336K; Y355H,1
K225L; N379H,1
T50P; G220V; K225I,1
G101S; G220V; K225I; V405I,1
P23L; D117G; K225L,1
S60C; K225L,1
E78*; K225L; A266E,1
T160A; R193H; K225L,1
E154G; G220V; K225I; D259Y,1
E154G; S162I; S163F; K225Q,1
K225L; C231R; K300T,1
L98P; G220V; K225I; C231S; Y355H; Q387H,1
H56Y; Q75R; G220V; K225I; C231S; Q354R,1
G101S; F202L; K225L; Y355H,1
K22*; K225L; Q267K; Q304K,1
K225L; V265G; V291M,1
E154G; G220V; K225I; N379S,1
S174I; K225L; S314N; I316N,1
G220V; K225I; Q344N; N365D,1
G220V; K225I; L275S,1
N72K; K225L,1
K225L; A313E; L328M,1
L98P; K225L; D270Y,1
E154G; G220V; K225I; T229M,1
E28K; K225L; I316V,1
K225L; G226C; Y355H,1
I199M; G220V; K225I,1
S162I; K225L; C231R,1
P173Q; G220V; K225I; C231S; Y355H,1
E154G; Y171N; K225I; A313V,1
K225L; N277D; F384S,1
G100C; K225L; Y355H,1
I41V; F55L; G220I; K225I,1
N138D; G220V; K225I; N388S,1
G101S; T160S; K225L,1
I21V; N96S; G220V; K225I; E251*,1
E154G; G220V; K225I; A389T,1
S6T; N72D; K225L,1
S162C; G220V; K225I; I247T,1
S162C; N164S; G220V; K225I; T400N,1
K62N; G220V; K225I; V265D,1
G220V; K225I; I262M; P294T,1
G101S; K225L; I247T; R402H,1
R82H; G220V; K225I,1
P43S; K225L; T264A,1
K225L; D312N; F358L,1
E28K; K225L; C231S,1
Q53K; K225L; R402L,1
K225L; A389T; K397N,1
K225L; L404Q,1
G220V; K225I; T273I,1
G220V; K225I; C231S; I302L; Y355H,1
H216D; K225L; A266E,1
E154G; R193H; G220V; K225I,1
S108T; K225L,1
K225L; D270N; Q344N,1
Q141R; E154G; G220V; K225I,1
G101S; K225L; K346R,1
D65Y; K225Q; C231R,1
G101S; P155Q; K225I,1
P120Q; G220V; K225I; R280S,1
G220V; K225I; C231S; Y355H; K381R,1
A207S; K225L; L391R,1
G101S; K225I; A266V; Y307H; Q344N; Q354R,1
G101S; K225L; K285R,1
H176Y; G220V; K225I,1
G101S; P120T; K225L,1
K225L; Y357F,1
E106G; K225L,1
P23L; G101S; G220I; K225I,1
G49D; K225L; V405I,1
G64S; G220V; K225I,1
S130F; G220V; K225I,1
Q75R; G220V; K225I; C231S; T264I,1
S163F; K225L; Q295K,1
G101S; G220V; K225I; G403D,1
K225L; T264P; L404M,1
G220I; K225I; K329N,1
G220I; K225I; D366E,1
G179S; G220V; K225I; V265A,1
F55I; K225L,1
M1I; K225L; C231R; S292N,1
M172R; G220V; K225I,1
R16L; G220V; K225I,1
I41T; K225L,1
T59I; E154G; G220V; K225I,1
Q53K; E105D; K225L,1
D128Y; G220I; K225I,1
G101S; S130F; K225L,1
M211I; K225L; G226C,1
L98P; Q204R; K225L,1
G101S; K225L; Y317*,1
N138D; F194L; K225L,1
G220V; K225I; D326N; K397N,1
L98I; K225L; K397N,1
K225I; D326E,1
N164S; K225L; D270Y,1
Q204H; K225L; K300N,1
L98P; K225L; T228I,1
K225L; L240M; N297S,1
K225L; L296P; E305D,1
R193H; G220V; K225I; I316V,1
K37E; G220V; K225I,1
G101S; K225L; V382M,1
Y113H; E154G; G220V; K225I,1
G220V; K225I; C231S; K288N; Y355H,1
I94N; G101S; K225L; Q354R,1
G220V; K225I; C231S; N261S; Y355H,1
V47G; K225L,1
Y68D; K225L,1
Y9C; G220V; K225I; I352V,1
G101S; S174G; K225L; G403S,1
G101S; S174G; K225L; L364V,1
Q53K; V184I; K225L,1
K37R; E154G; G220V; K225I,1
N161Y; G220V; K225I; V291L,1
K225L; Y369*,1
N138D; K225L; G256R,1
K225L; I233V; D366Y,1
N138D; K225L; A266T,1
N164S; G220V; K225I; N269S,1
N10S; G220V; K225I; C231S; Y355H,1
P120T; S162C; G220V; K225I,1
N111S; S162I; G220V; K225I,1
G101S; K225L; I377L,1
D156N; G220V; K225I,1
Q75R; L208M; G220V; K225I; C231S,1
L98P; K225L; D366N,1
E154G; G220V; K225I; S284G,1
Q53K; K225L; S284N,1
G220V; K225I; I232M; D301G,1
Q53P; K225L,1
S66Y; T88A; G220V; K225I; C231S,1
G101S; R193H; K225L,1
K225L; C231S; I316V,1
Q141R; K225L; I352V,1
S163F; K225Q; D259N; Y355H,1
K225L; D366E,1
G101S; K225L; A313S,1
Q75R; R168H; G220V; K225I; C231S; I247V,1
K80R; D121P; K225L,1
L98P; K225L; K288N,1
S108N; K225L; C231S,1
I41V; S162I; K225L,1
G101S; D117N; K225L,1
S162C; G220V; K225I; G226C,1
M172R; K225L; Y375I; N376T; I377S; N378T; N379T; L380*; K381R; V382*; N383T; F384L; R385E; G386V; Q387R; N388M; A389Q; N390I; L391*; N392T; P393R; R394V; I395L; I396S; K397N; P398R; I399L; T400P; G401V; R402V; G403A; L404W; V405L; K407R; I408S; I409F; R410V,1
S162I; G220V; K225I; S314F,1
H125Y; K225L; N383T; F384L; R385E; G386V; Q387R; N388M; A389Q; N390I; L391*; N392T; P393R; R394V; I395L; I396S; K397N; P398R; I399L; T400P; G401V; R402V; G403A; L404W; V405L; K407R; I408S; I409F; R410V,1
S140N; K225L; C231S; D270N,1
K62N; I150T; G220V; K225I; C231S; N248S; Y355H,1
K225L; Y299H; S318N,1
K225L; L404R,1
K225L; I227T; N248S,1
F136L; K225L; Q354R,1
G220V; K225I; C231S; P298T,1
I183V; I199T; K225L,1
G101S; G220V; K225I; D259Y,1
Q141H; E154G; G220V; K225I,1
K225L; N293K; N379H,1
G101S; K225L; R348S,1
A224S; K225L; N365D,1
Q75R; I102M; G220V; K225I; C231S,1
L98F; K225L; A389V,1
G220I; K225I; T229A,1
V184I; K225L; T242I,1
E28K; K225L; E251*,1
G220V; K225I; D301A,1
Q27R; K225L; P239Q,1
A131D; E154G; K225I,1
I199N; G220V; K225I; A313E,1
G220V; K225I; L331P; Y355H,1
G101S; S163A; K225L; I227V; N274K,1
G101S; K225L; C231F,1
I18V; K225I; C231R,1
K225L; I233V; G403D,1
L144S; G220V; K225I; V265D,1
K225L; L309M; Y355H; K397N,1
G220V; K225I; I271V,1
G220V; K225I; I227V; G308C,1
G101S; D128Y; K225L,1
S162C; G220V; K225I; R402S,1
K225L; P294Q; N388D,1
N195S; G220V; K225I; K330R,1
E28D; E154G; G220V; K225I,1
G220V; K225I; L240M,1
S99T; A182T; K225L,1
E154G; Y171N; K225I; Q267*,1
G115S,1
G220V; K225I; K381N,1
G220I; K225I; A266E,1
Q53K; P188S; K225L,1
E154*; G220V; K225I; C231S,1
G220V; K225I; I262M; K330R,1
L98F,1
S60G; K225L; K300E,1
E154G; Y171N; K225I; E349K,1
N111T; K225L,1
P71Q; K225L; C231R; E336K,1
N92T; E154G; G220V; K225I,1
E154G; K225I; I233V,1
L61Q; I199N; G220V; K225I,1
E106A; N138D; K225L,1
G220V; K225I; C231S; N320D; Y355H,1
S67N; K225L; G386S,1
S162N; K225L; C231S,1
E154G; G220V; K225I; N238K,1
G101S; A129E; K225L,1
V184I; K225L; N243S; R410H,1
T50S; E154G; S162I; S163F,1
L98F; P188L; K225L; C231G,1
K225L; I377S,1
G101S; F194L; K225L; K311R,1
K225L; A313V; K356E,1
G220V; K225I; C231S; A313S,1
G127C; K225L; C231R,1
S162I; G220V; K225I; G308C,1
N10T; G220V; K225I,1
A129S; K225I,1
T119A; G220V; K225I; C231S,1
K225L; C231R; P239Q,1
S162C; G220V; K225I; Q236R,1
G139V; G220V; K225I; T264I; D270N,1
S166P; G220V; K225I,1
T17A; G220V; K225I,1
G220I; K225I; T264S,1
G220V; K225T; C231S; F384L,1
E159K; G220I; K225I,1
E213G; K225L; A266E,1
P188T; G220V; K225I; C231S; Y355H,1
E154G; K225I; K323R,1
K225L; D278N; K306R,1
S162C; G220V; K225I; E305*,1
Q53K; N175S; K225L,1
M172I; L210M; K225L,1
L98P; A224S; K225L,1
G101S; K225L; N277Y; S314N; I316N,1
R82S; G220V; K225I,1
S60T; K225L,1
G101S; K225L; K406R,1
G101S; G220V; K225I; Q354R,1
E154G; K225I; G374C,1
V47L; E154G; G220V; K225I,1
K225L; A266E; D338G,1
N122S; E154G; G220V; K225I,1
C26F; K225L,1
G101S; P146S; K225L; Y355H,1
G101S; P146S; G220V; K225I,1
Q75T; S76T; T88Q; K225L; I368F,1
P43A; S130Y; K225L,1
S66A; E154G; G220V; K225I,1
S162I; G220V; K225I; I241V,1
N63T; L98P; K225L; T264A; K381E,1
K225L; K288E; Y357H,1
T51S; G220V; K225I,1
G101S; K225L; G257V,1
I41V; T51A; K225L,1
Q27K; G220V; K225I; D278N,1
Y20H; S174I; K225L,1
G220I; K225I; N274S,1
I42T; K225L; N274K,1
Q141H; G220V; K225I; V289L; D326N,1
E154G; Y171N; K225I; N258D,1
G220V; K225I; N248S; I409V,1
E154G; G220V; K225I; E251*,1
Y171N; K225I,1
D121P; K225L; E373G,1
K225L; R402P,1
Y9C; N111H; K225L,1
I35V; L98P; K225L; R280C,1
G101S; K225L; N297S,1
E154G; F194L; G220V; K225I; Q235R,1
G64C; G220V; K225I; C231S; Y355H,1
K225L; L275F; N379D,1
G179C; K225L; C231Y,1
S6T; S32A; H56L; G220I; K225L,1
L98P; G100V; K225L,1
L98P; M151I; K225L,1
G220V; K225I; C231S; I247V,1
G220V; K225I; Y332F,1
I181V; K225L; T230A; N365S,1
E154G; K225L; I247T,1
S60G; G220V; K225I; S292N,1
S162I; N164S; G220V; K225I; C231S; Y355H; R402C,1
P23Q; K225L; A313S,1
L98P; I102L; K225L,1
K109N; K225I; C231R,1
I134L; S174I; K225L; N274K,1
E28K; H56L; K225L,1
P173S; G220V; K225I; T229M,1
E28*; S162I; G220V; K225I,1
E154G; G220V; Y222*; K225I,1
K225L; T229M; T273A,1
G179V; G220V; K225I; Y355H,1
G220V; K225I; N362D; N390S,1
H176P; G220V; K225I,1
K225L; L276P,1
T59S; K225L; R385G,1
R82L; E154G; S166P; G220V; K225I; A389T,1
K225L; F255I,1
Y69H; G220V; K225I,1
K225L; I247T; T273I,1
E106G; N138D; G220V; K225I,1
K225L; C231R; D366Y,1
K225L; N274K; A389T,1
G220I; K225I; V382M,1
E154G; S162I; S163F; N169D; K225L,1
D11Y; S162C; G220V; K225I,1
L98I; K225L; G374C,1
L98P; N197S; K225I,1
K225L; N274K; S318I; D325E,1
K225L; I249L; N274K,1
N46S; D121N; K225L,1
G64S; G220V; K225I; C231S; Y355H,1
G220V; K225I; C231S; N261H; Y355H,1
R193H; G220V; K225I; C231R,1
G220V; K225I; N248S; L253F,1
K225L; C231R; S367P,1
K225L; G386V; Q387R; N388M; A389Q; N390I; L391*; N392T; P393R; R394I; I395L; I396S; K397N; P398R; I399L; T400P; G401V; R402V; G403A; L404W; V405L; K407R; I408S; I409F; R410V,1
Q123R; G220I; K225I,1
K225L; K346*,1
S162I; K225L; N261S,1
S162C; A182V; G220I; K225I,1
T209I; G220V; K225I; C231S; Y355H,1
E28K; K225L; N243S,1
E28K; K225L; I233T,1
Q75R; L98P; G220V; K225I; C231S,1
K225L; I396L,1
G101S; I181T; K225L,1
Y68C; G220V; K225I; C231S,1
L61M; E154G; K225I,1
P173Q; K225L; D310E,1
D81A; K225L,1
G220V; K225I; I241V; V265D,1
M1V; K225L; S287G,1
G24S; G220V; K225I,1
Y30H; K225L; F252L,1
G101S; K225L; N297S; S318N,1
N8D; S67N; K225L,1
F194V; K225L; R385*,1
G101S; K225L; C231R; N390K,1
T209A; K225L; L240M,1
R193H; K225L; C231R,1
Q53K; S180Y; K225L,1
V132I; E189K; K225L,1
H216R; K225L,1
K37N; D77N; G223D; K225L,1
I134L; S174I; K225L,1
N63D; K225L; N243S,1
R168H; G220V; K225I; C231S; Y355H,1
G101S; S137C; G220V; K225I,1
S137R; K225L; Y307H,1
G220I; K225I; K397N,1
K225L; A340P,1
K225L; T234K; G403D,1
P58T; G220V; K225I; C231S; Y355H,1
S76N; K225L; I316T,1
S32A; G220I; K225I,1
K225L; N320S; I352V,1
S6T; A182V; K225L,1
K22M; K225L; N370D,1
R16C; K225L; V291G,1
M36V; G101S; K225L,1
S162C; G220V; K225I; N277T,1
S60G; G220V; G223C; K225I,1
E44K; K225L; S372I,1
G101S; N200S; K225L,1
S180F; K225L; I352T,1
K225L; V319I; V382M,1
E154G; G177C; K225I,1
K225L; D270N; N383S,1
K225L; A266E; G374V,1
R193L; K225L; F343L,1
K225L; N274K; D325G,1
I39V; G220V; K225I; C231S; Y355H,1
K225L; N297D; K359R,1
I35V; K225L; C231R,1
S180Y; P188S; K225L,1
G220V; K225I; C231S; Y355H; I409T,1
G220V; K225I; C231R; I409T,1
G220V; K225I; I408D; I409H; R410S,1
G220V; K225I; N365T,1
G220V; K225I; N379K,1
H56N; G220I; K225I,1
Q53K; K225L; F252L,1
H56L; Q75T; S76T; K225L,1
V87M; A182T; K225L,1
K225L; N320S; S361P,1
S162I; N169D; G220V; K225I,1
K225L; C231S; A266E,1
A131T; K225L; N274K,1
D11Y; S162I; G220V; K225I,1
P43L; K225L; C231R,1
Q27K; Q53K; L103M; K225L,1
G152C; G220V; K225I,1
K225L; N274K; N293S,1
F29S; K225L; P239S,1
I90M; K225L; C231S,1
R16H; H56Y; G220V; K225I,1
S6L; G220V; K225I,1
G100C; A207T; K225L,1
K225L; C231R; I368V,1
G220V; K225I; N269S; R385S,1
N164S; G220V; K225I; C231S; N258D; Y355H,1
E79D; K225L; I302V,1
P58L; K225L; C231R,1
I199N; G220V; K225I; R402H,1
S162I; G220V; K225I; N390S,1
G101S; S217G; K225L,1
D81Y; K225L; D326A,1
L98P; K225L; G315D,1
N195I; E201*; K225I; C231R; F334C; N388D,1
G220V; K225I; V265A; D270A,1
S130F; K225L; T273I,1
K225L; G403A,1
N122D; S166P; G220V; K225I,1
L98P; K225L; A266V,1
E28D; N197D; K225L,1
K109R; K225L; D301A,1
G220V; K225I; K407N,1
E154G; K225I; K311I,1
E28K; K225L; P393L,1
S6T; Y20*; S32A; H56L; Q75T; S76T; T88Q; K225L,1
K225L; Q344N; E373K,1
G220V; K225I; I232T; R244C; V265D; A266E; Y268W; N269E; D270H; Y272R; T273S; N277K; D278K; R280E; K281E; S284K; N376D,1
S6L; G139D; G220V; K225I,1
G220I; K225I; E373*,1
D196G; M211R; K225L,1
S76I; G101S; K225L,1
E154G; P188T; G220V; K225I,1
K225L; K245E,1
M172T; G220V; K225I; C231S,1
A129T; S162C; G220V; K225I,1
L84V; K225L,1
K225L; C231S; K330R,1
G220I; K225I; D338Y,1
P2H; K225L; D278A,1
L98H; A153T; K225L,1
G101S; K225L; K346N,1
G220V; K225I; Q236R,1
E154G; G220V; K225I; K300R,1
Y20S; K225L; D326N,1
G101S; K225L; V289A,1
P23S; K225L; D325N,1
K225L; I399M,1
K225L; Y299D,1
K225L; C347*; Y355H,1
N111H; K225L,1
E154G; S162I; K225I; K359R,1
N72D; K225L; F252L; C347*,1
K225L; R348L,1
L98P; K225L; V405I,1
Q27R; K225L; F334L,1
Y190H; K225L,1
L98P; K225L; I408N,1
G220V; K225I; R348C,1
M1I; K225L; C231R,1
L98P; T160S; G220V; K225I; I377L; G401S,1
K225L; R385*,1
L98P; V184I; K225L; A266E,1
Q141*; A224E; K225L,1
E154G; G220V; K225I; E336*,1
G101S; K225L; T400A,1
P57H; I102L; K225L,1
Q53K; S187P; K225L,1
G101S; M172R; K225L,1
I42V; K225L; Y307H,1
Q141K; K225L; I232V,1
S163A; G220I; K225I; C231S; Y355H,1
Q53K; G101C; K225L,1
G220V; K225I; K356M; N362D,1
K225L; T264P; S318N,1
H125R; G220I; K225I,1
E154G; Y171N; K225I; Y375H,1
P71S; K225L; V345I,1
S162I; G220V; K225I; T264P,1
Q53K; M172I; K225L,1
K225L; S372T; E373Q; Y375F; N378G; N379S; K381A; V382A; F384Y; R385K; A389V; N390E; L391E; R394Q; I396V; K397E; P398E; T400K; K407N; I408K; R410E; F411E,1
S137N; K225L; V265A,1
D11Y; K225L; C231R; R402H,1
N138D; E154G; K225L,1
I199N; G220V; K225I; R402S,1
E28*; K225L; V382M,1
G220V; K225L; S314N; I316N; Q344N,1
K62N; D65T; K225L,1
G101S; L167P; K225L,1
G101S; G220V; K225I; G401C,1
K225L; Q344K; G353S,1
Q141*; K225I,1
P120S; K225L; C231R,1
S6T; S32A; H56L; S162T; G220V; K225I; Q354R,1
S6T; S32G; K225L; I352L,1
E79*; K225L; A389T,1
G220I; K225I; V405L; K407R; I408S; I409F; R410V,1
R93L; S162I; K225L,1
K225L; I227L,1
N200D; K225L; Y357*,1
I18V; K225L; R402S,1
K225L; Y375H; Q387K,1
N96I; K225L,1
G220V; K225I; T229M,1
G220V; K225I; C231S; S284N; Y355H,1
Q53K; K225L; S361F,1
D196Y; G220V; K225I; D338N,1
L145M; P188Q; K225L,1
G220I; K225I; A266E; F334L,1
K225L; G386R; Q387S; N388E; A389C; N390K; L391S; N392E; R394A; I395Y; I396Y; K397Q; P398T; I399D; T400Y; G401R; R402S; G403W; L404P; V405G; K406*; I408D; I409H; R410S,1
I102L; G220V; K225I; C231S,1
D65E; S162I; G220V; K225I,1
A153T; G220V; K225I; C231S; Y355H,1
K89N; K225L,1
K225L; N390T; R410H,1
R193S; M211V; K225L,1
L98I; K225L; I232L,1
K225L; D270A; R394H,1
K225L; A266E; A389T,1
P52S; K225L; D338Y,1
G101S; P146S; K225L,1
P57S; G220V; K225I; C231R,1
M1I; K225L; T350I,1
K225L; N248S; F343S,1
L98P; R168C; K225L,1
L103P; K225L; V265I,1
