position_1,position_2,mutation_pair,observed_frequency,expected_frequency,position_pair
53,98,Pos53_K-Pos98_P,8.546382438405e-05,0.0002545992940329342,Pos53-Pos98
53,98,Pos53_K-Pos98_F,2.4418235538300004e-05,2.4767041920980283e-05,Pos53-Pos98
53,98,Pos53_K-Pos98_R,0.0,2.9484573715452714e-06,Pos53-Pos98
53,98,Pos53_K-Pos98_I,0.0,5.4546461373587526e-06,Pos53-Pos98
53,98,Pos53_K-Pos98_V,0.0,1.474228685772636e-07,Pos53-Pos98
53,98,Pos53_K-Pos98_H,0.0,4.4226860573179075e-07,Pos53-Pos98
53,98,Pos53_*-Pos98_P,0.0,4.118896566761322e-06,Pos53-Pos98
53,98,Pos53_*-Pos98_F,0.0,4.0068015241221894e-07,Pos53-Pos98
53,98,Pos53_*-Pos98_R,0.0,4.770001814431178e-08,Pos53-Pos98
53,98,Pos53_*-Pos98_I,0.0,8.824503356697678e-08,Pos53-Pos98
53,98,Pos53_*-Pos98_V,0.0,2.3850009072155893e-09,Pos53-Pos98
53,98,Pos53_*-Pos98_H,0.0,7.155002721646767e-09,Pos53-Pos98
53,98,Pos53_R-Pos98_P,2.4418235538300004e-05,8.495224168945226e-06,Pos53-Pos98
53,98,Pos53_R-Pos98_F,0.0,8.264028143502015e-07,Pos53-Pos98
53,98,Pos53_R-Pos98_R,1.2209117769150002e-05,9.838128742264303e-08,Pos53-Pos98
53,98,Pos53_R-Pos98_I,0.0,1.8200538173188962e-07,Pos53-Pos98
53,98,Pos53_R-Pos98_V,0.0,4.919064371132152e-09,Pos53-Pos98
53,98,Pos53_R-Pos98_H,0.0,1.4757193113396454e-08,Pos53-Pos98
53,98,Pos53_L-Pos98_P,0.0,7.722931062677478e-07,Pos53-Pos98
53,98,Pos53_L-Pos98_F,0.0,7.512752857729103e-08,Pos53-Pos98
53,98,Pos53_L-Pos98_R,0.0,8.943753402058457e-09,Pos53-Pos98
53,98,Pos53_L-Pos98_I,0.0,1.6545943793808146e-08,Pos53-Pos98
53,98,Pos53_L-Pos98_V,0.0,4.471876701029229e-10,Pos53-Pos98
53,98,Pos53_L-Pos98_H,0.0,1.3415630103087686e-09,Pos53-Pos98
53,98,Pos53_E-Pos98_P,0.0,5.148620708451652e-07,Pos53-Pos98
53,98,Pos53_E-Pos98_F,0.0,5.008501905152737e-08,Pos53-Pos98
53,98,Pos53_E-Pos98_R,0.0,5.962502268038972e-09,Pos53-Pos98
53,98,Pos53_E-Pos98_I,0.0,1.1030629195872098e-08,Pos53-Pos98
53,98,Pos53_E-Pos98_V,0.0,2.9812511340194867e-10,Pos53-Pos98
53,98,Pos53_E-Pos98_H,0.0,8.943753402058458e-10,Pos53-Pos98
53,98,Pos53_H-Pos98_P,0.0,2.574310354225826e-07,Pos53-Pos98
53,98,Pos53_H-Pos98_F,0.0,2.5042509525763684e-08,Pos53-Pos98
53,98,Pos53_H-Pos98_R,0.0,2.981251134019486e-09,Pos53-Pos98
53,98,Pos53_H-Pos98_I,0.0,5.515314597936049e-09,Pos53-Pos98
53,98,Pos53_H-Pos98_V,0.0,1.4906255670097433e-10,Pos53-Pos98
53,98,Pos53_H-Pos98_H,0.0,4.471876701029229e-10,Pos53-Pos98
53,98,Pos53_P-Pos98_P,0.0,2.574310354225826e-07,Pos53-Pos98
53,98,Pos53_P-Pos98_F,0.0,2.5042509525763684e-08,Pos53-Pos98
53,98,Pos53_P-Pos98_R,0.0,2.981251134019486e-09,Pos53-Pos98
53,98,Pos53_P-Pos98_I,0.0,5.515314597936049e-09,Pos53-Pos98
53,98,Pos53_P-Pos98_V,0.0,1.4906255670097433e-10,Pos53-Pos98
53,98,Pos53_P-Pos98_H,0.0,4.471876701029229e-10,Pos53-Pos98
53,101,Pos53_K-Pos101_S,0.00018313676653725002,0.0008939722750525264,Pos53-Pos101
53,101,Pos53_K-Pos101_D,0.0,3.243303108699799e-06,Pos53-Pos101
53,101,Pos53_K-Pos101_V,0.0,2.2113430286589536e-06,Pos53-Pos101
53,101,Pos53_K-Pos101_R,0.0,2.948457371545272e-07,Pos53-Pos101
53,101,Pos53_K-Pos101_C,1.2209117769150002e-05,2.506188765813481e-06,Pos53-Pos101
53,101,Pos53_K-Pos101_A,0.0,1.031960080040845e-06,Pos53-Pos101
53,101,Pos53_K-Pos101_N,0.0,1.474228685772636e-07,Pos53-Pos101
53,101,Pos53_*-Pos101_S,1.2209117769150002e-05,1.4462645501355331e-05,Pos53-Pos101
53,101,Pos53_*-Pos101_D,0.0,5.2470019958742957e-08,Pos53-Pos101
53,101,Pos53_*-Pos101_V,0.0,3.5775013608233834e-08,Pos53-Pos101
53,101,Pos53_*-Pos101_R,0.0,4.770001814431179e-09,Pos53-Pos101
53,101,Pos53_*-Pos101_C,0.0,4.054501542266501e-08,Pos53-Pos101
53,101,Pos53_*-Pos101_A,0.0,1.6695006350509123e-08,Pos53-Pos101
53,101,Pos53_*-Pos101_N,0.0,2.3850009072155893e-09,Pos53-Pos101
53,101,Pos53_R-Pos101_S,3.662735330745e-05,2.9829206346545365e-05,Pos53-Pos101
53,101,Pos53_R-Pos101_D,0.0,1.0821941616490735e-07,Pos53-Pos101
53,101,Pos53_R-Pos101_V,0.0,7.378596556698227e-08,Pos53-Pos101
53,101,Pos53_R-Pos101_R,0.0,9.838128742264304e-09,Pos53-Pos101
53,101,Pos53_R-Pos101_C,0.0,8.362409430924659e-08,Pos53-Pos101
53,101,Pos53_R-Pos101_A,0.0,3.443345059792506e-08,Pos53-Pos101
53,101,Pos53_R-Pos101_N,0.0,4.919064371132152e-09,Pos53-Pos101
53,101,Pos53_L-Pos101_S,0.0,2.711746031504124e-06,Pos53-Pos101
53,101,Pos53_L-Pos101_D,0.0,9.838128742264304e-09,Pos53-Pos101
53,101,Pos53_L-Pos101_V,0.0,6.7078150515438435e-09,Pos53-Pos101
53,101,Pos53_L-Pos101_R,0.0,8.943753402058458e-10,Pos53-Pos101
53,101,Pos53_L-Pos101_C,0.0,7.60219039174969e-09,Pos53-Pos101
53,101,Pos53_L-Pos101_A,0.0,3.13031369072046e-09,Pos53-Pos101
53,101,Pos53_L-Pos101_N,0.0,4.471876701029229e-10,Pos53-Pos101
53,101,Pos53_E-Pos101_S,0.0,1.8078306876694164e-06,Pos53-Pos101
53,101,Pos53_E-Pos101_D,0.0,6.5587524948428696e-09,Pos53-Pos101
53,101,Pos53_E-Pos101_V,0.0,4.471876701029229e-09,Pos53-Pos101
53,101,Pos53_E-Pos101_R,0.0,5.962502268038973e-10,Pos53-Pos101
53,101,Pos53_E-Pos101_C,0.0,5.0681269278331265e-09,Pos53-Pos101
53,101,Pos53_E-Pos101_A,0.0,2.0868757938136403e-09,Pos53-Pos101
53,101,Pos53_E-Pos101_N,0.0,2.9812511340194867e-10,Pos53-Pos101
53,101,Pos53_H-Pos101_S,0.0,9.039153438347082e-07,Pos53-Pos101
53,101,Pos53_H-Pos101_D,0.0,3.2793762474214348e-09,Pos53-Pos101
53,101,Pos53_H-Pos101_V,0.0,2.2359383505146146e-09,Pos53-Pos101
53,101,Pos53_H-Pos101_R,0.0,2.9812511340194867e-10,Pos53-Pos101
53,101,Pos53_H-Pos101_C,0.0,2.5340634639165632e-09,Pos53-Pos101
53,101,Pos53_H-Pos101_A,0.0,1.0434378969068202e-09,Pos53-Pos101
53,101,Pos53_H-Pos101_N,0.0,1.4906255670097433e-10,Pos53-Pos101
53,101,Pos53_P-Pos101_S,0.0,9.039153438347082e-07,Pos53-Pos101
53,101,Pos53_P-Pos101_D,0.0,3.2793762474214348e-09,Pos53-Pos101
53,101,Pos53_P-Pos101_V,0.0,2.2359383505146146e-09,Pos53-Pos101
53,101,Pos53_P-Pos101_R,0.0,2.9812511340194867e-10,Pos53-Pos101
53,101,Pos53_P-Pos101_C,0.0,2.5340634639165632e-09,Pos53-Pos101
53,101,Pos53_P-Pos101_A,0.0,1.0434378969068202e-09,Pos53-Pos101
53,101,Pos53_P-Pos101_N,0.0,1.4906255670097433e-10,Pos53-Pos101
53,154,Pos53_K-Pos154_G,1.2209117769150002e-05,0.0002945508914173727,Pos53-Pos154
53,154,Pos53_K-Pos154_A,0.0,3.243303108699799e-06,Pos53-Pos154
53,154,Pos53_K-Pos154_*,0.0,2.9484573715452714e-06,Pos53-Pos154
53,154,Pos53_K-Pos154_K,0.0,1.6216515543498995e-06,Pos53-Pos154
53,154,Pos53_K-Pos154_D,0.0,4.4226860573179075e-07,Pos53-Pos154
53,154,Pos53_*-Pos154_G,1.2209117769150002e-05,4.765231812616747e-06,Pos53-Pos154
53,154,Pos53_*-Pos154_A,0.0,5.2470019958742957e-08,Pos53-Pos154
53,154,Pos53_*-Pos154_*,0.0,4.770001814431178e-08,Pos53-Pos154
53,154,Pos53_*-Pos154_K,0.0,2.6235009979371478e-08,Pos53-Pos154
53,154,Pos53_*-Pos154_D,0.0,7.155002721646767e-09,Pos53-Pos154
53,154,Pos53_R-Pos154_G,2.4418235538300004e-05,9.82829061352204e-06,Pos53-Pos154
53,154,Pos53_R-Pos154_A,0.0,1.0821941616490735e-07,Pos53-Pos154
53,154,Pos53_R-Pos154_*,0.0,9.838128742264303e-08,Pos53-Pos154
53,154,Pos53_R-Pos154_K,0.0,5.4109708082453674e-08,Pos53-Pos154
53,154,Pos53_R-Pos154_D,0.0,1.4757193113396454e-08,Pos53-Pos154
53,154,Pos53_L-Pos154_G,0.0,8.934809648656399e-07,Pos53-Pos154
53,154,Pos53_L-Pos154_A,0.0,9.838128742264304e-09,Pos53-Pos154
53,154,Pos53_L-Pos154_*,0.0,8.943753402058457e-09,Pos53-Pos154
53,154,Pos53_L-Pos154_K,0.0,4.919064371132152e-09,Pos53-Pos154
53,154,Pos53_L-Pos154_D,0.0,1.3415630103087686e-09,Pos53-Pos154
53,154,Pos53_E-Pos154_G,0.0,5.956539765770934e-07,Pos53-Pos154
53,154,Pos53_E-Pos154_A,0.0,6.5587524948428696e-09,Pos53-Pos154
53,154,Pos53_E-Pos154_*,0.0,5.962502268038972e-09,Pos53-Pos154
53,154,Pos53_E-Pos154_K,0.0,3.2793762474214348e-09,Pos53-Pos154
53,154,Pos53_E-Pos154_D,0.0,8.943753402058458e-10,Pos53-Pos154
53,154,Pos53_H-Pos154_G,0.0,2.978269882885467e-07,Pos53-Pos154
53,154,Pos53_H-Pos154_A,0.0,3.2793762474214348e-09,Pos53-Pos154
53,154,Pos53_H-Pos154_*,0.0,2.981251134019486e-09,Pos53-Pos154
53,154,Pos53_H-Pos154_K,0.0,1.6396881237107174e-09,Pos53-Pos154
53,154,Pos53_H-Pos154_D,0.0,4.471876701029229e-10,Pos53-Pos154
53,154,Pos53_P-Pos154_G,0.0,2.978269882885467e-07,Pos53-Pos154
53,154,Pos53_P-Pos154_A,0.0,3.2793762474214348e-09,Pos53-Pos154
53,154,Pos53_P-Pos154_*,0.0,2.981251134019486e-09,Pos53-Pos154
53,154,Pos53_P-Pos154_K,0.0,1.6396881237107174e-09,Pos53-Pos154
53,154,Pos53_P-Pos154_D,0.0,4.471876701029229e-10,Pos53-Pos154
53,162,Pos53_K-Pos162_C,0.0,9.59722874437986e-05,Pos53-Pos162
53,162,Pos53_K-Pos162_I,7.32547066149e-05,0.00015317236045177686,Pos53-Pos162
53,162,Pos53_K-Pos162_N,0.0,9.582486457522133e-06,Pos53-Pos162
53,162,Pos53_K-Pos162_T,0.0,5.012377531626962e-06,Pos53-Pos162
53,162,Pos53_K-Pos162_G,0.0,1.474228685772636e-07,Pos53-Pos162
53,162,Pos53_K-Pos162_R,0.0,1.1793829486181088e-06,Pos53-Pos162
53,162,Pos53_K-Pos162_V,0.0,2.948457371545272e-07,Pos53-Pos162
53,162,Pos53_*-Pos162_C,0.0,1.5526355905973485e-06,Pos53-Pos162
53,162,Pos53_*-Pos162_I,0.0,2.478015942596997e-06,Pos53-Pos162
53,162,Pos53_*-Pos162_N,0.0,1.550250589690133e-07,Pos53-Pos162
53,162,Pos53_*-Pos162_T,1.2209117769150002e-05,8.109003084533002e-08,Pos53-Pos162
53,162,Pos53_*-Pos162_G,0.0,2.3850009072155893e-09,Pos53-Pos162
53,162,Pos53_*-Pos162_R,0.0,1.9080007257724715e-08,Pos53-Pos162
53,162,Pos53_*-Pos162_V,0.0,4.770001814431179e-09,Pos53-Pos162
53,162,Pos53_R-Pos162_C,0.0,3.202310905607031e-06,Pos53-Pos162
53,162,Pos53_R-Pos162_I,0.0,5.110907881606306e-06,Pos53-Pos162
53,162,Pos53_R-Pos162_N,0.0,3.1973918412358987e-07,Pos53-Pos162
53,162,Pos53_R-Pos162_T,0.0,1.6724818861849317e-07,Pos53-Pos162
53,162,Pos53_R-Pos162_G,0.0,4.919064371132152e-09,Pos53-Pos162
53,162,Pos53_R-Pos162_R,0.0,3.9352514969057214e-08,Pos53-Pos162
53,162,Pos53_R-Pos162_V,0.0,9.838128742264304e-09,Pos53-Pos162
53,162,Pos53_L-Pos162_C,0.0,2.9111917323700283e-07,Pos53-Pos162
53,162,Pos53_L-Pos162_I,0.0,4.646279892369369e-07,Pos53-Pos162
53,162,Pos53_L-Pos162_N,0.0,2.9067198556689986e-08,Pos53-Pos162
53,162,Pos53_L-Pos162_T,0.0,1.520438078349938e-08,Pos53-Pos162
53,162,Pos53_L-Pos162_G,0.0,4.471876701029229e-10,Pos53-Pos162
53,162,Pos53_L-Pos162_R,0.0,3.5775013608233834e-09,Pos53-Pos162
53,162,Pos53_L-Pos162_V,0.0,8.943753402058458e-10,Pos53-Pos162
53,162,Pos53_E-Pos162_C,0.0,1.9407944882466856e-07,Pos53-Pos162
53,162,Pos53_E-Pos162_I,0.0,3.0975199282462464e-07,Pos53-Pos162
53,162,Pos53_E-Pos162_N,0.0,1.937813237112666e-08,Pos53-Pos162
53,162,Pos53_E-Pos162_T,0.0,1.0136253855666253e-08,Pos53-Pos162
53,162,Pos53_E-Pos162_G,0.0,2.9812511340194867e-10,Pos53-Pos162
53,162,Pos53_E-Pos162_R,0.0,2.3850009072155893e-09,Pos53-Pos162
53,162,Pos53_E-Pos162_V,0.0,5.962502268038973e-10,Pos53-Pos162
53,162,Pos53_H-Pos162_C,0.0,9.703972441233428e-08,Pos53-Pos162
53,162,Pos53_H-Pos162_I,0.0,1.5487599641231232e-07,Pos53-Pos162
53,162,Pos53_H-Pos162_N,0.0,9.68906618556333e-09,Pos53-Pos162
53,162,Pos53_H-Pos162_T,0.0,5.0681269278331265e-09,Pos53-Pos162
53,162,Pos53_H-Pos162_G,0.0,1.4906255670097433e-10,Pos53-Pos162
53,162,Pos53_H-Pos162_R,0.0,1.1925004536077947e-09,Pos53-Pos162
53,162,Pos53_H-Pos162_V,0.0,2.9812511340194867e-10,Pos53-Pos162
53,162,Pos53_P-Pos162_C,0.0,9.703972441233428e-08,Pos53-Pos162
53,162,Pos53_P-Pos162_I,0.0,1.5487599641231232e-07,Pos53-Pos162
53,162,Pos53_P-Pos162_N,0.0,9.68906618556333e-09,Pos53-Pos162
53,162,Pos53_P-Pos162_T,0.0,5.0681269278331265e-09,Pos53-Pos162
53,162,Pos53_P-Pos162_G,0.0,1.4906255670097433e-10,Pos53-Pos162
53,162,Pos53_P-Pos162_R,0.0,1.1925004536077947e-09,Pos53-Pos162
53,162,Pos53_P-Pos162_V,0.0,2.9812511340194867e-10,Pos53-Pos162
53,220,Pos53_K-Pos220_I,2.4418235538300004e-05,0.00029484573715452716,Pos53-Pos220
53,220,Pos53_K-Pos220_V,0.00025639147315215,0.0021391058230560947,Pos53-Pos220
53,220,Pos53_K-Pos220_D,0.0,1.1793829486181088e-06,Pos53-Pos220
53,220,Pos53_K-Pos220_C,1.2209117769150002e-05,1.031960080040845e-06,Pos53-Pos220
53,220,Pos53_K-Pos220_A,0.0,1.474228685772636e-07,Pos53-Pos220
53,220,Pos53_K-Pos220_S,0.0,7.371143428863178e-07,Pos53-Pos220
53,220,Pos53_K-Pos220_F,0.0,1.474228685772636e-07,Pos53-Pos220
53,220,Pos53_*-Pos220_I,0.0,4.770001814431178e-06,Pos53-Pos220
53,220,Pos53_*-Pos220_V,4.883647107660001e-05,3.46063631636982e-05,Pos53-Pos220
53,220,Pos53_*-Pos220_D,0.0,1.9080007257724715e-08,Pos53-Pos220
53,220,Pos53_*-Pos220_C,0.0,1.6695006350509123e-08,Pos53-Pos220
53,220,Pos53_*-Pos220_A,0.0,2.3850009072155893e-09,Pos53-Pos220
53,220,Pos53_*-Pos220_S,0.0,1.1925004536077945e-08,Pos53-Pos220
53,220,Pos53_*-Pos220_F,0.0,2.3850009072155893e-09,Pos53-Pos220
53,220,Pos53_R-Pos220_I,1.2209117769150002e-05,9.838128742264304e-06,Pos53-Pos220
53,220,Pos53_R-Pos220_V,4.883647107660001e-05,7.137562402512752e-05,Pos53-Pos220
53,220,Pos53_R-Pos220_D,0.0,3.9352514969057214e-08,Pos53-Pos220
53,220,Pos53_R-Pos220_C,0.0,3.443345059792506e-08,Pos53-Pos220
53,220,Pos53_R-Pos220_A,0.0,4.919064371132152e-09,Pos53-Pos220
53,220,Pos53_R-Pos220_S,0.0,2.4595321855660758e-08,Pos53-Pos220
53,220,Pos53_R-Pos220_F,0.0,4.919064371132152e-09,Pos53-Pos220
53,220,Pos53_L-Pos220_I,0.0,8.943753402058457e-07,Pos53-Pos220
53,220,Pos53_L-Pos220_V,0.0,6.488693093193411e-06,Pos53-Pos220
53,220,Pos53_L-Pos220_D,0.0,3.5775013608233834e-09,Pos53-Pos220
53,220,Pos53_L-Pos220_C,0.0,3.13031369072046e-09,Pos53-Pos220
53,220,Pos53_L-Pos220_A,0.0,4.471876701029229e-10,Pos53-Pos220
53,220,Pos53_L-Pos220_S,0.0,2.2359383505146142e-09,Pos53-Pos220
53,220,Pos53_L-Pos220_F,0.0,4.471876701029229e-10,Pos53-Pos220
53,220,Pos53_E-Pos220_I,0.0,5.962502268038972e-07,Pos53-Pos220
53,220,Pos53_E-Pos220_V,0.0,4.325795395462275e-06,Pos53-Pos220
53,220,Pos53_E-Pos220_D,0.0,2.3850009072155893e-09,Pos53-Pos220
53,220,Pos53_E-Pos220_C,0.0,2.0868757938136403e-09,Pos53-Pos220
53,220,Pos53_E-Pos220_A,0.0,2.9812511340194867e-10,Pos53-Pos220
53,220,Pos53_E-Pos220_S,0.0,1.490625567009743e-09,Pos53-Pos220
53,220,Pos53_E-Pos220_F,0.0,2.9812511340194867e-10,Pos53-Pos220
53,220,Pos53_H-Pos220_I,0.0,2.981251134019486e-07,Pos53-Pos220
53,220,Pos53_H-Pos220_V,0.0,2.1628976977311373e-06,Pos53-Pos220
53,220,Pos53_H-Pos220_D,0.0,1.1925004536077947e-09,Pos53-Pos220
53,220,Pos53_H-Pos220_C,0.0,1.0434378969068202e-09,Pos53-Pos220
53,220,Pos53_H-Pos220_A,0.0,1.4906255670097433e-10,Pos53-Pos220
53,220,Pos53_H-Pos220_S,0.0,7.453127835048715e-10,Pos53-Pos220
53,220,Pos53_H-Pos220_F,0.0,1.4906255670097433e-10,Pos53-Pos220
53,220,Pos53_P-Pos220_I,0.0,2.981251134019486e-07,Pos53-Pos220
53,220,Pos53_P-Pos220_V,0.0,2.1628976977311373e-06,Pos53-Pos220
53,220,Pos53_P-Pos220_D,0.0,1.1925004536077947e-09,Pos53-Pos220
53,220,Pos53_P-Pos220_C,0.0,1.0434378969068202e-09,Pos53-Pos220
53,220,Pos53_P-Pos220_A,0.0,1.4906255670097433e-10,Pos53-Pos220
53,220,Pos53_P-Pos220_S,0.0,7.453127835048715e-10,Pos53-Pos220
53,220,Pos53_P-Pos220_F,0.0,1.4906255670097433e-10,Pos53-Pos220
53,225,Pos53_K-Pos225_L,0.011757380411691451,0.009418994496269949,Pos53-Pos225
53,225,Pos53_K-Pos225_I,0.00030522794422875,0.0026012765160458163,Pos53-Pos225
53,225,Pos53_K-Pos225_T,0.0,2.9779419452607248e-05,Pos53-Pos225
53,225,Pos53_K-Pos225_Q,1.2209117769150002e-05,7.076297691708652e-06,Pos53-Pos225
53,225,Pos53_K-Pos225_S,0.0,8.845372114635815e-07,Pos53-Pos225
53,225,Pos53_K-Pos225_V,0.0,5.896914743090544e-07,Pos53-Pos225
53,225,Pos53_K-Pos225_E,0.0,1.474228685772636e-07,Pos53-Pos225
53,225,Pos53_K-Pos225_M,0.0,1.474228685772636e-07,Pos53-Pos225
53,225,Pos53_K-Pos225_*,0.0,2.948457371545272e-07,Pos53-Pos225
53,225,Pos53_K-Pos225_F,0.0,1.474228685772636e-07,Pos53-Pos225
53,225,Pos53_K-Pos225_N,0.0,4.4226860573179075e-07,Pos53-Pos225
53,225,Pos53_*-Pos225_L,0.0001465094132298,0.0001523800929629112,Pos53-Pos225
53,225,Pos53_*-Pos225_I,4.883647107660001e-05,4.208334100781907e-05,Pos53-Pos225
53,225,Pos53_*-Pos225_T,0.0,4.81770183257549e-07,Pos53-Pos225
53,225,Pos53_*-Pos225_Q,0.0,1.1448004354634827e-07,Pos53-Pos225
53,225,Pos53_*-Pos225_S,0.0,1.4310005443293534e-08,Pos53-Pos225
53,225,Pos53_*-Pos225_V,0.0,9.540003628862357e-09,Pos53-Pos225
53,225,Pos53_*-Pos225_E,0.0,2.3850009072155893e-09,Pos53-Pos225
53,225,Pos53_*-Pos225_M,0.0,2.3850009072155893e-09,Pos53-Pos225
53,225,Pos53_*-Pos225_*,0.0,4.770001814431179e-09,Pos53-Pos225
53,225,Pos53_*-Pos225_F,0.0,2.3850009072155893e-09,Pos53-Pos225
53,225,Pos53_*-Pos225_N,0.0,7.155002721646767e-09,Pos53-Pos225
53,225,Pos53_R-Pos225_L,0.00031743706199790004,0.00031428394173600434,Pos53-Pos225
53,225,Pos53_R-Pos225_I,8.546382438405e-05,8.679689082862682e-05,Pos53-Pos225
53,225,Pos53_R-Pos225_T,0.0,9.936510029686947e-07,Pos53-Pos225
53,225,Pos53_R-Pos225_Q,0.0,2.3611508981434327e-07,Pos53-Pos225
53,225,Pos53_R-Pos225_S,0.0,2.951438622679291e-08,Pos53-Pos225
53,225,Pos53_R-Pos225_V,0.0,1.9676257484528607e-08,Pos53-Pos225
53,225,Pos53_R-Pos225_E,0.0,4.919064371132152e-09,Pos53-Pos225
53,225,Pos53_R-Pos225_M,0.0,4.919064371132152e-09,Pos53-Pos225
53,225,Pos53_R-Pos225_*,0.0,9.838128742264304e-09,Pos53-Pos225
53,225,Pos53_R-Pos225_F,0.0,4.919064371132152e-09,Pos53-Pos225
53,225,Pos53_R-Pos225_N,0.0,1.4757193113396454e-08,Pos53-Pos225
53,225,Pos53_L-Pos225_L,3.662735330745e-05,2.8571267430545846e-05,Pos53-Pos225
53,225,Pos53_L-Pos225_I,0.0,7.890626438966075e-06,Pos53-Pos225
53,225,Pos53_L-Pos225_T,0.0,9.033190936079043e-08,Pos53-Pos225
53,225,Pos53_L-Pos225_Q,0.0,2.1465008164940297e-08,Pos53-Pos225
53,225,Pos53_L-Pos225_S,0.0,2.683126020617537e-09,Pos53-Pos225
53,225,Pos53_L-Pos225_V,0.0,1.7887506804116917e-09,Pos53-Pos225
53,225,Pos53_L-Pos225_E,0.0,4.471876701029229e-10,Pos53-Pos225
53,225,Pos53_L-Pos225_M,0.0,4.471876701029229e-10,Pos53-Pos225
53,225,Pos53_L-Pos225_*,0.0,8.943753402058458e-10,Pos53-Pos225
53,225,Pos53_L-Pos225_F,0.0,4.471876701029229e-10,Pos53-Pos225
53,225,Pos53_L-Pos225_N,0.0,1.3415630103087686e-09,Pos53-Pos225
53,225,Pos53_E-Pos225_L,2.4418235538300004e-05,1.90475116203639e-05,Pos53-Pos225
53,225,Pos53_E-Pos225_I,0.0,5.260417625977384e-06,Pos53-Pos225
53,225,Pos53_E-Pos225_T,0.0,6.022127290719362e-08,Pos53-Pos225
53,225,Pos53_E-Pos225_Q,0.0,1.4310005443293534e-08,Pos53-Pos225
53,225,Pos53_E-Pos225_S,0.0,1.7887506804116917e-09,Pos53-Pos225
53,225,Pos53_E-Pos225_V,0.0,1.1925004536077947e-09,Pos53-Pos225
53,225,Pos53_E-Pos225_E,0.0,2.9812511340194867e-10,Pos53-Pos225
53,225,Pos53_E-Pos225_M,0.0,2.9812511340194867e-10,Pos53-Pos225
53,225,Pos53_E-Pos225_*,0.0,5.962502268038973e-10,Pos53-Pos225
53,225,Pos53_E-Pos225_F,0.0,2.9812511340194867e-10,Pos53-Pos225
53,225,Pos53_E-Pos225_N,0.0,8.943753402058458e-10,Pos53-Pos225
53,225,Pos53_H-Pos225_L,1.2209117769150002e-05,9.52375581018195e-06,Pos53-Pos225
53,225,Pos53_H-Pos225_I,0.0,2.630208812988692e-06,Pos53-Pos225
53,225,Pos53_H-Pos225_T,0.0,3.011063645359681e-08,Pos53-Pos225
53,225,Pos53_H-Pos225_Q,0.0,7.155002721646767e-09,Pos53-Pos225
53,225,Pos53_H-Pos225_S,0.0,8.943753402058458e-10,Pos53-Pos225
53,225,Pos53_H-Pos225_V,0.0,5.962502268038973e-10,Pos53-Pos225
53,225,Pos53_H-Pos225_E,0.0,1.4906255670097433e-10,Pos53-Pos225
53,225,Pos53_H-Pos225_M,0.0,1.4906255670097433e-10,Pos53-Pos225
53,225,Pos53_H-Pos225_*,0.0,2.9812511340194867e-10,Pos53-Pos225
53,225,Pos53_H-Pos225_F,0.0,1.4906255670097433e-10,Pos53-Pos225
53,225,Pos53_H-Pos225_N,0.0,4.471876701029229e-10,Pos53-Pos225
53,225,Pos53_P-Pos225_L,1.2209117769150002e-05,9.52375581018195e-06,Pos53-Pos225
53,225,Pos53_P-Pos225_I,0.0,2.630208812988692e-06,Pos53-Pos225
53,225,Pos53_P-Pos225_T,0.0,3.011063645359681e-08,Pos53-Pos225
53,225,Pos53_P-Pos225_Q,0.0,7.155002721646767e-09,Pos53-Pos225
53,225,Pos53_P-Pos225_S,0.0,8.943753402058458e-10,Pos53-Pos225
53,225,Pos53_P-Pos225_V,0.0,5.962502268038973e-10,Pos53-Pos225
53,225,Pos53_P-Pos225_E,0.0,1.4906255670097433e-10,Pos53-Pos225
53,225,Pos53_P-Pos225_M,0.0,1.4906255670097433e-10,Pos53-Pos225
53,225,Pos53_P-Pos225_*,0.0,2.9812511340194867e-10,Pos53-Pos225
53,225,Pos53_P-Pos225_F,0.0,1.4906255670097433e-10,Pos53-Pos225
53,225,Pos53_P-Pos225_N,0.0,4.471876701029229e-10,Pos53-Pos225
53,231,Pos53_K-Pos231_R,6.104558884575e-05,0.00016865176165238954,Pos53-Pos231
53,231,Pos53_K-Pos231_S,4.883647107660001e-05,0.0005033016733227779,Pos53-Pos231
53,231,Pos53_K-Pos231_Y,1.2209117769150002e-05,3.538148845854326e-06,Pos53-Pos231
53,231,Pos53_K-Pos231_G,0.0,5.74949187451328e-06,Pos53-Pos231
53,231,Pos53_K-Pos231_*,0.0,7.371143428863178e-07,Pos53-Pos231
53,231,Pos53_K-Pos231_H,0.0,1.474228685772636e-07,Pos53-Pos231
53,231,Pos53_K-Pos231_N,0.0,4.4226860573179075e-07,Pos53-Pos231
53,231,Pos53_K-Pos231_F,0.0,1.031960080040845e-06,Pos53-Pos231
53,231,Pos53_K-Pos231_L,0.0,1.474228685772636e-07,Pos53-Pos231
53,231,Pos53_*-Pos231_R,0.0,2.728441037854634e-06,Pos53-Pos231
53,231,Pos53_*-Pos231_S,0.0,8.142393097234022e-06,Pos53-Pos231
53,231,Pos53_*-Pos231_Y,0.0,5.7240021773174134e-08,Pos53-Pos231
53,231,Pos53_*-Pos231_G,0.0,9.301503538140798e-08,Pos53-Pos231
53,231,Pos53_*-Pos231_*,0.0,1.1925004536077945e-08,Pos53-Pos231
53,231,Pos53_*-Pos231_H,0.0,2.3850009072155893e-09,Pos53-Pos231
53,231,Pos53_*-Pos231_N,0.0,7.155002721646767e-09,Pos53-Pos231
53,231,Pos53_*-Pos231_F,0.0,1.6695006350509123e-08,Pos53-Pos231
53,231,Pos53_*-Pos231_L,0.0,2.3850009072155893e-09,Pos53-Pos231
53,231,Pos53_R-Pos231_R,7.32547066149e-05,5.627409640575182e-06,Pos53-Pos231
53,231,Pos53_R-Pos231_S,0.0,1.6793685763045165e-05,Pos53-Pos231
53,231,Pos53_R-Pos231_Y,0.0,1.1805754490717164e-07,Pos53-Pos231
53,231,Pos53_R-Pos231_G,0.0,1.9184351047415393e-07,Pos53-Pos231
53,231,Pos53_R-Pos231_*,0.0,2.4595321855660758e-08,Pos53-Pos231
53,231,Pos53_R-Pos231_H,0.0,4.919064371132152e-09,Pos53-Pos231
53,231,Pos53_R-Pos231_N,0.0,1.4757193113396454e-08,Pos53-Pos231
53,231,Pos53_R-Pos231_F,0.0,3.443345059792506e-08,Pos53-Pos231
53,231,Pos53_R-Pos231_L,0.0,4.919064371132152e-09,Pos53-Pos231
53,231,Pos53_L-Pos231_R,0.0,5.115826945977438e-07,Pos53-Pos231
53,231,Pos53_L-Pos231_S,0.0,1.5266987057313786e-06,Pos53-Pos231
53,231,Pos53_L-Pos231_Y,0.0,1.0732504082470149e-08,Pos53-Pos231
53,231,Pos53_L-Pos231_G,0.0,1.744031913401399e-08,Pos53-Pos231
53,231,Pos53_L-Pos231_*,0.0,2.2359383505146142e-09,Pos53-Pos231
53,231,Pos53_L-Pos231_H,0.0,4.471876701029229e-10,Pos53-Pos231
53,231,Pos53_L-Pos231_N,0.0,1.3415630103087686e-09,Pos53-Pos231
53,231,Pos53_L-Pos231_F,0.0,3.13031369072046e-09,Pos53-Pos231
53,231,Pos53_L-Pos231_L,0.0,4.471876701029229e-10,Pos53-Pos231
53,231,Pos53_E-Pos231_R,0.0,3.4105512973182924e-07,Pos53-Pos231
53,231,Pos53_E-Pos231_S,0.0,1.0177991371542527e-06,Pos53-Pos231
53,231,Pos53_E-Pos231_Y,0.0,7.155002721646767e-09,Pos53-Pos231
53,231,Pos53_E-Pos231_G,0.0,1.1626879422675997e-08,Pos53-Pos231
53,231,Pos53_E-Pos231_*,0.0,1.490625567009743e-09,Pos53-Pos231
53,231,Pos53_E-Pos231_H,0.0,2.9812511340194867e-10,Pos53-Pos231
53,231,Pos53_E-Pos231_N,0.0,8.943753402058458e-10,Pos53-Pos231
53,231,Pos53_E-Pos231_F,0.0,2.0868757938136403e-09,Pos53-Pos231
53,231,Pos53_E-Pos231_L,0.0,2.9812511340194867e-10,Pos53-Pos231
53,231,Pos53_H-Pos231_R,0.0,1.7052756486591462e-07,Pos53-Pos231
53,231,Pos53_H-Pos231_S,0.0,5.088995685771264e-07,Pos53-Pos231
53,231,Pos53_H-Pos231_Y,0.0,3.5775013608233834e-09,Pos53-Pos231
53,231,Pos53_H-Pos231_G,0.0,5.8134397113379984e-09,Pos53-Pos231
53,231,Pos53_H-Pos231_*,0.0,7.453127835048715e-10,Pos53-Pos231
53,231,Pos53_H-Pos231_H,0.0,1.4906255670097433e-10,Pos53-Pos231
53,231,Pos53_H-Pos231_N,0.0,4.471876701029229e-10,Pos53-Pos231
53,231,Pos53_H-Pos231_F,0.0,1.0434378969068202e-09,Pos53-Pos231
53,231,Pos53_H-Pos231_L,0.0,1.4906255670097433e-10,Pos53-Pos231
53,231,Pos53_P-Pos231_R,0.0,1.7052756486591462e-07,Pos53-Pos231
53,231,Pos53_P-Pos231_S,0.0,5.088995685771264e-07,Pos53-Pos231
53,231,Pos53_P-Pos231_Y,0.0,3.5775013608233834e-09,Pos53-Pos231
53,231,Pos53_P-Pos231_G,0.0,5.8134397113379984e-09,Pos53-Pos231
53,231,Pos53_P-Pos231_*,0.0,7.453127835048715e-10,Pos53-Pos231
53,231,Pos53_P-Pos231_H,0.0,1.4906255670097433e-10,Pos53-Pos231
53,231,Pos53_P-Pos231_N,0.0,4.471876701029229e-10,Pos53-Pos231
53,231,Pos53_P-Pos231_F,0.0,1.0434378969068202e-09,Pos53-Pos231
53,231,Pos53_P-Pos231_L,0.0,1.4906255670097433e-10,Pos53-Pos231
53,274,Pos53_K-Pos274_K,0.0,0.0001105671514329477,Pos53-Pos274
53,274,Pos53_K-Pos274_S,0.0,9.140217851790343e-06,Pos53-Pos274
53,274,Pos53_K-Pos274_H,0.0,1.031960080040845e-06,Pos53-Pos274
53,274,Pos53_K-Pos274_D,0.0,7.371143428863178e-07,Pos53-Pos274
53,274,Pos53_*-Pos274_K,0.0,1.7887506804116918e-06,Pos53-Pos274
53,274,Pos53_*-Pos274_S,0.0,1.4787005624736653e-07,Pos53-Pos274
53,274,Pos53_*-Pos274_H,0.0,1.6695006350509123e-08,Pos53-Pos274
53,274,Pos53_*-Pos274_D,0.0,1.1925004536077945e-08,Pos53-Pos274
53,274,Pos53_R-Pos274_K,0.0,3.689298278349114e-06,Pos53-Pos274
53,274,Pos53_R-Pos274_S,0.0,3.049819910101934e-07,Pos53-Pos274
53,274,Pos53_R-Pos274_H,0.0,3.443345059792506e-08,Pos53-Pos274
53,274,Pos53_R-Pos274_D,0.0,2.4595321855660758e-08,Pos53-Pos274
53,274,Pos53_L-Pos274_K,0.0,3.3539075257719214e-07,Pos53-Pos274
53,274,Pos53_L-Pos274_S,0.0,2.772563554638122e-08,Pos53-Pos274
53,274,Pos53_L-Pos274_H,0.0,3.13031369072046e-09,Pos53-Pos274
53,274,Pos53_L-Pos274_D,0.0,2.2359383505146142e-09,Pos53-Pos274
53,274,Pos53_E-Pos274_K,0.0,2.2359383505146148e-07,Pos53-Pos274
53,274,Pos53_E-Pos274_S,0.0,1.8483757030920816e-08,Pos53-Pos274
53,274,Pos53_E-Pos274_H,0.0,2.0868757938136403e-09,Pos53-Pos274
53,274,Pos53_E-Pos274_D,0.0,1.490625567009743e-09,Pos53-Pos274
53,274,Pos53_H-Pos274_K,0.0,1.1179691752573074e-07,Pos53-Pos274
53,274,Pos53_H-Pos274_S,0.0,9.241878515460408e-09,Pos53-Pos274
53,274,Pos53_H-Pos274_H,0.0,1.0434378969068202e-09,Pos53-Pos274
53,274,Pos53_H-Pos274_D,0.0,7.453127835048715e-10,Pos53-Pos274
53,274,Pos53_P-Pos274_K,0.0,1.1179691752573074e-07,Pos53-Pos274
53,274,Pos53_P-Pos274_S,0.0,9.241878515460408e-09,Pos53-Pos274
53,274,Pos53_P-Pos274_H,0.0,1.0434378969068202e-09,Pos53-Pos274
53,274,Pos53_P-Pos274_D,0.0,7.453127835048715e-10,Pos53-Pos274
53,355,Pos53_K-Pos355_H,8.546382438405e-05,0.0004965202213682237,Pos53-Pos355
53,355,Pos53_K-Pos355_C,0.0,2.06392016008169e-06,Pos53-Pos355
53,355,Pos53_K-Pos355_N,0.0,1.474228685772636e-07,Pos53-Pos355
53,355,Pos53_K-Pos355_*,0.0,1.474228685772636e-07,Pos53-Pos355
53,355,Pos53_K-Pos355_W,0.0,1.474228685772636e-07,Pos53-Pos355
53,355,Pos53_*-Pos355_H,0.0,8.032683055502104e-06,Pos53-Pos355
53,355,Pos53_*-Pos355_C,0.0,3.3390012701018245e-08,Pos53-Pos355
53,355,Pos53_*-Pos355_N,0.0,2.3850009072155893e-09,Pos53-Pos355
53,355,Pos53_*-Pos355_*,0.0,2.3850009072155893e-09,Pos53-Pos355
53,355,Pos53_*-Pos355_W,0.0,2.3850009072155893e-09,Pos53-Pos355
53,355,Pos53_R-Pos355_H,0.0,1.6567408801973087e-05,Pos53-Pos355
53,355,Pos53_R-Pos355_C,0.0,6.886690119585013e-08,Pos53-Pos355
53,355,Pos53_R-Pos355_N,0.0,4.919064371132152e-09,Pos53-Pos355
53,355,Pos53_R-Pos355_*,0.0,4.919064371132152e-09,Pos53-Pos355
53,355,Pos53_R-Pos355_W,0.0,4.919064371132152e-09,Pos53-Pos355
53,355,Pos53_L-Pos355_H,0.0,1.5061280729066442e-06,Pos53-Pos355
53,355,Pos53_L-Pos355_C,0.0,6.26062738144092e-09,Pos53-Pos355
53,355,Pos53_L-Pos355_N,0.0,4.471876701029229e-10,Pos53-Pos355
53,355,Pos53_L-Pos355_*,0.0,4.471876701029229e-10,Pos53-Pos355
53,355,Pos53_L-Pos355_W,0.0,4.471876701029229e-10,Pos53-Pos355
53,355,Pos53_E-Pos355_H,0.0,1.004085381937763e-06,Pos53-Pos355
53,355,Pos53_E-Pos355_C,0.0,4.173751587627281e-09,Pos53-Pos355
53,355,Pos53_E-Pos355_N,0.0,2.9812511340194867e-10,Pos53-Pos355
53,355,Pos53_E-Pos355_*,0.0,2.9812511340194867e-10,Pos53-Pos355
53,355,Pos53_E-Pos355_W,0.0,2.9812511340194867e-10,Pos53-Pos355
53,355,Pos53_H-Pos355_H,0.0,5.020426909688815e-07,Pos53-Pos355
53,355,Pos53_H-Pos355_C,0.0,2.0868757938136403e-09,Pos53-Pos355
53,355,Pos53_H-Pos355_N,0.0,1.4906255670097433e-10,Pos53-Pos355
53,355,Pos53_H-Pos355_*,0.0,1.4906255670097433e-10,Pos53-Pos355
53,355,Pos53_H-Pos355_W,0.0,1.4906255670097433e-10,Pos53-Pos355
53,355,Pos53_P-Pos355_H,0.0,5.020426909688815e-07,Pos53-Pos355
53,355,Pos53_P-Pos355_C,0.0,2.0868757938136403e-09,Pos53-Pos355
53,355,Pos53_P-Pos355_N,0.0,1.4906255670097433e-10,Pos53-Pos355
53,355,Pos53_P-Pos355_*,0.0,1.4906255670097433e-10,Pos53-Pos355
53,355,Pos53_P-Pos355_W,0.0,1.4906255670097433e-10,Pos53-Pos355
98,101,Pos98_P-Pos101_S,7.32547066149e-05,0.001561061798802541,Pos98-Pos101
98,101,Pos98_P-Pos101_D,0.0,5.663482779296818e-06,Pos98-Pos101
98,101,Pos98_P-Pos101_V,3.662735330745e-05,3.861465531338739e-06,Pos98-Pos101
98,101,Pos98_P-Pos101_R,0.0,5.148620708451652e-07,Pos98-Pos101
98,101,Pos98_P-Pos101_C,0.0,4.376327602183904e-06,Pos98-Pos101
98,101,Pos98_P-Pos101_A,0.0,1.8020172479580782e-06,Pos98-Pos101
98,101,Pos98_P-Pos101_N,0.0,2.574310354225826e-07,Pos98-Pos101
98,101,Pos98_F-Pos101_S,2.4418235538300004e-05,0.00015185777776423096,Pos98-Pos101
98,101,Pos98_F-Pos101_D,0.0,5.50935209566801e-07,Pos98-Pos101
98,101,Pos98_F-Pos101_V,0.0,3.7563764288645525e-07,Pos98-Pos101
98,101,Pos98_F-Pos101_R,0.0,5.008501905152737e-08,Pos98-Pos101
98,101,Pos98_F-Pos101_C,0.0,4.257226619379826e-07,Pos98-Pos101
98,101,Pos98_F-Pos101_A,0.0,1.7529756668034576e-07,Pos98-Pos101
98,101,Pos98_F-Pos101_N,0.0,2.5042509525763684e-08,Pos98-Pos101
98,101,Pos98_R-Pos101_S,1.2209117769150002e-05,1.807830687669416e-05,Pos98-Pos101
98,101,Pos98_R-Pos101_D,0.0,6.558752494842869e-08,Pos98-Pos101
98,101,Pos98_R-Pos101_V,0.0,4.4718767010292284e-08,Pos98-Pos101
98,101,Pos98_R-Pos101_R,0.0,5.962502268038972e-09,Pos98-Pos101
98,101,Pos98_R-Pos101_C,0.0,5.068126927833126e-08,Pos98-Pos101
98,101,Pos98_R-Pos101_A,0.0,2.0868757938136398e-08,Pos98-Pos101
98,101,Pos98_R-Pos101_N,0.0,2.981251134019486e-09,Pos98-Pos101
98,101,Pos98_I-Pos101_S,2.4418235538300004e-05,3.34448677218842e-05,Pos98-Pos101
98,101,Pos98_I-Pos101_D,0.0,1.2133692115459307e-07,Pos98-Pos101
98,101,Pos98_I-Pos101_V,0.0,8.272971896904073e-08,Pos98-Pos101
98,101,Pos98_I-Pos101_R,0.0,1.1030629195872098e-08,Pos98-Pos101
98,101,Pos98_I-Pos101_C,0.0,9.376034816491283e-08,Pos98-Pos101
98,101,Pos98_I-Pos101_A,0.0,3.860720218555234e-08,Pos98-Pos101
98,101,Pos98_I-Pos101_N,0.0,5.515314597936049e-09,Pos98-Pos101
98,101,Pos98_V-Pos101_S,0.0,9.039153438347082e-07,Pos98-Pos101
98,101,Pos98_V-Pos101_D,0.0,3.2793762474214348e-09,Pos98-Pos101
98,101,Pos98_V-Pos101_V,0.0,2.2359383505146146e-09,Pos98-Pos101
98,101,Pos98_V-Pos101_R,0.0,2.9812511340194867e-10,Pos98-Pos101
98,101,Pos98_V-Pos101_C,0.0,2.5340634639165632e-09,Pos98-Pos101
98,101,Pos98_V-Pos101_A,0.0,1.0434378969068202e-09,Pos98-Pos101
98,101,Pos98_V-Pos101_N,0.0,1.4906255670097433e-10,Pos98-Pos101
98,101,Pos98_H-Pos101_S,0.0,2.711746031504124e-06,Pos98-Pos101
98,101,Pos98_H-Pos101_D,0.0,9.838128742264304e-09,Pos98-Pos101
98,101,Pos98_H-Pos101_V,0.0,6.7078150515438435e-09,Pos98-Pos101
98,101,Pos98_H-Pos101_R,0.0,8.943753402058458e-10,Pos98-Pos101
98,101,Pos98_H-Pos101_C,0.0,7.60219039174969e-09,Pos98-Pos101
98,101,Pos98_H-Pos101_A,0.0,3.13031369072046e-09,Pos98-Pos101
98,101,Pos98_H-Pos101_N,0.0,4.471876701029229e-10,Pos98-Pos101
98,154,Pos98_P-Pos154_G,8.546382438405e-05,0.0005143472087743201,Pos98-Pos154
98,154,Pos98_P-Pos154_A,0.0,5.663482779296818e-06,Pos98-Pos154
98,154,Pos98_P-Pos154_*,2.4418235538300004e-05,5.148620708451652e-06,Pos98-Pos154
98,154,Pos98_P-Pos154_K,1.2209117769150002e-05,2.831741389648409e-06,Pos98-Pos154
98,154,Pos98_P-Pos154_D,0.0,7.722931062677478e-07,Pos98-Pos154
98,154,Pos98_F-Pos154_G,2.4418235538300004e-05,5.003493403247584e-05,Pos98-Pos154
98,154,Pos98_F-Pos154_A,0.0,5.50935209566801e-07,Pos98-Pos154
98,154,Pos98_F-Pos154_*,0.0,5.008501905152736e-07,Pos98-Pos154
98,154,Pos98_F-Pos154_K,0.0,2.754676047834005e-07,Pos98-Pos154
98,154,Pos98_F-Pos154_D,0.0,7.512752857729103e-08,Pos98-Pos154
98,154,Pos98_R-Pos154_G,0.0,5.956539765770933e-06,Pos98-Pos154
98,154,Pos98_R-Pos154_A,0.0,6.558752494842869e-08,Pos98-Pos154
98,154,Pos98_R-Pos154_*,0.0,5.962502268038972e-08,Pos98-Pos154
98,154,Pos98_R-Pos154_K,0.0,3.2793762474214346e-08,Pos98-Pos154
98,154,Pos98_R-Pos154_D,0.0,8.943753402058457e-09,Pos98-Pos154
98,154,Pos98_I-Pos154_G,2.4418235538300004e-05,1.1019598566676226e-05,Pos98-Pos154
98,154,Pos98_I-Pos154_A,0.0,1.2133692115459307e-07,Pos98-Pos154
98,154,Pos98_I-Pos154_*,0.0,1.1030629195872097e-07,Pos98-Pos154
98,154,Pos98_I-Pos154_K,0.0,6.066846057729653e-08,Pos98-Pos154
98,154,Pos98_I-Pos154_D,0.0,1.6545943793808146e-08,Pos98-Pos154
98,154,Pos98_V-Pos154_G,0.0,2.978269882885467e-07,Pos98-Pos154
98,154,Pos98_V-Pos154_A,0.0,3.2793762474214348e-09,Pos98-Pos154
98,154,Pos98_V-Pos154_*,0.0,2.981251134019486e-09,Pos98-Pos154
98,154,Pos98_V-Pos154_K,0.0,1.6396881237107174e-09,Pos98-Pos154
98,154,Pos98_V-Pos154_D,0.0,4.471876701029229e-10,Pos98-Pos154
98,154,Pos98_H-Pos154_G,0.0,8.934809648656399e-07,Pos98-Pos154
98,154,Pos98_H-Pos154_A,0.0,9.838128742264304e-09,Pos98-Pos154
98,154,Pos98_H-Pos154_*,0.0,8.943753402058457e-09,Pos98-Pos154
98,154,Pos98_H-Pos154_K,0.0,4.919064371132152e-09,Pos98-Pos154
98,154,Pos98_H-Pos154_D,0.0,1.3415630103087686e-09,Pos98-Pos154
98,162,Pos98_P-Pos162_C,0.0,0.0001675876040601013,Pos98-Pos162
98,162,Pos98_P-Pos162_I,0.00020755500207555002,0.00026747084580406336,Pos98-Pos162
98,162,Pos98_P-Pos162_N,1.2209117769150002e-05,1.673301730246787e-05,Pos98-Pos162
98,162,Pos98_P-Pos162_T,0.0,8.752655204367809e-06,Pos98-Pos162
98,162,Pos98_P-Pos162_G,0.0,2.574310354225826e-07,Pos98-Pos162
98,162,Pos98_P-Pos162_R,0.0,2.059448283380661e-06,Pos98-Pos162
98,162,Pos98_P-Pos162_V,0.0,5.148620708451652e-07,Pos98-Pos162
98,162,Pos98_F-Pos162_C,0.0,1.630267370127216e-05,Pos98-Pos162
98,162,Pos98_F-Pos162_I,1.2209117769150002e-05,2.6019167397268467e-05,Pos98-Pos162
98,162,Pos98_F-Pos162_N,0.0,1.6277631191746392e-06,Pos98-Pos162
98,162,Pos98_F-Pos162_T,0.0,8.514453238759651e-07,Pos98-Pos162
98,162,Pos98_F-Pos162_G,0.0,2.5042509525763684e-08,Pos98-Pos162
98,162,Pos98_F-Pos162_R,0.0,2.0034007620610947e-07,Pos98-Pos162
98,162,Pos98_F-Pos162_V,0.0,5.008501905152737e-08,Pos98-Pos162
98,162,Pos98_R-Pos162_C,0.0,1.9407944882466852e-06,Pos98-Pos162
98,162,Pos98_R-Pos162_I,0.0,3.097519928246246e-06,Pos98-Pos162
98,162,Pos98_R-Pos162_N,0.0,1.9378132371126658e-07,Pos98-Pos162
98,162,Pos98_R-Pos162_T,0.0,1.0136253855666252e-07,Pos98-Pos162
98,162,Pos98_R-Pos162_G,0.0,2.981251134019486e-09,Pos98-Pos162
98,162,Pos98_R-Pos162_R,0.0,2.385000907215589e-08,Pos98-Pos162
98,162,Pos98_R-Pos162_V,0.0,5.962502268038972e-09,Pos98-Pos162
98,162,Pos98_I-Pos162_C,1.2209117769150002e-05,3.590469803256368e-06,Pos98-Pos162
98,162,Pos98_I-Pos162_I,1.2209117769150002e-05,5.730411867255555e-06,Pos98-Pos162
98,162,Pos98_I-Pos162_N,0.0,3.5849544886584316e-07,Pos98-Pos162
98,162,Pos98_I-Pos162_T,0.0,1.8752069632982567e-07,Pos98-Pos162
98,162,Pos98_I-Pos162_G,0.0,5.515314597936049e-09,Pos98-Pos162
98,162,Pos98_I-Pos162_R,0.0,4.412251678348839e-08,Pos98-Pos162
98,162,Pos98_I-Pos162_V,0.0,1.1030629195872098e-08,Pos98-Pos162
98,162,Pos98_V-Pos162_C,0.0,9.703972441233428e-08,Pos98-Pos162
98,162,Pos98_V-Pos162_I,0.0,1.5487599641231232e-07,Pos98-Pos162
98,162,Pos98_V-Pos162_N,0.0,9.68906618556333e-09,Pos98-Pos162
98,162,Pos98_V-Pos162_T,0.0,5.0681269278331265e-09,Pos98-Pos162
98,162,Pos98_V-Pos162_G,0.0,1.4906255670097433e-10,Pos98-Pos162
98,162,Pos98_V-Pos162_R,0.0,1.1925004536077947e-09,Pos98-Pos162
98,162,Pos98_V-Pos162_V,0.0,2.9812511340194867e-10,Pos98-Pos162
98,162,Pos98_H-Pos162_C,0.0,2.9111917323700283e-07,Pos98-Pos162
98,162,Pos98_H-Pos162_I,0.0,4.646279892369369e-07,Pos98-Pos162
98,162,Pos98_H-Pos162_N,0.0,2.9067198556689986e-08,Pos98-Pos162
98,162,Pos98_H-Pos162_T,0.0,1.520438078349938e-08,Pos98-Pos162
98,162,Pos98_H-Pos162_G,0.0,4.471876701029229e-10,Pos98-Pos162
98,162,Pos98_H-Pos162_R,0.0,3.5775013608233834e-09,Pos98-Pos162
98,162,Pos98_H-Pos162_V,0.0,8.943753402058458e-10,Pos98-Pos162
98,220,Pos98_P-Pos220_I,0.00020755500207555002,0.0005148620708451652,Pos98-Pos220
98,220,Pos98_P-Pos220_V,0.0044197006324323005,0.003735324323981674,Pos98-Pos220
98,220,Pos98_P-Pos220_D,0.0,2.059448283380661e-06,Pos98-Pos220
98,220,Pos98_P-Pos220_C,0.0,1.8020172479580782e-06,Pos98-Pos220
98,220,Pos98_P-Pos220_A,0.0,2.574310354225826e-07,Pos98-Pos220
98,220,Pos98_P-Pos220_S,1.2209117769150002e-05,1.287155177112913e-06,Pos98-Pos220
98,220,Pos98_P-Pos220_F,0.0,2.574310354225826e-07,Pos98-Pos220
98,220,Pos98_F-Pos220_I,0.0,5.008501905152736e-05,Pos98-Pos220
98,220,Pos98_F-Pos220_V,7.32547066149e-05,0.00036336681321883104,Pos98-Pos220
98,220,Pos98_F-Pos220_D,0.0,2.0034007620610947e-07,Pos98-Pos220
98,220,Pos98_F-Pos220_C,0.0,1.7529756668034576e-07,Pos98-Pos220
98,220,Pos98_F-Pos220_A,0.0,2.5042509525763684e-08,Pos98-Pos220
98,220,Pos98_F-Pos220_S,0.0,1.252125476288184e-07,Pos98-Pos220
98,220,Pos98_F-Pos220_F,0.0,2.5042509525763684e-08,Pos98-Pos220
98,220,Pos98_R-Pos220_I,0.0,5.962502268038971e-06,Pos98-Pos220
98,220,Pos98_R-Pos220_V,2.4418235538300004e-05,4.3257953954622736e-05,Pos98-Pos220
98,220,Pos98_R-Pos220_D,0.0,2.385000907215589e-08,Pos98-Pos220
98,220,Pos98_R-Pos220_C,0.0,2.0868757938136398e-08,Pos98-Pos220
98,220,Pos98_R-Pos220_A,0.0,2.981251134019486e-09,Pos98-Pos220
98,220,Pos98_R-Pos220_S,0.0,1.490625567009743e-08,Pos98-Pos220
98,220,Pos98_R-Pos220_F,0.0,2.981251134019486e-09,Pos98-Pos220
98,220,Pos98_I-Pos220_I,1.2209117769150002e-05,1.1030629195872098e-05,Pos98-Pos220
98,220,Pos98_I-Pos220_V,9.767294215320002e-05,8.002721481605207e-05,Pos98-Pos220
98,220,Pos98_I-Pos220_D,0.0,4.412251678348839e-08,Pos98-Pos220
98,220,Pos98_I-Pos220_C,0.0,3.860720218555234e-08,Pos98-Pos220
98,220,Pos98_I-Pos220_A,0.0,5.515314597936049e-09,Pos98-Pos220
98,220,Pos98_I-Pos220_S,0.0,2.7576572989680242e-08,Pos98-Pos220
98,220,Pos98_I-Pos220_F,0.0,5.515314597936049e-09,Pos98-Pos220
98,220,Pos98_V-Pos220_I,1.2209117769150002e-05,2.981251134019486e-07,Pos98-Pos220
98,220,Pos98_V-Pos220_V,0.0,2.1628976977311373e-06,Pos98-Pos220
98,220,Pos98_V-Pos220_D,0.0,1.1925004536077947e-09,Pos98-Pos220
98,220,Pos98_V-Pos220_C,0.0,1.0434378969068202e-09,Pos98-Pos220
98,220,Pos98_V-Pos220_A,0.0,1.4906255670097433e-10,Pos98-Pos220
98,220,Pos98_V-Pos220_S,0.0,7.453127835048715e-10,Pos98-Pos220
98,220,Pos98_V-Pos220_F,0.0,1.4906255670097433e-10,Pos98-Pos220
98,220,Pos98_H-Pos220_I,0.0,8.943753402058457e-07,Pos98-Pos220
98,220,Pos98_H-Pos220_V,0.0,6.488693093193411e-06,Pos98-Pos220
98,220,Pos98_H-Pos220_D,0.0,3.5775013608233834e-09,Pos98-Pos220
98,220,Pos98_H-Pos220_C,0.0,3.13031369072046e-09,Pos98-Pos220
98,220,Pos98_H-Pos220_A,0.0,4.471876701029229e-10,Pos98-Pos220
98,220,Pos98_H-Pos220_S,0.0,2.2359383505146142e-09,Pos98-Pos220
98,220,Pos98_H-Pos220_F,0.0,4.471876701029229e-10,Pos98-Pos220
98,225,Pos98_P-Pos225_L,0.0160916172197397,0.016447526284184225,Pos98-Pos225
98,225,Pos98_P-Pos225_I,0.0049202744609674505,0.00454237062003147,Pos98-Pos225
98,225,Pos98_P-Pos225_T,6.104558884575e-05,5.200106915536169e-05,Pos98-Pos225
98,225,Pos98_P-Pos225_Q,0.0,1.2356689700283965e-05,Pos98-Pos225
98,225,Pos98_P-Pos225_S,0.0,1.5445862125354957e-06,Pos98-Pos225
98,225,Pos98_P-Pos225_V,0.0,1.0297241416903304e-06,Pos98-Pos225
98,225,Pos98_P-Pos225_E,0.0,2.574310354225826e-07,Pos98-Pos225
98,225,Pos98_P-Pos225_M,0.0,2.574310354225826e-07,Pos98-Pos225
98,225,Pos98_P-Pos225_*,0.0,5.148620708451652e-07,Pos98-Pos225
98,225,Pos98_P-Pos225_F,0.0,2.574310354225826e-07,Pos98-Pos225
98,225,Pos98_P-Pos225_N,0.0,7.722931062677478e-07,Pos98-Pos225
98,225,Pos98_F-Pos225_L,0.001953458843064,0.0015999909761105675,Pos98-Pos225
98,225,Pos98_F-Pos225_I,7.32547066149e-05,0.0004418750805821002,Pos98-Pos225
98,225,Pos98_F-Pos225_T,0.0,5.058586924204264e-06,Pos98-Pos225
98,225,Pos98_F-Pos225_Q,0.0,1.2020404572366566e-06,Pos98-Pos225
98,225,Pos98_F-Pos225_S,0.0,1.5025505715458207e-07,Pos98-Pos225
98,225,Pos98_F-Pos225_V,0.0,1.0017003810305474e-07,Pos98-Pos225
98,225,Pos98_F-Pos225_E,0.0,2.5042509525763684e-08,Pos98-Pos225
98,225,Pos98_F-Pos225_M,0.0,2.5042509525763684e-08,Pos98-Pos225
98,225,Pos98_F-Pos225_*,0.0,5.008501905152737e-08,Pos98-Pos225
98,225,Pos98_F-Pos225_F,0.0,2.5042509525763684e-08,Pos98-Pos225
98,225,Pos98_F-Pos225_N,0.0,7.512752857729103e-08,Pos98-Pos225
98,225,Pos98_R-Pos225_L,0.00021976411984470003,0.00019047511620363898,Pos98-Pos225
98,225,Pos98_R-Pos225_I,2.4418235538300004e-05,5.260417625977383e-05,Pos98-Pos225
98,225,Pos98_R-Pos225_T,0.0,6.022127290719362e-07,Pos98-Pos225
98,225,Pos98_R-Pos225_Q,0.0,1.431000544329353e-07,Pos98-Pos225
98,225,Pos98_R-Pos225_S,0.0,1.7887506804116914e-08,Pos98-Pos225
98,225,Pos98_R-Pos225_V,0.0,1.1925004536077945e-08,Pos98-Pos225
98,225,Pos98_R-Pos225_E,0.0,2.981251134019486e-09,Pos98-Pos225
98,225,Pos98_R-Pos225_M,0.0,2.981251134019486e-09,Pos98-Pos225
98,225,Pos98_R-Pos225_*,0.0,5.962502268038972e-09,Pos98-Pos225
98,225,Pos98_R-Pos225_F,0.0,2.981251134019486e-09,Pos98-Pos225
98,225,Pos98_R-Pos225_N,0.0,8.943753402058457e-09,Pos98-Pos225
98,225,Pos98_I-Pos225_L,0.00031743706199790004,0.0003523789649767321,Pos98-Pos225
98,225,Pos98_I-Pos225_I,0.0001220911776915,9.73177260805816e-05,Pos98-Pos225
98,225,Pos98_I-Pos225_T,0.0,1.114093548783082e-06,Pos98-Pos225
98,225,Pos98_I-Pos225_Q,0.0,2.6473510070093034e-07,Pos98-Pos225
98,225,Pos98_I-Pos225_S,0.0,3.309188758761629e-08,Pos98-Pos225
98,225,Pos98_I-Pos225_V,0.0,2.2061258391744196e-08,Pos98-Pos225
98,225,Pos98_I-Pos225_E,0.0,5.515314597936049e-09,Pos98-Pos225
98,225,Pos98_I-Pos225_M,0.0,5.515314597936049e-09,Pos98-Pos225
98,225,Pos98_I-Pos225_*,0.0,1.1030629195872098e-08,Pos98-Pos225
98,225,Pos98_I-Pos225_F,0.0,5.515314597936049e-09,Pos98-Pos225
98,225,Pos98_I-Pos225_N,0.0,1.6545943793808146e-08,Pos98-Pos225
98,225,Pos98_V-Pos225_L,0.0,9.52375581018195e-06,Pos98-Pos225
98,225,Pos98_V-Pos225_I,1.2209117769150002e-05,2.630208812988692e-06,Pos98-Pos225
98,225,Pos98_V-Pos225_T,0.0,3.011063645359681e-08,Pos98-Pos225
98,225,Pos98_V-Pos225_Q,0.0,7.155002721646767e-09,Pos98-Pos225
98,225,Pos98_V-Pos225_S,0.0,8.943753402058458e-10,Pos98-Pos225
98,225,Pos98_V-Pos225_V,0.0,5.962502268038973e-10,Pos98-Pos225
98,225,Pos98_V-Pos225_E,0.0,1.4906255670097433e-10,Pos98-Pos225
98,225,Pos98_V-Pos225_M,0.0,1.4906255670097433e-10,Pos98-Pos225
98,225,Pos98_V-Pos225_*,0.0,2.9812511340194867e-10,Pos98-Pos225
98,225,Pos98_V-Pos225_F,0.0,1.4906255670097433e-10,Pos98-Pos225
98,225,Pos98_V-Pos225_N,0.0,4.471876701029229e-10,Pos98-Pos225
98,225,Pos98_H-Pos225_L,3.662735330745e-05,2.8571267430545846e-05,Pos98-Pos225
98,225,Pos98_H-Pos225_I,0.0,7.890626438966075e-06,Pos98-Pos225
98,225,Pos98_H-Pos225_T,0.0,9.033190936079043e-08,Pos98-Pos225
98,225,Pos98_H-Pos225_Q,0.0,2.1465008164940297e-08,Pos98-Pos225
98,225,Pos98_H-Pos225_S,0.0,2.683126020617537e-09,Pos98-Pos225
98,225,Pos98_H-Pos225_V,0.0,1.7887506804116917e-09,Pos98-Pos225
98,225,Pos98_H-Pos225_E,0.0,4.471876701029229e-10,Pos98-Pos225
98,225,Pos98_H-Pos225_M,0.0,4.471876701029229e-10,Pos98-Pos225
98,225,Pos98_H-Pos225_*,0.0,8.943753402058458e-10,Pos98-Pos225
98,225,Pos98_H-Pos225_F,0.0,4.471876701029229e-10,Pos98-Pos225
98,225,Pos98_H-Pos225_N,0.0,1.3415630103087686e-09,Pos98-Pos225
98,231,Pos98_P-Pos231_R,0.00010988205992235002,0.0002945011045234345,Pos98-Pos231
98,231,Pos98_P-Pos231_S,0.00031743706199790004,0.000878869554932697,Pos98-Pos231
98,231,Pos98_P-Pos231_Y,2.4418235538300004e-05,6.178344850141983e-06,Pos98-Pos231
98,231,Pos98_P-Pos231_G,1.2209117769150002e-05,1.0039810381480723e-05,Pos98-Pos231
98,231,Pos98_P-Pos231_*,1.2209117769150002e-05,1.287155177112913e-06,Pos98-Pos231
98,231,Pos98_P-Pos231_H,0.0,2.574310354225826e-07,Pos98-Pos231
98,231,Pos98_P-Pos231_N,0.0,7.722931062677478e-07,Pos98-Pos231
98,231,Pos98_P-Pos231_F,0.0,1.8020172479580782e-06,Pos98-Pos231
98,231,Pos98_P-Pos231_L,0.0,2.574310354225826e-07,Pos98-Pos231
98,231,Pos98_F-Pos231_R,3.662735330745e-05,2.8648630897473652e-05,Pos98-Pos231
98,231,Pos98_F-Pos231_S,3.662735330745e-05,8.549512752095721e-05,Pos98-Pos231
98,231,Pos98_F-Pos231_Y,0.0,6.010202286183283e-07,Pos98-Pos231
98,231,Pos98_F-Pos231_G,1.2209117769150002e-05,9.766578715047836e-07,Pos98-Pos231
98,231,Pos98_F-Pos231_*,0.0,1.252125476288184e-07,Pos98-Pos231
98,231,Pos98_F-Pos231_H,0.0,2.5042509525763684e-08,Pos98-Pos231
98,231,Pos98_F-Pos231_N,0.0,7.512752857729103e-08,Pos98-Pos231
98,231,Pos98_F-Pos231_F,0.0,1.7529756668034576e-07,Pos98-Pos231
98,231,Pos98_F-Pos231_L,0.0,2.5042509525763684e-08,Pos98-Pos231
98,231,Pos98_R-Pos231_R,0.0,3.4105512973182915e-06,Pos98-Pos231
98,231,Pos98_R-Pos231_S,0.0,1.0177991371542525e-05,Pos98-Pos231
98,231,Pos98_R-Pos231_Y,0.0,7.155002721646765e-08,Pos98-Pos231
98,231,Pos98_R-Pos231_G,0.0,1.1626879422675995e-07,Pos98-Pos231
98,231,Pos98_R-Pos231_*,0.0,1.490625567009743e-08,Pos98-Pos231
98,231,Pos98_R-Pos231_H,0.0,2.981251134019486e-09,Pos98-Pos231
98,231,Pos98_R-Pos231_N,0.0,8.943753402058457e-09,Pos98-Pos231
98,231,Pos98_R-Pos231_F,0.0,2.0868757938136398e-08,Pos98-Pos231
98,231,Pos98_R-Pos231_L,0.0,2.981251134019486e-09,Pos98-Pos231
98,231,Pos98_I-Pos231_R,8.546382438405e-05,6.30951990003884e-06,Pos98-Pos231
98,231,Pos98_I-Pos231_S,0.0,1.882928403735367e-05,Pos98-Pos231
98,231,Pos98_I-Pos231_Y,0.0,1.3236755035046517e-07,Pos98-Pos231
98,231,Pos98_I-Pos231_G,0.0,2.1509726931950592e-07,Pos98-Pos231
98,231,Pos98_I-Pos231_*,0.0,2.7576572989680242e-08,Pos98-Pos231
98,231,Pos98_I-Pos231_H,0.0,5.515314597936049e-09,Pos98-Pos231
98,231,Pos98_I-Pos231_N,0.0,1.6545943793808146e-08,Pos98-Pos231
98,231,Pos98_I-Pos231_F,0.0,3.860720218555234e-08,Pos98-Pos231
98,231,Pos98_I-Pos231_L,0.0,5.515314597936049e-09,Pos98-Pos231
98,231,Pos98_V-Pos231_R,0.0,1.7052756486591462e-07,Pos98-Pos231
98,231,Pos98_V-Pos231_S,0.0,5.088995685771264e-07,Pos98-Pos231
98,231,Pos98_V-Pos231_Y,0.0,3.5775013608233834e-09,Pos98-Pos231
98,231,Pos98_V-Pos231_G,0.0,5.8134397113379984e-09,Pos98-Pos231
98,231,Pos98_V-Pos231_*,0.0,7.453127835048715e-10,Pos98-Pos231
98,231,Pos98_V-Pos231_H,0.0,1.4906255670097433e-10,Pos98-Pos231
98,231,Pos98_V-Pos231_N,0.0,4.471876701029229e-10,Pos98-Pos231
98,231,Pos98_V-Pos231_F,0.0,1.0434378969068202e-09,Pos98-Pos231
98,231,Pos98_V-Pos231_L,0.0,1.4906255670097433e-10,Pos98-Pos231
98,231,Pos98_H-Pos231_R,0.0,5.115826945977438e-07,Pos98-Pos231
98,231,Pos98_H-Pos231_S,0.0,1.5266987057313786e-06,Pos98-Pos231
98,231,Pos98_H-Pos231_Y,0.0,1.0732504082470149e-08,Pos98-Pos231
98,231,Pos98_H-Pos231_G,0.0,1.744031913401399e-08,Pos98-Pos231
98,231,Pos98_H-Pos231_*,0.0,2.2359383505146142e-09,Pos98-Pos231
98,231,Pos98_H-Pos231_H,0.0,4.471876701029229e-10,Pos98-Pos231
98,231,Pos98_H-Pos231_N,0.0,1.3415630103087686e-09,Pos98-Pos231
98,231,Pos98_H-Pos231_F,0.0,3.13031369072046e-09,Pos98-Pos231
98,231,Pos98_H-Pos231_L,0.0,4.471876701029229e-10,Pos98-Pos231
98,274,Pos98_P-Pos274_K,4.883647107660001e-05,0.00019307327656693695,Pos98-Pos274
98,274,Pos98_P-Pos274_S,0.0,1.5960724196200122e-05,Pos98-Pos274
98,274,Pos98_P-Pos274_H,0.0,1.8020172479580782e-06,Pos98-Pos274
98,274,Pos98_P-Pos274_D,2.4418235538300004e-05,1.287155177112913e-06,Pos98-Pos274
98,274,Pos98_F-Pos274_K,0.0,1.8781882144322764e-05,Pos98-Pos274
98,274,Pos98_F-Pos274_S,0.0,1.5526355905973483e-06,Pos98-Pos274
98,274,Pos98_F-Pos274_H,0.0,1.7529756668034576e-07,Pos98-Pos274
98,274,Pos98_F-Pos274_D,0.0,1.252125476288184e-07,Pos98-Pos274
98,274,Pos98_R-Pos274_K,0.0,2.2359383505146145e-06,Pos98-Pos274
98,274,Pos98_R-Pos274_S,0.0,1.8483757030920814e-07,Pos98-Pos274
98,274,Pos98_R-Pos274_H,0.0,2.0868757938136398e-08,Pos98-Pos274
98,274,Pos98_R-Pos274_D,0.0,1.490625567009743e-08,Pos98-Pos274
98,274,Pos98_I-Pos274_K,0.0,4.1364859484520365e-06,Pos98-Pos274
98,274,Pos98_I-Pos274_S,0.0,3.4194950507203504e-07,Pos98-Pos274
98,274,Pos98_I-Pos274_H,0.0,3.860720218555234e-08,Pos98-Pos274
98,274,Pos98_I-Pos274_D,0.0,2.7576572989680242e-08,Pos98-Pos274
98,274,Pos98_V-Pos274_K,0.0,1.1179691752573074e-07,Pos98-Pos274
98,274,Pos98_V-Pos274_S,0.0,9.241878515460408e-09,Pos98-Pos274
98,274,Pos98_V-Pos274_H,0.0,1.0434378969068202e-09,Pos98-Pos274
98,274,Pos98_V-Pos274_D,0.0,7.453127835048715e-10,Pos98-Pos274
98,274,Pos98_H-Pos274_K,0.0,3.3539075257719214e-07,Pos98-Pos274
98,274,Pos98_H-Pos274_S,0.0,2.772563554638122e-08,Pos98-Pos274
98,274,Pos98_H-Pos274_H,0.0,3.13031369072046e-09,Pos98-Pos274
98,274,Pos98_H-Pos274_D,0.0,2.2359383505146142e-09,Pos98-Pos274
98,355,Pos98_P-Pos355_H,0.00037848265084365005,0.0008670277273032582,Pos98-Pos355
98,355,Pos98_P-Pos355_C,0.0,3.6040344959161564e-06,Pos98-Pos355
98,355,Pos98_P-Pos355_N,1.2209117769150002e-05,2.574310354225826e-07,Pos98-Pos355
98,355,Pos98_P-Pos355_*,0.0,2.574310354225826e-07,Pos98-Pos355
98,355,Pos98_P-Pos355_W,0.0,2.574310354225826e-07,Pos98-Pos355
98,355,Pos98_F-Pos355_H,3.662735330745e-05,8.434317208277208e-05,Pos98-Pos355
98,355,Pos98_F-Pos355_C,0.0,3.505951333606915e-07,Pos98-Pos355
98,355,Pos98_F-Pos355_N,0.0,2.5042509525763684e-08,Pos98-Pos355
98,355,Pos98_F-Pos355_*,0.0,2.5042509525763684e-08,Pos98-Pos355
98,355,Pos98_F-Pos355_W,0.0,2.5042509525763684e-08,Pos98-Pos355
98,355,Pos98_R-Pos355_H,0.0,1.0040853819377629e-05,Pos98-Pos355
98,355,Pos98_R-Pos355_C,0.0,4.1737515876272796e-08,Pos98-Pos355
98,355,Pos98_R-Pos355_N,0.0,2.981251134019486e-09,Pos98-Pos355
98,355,Pos98_R-Pos355_*,0.0,2.981251134019486e-09,Pos98-Pos355
98,355,Pos98_R-Pos355_W,0.0,2.981251134019486e-09,Pos98-Pos355
98,355,Pos98_I-Pos355_H,1.2209117769150002e-05,1.8575579565848612e-05,Pos98-Pos355
98,355,Pos98_I-Pos355_C,0.0,7.721440437110468e-08,Pos98-Pos355
98,355,Pos98_I-Pos355_N,0.0,5.515314597936049e-09,Pos98-Pos355
98,355,Pos98_I-Pos355_*,0.0,5.515314597936049e-09,Pos98-Pos355
98,355,Pos98_I-Pos355_W,0.0,5.515314597936049e-09,Pos98-Pos355
98,355,Pos98_V-Pos355_H,0.0,5.020426909688815e-07,Pos98-Pos355
98,355,Pos98_V-Pos355_C,0.0,2.0868757938136403e-09,Pos98-Pos355
98,355,Pos98_V-Pos355_N,0.0,1.4906255670097433e-10,Pos98-Pos355
98,355,Pos98_V-Pos355_*,0.0,1.4906255670097433e-10,Pos98-Pos355
98,355,Pos98_V-Pos355_W,0.0,1.4906255670097433e-10,Pos98-Pos355
98,355,Pos98_H-Pos355_H,0.0,1.5061280729066442e-06,Pos98-Pos355
98,355,Pos98_H-Pos355_C,0.0,6.26062738144092e-09,Pos98-Pos355
98,355,Pos98_H-Pos355_N,0.0,4.471876701029229e-10,Pos98-Pos355
98,355,Pos98_H-Pos355_*,0.0,4.471876701029229e-10,Pos98-Pos355
98,355,Pos98_H-Pos355_W,0.0,4.471876701029229e-10,Pos98-Pos355
101,154,Pos101_S-Pos154_G,3.662735330745e-05,0.0018060228569817469,Pos101-Pos154
101,154,Pos101_S-Pos154_A,0.0,1.988613756436358e-05,Pos101-Pos154
101,154,Pos101_S-Pos154_*,1.2209117769150002e-05,1.807830687669416e-05,Pos101-Pos154
101,154,Pos101_S-Pos154_K,1.2209117769150002e-05,9.94306878218179e-06,Pos101-Pos154
101,154,Pos101_S-Pos154_D,1.2209117769150002e-05,2.711746031504124e-06,Pos101-Pos154
101,154,Pos101_D-Pos154_G,1.2209117769150002e-05,6.5521937423480264e-06,Pos101-Pos154
101,154,Pos101_D-Pos154_A,0.0,7.214627744327156e-08,Pos101-Pos154
101,154,Pos101_D-Pos154_*,0.0,6.558752494842869e-08,Pos101-Pos154
101,154,Pos101_D-Pos154_K,0.0,3.607313872163578e-08,Pos101-Pos154
101,154,Pos101_D-Pos154_D,0.0,9.838128742264304e-09,Pos101-Pos154
101,154,Pos101_V-Pos154_G,0.0,4.4674048243282e-06,Pos101-Pos154
101,154,Pos101_V-Pos154_A,0.0,4.919064371132152e-08,Pos101-Pos154
101,154,Pos101_V-Pos154_*,0.0,4.4718767010292284e-08,Pos101-Pos154
101,154,Pos101_V-Pos154_K,0.0,2.459532185566076e-08,Pos101-Pos154
101,154,Pos101_V-Pos154_D,0.0,6.7078150515438435e-09,Pos101-Pos154
101,154,Pos101_R-Pos154_G,0.0,5.956539765770934e-07,Pos101-Pos154
101,154,Pos101_R-Pos154_A,0.0,6.5587524948428696e-09,Pos101-Pos154
101,154,Pos101_R-Pos154_*,0.0,5.962502268038972e-09,Pos101-Pos154
101,154,Pos101_R-Pos154_K,0.0,3.2793762474214348e-09,Pos101-Pos154
101,154,Pos101_R-Pos154_D,0.0,8.943753402058458e-10,Pos101-Pos154
101,154,Pos101_C-Pos154_G,0.0,5.063058800905293e-06,Pos101-Pos154
101,154,Pos101_C-Pos154_A,0.0,5.574939620616439e-08,Pos101-Pos154
101,154,Pos101_C-Pos154_*,0.0,5.068126927833126e-08,Pos101-Pos154
101,154,Pos101_C-Pos154_K,0.0,2.7874698103082195e-08,Pos101-Pos154
101,154,Pos101_C-Pos154_D,0.0,7.60219039174969e-09,Pos101-Pos154
101,154,Pos101_A-Pos154_G,1.2209117769150002e-05,2.0847889180198267e-06,Pos101-Pos154
101,154,Pos101_A-Pos154_A,0.0,2.295563373195004e-08,Pos101-Pos154
101,154,Pos101_A-Pos154_*,0.0,2.0868757938136398e-08,Pos101-Pos154
101,154,Pos101_A-Pos154_K,0.0,1.147781686597502e-08,Pos101-Pos154
101,154,Pos101_A-Pos154_D,0.0,3.13031369072046e-09,Pos101-Pos154
101,154,Pos101_N-Pos154_G,0.0,2.978269882885467e-07,Pos101-Pos154
101,154,Pos101_N-Pos154_A,0.0,3.2793762474214348e-09,Pos101-Pos154
101,154,Pos101_N-Pos154_*,0.0,2.981251134019486e-09,Pos101-Pos154
101,154,Pos101_N-Pos154_K,0.0,1.6396881237107174e-09,Pos101-Pos154
101,154,Pos101_N-Pos154_D,0.0,4.471876701029229e-10,Pos101-Pos154
101,162,Pos101_S-Pos162_C,2.4418235538300004e-05,0.000588448888836395,Pos101-Pos162
101,162,Pos101_S-Pos162_I,0.00013430029546065002,0.0009391680422442617,Pos101-Pos162
101,162,Pos101_S-Pos162_N,6.104558884575e-05,5.8754497349256024e-05,Pos101-Pos162
101,162,Pos101_S-Pos162_T,0.0,3.0733121690380075e-05,Pos101-Pos162
101,162,Pos101_S-Pos162_G,0.0,9.039153438347082e-07,Pos101-Pos162
101,162,Pos101_S-Pos162_R,1.2209117769150002e-05,7.231322750677666e-06,Pos101-Pos162
101,162,Pos101_S-Pos162_V,0.0,1.8078306876694164e-06,Pos101-Pos162
101,162,Pos101_D-Pos162_C,2.4418235538300004e-05,2.1348739370713544e-06,Pos101-Pos162
101,162,Pos101_D-Pos162_I,0.0,3.4072719210708705e-06,Pos101-Pos162
101,162,Pos101_D-Pos162_N,0.0,2.1315945608239325e-07,Pos101-Pos162
101,162,Pos101_D-Pos162_T,0.0,1.1149879241232878e-07,Pos101-Pos162
101,162,Pos101_D-Pos162_G,0.0,3.2793762474214348e-09,Pos101-Pos162
101,162,Pos101_D-Pos162_R,0.0,2.6235009979371478e-08,Pos101-Pos162
101,162,Pos101_D-Pos162_V,0.0,6.5587524948428696e-09,Pos101-Pos162
101,162,Pos101_V-Pos162_C,0.0,1.4555958661850141e-06,Pos101-Pos162
101,162,Pos101_V-Pos162_I,0.0,2.3231399461846846e-06,Pos101-Pos162
101,162,Pos101_V-Pos162_N,0.0,1.4533599278344994e-07,Pos101-Pos162
101,162,Pos101_V-Pos162_T,0.0,7.60219039174969e-08,Pos101-Pos162
101,162,Pos101_V-Pos162_G,0.0,2.2359383505146146e-09,Pos101-Pos162
101,162,Pos101_V-Pos162_R,0.0,1.7887506804116917e-08,Pos101-Pos162
101,162,Pos101_V-Pos162_V,0.0,4.471876701029229e-09,Pos101-Pos162
101,162,Pos101_R-Pos162_C,0.0,1.9407944882466856e-07,Pos101-Pos162
101,162,Pos101_R-Pos162_I,0.0,3.0975199282462464e-07,Pos101-Pos162
101,162,Pos101_R-Pos162_N,0.0,1.937813237112666e-08,Pos101-Pos162
101,162,Pos101_R-Pos162_T,0.0,1.0136253855666253e-08,Pos101-Pos162
101,162,Pos101_R-Pos162_G,0.0,2.9812511340194867e-10,Pos101-Pos162
101,162,Pos101_R-Pos162_R,0.0,2.3850009072155893e-09,Pos101-Pos162
101,162,Pos101_R-Pos162_V,0.0,5.962502268038973e-10,Pos101-Pos162
101,162,Pos101_C-Pos162_C,0.0,1.6496753150096826e-06,Pos101-Pos162
101,162,Pos101_C-Pos162_I,0.0,2.6328919390093092e-06,Pos101-Pos162
101,162,Pos101_C-Pos162_N,0.0,1.6471412515457658e-07,Pos101-Pos162
101,162,Pos101_C-Pos162_T,0.0,8.615815777316315e-08,Pos101-Pos162
101,162,Pos101_C-Pos162_G,0.0,2.5340634639165632e-09,Pos101-Pos162
101,162,Pos101_C-Pos162_R,0.0,2.0272507711332506e-08,Pos101-Pos162
101,162,Pos101_C-Pos162_V,0.0,5.0681269278331265e-09,Pos101-Pos162
101,162,Pos101_A-Pos162_C,0.0,6.792780708863399e-07,Pos101-Pos162
101,162,Pos101_A-Pos162_I,0.0,1.084131974886186e-06,Pos101-Pos162
101,162,Pos101_A-Pos162_N,0.0,6.78234632989433e-08,Pos101-Pos162
101,162,Pos101_A-Pos162_T,0.0,3.547688849483188e-08,Pos101-Pos162
101,162,Pos101_A-Pos162_G,0.0,1.0434378969068202e-09,Pos101-Pos162
101,162,Pos101_A-Pos162_R,0.0,8.347503175254561e-09,Pos101-Pos162
101,162,Pos101_A-Pos162_V,0.0,2.0868757938136403e-09,Pos101-Pos162
101,162,Pos101_N-Pos162_C,0.0,9.703972441233428e-08,Pos101-Pos162
101,162,Pos101_N-Pos162_I,0.0,1.5487599641231232e-07,Pos101-Pos162
101,162,Pos101_N-Pos162_N,0.0,9.68906618556333e-09,Pos101-Pos162
101,162,Pos101_N-Pos162_T,0.0,5.0681269278331265e-09,Pos101-Pos162
101,162,Pos101_N-Pos162_G,0.0,1.4906255670097433e-10,Pos101-Pos162
101,162,Pos101_N-Pos162_R,0.0,1.1925004536077947e-09,Pos101-Pos162
101,162,Pos101_N-Pos162_V,0.0,2.9812511340194867e-10,Pos101-Pos162
101,220,Pos101_S-Pos220_I,0.0001465094132298,0.0018078306876694163,Pos101-Pos220
101,220,Pos101_S-Pos220_V,0.007459770956950651,0.013115811639041615,Pos101-Pos220
101,220,Pos101_S-Pos220_D,1.2209117769150002e-05,7.231322750677666e-06,Pos101-Pos220
101,220,Pos101_S-Pos220_C,2.4418235538300004e-05,6.327407406842956e-06,Pos101-Pos220
101,220,Pos101_S-Pos220_A,1.2209117769150002e-05,9.039153438347082e-07,Pos101-Pos220
101,220,Pos101_S-Pos220_S,0.0,4.51957671917354e-06,Pos101-Pos220
101,220,Pos101_S-Pos220_F,0.0,9.039153438347082e-07,Pos101-Pos220
101,220,Pos101_D-Pos220_I,2.4418235538300004e-05,6.558752494842869e-06,Pos101-Pos220
101,220,Pos101_D-Pos220_V,2.4418235538300004e-05,4.7583749350085016e-05,Pos101-Pos220
101,220,Pos101_D-Pos220_D,0.0,2.6235009979371478e-08,Pos101-Pos220
101,220,Pos101_D-Pos220_C,0.0,2.295563373195004e-08,Pos101-Pos220
101,220,Pos101_D-Pos220_A,0.0,3.2793762474214348e-09,Pos101-Pos220
101,220,Pos101_D-Pos220_S,0.0,1.6396881237107173e-08,Pos101-Pos220
101,220,Pos101_D-Pos220_F,0.0,3.2793762474214348e-09,Pos101-Pos220
101,220,Pos101_V-Pos220_I,0.0,4.471876701029229e-06,Pos101-Pos220
101,220,Pos101_V-Pos220_V,1.2209117769150002e-05,3.2443465465967054e-05,Pos101-Pos220
101,220,Pos101_V-Pos220_D,0.0,1.7887506804116917e-08,Pos101-Pos220
101,220,Pos101_V-Pos220_C,0.0,1.56515684536023e-08,Pos101-Pos220
101,220,Pos101_V-Pos220_A,0.0,2.2359383505146146e-09,Pos101-Pos220
101,220,Pos101_V-Pos220_S,0.0,1.1179691752573071e-08,Pos101-Pos220
101,220,Pos101_V-Pos220_F,0.0,2.2359383505146146e-09,Pos101-Pos220
101,220,Pos101_R-Pos220_I,0.0,5.962502268038972e-07,Pos101-Pos220
101,220,Pos101_R-Pos220_V,0.0,4.325795395462275e-06,Pos101-Pos220
101,220,Pos101_R-Pos220_D,0.0,2.3850009072155893e-09,Pos101-Pos220
101,220,Pos101_R-Pos220_C,0.0,2.0868757938136403e-09,Pos101-Pos220
101,220,Pos101_R-Pos220_A,0.0,2.9812511340194867e-10,Pos101-Pos220
101,220,Pos101_R-Pos220_S,0.0,1.490625567009743e-09,Pos101-Pos220
101,220,Pos101_R-Pos220_F,0.0,2.9812511340194867e-10,Pos101-Pos220
101,220,Pos101_C-Pos220_I,1.2209117769150002e-05,5.068126927833126e-06,Pos101-Pos220
101,220,Pos101_C-Pos220_V,3.662735330745e-05,3.676926086142933e-05,Pos101-Pos220
101,220,Pos101_C-Pos220_D,0.0,2.0272507711332506e-08,Pos101-Pos220
101,220,Pos101_C-Pos220_C,0.0,1.773844424741594e-08,Pos101-Pos220
101,220,Pos101_C-Pos220_A,0.0,2.5340634639165632e-09,Pos101-Pos220
101,220,Pos101_C-Pos220_S,0.0,1.2670317319582815e-08,Pos101-Pos220
101,220,Pos101_C-Pos220_F,0.0,2.5340634639165632e-09,Pos101-Pos220
101,220,Pos101_A-Pos220_I,0.0,2.08687579381364e-06,Pos101-Pos220
101,220,Pos101_A-Pos220_V,3.662735330745e-05,1.5140283884117959e-05,Pos101-Pos220
101,220,Pos101_A-Pos220_D,0.0,8.347503175254561e-09,Pos101-Pos220
101,220,Pos101_A-Pos220_C,0.0,7.30406527834774e-09,Pos101-Pos220
101,220,Pos101_A-Pos220_A,0.0,1.0434378969068202e-09,Pos101-Pos220
101,220,Pos101_A-Pos220_S,0.0,5.2171894845340996e-09,Pos101-Pos220
101,220,Pos101_A-Pos220_F,0.0,1.0434378969068202e-09,Pos101-Pos220
101,220,Pos101_N-Pos220_I,0.0,2.981251134019486e-07,Pos101-Pos220
101,220,Pos101_N-Pos220_V,0.0,2.1628976977311373e-06,Pos101-Pos220
101,220,Pos101_N-Pos220_D,0.0,1.1925004536077947e-09,Pos101-Pos220
101,220,Pos101_N-Pos220_C,0.0,1.0434378969068202e-09,Pos101-Pos220
101,220,Pos101_N-Pos220_A,0.0,1.4906255670097433e-10,Pos101-Pos220
101,220,Pos101_N-Pos220_S,0.0,7.453127835048715e-10,Pos101-Pos220
101,220,Pos101_N-Pos220_F,0.0,1.4906255670097433e-10,Pos101-Pos220
101,225,Pos101_S-Pos225_L,0.06542866212487486,0.057752055232943335,Pos101-Pos225
101,225,Pos101_S-Pos225_I,0.008473127731790101,0.015949586241963427,Pos101-Pos225
101,225,Pos101_S-Pos225_T,4.883647107660001e-05,0.00018259089945461105,Pos101-Pos225
101,225,Pos101_S-Pos225_Q,0.0,4.3387936504065983e-05,Pos101-Pos225
101,225,Pos101_S-Pos225_S,0.0,5.423492063008248e-06,Pos101-Pos225
101,225,Pos101_S-Pos225_V,1.2209117769150002e-05,3.615661375338833e-06,Pos101-Pos225
101,225,Pos101_S-Pos225_E,0.0,9.039153438347082e-07,Pos101-Pos225
101,225,Pos101_S-Pos225_M,0.0,9.039153438347082e-07,Pos101-Pos225
101,225,Pos101_S-Pos225_*,0.0,1.8078306876694164e-06,Pos101-Pos225
101,225,Pos101_S-Pos225_F,1.2209117769150002e-05,9.039153438347082e-07,Pos101-Pos225
101,225,Pos101_S-Pos225_N,3.662735330745e-05,2.711746031504124e-06,Pos101-Pos225
101,225,Pos101_D-Pos225_L,0.00020755500207555002,0.0002095226278240029,Pos101-Pos225
101,225,Pos101_D-Pos225_I,6.104558884575e-05,5.786459388575122e-05,Pos101-Pos225
101,225,Pos101_D-Pos225_T,0.0,6.624340019791298e-07,Pos101-Pos225
101,225,Pos101_D-Pos225_Q,0.0,1.5741005987622886e-07,Pos101-Pos225
101,225,Pos101_D-Pos225_S,0.0,1.9676257484528607e-08,Pos101-Pos225
101,225,Pos101_D-Pos225_V,0.0,1.3117504989685739e-08,Pos101-Pos225
101,225,Pos101_D-Pos225_E,0.0,3.2793762474214348e-09,Pos101-Pos225
101,225,Pos101_D-Pos225_M,0.0,3.2793762474214348e-09,Pos101-Pos225
101,225,Pos101_D-Pos225_*,0.0,6.5587524948428696e-09,Pos101-Pos225
101,225,Pos101_D-Pos225_F,0.0,3.2793762474214348e-09,Pos101-Pos225
101,225,Pos101_D-Pos225_N,0.0,9.838128742264304e-09,Pos101-Pos225
101,225,Pos101_V-Pos225_L,0.0001709276487681,0.00014285633715272923,Pos101-Pos225
101,225,Pos101_V-Pos225_I,1.2209117769150002e-05,3.9453132194830376e-05,Pos101-Pos225
101,225,Pos101_V-Pos225_T,0.0,4.5165954680395217e-07,Pos101-Pos225
101,225,Pos101_V-Pos225_Q,0.0,1.073250408247015e-07,Pos101-Pos225
101,225,Pos101_V-Pos225_S,0.0,1.3415630103087687e-08,Pos101-Pos225
101,225,Pos101_V-Pos225_V,0.0,8.943753402058458e-09,Pos101-Pos225
101,225,Pos101_V-Pos225_E,0.0,2.2359383505146146e-09,Pos101-Pos225
101,225,Pos101_V-Pos225_M,0.0,2.2359383505146146e-09,Pos101-Pos225
101,225,Pos101_V-Pos225_*,0.0,4.471876701029229e-09,Pos101-Pos225
101,225,Pos101_V-Pos225_F,0.0,2.2359383505146146e-09,Pos101-Pos225
101,225,Pos101_V-Pos225_N,0.0,6.7078150515438435e-09,Pos101-Pos225
101,225,Pos101_R-Pos225_L,2.4418235538300004e-05,1.90475116203639e-05,Pos101-Pos225
101,225,Pos101_R-Pos225_I,0.0,5.260417625977384e-06,Pos101-Pos225
101,225,Pos101_R-Pos225_T,0.0,6.022127290719362e-08,Pos101-Pos225
101,225,Pos101_R-Pos225_Q,0.0,1.4310005443293534e-08,Pos101-Pos225
101,225,Pos101_R-Pos225_S,0.0,1.7887506804116917e-09,Pos101-Pos225
101,225,Pos101_R-Pos225_V,0.0,1.1925004536077947e-09,Pos101-Pos225
101,225,Pos101_R-Pos225_E,0.0,2.9812511340194867e-10,Pos101-Pos225
101,225,Pos101_R-Pos225_M,0.0,2.9812511340194867e-10,Pos101-Pos225
101,225,Pos101_R-Pos225_*,0.0,5.962502268038973e-10,Pos101-Pos225
101,225,Pos101_R-Pos225_F,0.0,2.9812511340194867e-10,Pos101-Pos225
101,225,Pos101_R-Pos225_N,0.0,8.943753402058458e-10,Pos101-Pos225
101,225,Pos101_C-Pos225_L,0.00015871853099895002,0.00016190384877309315,Pos101-Pos225
101,225,Pos101_C-Pos225_I,4.883647107660001e-05,4.4713549820807756e-05,Pos101-Pos225
101,225,Pos101_C-Pos225_T,0.0,5.118808197111458e-07,Pos101-Pos225
101,225,Pos101_C-Pos225_Q,0.0,1.2163504626799503e-07,Pos101-Pos225
101,225,Pos101_C-Pos225_S,0.0,1.520438078349938e-08,Pos101-Pos225
101,225,Pos101_C-Pos225_V,0.0,1.0136253855666253e-08,Pos101-Pos225
101,225,Pos101_C-Pos225_E,0.0,2.5340634639165632e-09,Pos101-Pos225
101,225,Pos101_C-Pos225_M,0.0,2.5340634639165632e-09,Pos101-Pos225
101,225,Pos101_C-Pos225_*,0.0,5.0681269278331265e-09,Pos101-Pos225
101,225,Pos101_C-Pos225_F,0.0,2.5340634639165632e-09,Pos101-Pos225
101,225,Pos101_C-Pos225_N,0.0,7.60219039174969e-09,Pos101-Pos225
101,225,Pos101_A-Pos225_L,3.662735330745e-05,6.666629067127365e-05,Pos101-Pos225
101,225,Pos101_A-Pos225_I,4.883647107660001e-05,1.841146169092084e-05,Pos101-Pos225
101,225,Pos101_A-Pos225_T,0.0,2.1077445517517765e-07,Pos101-Pos225
101,225,Pos101_A-Pos225_Q,0.0,5.008501905152736e-08,Pos101-Pos225
101,225,Pos101_A-Pos225_S,0.0,6.26062738144092e-09,Pos101-Pos225
101,225,Pos101_A-Pos225_V,0.0,4.173751587627281e-09,Pos101-Pos225
101,225,Pos101_A-Pos225_E,0.0,1.0434378969068202e-09,Pos101-Pos225
101,225,Pos101_A-Pos225_M,0.0,1.0434378969068202e-09,Pos101-Pos225
101,225,Pos101_A-Pos225_*,0.0,2.0868757938136403e-09,Pos101-Pos225
101,225,Pos101_A-Pos225_F,0.0,1.0434378969068202e-09,Pos101-Pos225
101,225,Pos101_A-Pos225_N,0.0,3.13031369072046e-09,Pos101-Pos225
101,225,Pos101_N-Pos225_L,1.2209117769150002e-05,9.52375581018195e-06,Pos101-Pos225
101,225,Pos101_N-Pos225_I,0.0,2.630208812988692e-06,Pos101-Pos225
101,225,Pos101_N-Pos225_T,0.0,3.011063645359681e-08,Pos101-Pos225
101,225,Pos101_N-Pos225_Q,0.0,7.155002721646767e-09,Pos101-Pos225
101,225,Pos101_N-Pos225_S,0.0,8.943753402058458e-10,Pos101-Pos225
101,225,Pos101_N-Pos225_V,0.0,5.962502268038973e-10,Pos101-Pos225
101,225,Pos101_N-Pos225_E,0.0,1.4906255670097433e-10,Pos101-Pos225
101,225,Pos101_N-Pos225_M,0.0,1.4906255670097433e-10,Pos101-Pos225
101,225,Pos101_N-Pos225_*,0.0,2.9812511340194867e-10,Pos101-Pos225
101,225,Pos101_N-Pos225_F,0.0,1.4906255670097433e-10,Pos101-Pos225
101,225,Pos101_N-Pos225_N,0.0,4.471876701029229e-10,Pos101-Pos225
101,231,Pos101_S-Pos231_R,0.00030522794422875,0.0010340791533469062,Pos101-Pos231
101,231,Pos101_S-Pos231_S,0.0002930188264596,0.0030859669838516936,Pos101-Pos231
101,231,Pos101_S-Pos231_Y,1.2209117769150002e-05,2.1693968252032992e-05,Pos101-Pos231
101,231,Pos101_S-Pos231_G,2.4418235538300004e-05,3.525269840955362e-05,Pos101-Pos231
101,231,Pos101_S-Pos231_*,0.0,4.51957671917354e-06,Pos101-Pos231
101,231,Pos101_S-Pos231_H,0.0,9.039153438347082e-07,Pos101-Pos231
101,231,Pos101_S-Pos231_N,0.0,2.711746031504124e-06,Pos101-Pos231
101,231,Pos101_S-Pos231_F,1.2209117769150002e-05,6.327407406842956e-06,Pos101-Pos231
101,231,Pos101_S-Pos231_L,0.0,9.039153438347082e-07,Pos101-Pos231
101,231,Pos101_D-Pos231_R,0.0,3.7516064270501214e-06,Pos101-Pos231
101,231,Pos101_D-Pos231_S,1.2209117769150002e-05,1.1195790508696778e-05,Pos101-Pos231
101,231,Pos101_D-Pos231_Y,0.0,7.870502993811443e-08,Pos101-Pos231
101,231,Pos101_D-Pos231_G,0.0,1.2789567364943596e-07,Pos101-Pos231
101,231,Pos101_D-Pos231_*,0.0,1.6396881237107173e-08,Pos101-Pos231
101,231,Pos101_D-Pos231_H,0.0,3.2793762474214348e-09,Pos101-Pos231
101,231,Pos101_D-Pos231_N,0.0,9.838128742264304e-09,Pos101-Pos231
101,231,Pos101_D-Pos231_F,0.0,2.295563373195004e-08,Pos101-Pos231
101,231,Pos101_D-Pos231_L,0.0,3.2793762474214348e-09,Pos101-Pos231
101,231,Pos101_V-Pos231_R,1.2209117769150002e-05,2.557913472988719e-06,Pos101-Pos231
101,231,Pos101_V-Pos231_S,0.0,7.633493528656894e-06,Pos101-Pos231
101,231,Pos101_V-Pos231_Y,0.0,5.366252041235075e-08,Pos101-Pos231
101,231,Pos101_V-Pos231_G,0.0,8.720159567006997e-08,Pos101-Pos231
101,231,Pos101_V-Pos231_*,0.0,1.1179691752573071e-08,Pos101-Pos231
101,231,Pos101_V-Pos231_H,0.0,2.2359383505146146e-09,Pos101-Pos231
101,231,Pos101_V-Pos231_N,0.0,6.7078150515438435e-09,Pos101-Pos231
101,231,Pos101_V-Pos231_F,0.0,1.56515684536023e-08,Pos101-Pos231
101,231,Pos101_V-Pos231_L,0.0,2.2359383505146146e-09,Pos101-Pos231
101,231,Pos101_R-Pos231_R,0.0,3.4105512973182924e-07,Pos101-Pos231
101,231,Pos101_R-Pos231_S,0.0,1.0177991371542527e-06,Pos101-Pos231
101,231,Pos101_R-Pos231_Y,0.0,7.155002721646767e-09,Pos101-Pos231
101,231,Pos101_R-Pos231_G,0.0,1.1626879422675997e-08,Pos101-Pos231
101,231,Pos101_R-Pos231_*,0.0,1.490625567009743e-09,Pos101-Pos231
101,231,Pos101_R-Pos231_H,0.0,2.9812511340194867e-10,Pos101-Pos231
101,231,Pos101_R-Pos231_N,0.0,8.943753402058458e-10,Pos101-Pos231
101,231,Pos101_R-Pos231_F,0.0,2.0868757938136403e-09,Pos101-Pos231
101,231,Pos101_R-Pos231_L,0.0,2.9812511340194867e-10,Pos101-Pos231
101,231,Pos101_C-Pos231_R,0.0,2.898968602720548e-06,Pos101-Pos231
101,231,Pos101_C-Pos231_S,2.4418235538300004e-05,8.651292665811147e-06,Pos101-Pos231
101,231,Pos101_C-Pos231_Y,0.0,6.081752313399751e-08,Pos101-Pos231
101,231,Pos101_C-Pos231_G,0.0,9.882847509274596e-08,Pos101-Pos231
101,231,Pos101_C-Pos231_*,0.0,1.2670317319582815e-08,Pos101-Pos231
101,231,Pos101_C-Pos231_H,0.0,2.5340634639165632e-09,Pos101-Pos231
101,231,Pos101_C-Pos231_N,0.0,7.60219039174969e-09,Pos101-Pos231
101,231,Pos101_C-Pos231_F,0.0,1.773844424741594e-08,Pos101-Pos231
101,231,Pos101_C-Pos231_L,0.0,2.5340634639165632e-09,Pos101-Pos231
101,231,Pos101_A-Pos231_R,0.0,1.193692954061402e-06,Pos101-Pos231
101,231,Pos101_A-Pos231_S,0.0,3.5622969800398836e-06,Pos101-Pos231
101,231,Pos101_A-Pos231_Y,0.0,2.504250952576368e-08,Pos101-Pos231
101,231,Pos101_A-Pos231_G,0.0,4.0694077979365985e-08,Pos101-Pos231
101,231,Pos101_A-Pos231_*,0.0,5.2171894845340996e-09,Pos101-Pos231
101,231,Pos101_A-Pos231_H,0.0,1.0434378969068202e-09,Pos101-Pos231
101,231,Pos101_A-Pos231_N,0.0,3.13031369072046e-09,Pos101-Pos231
101,231,Pos101_A-Pos231_F,0.0,7.30406527834774e-09,Pos101-Pos231
101,231,Pos101_A-Pos231_L,0.0,1.0434378969068202e-09,Pos101-Pos231
101,231,Pos101_N-Pos231_R,0.0,1.7052756486591462e-07,Pos101-Pos231
101,231,Pos101_N-Pos231_S,0.0,5.088995685771264e-07,Pos101-Pos231
101,231,Pos101_N-Pos231_Y,0.0,3.5775013608233834e-09,Pos101-Pos231
101,231,Pos101_N-Pos231_G,0.0,5.8134397113379984e-09,Pos101-Pos231
101,231,Pos101_N-Pos231_*,0.0,7.453127835048715e-10,Pos101-Pos231
101,231,Pos101_N-Pos231_H,0.0,1.4906255670097433e-10,Pos101-Pos231
101,231,Pos101_N-Pos231_N,0.0,4.471876701029229e-10,Pos101-Pos231
101,231,Pos101_N-Pos231_F,0.0,1.0434378969068202e-09,Pos101-Pos231
101,231,Pos101_N-Pos231_L,0.0,1.4906255670097433e-10,Pos101-Pos231
101,274,Pos101_S-Pos274_K,7.32547066149e-05,0.0006779365078760311,Pos101-Pos274
101,274,Pos101_S-Pos274_S,1.2209117769150002e-05,5.6042751317751905e-05,Pos101-Pos274
101,274,Pos101_S-Pos274_H,0.0,6.327407406842956e-06,Pos101-Pos274
101,274,Pos101_S-Pos274_D,0.0,4.51957671917354e-06,Pos101-Pos274
101,274,Pos101_D-Pos274_K,0.0,2.459532185566076e-06,Pos101-Pos274
101,274,Pos101_D-Pos274_S,0.0,2.0332132734012896e-07,Pos101-Pos274
101,274,Pos101_D-Pos274_H,0.0,2.295563373195004e-08,Pos101-Pos274
101,274,Pos101_D-Pos274_D,0.0,1.6396881237107173e-08,Pos101-Pos274
101,274,Pos101_V-Pos274_K,1.2209117769150002e-05,1.6769537628859609e-06,Pos101-Pos274
101,274,Pos101_V-Pos274_S,0.0,1.386281777319061e-07,Pos101-Pos274
101,274,Pos101_V-Pos274_H,0.0,1.56515684536023e-08,Pos101-Pos274
101,274,Pos101_V-Pos274_D,0.0,1.1179691752573071e-08,Pos101-Pos274
101,274,Pos101_R-Pos274_K,0.0,2.2359383505146148e-07,Pos101-Pos274
101,274,Pos101_R-Pos274_S,0.0,1.8483757030920816e-08,Pos101-Pos274
101,274,Pos101_R-Pos274_H,0.0,2.0868757938136403e-09,Pos101-Pos274
101,274,Pos101_R-Pos274_D,0.0,1.490625567009743e-09,Pos101-Pos274
101,274,Pos101_C-Pos274_K,0.0,1.9005475979374224e-06,Pos101-Pos274
101,274,Pos101_C-Pos274_S,0.0,1.5711193476282692e-07,Pos101-Pos274
101,274,Pos101_C-Pos274_H,0.0,1.773844424741594e-08,Pos101-Pos274
101,274,Pos101_C-Pos274_D,0.0,1.2670317319582815e-08,Pos101-Pos274
101,274,Pos101_A-Pos274_K,0.0,7.82578422680115e-07,Pos101-Pos274
101,274,Pos101_A-Pos274_S,0.0,6.469314960822284e-08,Pos101-Pos274
101,274,Pos101_A-Pos274_H,0.0,7.30406527834774e-09,Pos101-Pos274
101,274,Pos101_A-Pos274_D,0.0,5.2171894845340996e-09,Pos101-Pos274
101,274,Pos101_N-Pos274_K,0.0,1.1179691752573074e-07,Pos101-Pos274
101,274,Pos101_N-Pos274_S,0.0,9.241878515460408e-09,Pos101-Pos274
101,274,Pos101_N-Pos274_H,0.0,1.0434378969068202e-09,Pos101-Pos274
101,274,Pos101_N-Pos274_D,0.0,7.453127835048715e-10,Pos101-Pos274
101,355,Pos101_S-Pos355_H,0.0007569653016873001,0.003044386878035297,Pos101-Pos355
101,355,Pos101_S-Pos355_C,1.2209117769150002e-05,1.2654814813685912e-05,Pos101-Pos355
101,355,Pos101_S-Pos355_N,0.0,9.039153438347082e-07,Pos101-Pos355
101,355,Pos101_S-Pos355_*,0.0,9.039153438347082e-07,Pos101-Pos355
101,355,Pos101_S-Pos355_W,0.0,9.039153438347082e-07,Pos101-Pos355
101,355,Pos101_D-Pos355_H,0.0,1.1044939201315393e-05,Pos101-Pos355
101,355,Pos101_D-Pos355_C,0.0,4.591126746390008e-08,Pos101-Pos355
101,355,Pos101_D-Pos355_N,0.0,3.2793762474214348e-09,Pos101-Pos355
101,355,Pos101_D-Pos355_*,0.0,3.2793762474214348e-09,Pos101-Pos355
101,355,Pos101_D-Pos355_W,0.0,3.2793762474214348e-09,Pos101-Pos355
101,355,Pos101_V-Pos355_H,1.2209117769150002e-05,7.5306403645332215e-06,Pos101-Pos355
101,355,Pos101_V-Pos355_C,0.0,3.13031369072046e-08,Pos101-Pos355
101,355,Pos101_V-Pos355_N,0.0,2.2359383505146146e-09,Pos101-Pos355
101,355,Pos101_V-Pos355_*,0.0,2.2359383505146146e-09,Pos101-Pos355
101,355,Pos101_V-Pos355_W,0.0,2.2359383505146146e-09,Pos101-Pos355
101,355,Pos101_R-Pos355_H,0.0,1.004085381937763e-06,Pos101-Pos355
101,355,Pos101_R-Pos355_C,0.0,4.173751587627281e-09,Pos101-Pos355
101,355,Pos101_R-Pos355_N,0.0,2.9812511340194867e-10,Pos101-Pos355
101,355,Pos101_R-Pos355_*,0.0,2.9812511340194867e-10,Pos101-Pos355
101,355,Pos101_R-Pos355_W,0.0,2.9812511340194867e-10,Pos101-Pos355
101,355,Pos101_C-Pos355_H,1.2209117769150002e-05,8.534725746470985e-06,Pos101-Pos355
101,355,Pos101_C-Pos355_C,0.0,3.547688849483188e-08,Pos101-Pos355
101,355,Pos101_C-Pos355_N,0.0,2.5340634639165632e-09,Pos101-Pos355
101,355,Pos101_C-Pos355_*,0.0,2.5340634639165632e-09,Pos101-Pos355
101,355,Pos101_C-Pos355_W,0.0,2.5340634639165632e-09,Pos101-Pos355
101,355,Pos101_A-Pos355_H,0.0,3.51429883678217e-06,Pos101-Pos355
101,355,Pos101_A-Pos355_C,0.0,1.460813055669548e-08,Pos101-Pos355
101,355,Pos101_A-Pos355_N,0.0,1.0434378969068202e-09,Pos101-Pos355
101,355,Pos101_A-Pos355_*,0.0,1.0434378969068202e-09,Pos101-Pos355
101,355,Pos101_A-Pos355_W,0.0,1.0434378969068202e-09,Pos101-Pos355
101,355,Pos101_N-Pos355_H,0.0,5.020426909688815e-07,Pos101-Pos355
101,355,Pos101_N-Pos355_C,0.0,2.0868757938136403e-09,Pos101-Pos355
101,355,Pos101_N-Pos355_N,0.0,1.4906255670097433e-10,Pos101-Pos355
101,355,Pos101_N-Pos355_*,0.0,1.4906255670097433e-10,Pos101-Pos355
101,355,Pos101_N-Pos355_W,0.0,1.4906255670097433e-10,Pos101-Pos355
154,162,Pos154_G-Pos162_C,3.662735330745e-05,0.00019388536937584388,Pos154-Pos162
154,162,Pos154_G-Pos162_I,0.0015749761922203502,0.0003094422408318,Pos154-Pos162
154,162,Pos154_G-Pos162_N,8.546382438405e-05,1.935875423875553e-05,Pos154-Pos162
154,162,Pos154_G-Pos162_T,0.0,1.0126117601810586e-05,Pos154-Pos162
154,162,Pos154_G-Pos162_G,0.0,2.978269882885467e-07,Pos154-Pos162
154,162,Pos154_G-Pos162_R,0.0,2.3826159063083735e-06,Pos154-Pos162
154,162,Pos154_G-Pos162_V,0.0,5.956539765770934e-07,Pos154-Pos162
154,162,Pos154_A-Pos162_C,0.0,2.1348739370713544e-06,Pos154-Pos162
154,162,Pos154_A-Pos162_I,0.0,3.4072719210708705e-06,Pos154-Pos162
154,162,Pos154_A-Pos162_N,0.0,2.1315945608239325e-07,Pos154-Pos162
154,162,Pos154_A-Pos162_T,0.0,1.1149879241232878e-07,Pos154-Pos162
154,162,Pos154_A-Pos162_G,0.0,3.2793762474214348e-09,Pos154-Pos162
154,162,Pos154_A-Pos162_R,0.0,2.6235009979371478e-08,Pos154-Pos162
154,162,Pos154_A-Pos162_V,0.0,6.5587524948428696e-09,Pos154-Pos162
154,162,Pos154_*-Pos162_C,0.0,1.9407944882466852e-06,Pos154-Pos162
154,162,Pos154_*-Pos162_I,1.2209117769150002e-05,3.097519928246246e-06,Pos154-Pos162
154,162,Pos154_*-Pos162_N,0.0,1.9378132371126658e-07,Pos154-Pos162
154,162,Pos154_*-Pos162_T,0.0,1.0136253855666252e-07,Pos154-Pos162
154,162,Pos154_*-Pos162_G,0.0,2.981251134019486e-09,Pos154-Pos162
154,162,Pos154_*-Pos162_R,0.0,2.385000907215589e-08,Pos154-Pos162
154,162,Pos154_*-Pos162_V,0.0,5.962502268038972e-09,Pos154-Pos162
154,162,Pos154_K-Pos162_C,0.0,1.0674369685356772e-06,Pos154-Pos162
154,162,Pos154_K-Pos162_I,0.0,1.7036359605354352e-06,Pos154-Pos162
154,162,Pos154_K-Pos162_N,0.0,1.0657972804119662e-07,Pos154-Pos162
154,162,Pos154_K-Pos162_T,0.0,5.574939620616439e-08,Pos154-Pos162
154,162,Pos154_K-Pos162_G,0.0,1.6396881237107174e-09,Pos154-Pos162
154,162,Pos154_K-Pos162_R,0.0,1.3117504989685739e-08,Pos154-Pos162
154,162,Pos154_K-Pos162_V,0.0,3.2793762474214348e-09,Pos154-Pos162
154,162,Pos154_D-Pos162_C,0.0,2.9111917323700283e-07,Pos154-Pos162
154,162,Pos154_D-Pos162_I,0.0,4.646279892369369e-07,Pos154-Pos162
154,162,Pos154_D-Pos162_N,0.0,2.9067198556689986e-08,Pos154-Pos162
154,162,Pos154_D-Pos162_T,0.0,1.520438078349938e-08,Pos154-Pos162
154,162,Pos154_D-Pos162_G,0.0,4.471876701029229e-10,Pos154-Pos162
154,162,Pos154_D-Pos162_R,0.0,3.5775013608233834e-09,Pos154-Pos162
154,162,Pos154_D-Pos162_V,0.0,8.943753402058458e-10,Pos154-Pos162
154,220,Pos154_G-Pos220_I,3.662735330745e-05,0.0005956539765770933,Pos154-Pos220
154,220,Pos154_G-Pos220_V,0.010499841281469,0.004321469600066812,Pos154-Pos220
154,220,Pos154_G-Pos220_D,0.0,2.3826159063083735e-06,Pos154-Pos220
154,220,Pos154_G-Pos220_C,0.0,2.0847889180198267e-06,Pos154-Pos220
154,220,Pos154_G-Pos220_A,0.0,2.978269882885467e-07,Pos154-Pos220
154,220,Pos154_G-Pos220_S,0.0,1.4891349414427332e-06,Pos154-Pos220
154,220,Pos154_G-Pos220_F,0.0,2.978269882885467e-07,Pos154-Pos220
154,220,Pos154_A-Pos220_I,0.0,6.558752494842869e-06,Pos154-Pos220
154,220,Pos154_A-Pos220_V,0.00018313676653725002,4.7583749350085016e-05,Pos154-Pos220
154,220,Pos154_A-Pos220_D,0.0,2.6235009979371478e-08,Pos154-Pos220
154,220,Pos154_A-Pos220_C,0.0,2.295563373195004e-08,Pos154-Pos220
154,220,Pos154_A-Pos220_A,0.0,3.2793762474214348e-09,Pos154-Pos220
154,220,Pos154_A-Pos220_S,0.0,1.6396881237107173e-08,Pos154-Pos220
154,220,Pos154_A-Pos220_F,0.0,3.2793762474214348e-09,Pos154-Pos220
154,220,Pos154_*-Pos220_I,0.0,5.962502268038971e-06,Pos154-Pos220
154,220,Pos154_*-Pos220_V,2.4418235538300004e-05,4.3257953954622736e-05,Pos154-Pos220
154,220,Pos154_*-Pos220_D,0.0,2.385000907215589e-08,Pos154-Pos220
154,220,Pos154_*-Pos220_C,0.0,2.0868757938136398e-08,Pos154-Pos220
154,220,Pos154_*-Pos220_A,0.0,2.981251134019486e-09,Pos154-Pos220
154,220,Pos154_*-Pos220_S,0.0,1.490625567009743e-08,Pos154-Pos220
154,220,Pos154_*-Pos220_F,0.0,2.981251134019486e-09,Pos154-Pos220
154,220,Pos154_K-Pos220_I,1.2209117769150002e-05,3.2793762474214347e-06,Pos154-Pos220
154,220,Pos154_K-Pos220_V,1.2209117769150002e-05,2.3791874675042508e-05,Pos154-Pos220
154,220,Pos154_K-Pos220_D,0.0,1.3117504989685739e-08,Pos154-Pos220
154,220,Pos154_K-Pos220_C,0.0,1.147781686597502e-08,Pos154-Pos220
154,220,Pos154_K-Pos220_A,0.0,1.6396881237107174e-09,Pos154-Pos220
154,220,Pos154_K-Pos220_S,0.0,8.198440618553587e-09,Pos154-Pos220
154,220,Pos154_K-Pos220_F,0.0,1.6396881237107174e-09,Pos154-Pos220
154,220,Pos154_D-Pos220_I,0.0,8.943753402058457e-07,Pos154-Pos220
154,220,Pos154_D-Pos220_V,0.0,6.488693093193411e-06,Pos154-Pos220
154,220,Pos154_D-Pos220_D,0.0,3.5775013608233834e-09,Pos154-Pos220
154,220,Pos154_D-Pos220_C,0.0,3.13031369072046e-09,Pos154-Pos220
154,220,Pos154_D-Pos220_A,0.0,4.471876701029229e-10,Pos154-Pos220
154,220,Pos154_D-Pos220_S,0.0,2.2359383505146142e-09,Pos154-Pos220
154,220,Pos154_D-Pos220_F,0.0,4.471876701029229e-10,Pos154-Pos220
154,225,Pos154_G-Pos225_L,0.0023441506116768,0.019028464108743533,Pos154-Pos225
154,225,Pos154_G-Pos225_I,0.021341537860474203,0.005255157208351406,Pos154-Pos225
154,225,Pos154_G-Pos225_T,8.546382438405e-05,6.016105163428643e-05,Pos154-Pos225
154,225,Pos154_G-Pos225_Q,2.4418235538300004e-05,1.4295695437850239e-05,Pos154-Pos225
154,225,Pos154_G-Pos225_S,0.0,1.7869619297312798e-06,Pos154-Pos225
154,225,Pos154_G-Pos225_V,0.0,1.1913079531541868e-06,Pos154-Pos225
154,225,Pos154_G-Pos225_E,1.2209117769150002e-05,2.978269882885467e-07,Pos154-Pos225
154,225,Pos154_G-Pos225_M,0.0,2.978269882885467e-07,Pos154-Pos225
154,225,Pos154_G-Pos225_*,0.0,5.956539765770934e-07,Pos154-Pos225
154,225,Pos154_G-Pos225_F,0.0,2.978269882885467e-07,Pos154-Pos225
154,225,Pos154_G-Pos225_N,0.0,8.934809648656399e-07,Pos154-Pos225
154,225,Pos154_A-Pos225_L,8.546382438405e-05,0.0002095226278240029,Pos154-Pos225
154,225,Pos154_A-Pos225_I,0.00018313676653725002,5.786459388575122e-05,Pos154-Pos225
154,225,Pos154_A-Pos225_T,0.0,6.624340019791298e-07,Pos154-Pos225
154,225,Pos154_A-Pos225_Q,0.0,1.5741005987622886e-07,Pos154-Pos225
154,225,Pos154_A-Pos225_S,0.0,1.9676257484528607e-08,Pos154-Pos225
154,225,Pos154_A-Pos225_V,0.0,1.3117504989685739e-08,Pos154-Pos225
154,225,Pos154_A-Pos225_E,0.0,3.2793762474214348e-09,Pos154-Pos225
154,225,Pos154_A-Pos225_M,0.0,3.2793762474214348e-09,Pos154-Pos225
154,225,Pos154_A-Pos225_*,0.0,6.5587524948428696e-09,Pos154-Pos225
154,225,Pos154_A-Pos225_F,0.0,3.2793762474214348e-09,Pos154-Pos225
154,225,Pos154_A-Pos225_N,0.0,9.838128742264304e-09,Pos154-Pos225
154,225,Pos154_*-Pos225_L,0.00021976411984470003,0.00019047511620363898,Pos154-Pos225
154,225,Pos154_*-Pos225_I,2.4418235538300004e-05,5.260417625977383e-05,Pos154-Pos225
154,225,Pos154_*-Pos225_T,0.0,6.022127290719362e-07,Pos154-Pos225
154,225,Pos154_*-Pos225_Q,0.0,1.431000544329353e-07,Pos154-Pos225
154,225,Pos154_*-Pos225_S,0.0,1.7887506804116914e-08,Pos154-Pos225
154,225,Pos154_*-Pos225_V,0.0,1.1925004536077945e-08,Pos154-Pos225
154,225,Pos154_*-Pos225_E,0.0,2.981251134019486e-09,Pos154-Pos225
154,225,Pos154_*-Pos225_M,0.0,2.981251134019486e-09,Pos154-Pos225
154,225,Pos154_*-Pos225_*,0.0,5.962502268038972e-09,Pos154-Pos225
154,225,Pos154_*-Pos225_F,0.0,2.981251134019486e-09,Pos154-Pos225
154,225,Pos154_*-Pos225_N,0.0,8.943753402058457e-09,Pos154-Pos225
154,225,Pos154_K-Pos225_L,0.00010988205992235002,0.00010476131391200145,Pos154-Pos225
154,225,Pos154_K-Pos225_I,2.4418235538300004e-05,2.893229694287561e-05,Pos154-Pos225
154,225,Pos154_K-Pos225_T,0.0,3.312170009895649e-07,Pos154-Pos225
154,225,Pos154_K-Pos225_Q,0.0,7.870502993811443e-08,Pos154-Pos225
154,225,Pos154_K-Pos225_S,0.0,9.838128742264304e-09,Pos154-Pos225
154,225,Pos154_K-Pos225_V,0.0,6.5587524948428696e-09,Pos154-Pos225
154,225,Pos154_K-Pos225_E,0.0,1.6396881237107174e-09,Pos154-Pos225
154,225,Pos154_K-Pos225_M,0.0,1.6396881237107174e-09,Pos154-Pos225
154,225,Pos154_K-Pos225_*,0.0,3.2793762474214348e-09,Pos154-Pos225
154,225,Pos154_K-Pos225_F,0.0,1.6396881237107174e-09,Pos154-Pos225
154,225,Pos154_K-Pos225_N,0.0,4.919064371132152e-09,Pos154-Pos225
154,225,Pos154_D-Pos225_L,3.662735330745e-05,2.8571267430545846e-05,Pos154-Pos225
154,225,Pos154_D-Pos225_I,0.0,7.890626438966075e-06,Pos154-Pos225
154,225,Pos154_D-Pos225_T,0.0,9.033190936079043e-08,Pos154-Pos225
154,225,Pos154_D-Pos225_Q,0.0,2.1465008164940297e-08,Pos154-Pos225
154,225,Pos154_D-Pos225_S,0.0,2.683126020617537e-09,Pos154-Pos225
154,225,Pos154_D-Pos225_V,0.0,1.7887506804116917e-09,Pos154-Pos225
154,225,Pos154_D-Pos225_E,0.0,4.471876701029229e-10,Pos154-Pos225
154,225,Pos154_D-Pos225_M,0.0,4.471876701029229e-10,Pos154-Pos225
154,225,Pos154_D-Pos225_*,0.0,8.943753402058458e-10,Pos154-Pos225
154,225,Pos154_D-Pos225_F,0.0,4.471876701029229e-10,Pos154-Pos225
154,225,Pos154_D-Pos225_N,0.0,1.3415630103087686e-09,Pos154-Pos225
154,231,Pos154_G-Pos231_R,3.662735330745e-05,0.0003407140746020974,Pos154-Pos231
154,231,Pos154_G-Pos231_S,9.767294215320002e-05,0.0010167813380170983,Pos154-Pos231
154,231,Pos154_G-Pos231_Y,2.4418235538300004e-05,7.147847718925119e-06,Pos154-Pos231
154,231,Pos154_G-Pos231_G,0.0,1.161525254325332e-05,Pos154-Pos231
154,231,Pos154_G-Pos231_*,0.0,1.4891349414427332e-06,Pos154-Pos231
154,231,Pos154_G-Pos231_H,0.0,2.978269882885467e-07,Pos154-Pos231
154,231,Pos154_G-Pos231_N,0.0,8.934809648656399e-07,Pos154-Pos231
154,231,Pos154_G-Pos231_F,1.2209117769150002e-05,2.0847889180198267e-06,Pos154-Pos231
154,231,Pos154_G-Pos231_L,0.0,2.978269882885467e-07,Pos154-Pos231
154,231,Pos154_A-Pos231_R,0.0,3.7516064270501214e-06,Pos154-Pos231
154,231,Pos154_A-Pos231_S,2.4418235538300004e-05,1.1195790508696778e-05,Pos154-Pos231
154,231,Pos154_A-Pos231_Y,0.0,7.870502993811443e-08,Pos154-Pos231
154,231,Pos154_A-Pos231_G,0.0,1.2789567364943596e-07,Pos154-Pos231
154,231,Pos154_A-Pos231_*,0.0,1.6396881237107173e-08,Pos154-Pos231
154,231,Pos154_A-Pos231_H,0.0,3.2793762474214348e-09,Pos154-Pos231
154,231,Pos154_A-Pos231_N,0.0,9.838128742264304e-09,Pos154-Pos231
154,231,Pos154_A-Pos231_F,0.0,2.295563373195004e-08,Pos154-Pos231
154,231,Pos154_A-Pos231_L,0.0,3.2793762474214348e-09,Pos154-Pos231
154,231,Pos154_*-Pos231_R,0.0,3.4105512973182915e-06,Pos154-Pos231
154,231,Pos154_*-Pos231_S,1.2209117769150002e-05,1.0177991371542525e-05,Pos154-Pos231
154,231,Pos154_*-Pos231_Y,0.0,7.155002721646765e-08,Pos154-Pos231
154,231,Pos154_*-Pos231_G,0.0,1.1626879422675995e-07,Pos154-Pos231
154,231,Pos154_*-Pos231_*,0.0,1.490625567009743e-08,Pos154-Pos231
154,231,Pos154_*-Pos231_H,0.0,2.981251134019486e-09,Pos154-Pos231
154,231,Pos154_*-Pos231_N,0.0,8.943753402058457e-09,Pos154-Pos231
154,231,Pos154_*-Pos231_F,0.0,2.0868757938136398e-08,Pos154-Pos231
154,231,Pos154_*-Pos231_L,0.0,2.981251134019486e-09,Pos154-Pos231
154,231,Pos154_K-Pos231_R,0.0,1.8758032135250607e-06,Pos154-Pos231
154,231,Pos154_K-Pos231_S,1.2209117769150002e-05,5.597895254348389e-06,Pos154-Pos231
154,231,Pos154_K-Pos231_Y,0.0,3.9352514969057214e-08,Pos154-Pos231
154,231,Pos154_K-Pos231_G,0.0,6.394783682471798e-08,Pos154-Pos231
154,231,Pos154_K-Pos231_*,0.0,8.198440618553587e-09,Pos154-Pos231
154,231,Pos154_K-Pos231_H,0.0,1.6396881237107174e-09,Pos154-Pos231
154,231,Pos154_K-Pos231_N,0.0,4.919064371132152e-09,Pos154-Pos231
154,231,Pos154_K-Pos231_F,0.0,1.147781686597502e-08,Pos154-Pos231
154,231,Pos154_K-Pos231_L,0.0,1.6396881237107174e-09,Pos154-Pos231
154,231,Pos154_D-Pos231_R,0.0,5.115826945977438e-07,Pos154-Pos231
154,231,Pos154_D-Pos231_S,0.0,1.5266987057313786e-06,Pos154-Pos231
154,231,Pos154_D-Pos231_Y,0.0,1.0732504082470149e-08,Pos154-Pos231
154,231,Pos154_D-Pos231_G,0.0,1.744031913401399e-08,Pos154-Pos231
154,231,Pos154_D-Pos231_*,0.0,2.2359383505146142e-09,Pos154-Pos231
154,231,Pos154_D-Pos231_H,0.0,4.471876701029229e-10,Pos154-Pos231
154,231,Pos154_D-Pos231_N,0.0,1.3415630103087686e-09,Pos154-Pos231
154,231,Pos154_D-Pos231_F,0.0,3.13031369072046e-09,Pos154-Pos231
154,231,Pos154_D-Pos231_L,0.0,4.471876701029229e-10,Pos154-Pos231
154,274,Pos154_G-Pos274_K,1.2209117769150002e-05,0.00022337024121641,Pos154-Pos274
154,274,Pos154_G-Pos274_S,0.0,1.8465273273889893e-05,Pos154-Pos274
154,274,Pos154_G-Pos274_H,0.0,2.0847889180198267e-06,Pos154-Pos274
154,274,Pos154_G-Pos274_D,0.0,1.4891349414427332e-06,Pos154-Pos274
154,274,Pos154_A-Pos274_K,0.0,2.459532185566076e-06,Pos154-Pos274
154,274,Pos154_A-Pos274_S,0.0,2.0332132734012896e-07,Pos154-Pos274
154,274,Pos154_A-Pos274_H,0.0,2.295563373195004e-08,Pos154-Pos274
154,274,Pos154_A-Pos274_D,0.0,1.6396881237107173e-08,Pos154-Pos274
154,274,Pos154_*-Pos274_K,0.0,2.2359383505146145e-06,Pos154-Pos274
154,274,Pos154_*-Pos274_S,0.0,1.8483757030920814e-07,Pos154-Pos274
154,274,Pos154_*-Pos274_H,0.0,2.0868757938136398e-08,Pos154-Pos274
154,274,Pos154_*-Pos274_D,0.0,1.490625567009743e-08,Pos154-Pos274
154,274,Pos154_K-Pos274_K,1.2209117769150002e-05,1.229766092783038e-06,Pos154-Pos274
154,274,Pos154_K-Pos274_S,0.0,1.0166066367006448e-07,Pos154-Pos274
154,274,Pos154_K-Pos274_H,0.0,1.147781686597502e-08,Pos154-Pos274
154,274,Pos154_K-Pos274_D,0.0,8.198440618553587e-09,Pos154-Pos274
154,274,Pos154_D-Pos274_K,0.0,3.3539075257719214e-07,Pos154-Pos274
154,274,Pos154_D-Pos274_S,0.0,2.772563554638122e-08,Pos154-Pos274
154,274,Pos154_D-Pos274_H,0.0,3.13031369072046e-09,Pos154-Pos274
154,274,Pos154_D-Pos274_D,0.0,2.2359383505146142e-09,Pos154-Pos274
154,355,Pos154_G-Pos355_H,0.00013430029546065002,0.001003081296555825,Pos154-Pos355
154,355,Pos154_G-Pos355_C,0.0,4.169577836039653e-06,Pos154-Pos355
154,355,Pos154_G-Pos355_N,0.0,2.978269882885467e-07,Pos154-Pos355
154,355,Pos154_G-Pos355_*,0.0,2.978269882885467e-07,Pos154-Pos355
154,355,Pos154_G-Pos355_W,0.0,2.978269882885467e-07,Pos154-Pos355
154,355,Pos154_A-Pos355_H,2.4418235538300004e-05,1.1044939201315393e-05,Pos154-Pos355
154,355,Pos154_A-Pos355_C,0.0,4.591126746390008e-08,Pos154-Pos355
154,355,Pos154_A-Pos355_N,0.0,3.2793762474214348e-09,Pos154-Pos355
154,355,Pos154_A-Pos355_*,0.0,3.2793762474214348e-09,Pos154-Pos355
154,355,Pos154_A-Pos355_W,0.0,3.2793762474214348e-09,Pos154-Pos355
154,355,Pos154_*-Pos355_H,0.0,1.0040853819377629e-05,Pos154-Pos355
154,355,Pos154_*-Pos355_C,0.0,4.1737515876272796e-08,Pos154-Pos355
154,355,Pos154_*-Pos355_N,0.0,2.981251134019486e-09,Pos154-Pos355
154,355,Pos154_*-Pos355_*,0.0,2.981251134019486e-09,Pos154-Pos355
154,355,Pos154_*-Pos355_W,0.0,2.981251134019486e-09,Pos154-Pos355
154,355,Pos154_K-Pos355_H,0.0,5.522469600657696e-06,Pos154-Pos355
154,355,Pos154_K-Pos355_C,0.0,2.295563373195004e-08,Pos154-Pos355
154,355,Pos154_K-Pos355_N,0.0,1.6396881237107174e-09,Pos154-Pos355
154,355,Pos154_K-Pos355_*,0.0,1.6396881237107174e-09,Pos154-Pos355
154,355,Pos154_K-Pos355_W,0.0,1.6396881237107174e-09,Pos154-Pos355
154,355,Pos154_D-Pos355_H,0.0,1.5061280729066442e-06,Pos154-Pos355
154,355,Pos154_D-Pos355_C,0.0,6.26062738144092e-09,Pos154-Pos355
154,355,Pos154_D-Pos355_N,0.0,4.471876701029229e-10,Pos154-Pos355
154,355,Pos154_D-Pos355_*,0.0,4.471876701029229e-10,Pos154-Pos355
154,355,Pos154_D-Pos355_W,0.0,4.471876701029229e-10,Pos154-Pos355
162,220,Pos162_C-Pos220_I,0.0011842844236075502,0.00019407944882466856,Pos162-Pos220
162,220,Pos162_C-Pos220_V,0.006251068297804801,0.0014080464012229702,Pos162-Pos220
162,220,Pos162_C-Pos220_D,0.0,7.763177952986742e-07,Pos162-Pos220
162,220,Pos162_C-Pos220_C,0.0,6.792780708863399e-07,Pos162-Pos220
162,220,Pos162_C-Pos220_A,0.0,9.703972441233428e-08,Pos162-Pos220
162,220,Pos162_C-Pos220_S,0.0,4.851986220616713e-07,Pos162-Pos220
162,220,Pos162_C-Pos220_F,0.0,9.703972441233428e-08,Pos162-Pos220
162,220,Pos162_I-Pos220_I,0.0,0.0003097519928246246,Pos162-Pos220
162,220,Pos162_I-Pos220_V,0.009828339804165752,0.0022472507079426512,Pos162-Pos220
162,220,Pos162_I-Pos220_D,0.0,1.2390079712984986e-06,Pos162-Pos220
162,220,Pos162_I-Pos220_C,0.0,1.084131974886186e-06,Pos162-Pos220
162,220,Pos162_I-Pos220_A,0.0,1.5487599641231232e-07,Pos162-Pos220
162,220,Pos162_I-Pos220_S,0.0,7.743799820615615e-07,Pos162-Pos220
162,220,Pos162_I-Pos220_F,0.0,1.5487599641231232e-07,Pos162-Pos220
162,220,Pos162_N-Pos220_I,2.4418235538300004e-05,1.9378132371126657e-05,Pos162-Pos220
162,220,Pos162_N-Pos220_V,0.0,0.0001405883503525239,Pos162-Pos220
162,220,Pos162_N-Pos220_D,0.0,7.751252948450664e-08,Pos162-Pos220
162,220,Pos162_N-Pos220_C,0.0,6.78234632989433e-08,Pos162-Pos220
162,220,Pos162_N-Pos220_A,0.0,9.68906618556333e-09,Pos162-Pos220
162,220,Pos162_N-Pos220_S,0.0,4.8445330927816644e-08,Pos162-Pos220
162,220,Pos162_N-Pos220_F,0.0,9.68906618556333e-09,Pos162-Pos220
162,220,Pos162_T-Pos220_I,0.0,1.0136253855666252e-05,Pos162-Pos220
162,220,Pos162_T-Pos220_V,0.00039069176861280006,7.353852172285865e-05,Pos162-Pos220
162,220,Pos162_T-Pos220_D,0.0,4.054501542266501e-08,Pos162-Pos220
162,220,Pos162_T-Pos220_C,0.0,3.547688849483188e-08,Pos162-Pos220
162,220,Pos162_T-Pos220_A,0.0,5.0681269278331265e-09,Pos162-Pos220
162,220,Pos162_T-Pos220_S,0.0,2.534063463916563e-08,Pos162-Pos220
162,220,Pos162_T-Pos220_F,0.0,5.0681269278331265e-09,Pos162-Pos220
162,220,Pos162_G-Pos220_I,0.0,2.981251134019486e-07,Pos162-Pos220
162,220,Pos162_G-Pos220_V,0.0,2.1628976977311373e-06,Pos162-Pos220
162,220,Pos162_G-Pos220_D,0.0,1.1925004536077947e-09,Pos162-Pos220
162,220,Pos162_G-Pos220_C,0.0,1.0434378969068202e-09,Pos162-Pos220
162,220,Pos162_G-Pos220_A,0.0,1.4906255670097433e-10,Pos162-Pos220
162,220,Pos162_G-Pos220_S,0.0,7.453127835048715e-10,Pos162-Pos220
162,220,Pos162_G-Pos220_F,0.0,1.4906255670097433e-10,Pos162-Pos220
162,220,Pos162_R-Pos220_I,1.2209117769150002e-05,2.385000907215589e-06,Pos162-Pos220
162,220,Pos162_R-Pos220_V,2.4418235538300004e-05,1.73031815818491e-05,Pos162-Pos220
162,220,Pos162_R-Pos220_D,0.0,9.540003628862357e-09,Pos162-Pos220
162,220,Pos162_R-Pos220_C,0.0,8.347503175254561e-09,Pos162-Pos220
162,220,Pos162_R-Pos220_A,0.0,1.1925004536077947e-09,Pos162-Pos220
162,220,Pos162_R-Pos220_S,0.0,5.962502268038972e-09,Pos162-Pos220
162,220,Pos162_R-Pos220_F,0.0,1.1925004536077947e-09,Pos162-Pos220
162,220,Pos162_V-Pos220_I,0.0,5.962502268038972e-07,Pos162-Pos220
162,220,Pos162_V-Pos220_V,2.4418235538300004e-05,4.325795395462275e-06,Pos162-Pos220
162,220,Pos162_V-Pos220_D,0.0,2.3850009072155893e-09,Pos162-Pos220
162,220,Pos162_V-Pos220_C,0.0,2.0868757938136403e-09,Pos162-Pos220
162,220,Pos162_V-Pos220_A,0.0,2.9812511340194867e-10,Pos162-Pos220
162,220,Pos162_V-Pos220_S,0.0,1.490625567009743e-09,Pos162-Pos220
162,220,Pos162_V-Pos220_F,0.0,2.9812511340194867e-10,Pos162-Pos220
162,225,Pos162_C-Pos225_L,0.00047615559299685005,0.00619996503242845,Pos162-Pos225
162,225,Pos162_C-Pos225_I,0.007337679779259151,0.0017122659372556385,Pos162-Pos225
162,225,Pos162_C-Pos225_T,0.00010988205992235002,1.9602024331291525e-05,Pos162-Pos225
162,225,Pos162_C-Pos225_Q,1.2209117769150002e-05,4.657906771792045e-06,Pos162-Pos225
162,225,Pos162_C-Pos225_S,0.0,5.822383464740057e-07,Pos162-Pos225
162,225,Pos162_C-Pos225_V,0.0,3.881588976493371e-07,Pos162-Pos225
162,225,Pos162_C-Pos225_E,0.0,9.703972441233428e-08,Pos162-Pos225
162,225,Pos162_C-Pos225_M,0.0,9.703972441233428e-08,Pos162-Pos225
162,225,Pos162_C-Pos225_*,0.0,1.9407944882466856e-07,Pos162-Pos225
162,225,Pos162_C-Pos225_F,0.0,9.703972441233428e-08,Pos162-Pos225
162,225,Pos162_C-Pos225_N,0.0,2.9111917323700283e-07,Pos162-Pos225
162,225,Pos162_I-Pos225_L,0.0013918394256831,0.009895182286779046,Pos162-Pos225
162,225,Pos162_I-Pos225_I,0.00985275803970405,0.0027327869566952504,Pos162-Pos225
162,225,Pos162_I-Pos225_T,0.00042731912192025005,3.1284951275287086e-05,Pos162-Pos225
162,225,Pos162_I-Pos225_Q,3.662735330745e-05,7.43404782779099e-06,Pos162-Pos225
162,225,Pos162_I-Pos225_S,0.0,9.292559784738738e-07,Pos162-Pos225
162,225,Pos162_I-Pos225_V,0.0,6.195039856492493e-07,Pos162-Pos225
162,225,Pos162_I-Pos225_E,1.2209117769150002e-05,1.5487599641231232e-07,Pos162-Pos225
162,225,Pos162_I-Pos225_M,0.0,1.5487599641231232e-07,Pos162-Pos225
162,225,Pos162_I-Pos225_*,0.0,3.0975199282462464e-07,Pos162-Pos225
162,225,Pos162_I-Pos225_F,0.0,1.5487599641231232e-07,Pos162-Pos225
162,225,Pos162_I-Pos225_N,0.0,4.646279892369369e-07,Pos162-Pos225
162,225,Pos162_N-Pos225_L,0.0007081288306107,0.0006190441276618267,Pos162-Pos225
162,225,Pos162_N-Pos225_I,8.546382438405e-05,0.00017096357284426494,Pos162-Pos225
162,225,Pos162_N-Pos225_T,0.0,1.9571913694837926e-06,Pos162-Pos225
162,225,Pos162_N-Pos225_Q,0.0,4.650751769070398e-07,Pos162-Pos225
162,225,Pos162_N-Pos225_S,0.0,5.813439711337997e-08,Pos162-Pos225
162,225,Pos162_N-Pos225_V,0.0,3.875626474225332e-08,Pos162-Pos225
162,225,Pos162_N-Pos225_E,0.0,9.68906618556333e-09,Pos162-Pos225
162,225,Pos162_N-Pos225_M,0.0,9.68906618556333e-09,Pos162-Pos225
162,225,Pos162_N-Pos225_*,0.0,1.937813237112666e-08,Pos162-Pos225
162,225,Pos162_N-Pos225_F,0.0,9.68906618556333e-09,Pos162-Pos225
162,225,Pos162_N-Pos225_N,0.0,2.9067198556689986e-08,Pos162-Pos225
162,225,Pos162_T-Pos225_L,2.4418235538300004e-05,0.0003238076975461863,Pos162-Pos225
162,225,Pos162_T-Pos225_I,0.00039069176861280006,8.942709964161551e-05,Pos162-Pos225
162,225,Pos162_T-Pos225_T,0.0,1.0237616394222916e-06,Pos162-Pos225
162,225,Pos162_T-Pos225_Q,0.0,2.4327009253599006e-07,Pos162-Pos225
162,225,Pos162_T-Pos225_S,0.0,3.040876156699876e-08,Pos162-Pos225
162,225,Pos162_T-Pos225_V,0.0,2.0272507711332506e-08,Pos162-Pos225
162,225,Pos162_T-Pos225_E,0.0,5.0681269278331265e-09,Pos162-Pos225
162,225,Pos162_T-Pos225_M,0.0,5.0681269278331265e-09,Pos162-Pos225
162,225,Pos162_T-Pos225_*,0.0,1.0136253855666253e-08,Pos162-Pos225
162,225,Pos162_T-Pos225_F,0.0,5.0681269278331265e-09,Pos162-Pos225
162,225,Pos162_T-Pos225_N,0.0,1.520438078349938e-08,Pos162-Pos225
162,225,Pos162_G-Pos225_L,1.2209117769150002e-05,9.52375581018195e-06,Pos162-Pos225
162,225,Pos162_G-Pos225_I,0.0,2.630208812988692e-06,Pos162-Pos225
162,225,Pos162_G-Pos225_T,0.0,3.011063645359681e-08,Pos162-Pos225
162,225,Pos162_G-Pos225_Q,0.0,7.155002721646767e-09,Pos162-Pos225
162,225,Pos162_G-Pos225_S,0.0,8.943753402058458e-10,Pos162-Pos225
162,225,Pos162_G-Pos225_V,0.0,5.962502268038973e-10,Pos162-Pos225
162,225,Pos162_G-Pos225_E,0.0,1.4906255670097433e-10,Pos162-Pos225
162,225,Pos162_G-Pos225_M,0.0,1.4906255670097433e-10,Pos162-Pos225
162,225,Pos162_G-Pos225_*,0.0,2.9812511340194867e-10,Pos162-Pos225
162,225,Pos162_G-Pos225_F,0.0,1.4906255670097433e-10,Pos162-Pos225
162,225,Pos162_G-Pos225_N,0.0,4.471876701029229e-10,Pos162-Pos225
162,225,Pos162_R-Pos225_L,6.104558884575e-05,7.61900464814556e-05,Pos162-Pos225
162,225,Pos162_R-Pos225_I,3.662735330745e-05,2.1041670503909536e-05,Pos162-Pos225
162,225,Pos162_R-Pos225_T,0.0,2.408850916287745e-07,Pos162-Pos225
162,225,Pos162_R-Pos225_Q,0.0,5.7240021773174134e-08,Pos162-Pos225
162,225,Pos162_R-Pos225_S,0.0,7.155002721646767e-09,Pos162-Pos225
162,225,Pos162_R-Pos225_V,0.0,4.770001814431179e-09,Pos162-Pos225
162,225,Pos162_R-Pos225_E,0.0,1.1925004536077947e-09,Pos162-Pos225
162,225,Pos162_R-Pos225_M,0.0,1.1925004536077947e-09,Pos162-Pos225
162,225,Pos162_R-Pos225_*,0.0,2.3850009072155893e-09,Pos162-Pos225
162,225,Pos162_R-Pos225_F,0.0,1.1925004536077947e-09,Pos162-Pos225
162,225,Pos162_R-Pos225_N,0.0,3.5775013608233834e-09,Pos162-Pos225
162,225,Pos162_V-Pos225_L,0.0,1.90475116203639e-05,Pos162-Pos225
162,225,Pos162_V-Pos225_I,2.4418235538300004e-05,5.260417625977384e-06,Pos162-Pos225
162,225,Pos162_V-Pos225_T,0.0,6.022127290719362e-08,Pos162-Pos225
162,225,Pos162_V-Pos225_Q,0.0,1.4310005443293534e-08,Pos162-Pos225
162,225,Pos162_V-Pos225_S,0.0,1.7887506804116917e-09,Pos162-Pos225
162,225,Pos162_V-Pos225_V,0.0,1.1925004536077947e-09,Pos162-Pos225
162,225,Pos162_V-Pos225_E,0.0,2.9812511340194867e-10,Pos162-Pos225
162,225,Pos162_V-Pos225_M,0.0,2.9812511340194867e-10,Pos162-Pos225
162,225,Pos162_V-Pos225_*,0.0,5.962502268038973e-10,Pos162-Pos225
162,225,Pos162_V-Pos225_F,0.0,2.9812511340194867e-10,Pos162-Pos225
162,225,Pos162_V-Pos225_N,0.0,8.943753402058458e-10,Pos162-Pos225
162,231,Pos162_C-Pos231_R,1.2209117769150002e-05,0.00011101344472771042,Pos162-Pos231
162,231,Pos162_C-Pos231_S,3.662735330745e-05,0.0003312936191437092,Pos162-Pos231
162,231,Pos162_C-Pos231_Y,0.0,2.3289533858960226e-06,Pos162-Pos231
162,231,Pos162_C-Pos231_G,0.0,3.7845492520810368e-06,Pos162-Pos231
162,231,Pos162_C-Pos231_*,0.0,4.851986220616713e-07,Pos162-Pos231
162,231,Pos162_C-Pos231_H,0.0,9.703972441233428e-08,Pos162-Pos231
162,231,Pos162_C-Pos231_N,0.0,2.9111917323700283e-07,Pos162-Pos231
162,231,Pos162_C-Pos231_F,0.0,6.792780708863399e-07,Pos162-Pos231
162,231,Pos162_C-Pos231_L,0.0,9.703972441233428e-08,Pos162-Pos231
162,231,Pos162_I-Pos231_R,0.00042731912192025005,0.00017717813989568526,Pos162-Pos231
162,231,Pos162_I-Pos231_S,0.00019534588430640003,0.0005287466517516342,Pos162-Pos231
162,231,Pos162_I-Pos231_Y,0.0,3.717023913895495e-06,Pos162-Pos231
162,231,Pos162_I-Pos231_G,0.0,6.04016386008018e-06,Pos162-Pos231
162,231,Pos162_I-Pos231_*,1.2209117769150002e-05,7.743799820615615e-07,Pos162-Pos231
162,231,Pos162_I-Pos231_H,0.0,1.5487599641231232e-07,Pos162-Pos231
162,231,Pos162_I-Pos231_N,0.0,4.646279892369369e-07,Pos162-Pos231
162,231,Pos162_I-Pos231_F,0.0,1.084131974886186e-06,Pos162-Pos231
162,231,Pos162_I-Pos231_L,0.0,1.5487599641231232e-07,Pos162-Pos231
162,231,Pos162_N-Pos231_R,3.662735330745e-05,1.1084291716284449e-05,Pos162-Pos231
162,231,Pos162_N-Pos231_S,1.2209117769150002e-05,3.307847195751321e-05,Pos162-Pos231
162,231,Pos162_N-Pos231_Y,0.0,2.325375884535199e-07,Pos162-Pos231
162,231,Pos162_N-Pos231_G,0.0,3.7787358123696986e-07,Pos162-Pos231
162,231,Pos162_N-Pos231_*,0.0,4.8445330927816644e-08,Pos162-Pos231
162,231,Pos162_N-Pos231_H,0.0,9.68906618556333e-09,Pos162-Pos231
162,231,Pos162_N-Pos231_N,0.0,2.9067198556689986e-08,Pos162-Pos231
162,231,Pos162_N-Pos231_F,0.0,6.78234632989433e-08,Pos162-Pos231
162,231,Pos162_N-Pos231_L,0.0,9.68906618556333e-09,Pos162-Pos231
162,231,Pos162_T-Pos231_R,0.0,5.797937205441096e-06,Pos162-Pos231
162,231,Pos162_T-Pos231_S,0.0,1.7302585331622294e-05,Pos162-Pos231
162,231,Pos162_T-Pos231_Y,0.0,1.2163504626799503e-07,Pos162-Pos231
162,231,Pos162_T-Pos231_G,0.0,1.9765695018549192e-07,Pos162-Pos231
162,231,Pos162_T-Pos231_*,0.0,2.534063463916563e-08,Pos162-Pos231
162,231,Pos162_T-Pos231_H,0.0,5.0681269278331265e-09,Pos162-Pos231
162,231,Pos162_T-Pos231_N,0.0,1.520438078349938e-08,Pos162-Pos231
162,231,Pos162_T-Pos231_F,0.0,3.547688849483188e-08,Pos162-Pos231
162,231,Pos162_T-Pos231_L,0.0,5.0681269278331265e-09,Pos162-Pos231
162,231,Pos162_G-Pos231_R,0.0,1.7052756486591462e-07,Pos162-Pos231
162,231,Pos162_G-Pos231_S,0.0,5.088995685771264e-07,Pos162-Pos231
162,231,Pos162_G-Pos231_Y,0.0,3.5775013608233834e-09,Pos162-Pos231
162,231,Pos162_G-Pos231_G,0.0,5.8134397113379984e-09,Pos162-Pos231
162,231,Pos162_G-Pos231_*,0.0,7.453127835048715e-10,Pos162-Pos231
162,231,Pos162_G-Pos231_H,0.0,1.4906255670097433e-10,Pos162-Pos231
162,231,Pos162_G-Pos231_N,0.0,4.471876701029229e-10,Pos162-Pos231
162,231,Pos162_G-Pos231_F,0.0,1.0434378969068202e-09,Pos162-Pos231
162,231,Pos162_G-Pos231_L,0.0,1.4906255670097433e-10,Pos162-Pos231
162,231,Pos162_R-Pos231_R,0.0,1.364220518927317e-06,Pos162-Pos231
162,231,Pos162_R-Pos231_S,0.0,4.071196548617011e-06,Pos162-Pos231
162,231,Pos162_R-Pos231_Y,0.0,2.8620010886587067e-08,Pos162-Pos231
162,231,Pos162_R-Pos231_G,0.0,4.650751769070399e-08,Pos162-Pos231
162,231,Pos162_R-Pos231_*,0.0,5.962502268038972e-09,Pos162-Pos231
162,231,Pos162_R-Pos231_H,0.0,1.1925004536077947e-09,Pos162-Pos231
162,231,Pos162_R-Pos231_N,0.0,3.5775013608233834e-09,Pos162-Pos231
162,231,Pos162_R-Pos231_F,0.0,8.347503175254561e-09,Pos162-Pos231
162,231,Pos162_R-Pos231_L,0.0,1.1925004536077947e-09,Pos162-Pos231
162,231,Pos162_V-Pos231_R,0.0,3.4105512973182924e-07,Pos162-Pos231
162,231,Pos162_V-Pos231_S,0.0,1.0177991371542527e-06,Pos162-Pos231
162,231,Pos162_V-Pos231_Y,0.0,7.155002721646767e-09,Pos162-Pos231
162,231,Pos162_V-Pos231_G,0.0,1.1626879422675997e-08,Pos162-Pos231
162,231,Pos162_V-Pos231_*,0.0,1.490625567009743e-09,Pos162-Pos231
162,231,Pos162_V-Pos231_H,0.0,2.9812511340194867e-10,Pos162-Pos231
162,231,Pos162_V-Pos231_N,0.0,8.943753402058458e-10,Pos162-Pos231
162,231,Pos162_V-Pos231_F,0.0,2.0868757938136403e-09,Pos162-Pos231
162,231,Pos162_V-Pos231_L,0.0,2.9812511340194867e-10,Pos162-Pos231
162,274,Pos162_C-Pos274_K,0.0,7.27797933092507e-05,Pos162-Pos274
162,274,Pos162_C-Pos274_S,0.0,6.016462913564726e-06,Pos162-Pos274
162,274,Pos162_C-Pos274_H,0.0,6.792780708863399e-07,Pos162-Pos274
162,274,Pos162_C-Pos274_D,0.0,4.851986220616713e-07,Pos162-Pos274
162,274,Pos162_I-Pos274_K,0.0,0.00011615699730923422,Pos162-Pos274
162,274,Pos162_I-Pos274_S,0.0,9.602311777563364e-06,Pos162-Pos274
162,274,Pos162_I-Pos274_H,2.4418235538300004e-05,1.084131974886186e-06,Pos162-Pos274
162,274,Pos162_I-Pos274_D,0.0,7.743799820615615e-07,Pos162-Pos274
162,274,Pos162_N-Pos274_K,1.2209117769150002e-05,7.266799639172497e-06,Pos162-Pos274
162,274,Pos162_N-Pos274_S,0.0,6.007221035049265e-07,Pos162-Pos274
162,274,Pos162_N-Pos274_H,0.0,6.78234632989433e-08,Pos162-Pos274
162,274,Pos162_N-Pos274_D,0.0,4.8445330927816644e-08,Pos162-Pos274
162,274,Pos162_T-Pos274_K,0.0,3.801095195874845e-06,Pos162-Pos274
162,274,Pos162_T-Pos274_S,0.0,3.1422386952565385e-07,Pos162-Pos274
162,274,Pos162_T-Pos274_H,0.0,3.547688849483188e-08,Pos162-Pos274
162,274,Pos162_T-Pos274_D,0.0,2.534063463916563e-08,Pos162-Pos274
162,274,Pos162_G-Pos274_K,0.0,1.1179691752573074e-07,Pos162-Pos274
162,274,Pos162_G-Pos274_S,0.0,9.241878515460408e-09,Pos162-Pos274
162,274,Pos162_G-Pos274_H,0.0,1.0434378969068202e-09,Pos162-Pos274
162,274,Pos162_G-Pos274_D,0.0,7.453127835048715e-10,Pos162-Pos274
162,274,Pos162_R-Pos274_K,0.0,8.943753402058459e-07,Pos162-Pos274
162,274,Pos162_R-Pos274_S,0.0,7.393502812368326e-08,Pos162-Pos274
162,274,Pos162_R-Pos274_H,0.0,8.347503175254561e-09,Pos162-Pos274
162,274,Pos162_R-Pos274_D,0.0,5.962502268038972e-09,Pos162-Pos274
162,274,Pos162_V-Pos274_K,0.0,2.2359383505146148e-07,Pos162-Pos274
162,274,Pos162_V-Pos274_S,0.0,1.8483757030920816e-08,Pos162-Pos274
162,274,Pos162_V-Pos274_H,0.0,2.0868757938136403e-09,Pos162-Pos274
162,274,Pos162_V-Pos274_D,0.0,1.490625567009743e-09,Pos162-Pos274
162,355,Pos162_C-Pos355_H,1.2209117769150002e-05,0.00032682979182074184,Pos162-Pos355
162,355,Pos162_C-Pos355_C,0.0,1.3585561417726798e-06,Pos162-Pos355
162,355,Pos162_C-Pos355_N,0.0,9.703972441233428e-08,Pos162-Pos355
162,355,Pos162_C-Pos355_*,0.0,9.703972441233428e-08,Pos162-Pos355
162,355,Pos162_C-Pos355_W,0.0,9.703972441233428e-08,Pos162-Pos355
162,355,Pos162_I-Pos355_H,6.104558884575e-05,0.0005216223559166678,Pos162-Pos355
162,355,Pos162_I-Pos355_C,0.0,2.168263949772372e-06,Pos162-Pos355
162,355,Pos162_I-Pos355_N,0.0,1.5487599641231232e-07,Pos162-Pos355
162,355,Pos162_I-Pos355_*,0.0,1.5487599641231232e-07,Pos162-Pos355
162,355,Pos162_I-Pos355_W,0.0,1.5487599641231232e-07,Pos162-Pos355
162,355,Pos162_N-Pos355_H,0.0,3.2632774912977294e-05,Pos162-Pos355
162,355,Pos162_N-Pos355_C,0.0,1.356469265978866e-07,Pos162-Pos355
162,355,Pos162_N-Pos355_N,0.0,9.68906618556333e-09,Pos162-Pos355
162,355,Pos162_N-Pos355_*,0.0,9.68906618556333e-09,Pos162-Pos355
162,355,Pos162_N-Pos355_W,0.0,9.68906618556333e-09,Pos162-Pos355
162,355,Pos162_T-Pos355_H,1.2209117769150002e-05,1.706945149294197e-05,Pos162-Pos355
162,355,Pos162_T-Pos355_C,0.0,7.095377698966376e-08,Pos162-Pos355
162,355,Pos162_T-Pos355_N,0.0,5.0681269278331265e-09,Pos162-Pos355
162,355,Pos162_T-Pos355_*,0.0,5.0681269278331265e-09,Pos162-Pos355
162,355,Pos162_T-Pos355_W,0.0,5.0681269278331265e-09,Pos162-Pos355
162,355,Pos162_G-Pos355_H,0.0,5.020426909688815e-07,Pos162-Pos355
162,355,Pos162_G-Pos355_C,0.0,2.0868757938136403e-09,Pos162-Pos355
162,355,Pos162_G-Pos355_N,0.0,1.4906255670097433e-10,Pos162-Pos355
162,355,Pos162_G-Pos355_*,0.0,1.4906255670097433e-10,Pos162-Pos355
162,355,Pos162_G-Pos355_W,0.0,1.4906255670097433e-10,Pos162-Pos355
162,355,Pos162_R-Pos355_H,0.0,4.016341527751052e-06,Pos162-Pos355
162,355,Pos162_R-Pos355_C,0.0,1.6695006350509123e-08,Pos162-Pos355
162,355,Pos162_R-Pos355_N,0.0,1.1925004536077947e-09,Pos162-Pos355
162,355,Pos162_R-Pos355_*,0.0,1.1925004536077947e-09,Pos162-Pos355
162,355,Pos162_R-Pos355_W,0.0,1.1925004536077947e-09,Pos162-Pos355
162,355,Pos162_V-Pos355_H,0.0,1.004085381937763e-06,Pos162-Pos355
162,355,Pos162_V-Pos355_C,0.0,4.173751587627281e-09,Pos162-Pos355
162,355,Pos162_V-Pos355_N,0.0,2.9812511340194867e-10,Pos162-Pos355
162,355,Pos162_V-Pos355_*,0.0,2.9812511340194867e-10,Pos162-Pos355
162,355,Pos162_V-Pos355_W,0.0,2.9812511340194867e-10,Pos162-Pos355
220,225,Pos220_I-Pos225_L,7.32547066149e-05,0.0190475116203639,Pos220-Pos225
220,225,Pos220_I-Pos225_I,0.024332771713915954,0.0052604176259773835,Pos220-Pos225
220,225,Pos220_I-Pos225_T,1.2209117769150002e-05,6.022127290719362e-05,Pos220-Pos225
220,225,Pos220_I-Pos225_Q,0.0,1.4310005443293531e-05,Pos220-Pos225
220,225,Pos220_I-Pos225_S,0.0,1.7887506804116914e-06,Pos220-Pos225
220,225,Pos220_I-Pos225_V,0.0,1.1925004536077945e-06,Pos220-Pos225
220,225,Pos220_I-Pos225_E,0.0,2.981251134019486e-07,Pos220-Pos225
220,225,Pos220_I-Pos225_M,0.0,2.981251134019486e-07,Pos220-Pos225
220,225,Pos220_I-Pos225_*,0.0,5.962502268038972e-07,Pos220-Pos225
220,225,Pos220_I-Pos225_F,0.0,2.981251134019486e-07,Pos220-Pos225
220,225,Pos220_I-Pos225_N,0.0,8.943753402058457e-07,Pos220-Pos225
220,225,Pos220_V-Pos225_L,0.000244182355383,0.1381896968057401,Pos220-Pos225
220,225,Pos220_V-Pos225_I,0.17511537616291847,0.03816432987646592,Pos220-Pos225
220,225,Pos220_V-Pos225_T,0.0017214856054501501,0.00043690533494168975,Pos220-Pos225
220,225,Pos220_V-Pos225_Q,0.0,0.00010381908949109458,Pos220-Pos225
220,225,Pos220_V-Pos225_S,0.0,1.2977386186386822e-05,Pos220-Pos225
220,225,Pos220_V-Pos225_V,0.0,8.65159079092455e-06,Pos220-Pos225
220,225,Pos220_V-Pos225_E,0.0,2.1628976977311373e-06,Pos220-Pos225
220,225,Pos220_V-Pos225_M,1.2209117769150002e-05,2.1628976977311373e-06,Pos220-Pos225
220,225,Pos220_V-Pos225_*,0.0,4.325795395462275e-06,Pos220-Pos225
220,225,Pos220_V-Pos225_F,0.0,2.1628976977311373e-06,Pos220-Pos225
220,225,Pos220_V-Pos225_N,0.0,6.488693093193411e-06,Pos220-Pos225
220,225,Pos220_D-Pos225_L,9.767294215320002e-05,7.61900464814556e-05,Pos220-Pos225
220,225,Pos220_D-Pos225_I,0.0,2.1041670503909536e-05,Pos220-Pos225
220,225,Pos220_D-Pos225_T,0.0,2.408850916287745e-07,Pos220-Pos225
220,225,Pos220_D-Pos225_Q,0.0,5.7240021773174134e-08,Pos220-Pos225
220,225,Pos220_D-Pos225_S,0.0,7.155002721646767e-09,Pos220-Pos225
220,225,Pos220_D-Pos225_V,0.0,4.770001814431179e-09,Pos220-Pos225
220,225,Pos220_D-Pos225_E,0.0,1.1925004536077947e-09,Pos220-Pos225
220,225,Pos220_D-Pos225_M,0.0,1.1925004536077947e-09,Pos220-Pos225
220,225,Pos220_D-Pos225_*,0.0,2.3850009072155893e-09,Pos220-Pos225
220,225,Pos220_D-Pos225_F,0.0,1.1925004536077947e-09,Pos220-Pos225
220,225,Pos220_D-Pos225_N,0.0,3.5775013608233834e-09,Pos220-Pos225
220,225,Pos220_C-Pos225_L,8.546382438405e-05,6.666629067127365e-05,Pos220-Pos225
220,225,Pos220_C-Pos225_I,0.0,1.841146169092084e-05,Pos220-Pos225
220,225,Pos220_C-Pos225_T,0.0,2.1077445517517765e-07,Pos220-Pos225
220,225,Pos220_C-Pos225_Q,0.0,5.008501905152736e-08,Pos220-Pos225
220,225,Pos220_C-Pos225_S,0.0,6.26062738144092e-09,Pos220-Pos225
220,225,Pos220_C-Pos225_V,0.0,4.173751587627281e-09,Pos220-Pos225
220,225,Pos220_C-Pos225_E,0.0,1.0434378969068202e-09,Pos220-Pos225
220,225,Pos220_C-Pos225_M,0.0,1.0434378969068202e-09,Pos220-Pos225
220,225,Pos220_C-Pos225_*,0.0,2.0868757938136403e-09,Pos220-Pos225
220,225,Pos220_C-Pos225_F,0.0,1.0434378969068202e-09,Pos220-Pos225
220,225,Pos220_C-Pos225_N,0.0,3.13031369072046e-09,Pos220-Pos225
220,225,Pos220_A-Pos225_L,0.0,9.52375581018195e-06,Pos220-Pos225
220,225,Pos220_A-Pos225_I,1.2209117769150002e-05,2.630208812988692e-06,Pos220-Pos225
220,225,Pos220_A-Pos225_T,0.0,3.011063645359681e-08,Pos220-Pos225
220,225,Pos220_A-Pos225_Q,0.0,7.155002721646767e-09,Pos220-Pos225
220,225,Pos220_A-Pos225_S,0.0,8.943753402058458e-10,Pos220-Pos225
220,225,Pos220_A-Pos225_V,0.0,5.962502268038973e-10,Pos220-Pos225
220,225,Pos220_A-Pos225_E,0.0,1.4906255670097433e-10,Pos220-Pos225
220,225,Pos220_A-Pos225_M,0.0,1.4906255670097433e-10,Pos220-Pos225
220,225,Pos220_A-Pos225_*,0.0,2.9812511340194867e-10,Pos220-Pos225
220,225,Pos220_A-Pos225_F,0.0,1.4906255670097433e-10,Pos220-Pos225
220,225,Pos220_A-Pos225_N,0.0,4.471876701029229e-10,Pos220-Pos225
220,225,Pos220_S-Pos225_L,6.104558884575e-05,4.7618779050909744e-05,Pos220-Pos225
220,225,Pos220_S-Pos225_I,0.0,1.3151044064943458e-05,Pos220-Pos225
220,225,Pos220_S-Pos225_T,0.0,1.5055318226798406e-07,Pos220-Pos225
220,225,Pos220_S-Pos225_Q,0.0,3.577501360823383e-08,Pos220-Pos225
220,225,Pos220_S-Pos225_S,0.0,4.4718767010292284e-09,Pos220-Pos225
220,225,Pos220_S-Pos225_V,0.0,2.981251134019486e-09,Pos220-Pos225
220,225,Pos220_S-Pos225_E,0.0,7.453127835048715e-10,Pos220-Pos225
220,225,Pos220_S-Pos225_M,0.0,7.453127835048715e-10,Pos220-Pos225
220,225,Pos220_S-Pos225_*,0.0,1.490625567009743e-09,Pos220-Pos225
220,225,Pos220_S-Pos225_F,0.0,7.453127835048715e-10,Pos220-Pos225
220,225,Pos220_S-Pos225_N,0.0,2.2359383505146142e-09,Pos220-Pos225
220,225,Pos220_F-Pos225_L,0.0,9.52375581018195e-06,Pos220-Pos225
220,225,Pos220_F-Pos225_I,1.2209117769150002e-05,2.630208812988692e-06,Pos220-Pos225
220,225,Pos220_F-Pos225_T,0.0,3.011063645359681e-08,Pos220-Pos225
220,225,Pos220_F-Pos225_Q,0.0,7.155002721646767e-09,Pos220-Pos225
220,225,Pos220_F-Pos225_S,0.0,8.943753402058458e-10,Pos220-Pos225
220,225,Pos220_F-Pos225_V,0.0,5.962502268038973e-10,Pos220-Pos225
220,225,Pos220_F-Pos225_E,0.0,1.4906255670097433e-10,Pos220-Pos225
220,225,Pos220_F-Pos225_M,0.0,1.4906255670097433e-10,Pos220-Pos225
220,225,Pos220_F-Pos225_*,0.0,2.9812511340194867e-10,Pos220-Pos225
220,225,Pos220_F-Pos225_F,0.0,1.4906255670097433e-10,Pos220-Pos225
220,225,Pos220_F-Pos225_N,0.0,4.471876701029229e-10,Pos220-Pos225
220,231,Pos220_I-Pos231_R,6.104558884575e-05,0.00034105512973182917,Pos220-Pos231
220,231,Pos220_I-Pos231_S,0.00047615559299685005,0.0010177991371542526,Pos220-Pos231
220,231,Pos220_I-Pos231_Y,0.0,7.155002721646766e-06,Pos220-Pos231
220,231,Pos220_I-Pos231_G,0.0,1.1626879422675995e-05,Pos220-Pos231
220,231,Pos220_I-Pos231_*,0.0,1.4906255670097429e-06,Pos220-Pos231
220,231,Pos220_I-Pos231_H,0.0,2.981251134019486e-07,Pos220-Pos231
220,231,Pos220_I-Pos231_N,0.0,8.943753402058457e-07,Pos220-Pos231
220,231,Pos220_I-Pos231_F,1.2209117769150002e-05,2.08687579381364e-06,Pos220-Pos231
220,231,Pos220_I-Pos231_L,0.0,2.981251134019486e-07,Pos220-Pos231
220,231,Pos220_V-Pos231_R,0.0024906600249066002,0.002474354966204421,Pos220-Pos231
220,231,Pos220_V-Pos231_S,0.03734769125582985,0.007384132740054102,Pos220-Pos231
220,231,Pos220_V-Pos231_Y,6.104558884575e-05,5.190954474554729e-05,Pos220-Pos231
220,231,Pos220_V-Pos231_G,0.0,8.435301021151434e-05,Pos220-Pos231
220,231,Pos220_V-Pos231_*,0.0,1.0814488488655684e-05,Pos220-Pos231
220,231,Pos220_V-Pos231_H,1.2209117769150002e-05,2.1628976977311373e-06,Pos220-Pos231
220,231,Pos220_V-Pos231_N,3.662735330745e-05,6.488693093193411e-06,Pos220-Pos231
220,231,Pos220_V-Pos231_F,1.2209117769150002e-05,1.5140283884117959e-05,Pos220-Pos231
220,231,Pos220_V-Pos231_L,0.0,2.1628976977311373e-06,Pos220-Pos231
220,231,Pos220_D-Pos231_R,0.0,1.364220518927317e-06,Pos220-Pos231
220,231,Pos220_D-Pos231_S,0.0,4.071196548617011e-06,Pos220-Pos231
220,231,Pos220_D-Pos231_Y,0.0,2.8620010886587067e-08,Pos220-Pos231
220,231,Pos220_D-Pos231_G,0.0,4.650751769070399e-08,Pos220-Pos231
220,231,Pos220_D-Pos231_*,0.0,5.962502268038972e-09,Pos220-Pos231
220,231,Pos220_D-Pos231_H,0.0,1.1925004536077947e-09,Pos220-Pos231
220,231,Pos220_D-Pos231_N,0.0,3.5775013608233834e-09,Pos220-Pos231
220,231,Pos220_D-Pos231_F,0.0,8.347503175254561e-09,Pos220-Pos231
220,231,Pos220_D-Pos231_L,0.0,1.1925004536077947e-09,Pos220-Pos231
220,231,Pos220_C-Pos231_R,0.0,1.193692954061402e-06,Pos220-Pos231
220,231,Pos220_C-Pos231_S,0.0,3.5622969800398836e-06,Pos220-Pos231
220,231,Pos220_C-Pos231_Y,0.0,2.504250952576368e-08,Pos220-Pos231
220,231,Pos220_C-Pos231_G,0.0,4.0694077979365985e-08,Pos220-Pos231
220,231,Pos220_C-Pos231_*,0.0,5.2171894845340996e-09,Pos220-Pos231
220,231,Pos220_C-Pos231_H,0.0,1.0434378969068202e-09,Pos220-Pos231
220,231,Pos220_C-Pos231_N,0.0,3.13031369072046e-09,Pos220-Pos231
220,231,Pos220_C-Pos231_F,0.0,7.30406527834774e-09,Pos220-Pos231
220,231,Pos220_C-Pos231_L,0.0,1.0434378969068202e-09,Pos220-Pos231
220,231,Pos220_A-Pos231_R,1.2209117769150002e-05,1.7052756486591462e-07,Pos220-Pos231
220,231,Pos220_A-Pos231_S,0.0,5.088995685771264e-07,Pos220-Pos231
220,231,Pos220_A-Pos231_Y,0.0,3.5775013608233834e-09,Pos220-Pos231
220,231,Pos220_A-Pos231_G,0.0,5.8134397113379984e-09,Pos220-Pos231
220,231,Pos220_A-Pos231_*,0.0,7.453127835048715e-10,Pos220-Pos231
220,231,Pos220_A-Pos231_H,0.0,1.4906255670097433e-10,Pos220-Pos231
220,231,Pos220_A-Pos231_N,0.0,4.471876701029229e-10,Pos220-Pos231
220,231,Pos220_A-Pos231_F,0.0,1.0434378969068202e-09,Pos220-Pos231
220,231,Pos220_A-Pos231_L,0.0,1.4906255670097433e-10,Pos220-Pos231
220,231,Pos220_S-Pos231_R,0.0,8.526378243295729e-07,Pos220-Pos231
220,231,Pos220_S-Pos231_S,0.0,2.5444978428856313e-06,Pos220-Pos231
220,231,Pos220_S-Pos231_Y,0.0,1.7887506804116914e-08,Pos220-Pos231
220,231,Pos220_S-Pos231_G,0.0,2.9067198556689986e-08,Pos220-Pos231
220,231,Pos220_S-Pos231_*,0.0,3.726563917524357e-09,Pos220-Pos231
220,231,Pos220_S-Pos231_H,0.0,7.453127835048715e-10,Pos220-Pos231
220,231,Pos220_S-Pos231_N,0.0,2.2359383505146142e-09,Pos220-Pos231
220,231,Pos220_S-Pos231_F,0.0,5.2171894845340996e-09,Pos220-Pos231
220,231,Pos220_S-Pos231_L,0.0,7.453127835048715e-10,Pos220-Pos231
220,231,Pos220_F-Pos231_R,0.0,1.7052756486591462e-07,Pos220-Pos231
220,231,Pos220_F-Pos231_S,0.0,5.088995685771264e-07,Pos220-Pos231
220,231,Pos220_F-Pos231_Y,0.0,3.5775013608233834e-09,Pos220-Pos231
220,231,Pos220_F-Pos231_G,0.0,5.8134397113379984e-09,Pos220-Pos231
220,231,Pos220_F-Pos231_*,0.0,7.453127835048715e-10,Pos220-Pos231
220,231,Pos220_F-Pos231_H,0.0,1.4906255670097433e-10,Pos220-Pos231
220,231,Pos220_F-Pos231_N,0.0,4.471876701029229e-10,Pos220-Pos231
220,231,Pos220_F-Pos231_F,0.0,1.0434378969068202e-09,Pos220-Pos231
220,231,Pos220_F-Pos231_L,0.0,1.4906255670097433e-10,Pos220-Pos231
220,274,Pos220_I-Pos274_K,0.0,0.00022359383505146145,Pos220-Pos274
220,274,Pos220_I-Pos274_S,2.4418235538300004e-05,1.8483757030920812e-05,Pos220-Pos274
220,274,Pos220_I-Pos274_H,0.0,2.08687579381364e-06,Pos220-Pos274
220,274,Pos220_I-Pos274_D,0.0,1.4906255670097429e-06,Pos220-Pos274
220,274,Pos220_V-Pos274_K,1.2209117769150002e-05,0.0016221732732983529,Pos220-Pos274
220,274,Pos220_V-Pos274_S,0.0001220911776915,0.0001340996572593305,Pos220-Pos274
220,274,Pos220_V-Pos274_H,2.4418235538300004e-05,1.5140283884117959e-05,Pos220-Pos274
220,274,Pos220_V-Pos274_D,2.4418235538300004e-05,1.0814488488655684e-05,Pos220-Pos274
220,274,Pos220_D-Pos274_K,0.0,8.943753402058459e-07,Pos220-Pos274
220,274,Pos220_D-Pos274_S,0.0,7.393502812368326e-08,Pos220-Pos274
220,274,Pos220_D-Pos274_H,0.0,8.347503175254561e-09,Pos220-Pos274
220,274,Pos220_D-Pos274_D,0.0,5.962502268038972e-09,Pos220-Pos274
220,274,Pos220_C-Pos274_K,0.0,7.82578422680115e-07,Pos220-Pos274
220,274,Pos220_C-Pos274_S,0.0,6.469314960822284e-08,Pos220-Pos274
220,274,Pos220_C-Pos274_H,0.0,7.30406527834774e-09,Pos220-Pos274
220,274,Pos220_C-Pos274_D,0.0,5.2171894845340996e-09,Pos220-Pos274
220,274,Pos220_A-Pos274_K,0.0,1.1179691752573074e-07,Pos220-Pos274
220,274,Pos220_A-Pos274_S,0.0,9.241878515460408e-09,Pos220-Pos274
220,274,Pos220_A-Pos274_H,0.0,1.0434378969068202e-09,Pos220-Pos274
220,274,Pos220_A-Pos274_D,0.0,7.453127835048715e-10,Pos220-Pos274
220,274,Pos220_S-Pos274_K,1.2209117769150002e-05,5.589845876286536e-07,Pos220-Pos274
220,274,Pos220_S-Pos274_S,0.0,4.6209392577302035e-08,Pos220-Pos274
220,274,Pos220_S-Pos274_H,0.0,5.2171894845340996e-09,Pos220-Pos274
220,274,Pos220_S-Pos274_D,0.0,3.726563917524357e-09,Pos220-Pos274
220,274,Pos220_F-Pos274_K,0.0,1.1179691752573074e-07,Pos220-Pos274
220,274,Pos220_F-Pos274_S,0.0,9.241878515460408e-09,Pos220-Pos274
220,274,Pos220_F-Pos274_H,0.0,1.0434378969068202e-09,Pos220-Pos274
220,274,Pos220_F-Pos274_D,0.0,7.453127835048715e-10,Pos220-Pos274
220,355,Pos220_I-Pos355_H,0.0005738285351500501,0.001004085381937763,Pos220-Pos355
220,355,Pos220_I-Pos355_C,0.0,4.17375158762728e-06,Pos220-Pos355
220,355,Pos220_I-Pos355_N,0.0,2.981251134019486e-07,Pos220-Pos355
220,355,Pos220_I-Pos355_*,0.0,2.981251134019486e-07,Pos220-Pos355
220,355,Pos220_I-Pos355_W,0.0,2.981251134019486e-07,Pos220-Pos355
220,355,Pos220_V-Pos355_H,0.027824579395892852,0.00728463944595847,Pos220-Pos355
220,355,Pos220_V-Pos355_C,9.767294215320002e-05,3.0280567768235918e-05,Pos220-Pos355
220,355,Pos220_V-Pos355_N,0.0,2.1628976977311373e-06,Pos220-Pos355
220,355,Pos220_V-Pos355_*,0.0,2.1628976977311373e-06,Pos220-Pos355
220,355,Pos220_V-Pos355_W,0.0,2.1628976977311373e-06,Pos220-Pos355
220,355,Pos220_D-Pos355_H,0.0,4.016341527751052e-06,Pos220-Pos355
220,355,Pos220_D-Pos355_C,0.0,1.6695006350509123e-08,Pos220-Pos355
220,355,Pos220_D-Pos355_N,0.0,1.1925004536077947e-09,Pos220-Pos355
220,355,Pos220_D-Pos355_*,0.0,1.1925004536077947e-09,Pos220-Pos355
220,355,Pos220_D-Pos355_W,0.0,1.1925004536077947e-09,Pos220-Pos355
220,355,Pos220_C-Pos355_H,0.0,3.51429883678217e-06,Pos220-Pos355
220,355,Pos220_C-Pos355_C,0.0,1.460813055669548e-08,Pos220-Pos355
220,355,Pos220_C-Pos355_N,0.0,1.0434378969068202e-09,Pos220-Pos355
220,355,Pos220_C-Pos355_*,0.0,1.0434378969068202e-09,Pos220-Pos355
220,355,Pos220_C-Pos355_W,0.0,1.0434378969068202e-09,Pos220-Pos355
220,355,Pos220_A-Pos355_H,0.0,5.020426909688815e-07,Pos220-Pos355
220,355,Pos220_A-Pos355_C,0.0,2.0868757938136403e-09,Pos220-Pos355
220,355,Pos220_A-Pos355_N,0.0,1.4906255670097433e-10,Pos220-Pos355
220,355,Pos220_A-Pos355_*,0.0,1.4906255670097433e-10,Pos220-Pos355
220,355,Pos220_A-Pos355_W,0.0,1.4906255670097433e-10,Pos220-Pos355
220,355,Pos220_S-Pos355_H,1.2209117769150002e-05,2.510213454844407e-06,Pos220-Pos355
220,355,Pos220_S-Pos355_C,0.0,1.0434378969068199e-08,Pos220-Pos355
220,355,Pos220_S-Pos355_N,0.0,7.453127835048715e-10,Pos220-Pos355
220,355,Pos220_S-Pos355_*,0.0,7.453127835048715e-10,Pos220-Pos355
220,355,Pos220_S-Pos355_W,0.0,7.453127835048715e-10,Pos220-Pos355
220,355,Pos220_F-Pos355_H,1.2209117769150002e-05,5.020426909688815e-07,Pos220-Pos355
220,355,Pos220_F-Pos355_C,0.0,2.0868757938136403e-09,Pos220-Pos355
220,355,Pos220_F-Pos355_N,0.0,1.4906255670097433e-10,Pos220-Pos355
220,355,Pos220_F-Pos355_*,0.0,1.4906255670097433e-10,Pos220-Pos355
220,355,Pos220_F-Pos355_W,0.0,1.4906255670097433e-10,Pos220-Pos355
225,231,Pos225_L-Pos231_R,0.00980392156862745,0.01089517664684815,Pos225-Pos231
225,231,Pos225_L-Pos231_S,0.0034918076819769003,0.03251410233596117,Pos225-Pos231
225,231,Pos225_L-Pos231_Y,0.00021976411984470003,0.00022857013944436677,Pos225-Pos231
225,231,Pos225_L-Pos231_G,0.00047615559299685005,0.00037142647659709605,Pos225-Pos231
225,231,Pos225_L-Pos231_*,6.104558884575e-05,4.7618779050909744e-05,Pos225-Pos231
225,231,Pos225_L-Pos231_H,0.0,9.52375581018195e-06,Pos225-Pos231
225,231,Pos225_L-Pos231_N,0.0,2.8571267430545846e-05,Pos225-Pos231
225,231,Pos225_L-Pos231_F,6.104558884575e-05,6.666629067127365e-05,Pos225-Pos231
225,231,Pos225_L-Pos231_L,1.2209117769150002e-05,9.52375581018195e-06,Pos225-Pos231
225,231,Pos225_I-Pos231_R,0.00367494444851415,0.0030089588820590633,Pos225-Pos231
225,231,Pos225_I-Pos231_S,0.037701755671135206,0.008979532887543393,Pos225-Pos231
225,231,Pos225_I-Pos231_Y,7.32547066149e-05,6.31250115117286e-05,Pos225-Pos231
225,231,Pos225_I-Pos231_G,0.0,0.00010257814370655897,Pos225-Pos231
225,231,Pos225_I-Pos231_*,0.0,1.3151044064943458e-05,Pos225-Pos231
225,231,Pos225_I-Pos231_H,1.2209117769150002e-05,2.630208812988692e-06,Pos225-Pos231
225,231,Pos225_I-Pos231_N,3.662735330745e-05,7.890626438966075e-06,Pos225-Pos231
225,231,Pos225_I-Pos231_F,2.4418235538300004e-05,1.841146169092084e-05,Pos225-Pos231
225,231,Pos225_I-Pos231_L,0.0,2.630208812988692e-06,Pos225-Pos231
225,231,Pos225_T-Pos231_R,2.4418235538300004e-05,3.444656810291475e-05,Pos225-Pos231
225,231,Pos225_T-Pos231_S,0.00046394647522770004,0.00010279771285257951,Pos225-Pos231
225,231,Pos225_T-Pos231_Y,0.0,7.226552748863235e-07,Pos225-Pos231
225,231,Pos225_T-Pos231_G,0.0,1.1743148216902757e-06,Pos225-Pos231
225,231,Pos225_T-Pos231_*,0.0,1.5055318226798406e-07,Pos225-Pos231
225,231,Pos225_T-Pos231_H,0.0,3.011063645359681e-08,Pos225-Pos231
225,231,Pos225_T-Pos231_N,0.0,9.033190936079043e-08,Pos225-Pos231
225,231,Pos225_T-Pos231_F,0.0,2.1077445517517765e-07,Pos225-Pos231
225,231,Pos225_T-Pos231_L,0.0,3.011063645359681e-08,Pos225-Pos231
225,231,Pos225_Q-Pos231_R,9.767294215320002e-05,8.1853231135639e-06,Pos225-Pos231
225,231,Pos225_Q-Pos231_S,0.0,2.4427179291702058e-05,Pos225-Pos231
225,231,Pos225_Q-Pos231_Y,0.0,1.7172006531952238e-07,Pos225-Pos231
225,231,Pos225_Q-Pos231_G,0.0,2.7904510614422386e-07,Pos225-Pos231
225,231,Pos225_Q-Pos231_*,0.0,3.577501360823383e-08,Pos225-Pos231
225,231,Pos225_Q-Pos231_H,0.0,7.155002721646767e-09,Pos225-Pos231
225,231,Pos225_Q-Pos231_N,0.0,2.1465008164940297e-08,Pos225-Pos231
225,231,Pos225_Q-Pos231_F,0.0,5.008501905152736e-08,Pos225-Pos231
225,231,Pos225_Q-Pos231_L,0.0,7.155002721646767e-09,Pos225-Pos231
225,231,Pos225_S-Pos231_R,0.0,1.0231653891954875e-06,Pos225-Pos231
225,231,Pos225_S-Pos231_S,0.0,3.0533974114627573e-06,Pos225-Pos231
225,231,Pos225_S-Pos231_Y,0.0,2.1465008164940297e-08,Pos225-Pos231
225,231,Pos225_S-Pos231_G,0.0,3.488063826802798e-08,Pos225-Pos231
225,231,Pos225_S-Pos231_*,0.0,4.4718767010292284e-09,Pos225-Pos231
225,231,Pos225_S-Pos231_H,0.0,8.943753402058458e-10,Pos225-Pos231
225,231,Pos225_S-Pos231_N,0.0,2.683126020617537e-09,Pos225-Pos231
225,231,Pos225_S-Pos231_F,0.0,6.26062738144092e-09,Pos225-Pos231
225,231,Pos225_S-Pos231_L,0.0,8.943753402058458e-10,Pos225-Pos231
225,231,Pos225_V-Pos231_R,0.0,6.821102594636585e-07,Pos225-Pos231
225,231,Pos225_V-Pos231_S,0.0,2.0355982743085054e-06,Pos225-Pos231
225,231,Pos225_V-Pos231_Y,0.0,1.4310005443293534e-08,Pos225-Pos231
225,231,Pos225_V-Pos231_G,0.0,2.3253758845351994e-08,Pos225-Pos231
225,231,Pos225_V-Pos231_*,0.0,2.981251134019486e-09,Pos225-Pos231
225,231,Pos225_V-Pos231_H,0.0,5.962502268038973e-10,Pos225-Pos231
225,231,Pos225_V-Pos231_N,0.0,1.7887506804116917e-09,Pos225-Pos231
225,231,Pos225_V-Pos231_F,0.0,4.173751587627281e-09,Pos225-Pos231
225,231,Pos225_V-Pos231_L,0.0,5.962502268038973e-10,Pos225-Pos231
225,231,Pos225_E-Pos231_R,0.0,1.7052756486591462e-07,Pos225-Pos231
225,231,Pos225_E-Pos231_S,0.0,5.088995685771264e-07,Pos225-Pos231
225,231,Pos225_E-Pos231_Y,0.0,3.5775013608233834e-09,Pos225-Pos231
225,231,Pos225_E-Pos231_G,0.0,5.8134397113379984e-09,Pos225-Pos231
225,231,Pos225_E-Pos231_*,0.0,7.453127835048715e-10,Pos225-Pos231
225,231,Pos225_E-Pos231_H,0.0,1.4906255670097433e-10,Pos225-Pos231
225,231,Pos225_E-Pos231_N,0.0,4.471876701029229e-10,Pos225-Pos231
225,231,Pos225_E-Pos231_F,0.0,1.0434378969068202e-09,Pos225-Pos231
225,231,Pos225_E-Pos231_L,0.0,1.4906255670097433e-10,Pos225-Pos231
225,231,Pos225_M-Pos231_R,0.0,1.7052756486591462e-07,Pos225-Pos231
225,231,Pos225_M-Pos231_S,0.0,5.088995685771264e-07,Pos225-Pos231
225,231,Pos225_M-Pos231_Y,0.0,3.5775013608233834e-09,Pos225-Pos231
225,231,Pos225_M-Pos231_G,0.0,5.8134397113379984e-09,Pos225-Pos231
225,231,Pos225_M-Pos231_*,0.0,7.453127835048715e-10,Pos225-Pos231
225,231,Pos225_M-Pos231_H,0.0,1.4906255670097433e-10,Pos225-Pos231
225,231,Pos225_M-Pos231_N,0.0,4.471876701029229e-10,Pos225-Pos231
225,231,Pos225_M-Pos231_F,0.0,1.0434378969068202e-09,Pos225-Pos231
225,231,Pos225_M-Pos231_L,0.0,1.4906255670097433e-10,Pos225-Pos231
225,231,Pos225_*-Pos231_R,0.0,3.4105512973182924e-07,Pos225-Pos231
225,231,Pos225_*-Pos231_S,0.0,1.0177991371542527e-06,Pos225-Pos231
225,231,Pos225_*-Pos231_Y,0.0,7.155002721646767e-09,Pos225-Pos231
225,231,Pos225_*-Pos231_G,0.0,1.1626879422675997e-08,Pos225-Pos231
225,231,Pos225_*-Pos231_*,0.0,1.490625567009743e-09,Pos225-Pos231
225,231,Pos225_*-Pos231_H,0.0,2.9812511340194867e-10,Pos225-Pos231
225,231,Pos225_*-Pos231_N,0.0,8.943753402058458e-10,Pos225-Pos231
225,231,Pos225_*-Pos231_F,0.0,2.0868757938136403e-09,Pos225-Pos231
225,231,Pos225_*-Pos231_L,0.0,2.9812511340194867e-10,Pos225-Pos231
225,231,Pos225_F-Pos231_R,0.0,1.7052756486591462e-07,Pos225-Pos231
225,231,Pos225_F-Pos231_S,0.0,5.088995685771264e-07,Pos225-Pos231
225,231,Pos225_F-Pos231_Y,0.0,3.5775013608233834e-09,Pos225-Pos231
225,231,Pos225_F-Pos231_G,0.0,5.8134397113379984e-09,Pos225-Pos231
225,231,Pos225_F-Pos231_*,0.0,7.453127835048715e-10,Pos225-Pos231
225,231,Pos225_F-Pos231_H,0.0,1.4906255670097433e-10,Pos225-Pos231
225,231,Pos225_F-Pos231_N,0.0,4.471876701029229e-10,Pos225-Pos231
225,231,Pos225_F-Pos231_F,0.0,1.0434378969068202e-09,Pos225-Pos231
225,231,Pos225_F-Pos231_L,0.0,1.4906255670097433e-10,Pos225-Pos231
225,231,Pos225_N-Pos231_R,0.0,5.115826945977438e-07,Pos225-Pos231
225,231,Pos225_N-Pos231_S,0.0,1.5266987057313786e-06,Pos225-Pos231
225,231,Pos225_N-Pos231_Y,0.0,1.0732504082470149e-08,Pos225-Pos231
225,231,Pos225_N-Pos231_G,0.0,1.744031913401399e-08,Pos225-Pos231
225,231,Pos225_N-Pos231_*,0.0,2.2359383505146142e-09,Pos225-Pos231
225,231,Pos225_N-Pos231_H,0.0,4.471876701029229e-10,Pos225-Pos231
225,231,Pos225_N-Pos231_N,0.0,1.3415630103087686e-09,Pos225-Pos231
225,231,Pos225_N-Pos231_F,0.0,3.13031369072046e-09,Pos225-Pos231
225,231,Pos225_N-Pos231_L,0.0,4.471876701029229e-10,Pos225-Pos231
225,274,Pos225_L-Pos274_K,0.0091324200913242,0.0071428168576364625,Pos225-Pos274
225,274,Pos225_L-Pos274_S,0.0006104558884575,0.0005904728602312808,Pos225-Pos274
225,274,Pos225_L-Pos274_H,6.104558884575e-05,6.666629067127365e-05,Pos225-Pos274
225,274,Pos225_L-Pos274_D,3.662735330745e-05,4.7618779050909744e-05,Pos225-Pos274
225,274,Pos225_I-Pos274_K,2.4418235538300004e-05,0.0019726566097415187,Pos225-Pos274
225,274,Pos225_I-Pos274_S,0.0001465094132298,0.00016307294640529888,Pos225-Pos274
225,274,Pos225_I-Pos274_H,2.4418235538300004e-05,1.841146169092084e-05,Pos225-Pos274
225,274,Pos225_I-Pos274_D,2.4418235538300004e-05,1.3151044064943458e-05,Pos225-Pos274
225,274,Pos225_T-Pos274_K,0.0,2.2582977340197608e-05,Pos225-Pos274
225,274,Pos225_T-Pos274_S,0.0,1.8668594601230023e-06,Pos225-Pos274
225,274,Pos225_T-Pos274_H,0.0,2.1077445517517765e-07,Pos225-Pos274
225,274,Pos225_T-Pos274_D,0.0,1.5055318226798406e-07,Pos225-Pos274
225,274,Pos225_Q-Pos274_K,0.0,5.366252041235074e-06,Pos225-Pos274
225,274,Pos225_Q-Pos274_S,0.0,4.436101687420995e-07,Pos225-Pos274
225,274,Pos225_Q-Pos274_H,0.0,5.008501905152736e-08,Pos225-Pos274
225,274,Pos225_Q-Pos274_D,0.0,3.577501360823383e-08,Pos225-Pos274
225,274,Pos225_S-Pos274_K,0.0,6.707815051543843e-07,Pos225-Pos274
225,274,Pos225_S-Pos274_S,0.0,5.545127109276244e-08,Pos225-Pos274
225,274,Pos225_S-Pos274_H,0.0,6.26062738144092e-09,Pos225-Pos274
225,274,Pos225_S-Pos274_D,0.0,4.4718767010292284e-09,Pos225-Pos274
225,274,Pos225_V-Pos274_K,0.0,4.4718767010292296e-07,Pos225-Pos274
225,274,Pos225_V-Pos274_S,0.0,3.696751406184163e-08,Pos225-Pos274
225,274,Pos225_V-Pos274_H,0.0,4.173751587627281e-09,Pos225-Pos274
225,274,Pos225_V-Pos274_D,0.0,2.981251134019486e-09,Pos225-Pos274
225,274,Pos225_E-Pos274_K,0.0,1.1179691752573074e-07,Pos225-Pos274
225,274,Pos225_E-Pos274_S,0.0,9.241878515460408e-09,Pos225-Pos274
225,274,Pos225_E-Pos274_H,0.0,1.0434378969068202e-09,Pos225-Pos274
225,274,Pos225_E-Pos274_D,0.0,7.453127835048715e-10,Pos225-Pos274
225,274,Pos225_M-Pos274_K,0.0,1.1179691752573074e-07,Pos225-Pos274
225,274,Pos225_M-Pos274_S,0.0,9.241878515460408e-09,Pos225-Pos274
225,274,Pos225_M-Pos274_H,0.0,1.0434378969068202e-09,Pos225-Pos274
225,274,Pos225_M-Pos274_D,0.0,7.453127835048715e-10,Pos225-Pos274
225,274,Pos225_*-Pos274_K,0.0,2.2359383505146148e-07,Pos225-Pos274
225,274,Pos225_*-Pos274_S,0.0,1.8483757030920816e-08,Pos225-Pos274
225,274,Pos225_*-Pos274_H,0.0,2.0868757938136403e-09,Pos225-Pos274
225,274,Pos225_*-Pos274_D,0.0,1.490625567009743e-09,Pos225-Pos274
225,274,Pos225_F-Pos274_K,0.0,1.1179691752573074e-07,Pos225-Pos274
225,274,Pos225_F-Pos274_S,0.0,9.241878515460408e-09,Pos225-Pos274
225,274,Pos225_F-Pos274_H,0.0,1.0434378969068202e-09,Pos225-Pos274
225,274,Pos225_F-Pos274_D,0.0,7.453127835048715e-10,Pos225-Pos274
225,274,Pos225_N-Pos274_K,0.0,3.3539075257719214e-07,Pos225-Pos274
225,274,Pos225_N-Pos274_S,0.0,2.772563554638122e-08,Pos225-Pos274
225,274,Pos225_N-Pos274_H,0.0,3.13031369072046e-09,Pos225-Pos274
225,274,Pos225_N-Pos274_D,0.0,2.2359383505146142e-09,Pos225-Pos274
225,355,Pos225_L-Pos355_H,0.012392254535687252,0.032076009568692804,Pos225-Pos355
225,355,Pos225_L-Pos355_C,7.32547066149e-05,0.0001333325813425473,Pos225-Pos355
225,355,Pos225_L-Pos355_N,1.2209117769150002e-05,9.52375581018195e-06,Pos225-Pos355
225,355,Pos225_L-Pos355_*,1.2209117769150002e-05,9.52375581018195e-06,Pos225-Pos355
225,355,Pos225_L-Pos355_W,1.2209117769150002e-05,9.52375581018195e-06,Pos225-Pos355
225,355,Pos225_I-Pos355_H,0.028508289990965253,0.008858543282145914,Pos225-Pos355
225,355,Pos225_I-Pos355_C,9.767294215320002e-05,3.682292338184168e-05,Pos225-Pos355
225,355,Pos225_I-Pos355_N,0.0,2.630208812988692e-06,Pos225-Pos355
225,355,Pos225_I-Pos355_*,0.0,2.630208812988692e-06,Pos225-Pos355
225,355,Pos225_I-Pos355_W,0.0,2.630208812988692e-06,Pos225-Pos355
225,355,Pos225_T-Pos355_H,4.883647107660001e-05,0.00010141262357571407,Pos225-Pos355
225,355,Pos225_T-Pos355_C,0.0,4.215489103503553e-07,Pos225-Pos355
225,355,Pos225_T-Pos355_N,0.0,3.011063645359681e-08,Pos225-Pos355
225,355,Pos225_T-Pos355_*,0.0,3.011063645359681e-08,Pos225-Pos355
225,355,Pos225_T-Pos355_W,0.0,3.011063645359681e-08,Pos225-Pos355
225,355,Pos225_Q-Pos355_H,0.0001220911776915,2.4098049166506307e-05,Pos225-Pos355
225,355,Pos225_Q-Pos355_C,0.0,1.0017003810305472e-07,Pos225-Pos355
225,355,Pos225_Q-Pos355_N,0.0,7.155002721646767e-09,Pos225-Pos355
225,355,Pos225_Q-Pos355_*,0.0,7.155002721646767e-09,Pos225-Pos355
225,355,Pos225_Q-Pos355_W,0.0,7.155002721646767e-09,Pos225-Pos355
225,355,Pos225_S-Pos355_H,0.0,3.0122561458132884e-06,Pos225-Pos355
225,355,Pos225_S-Pos355_C,0.0,1.252125476288184e-08,Pos225-Pos355
225,355,Pos225_S-Pos355_N,0.0,8.943753402058458e-10,Pos225-Pos355
225,355,Pos225_S-Pos355_*,0.0,8.943753402058458e-10,Pos225-Pos355
225,355,Pos225_S-Pos355_W,0.0,8.943753402058458e-10,Pos225-Pos355
225,355,Pos225_V-Pos355_H,0.0,2.008170763875526e-06,Pos225-Pos355
225,355,Pos225_V-Pos355_C,0.0,8.347503175254561e-09,Pos225-Pos355
225,355,Pos225_V-Pos355_N,0.0,5.962502268038973e-10,Pos225-Pos355
225,355,Pos225_V-Pos355_*,0.0,5.962502268038973e-10,Pos225-Pos355
225,355,Pos225_V-Pos355_W,0.0,5.962502268038973e-10,Pos225-Pos355
225,355,Pos225_E-Pos355_H,0.0,5.020426909688815e-07,Pos225-Pos355
225,355,Pos225_E-Pos355_C,0.0,2.0868757938136403e-09,Pos225-Pos355
225,355,Pos225_E-Pos355_N,0.0,1.4906255670097433e-10,Pos225-Pos355
225,355,Pos225_E-Pos355_*,0.0,1.4906255670097433e-10,Pos225-Pos355
225,355,Pos225_E-Pos355_W,0.0,1.4906255670097433e-10,Pos225-Pos355
225,355,Pos225_M-Pos355_H,0.0,5.020426909688815e-07,Pos225-Pos355
225,355,Pos225_M-Pos355_C,0.0,2.0868757938136403e-09,Pos225-Pos355
225,355,Pos225_M-Pos355_N,0.0,1.4906255670097433e-10,Pos225-Pos355
225,355,Pos225_M-Pos355_*,0.0,1.4906255670097433e-10,Pos225-Pos355
225,355,Pos225_M-Pos355_W,0.0,1.4906255670097433e-10,Pos225-Pos355
225,355,Pos225_*-Pos355_H,0.0,1.004085381937763e-06,Pos225-Pos355
225,355,Pos225_*-Pos355_C,0.0,4.173751587627281e-09,Pos225-Pos355
225,355,Pos225_*-Pos355_N,0.0,2.9812511340194867e-10,Pos225-Pos355
225,355,Pos225_*-Pos355_*,0.0,2.9812511340194867e-10,Pos225-Pos355
225,355,Pos225_*-Pos355_W,0.0,2.9812511340194867e-10,Pos225-Pos355
225,355,Pos225_F-Pos355_H,0.0,5.020426909688815e-07,Pos225-Pos355
225,355,Pos225_F-Pos355_C,0.0,2.0868757938136403e-09,Pos225-Pos355
225,355,Pos225_F-Pos355_N,0.0,1.4906255670097433e-10,Pos225-Pos355
225,355,Pos225_F-Pos355_*,0.0,1.4906255670097433e-10,Pos225-Pos355
225,355,Pos225_F-Pos355_W,0.0,1.4906255670097433e-10,Pos225-Pos355
225,355,Pos225_N-Pos355_H,0.0,1.5061280729066442e-06,Pos225-Pos355
225,355,Pos225_N-Pos355_C,0.0,6.26062738144092e-09,Pos225-Pos355
225,355,Pos225_N-Pos355_N,0.0,4.471876701029229e-10,Pos225-Pos355
225,355,Pos225_N-Pos355_*,0.0,4.471876701029229e-10,Pos225-Pos355
225,355,Pos225_N-Pos355_W,0.0,4.471876701029229e-10,Pos225-Pos355
231,274,Pos231_R-Pos274_K,0.0,0.00012789567364943595,Pos231-Pos274
231,274,Pos231_R-Pos274_S,0.0,1.0572709021686706e-05,Pos231-Pos274
231,274,Pos231_R-Pos274_H,0.0,1.193692954061402e-06,Pos231-Pos274
231,274,Pos231_R-Pos274_D,0.0,8.526378243295729e-07,Pos231-Pos274
231,274,Pos231_S-Pos274_K,0.0,0.0003816746764328447,Pos231-Pos274
231,274,Pos231_S-Pos274_S,0.0,3.155177325178183e-05,Pos231-Pos274
231,274,Pos231_S-Pos274_H,0.0,3.5622969800398836e-06,Pos231-Pos274
231,274,Pos231_S-Pos274_D,0.0,2.5444978428856313e-06,Pos231-Pos274
231,274,Pos231_Y-Pos274_K,0.0,2.683126020617537e-06,Pos231-Pos274
231,274,Pos231_Y-Pos274_S,0.0,2.2180508437104975e-07,Pos231-Pos274
231,274,Pos231_Y-Pos274_H,0.0,2.504250952576368e-08,Pos231-Pos274
231,274,Pos231_Y-Pos274_D,0.0,1.7887506804116914e-08,Pos231-Pos274
231,274,Pos231_G-Pos274_K,0.0,4.360079783503498e-06,Pos231-Pos274
231,274,Pos231_G-Pos274_S,1.2209117769150002e-05,3.604332621029559e-07,Pos231-Pos274
231,274,Pos231_G-Pos274_H,0.0,4.0694077979365985e-08,Pos231-Pos274
231,274,Pos231_G-Pos274_D,0.0,2.9067198556689986e-08,Pos231-Pos274
231,274,Pos231_*-Pos274_K,0.0,5.589845876286536e-07,Pos231-Pos274
231,274,Pos231_*-Pos274_S,0.0,4.6209392577302035e-08,Pos231-Pos274
231,274,Pos231_*-Pos274_H,0.0,5.2171894845340996e-09,Pos231-Pos274
231,274,Pos231_*-Pos274_D,0.0,3.726563917524357e-09,Pos231-Pos274
231,274,Pos231_H-Pos274_K,0.0,1.1179691752573074e-07,Pos231-Pos274
231,274,Pos231_H-Pos274_S,0.0,9.241878515460408e-09,Pos231-Pos274
231,274,Pos231_H-Pos274_H,0.0,1.0434378969068202e-09,Pos231-Pos274
231,274,Pos231_H-Pos274_D,0.0,7.453127835048715e-10,Pos231-Pos274
231,274,Pos231_N-Pos274_K,0.0,3.3539075257719214e-07,Pos231-Pos274
231,274,Pos231_N-Pos274_S,0.0,2.772563554638122e-08,Pos231-Pos274
231,274,Pos231_N-Pos274_H,0.0,3.13031369072046e-09,Pos231-Pos274
231,274,Pos231_N-Pos274_D,0.0,2.2359383505146142e-09,Pos231-Pos274
231,274,Pos231_F-Pos274_K,0.0,7.82578422680115e-07,Pos231-Pos274
231,274,Pos231_F-Pos274_S,0.0,6.469314960822284e-08,Pos231-Pos274
231,274,Pos231_F-Pos274_H,0.0,7.30406527834774e-09,Pos231-Pos274
231,274,Pos231_F-Pos274_D,0.0,5.2171894845340996e-09,Pos231-Pos274
231,274,Pos231_L-Pos274_K,0.0,1.1179691752573074e-07,Pos231-Pos274
231,274,Pos231_L-Pos274_S,0.0,9.241878515460408e-09,Pos231-Pos274
231,274,Pos231_L-Pos274_H,0.0,1.0434378969068202e-09,Pos231-Pos274
231,274,Pos231_L-Pos274_D,0.0,7.453127835048715e-10,Pos231-Pos274
231,355,Pos231_R-Pos355_H,6.104558884575e-05,0.0005743368384684003,Pos231-Pos355
231,355,Pos231_R-Pos355_C,1.2209117769150002e-05,2.387385908122804e-06,Pos231-Pos355
231,355,Pos231_R-Pos355_N,0.0,1.7052756486591462e-07,Pos231-Pos355
231,355,Pos231_R-Pos355_*,0.0,1.7052756486591462e-07,Pos231-Pos355
231,355,Pos231_R-Pos355_W,0.0,1.7052756486591462e-07,Pos231-Pos355
231,355,Pos231_S-Pos355_H,0.027043195858667254,0.0017139737469677612,Pos231-Pos355
231,355,Pos231_S-Pos355_C,4.883647107660001e-05,7.124593960079767e-06,Pos231-Pos355
231,355,Pos231_S-Pos355_N,0.0,5.088995685771264e-07,Pos231-Pos355
231,355,Pos231_S-Pos355_*,0.0,5.088995685771264e-07,Pos231-Pos355
231,355,Pos231_S-Pos355_W,0.0,5.088995685771264e-07,Pos231-Pos355
231,355,Pos231_Y-Pos355_H,0.0,1.2049024583253154e-05,Pos231-Pos355
231,355,Pos231_Y-Pos355_C,0.0,5.008501905152736e-08,Pos231-Pos355
231,355,Pos231_Y-Pos355_N,0.0,3.5775013608233834e-09,Pos231-Pos355
231,355,Pos231_Y-Pos355_*,0.0,3.5775013608233834e-09,Pos231-Pos355
231,355,Pos231_Y-Pos355_W,0.0,3.5775013608233834e-09,Pos231-Pos355
231,355,Pos231_G-Pos355_H,0.0,1.9579664947786378e-05,Pos231-Pos355
231,355,Pos231_G-Pos355_C,0.0,8.138815595873197e-08,Pos231-Pos355
231,355,Pos231_G-Pos355_N,0.0,5.8134397113379984e-09,Pos231-Pos355
231,355,Pos231_G-Pos355_*,0.0,5.8134397113379984e-09,Pos231-Pos355
231,355,Pos231_G-Pos355_W,0.0,5.8134397113379984e-09,Pos231-Pos355
231,355,Pos231_*-Pos355_H,1.2209117769150002e-05,2.510213454844407e-06,Pos231-Pos355
231,355,Pos231_*-Pos355_C,0.0,1.0434378969068199e-08,Pos231-Pos355
231,355,Pos231_*-Pos355_N,0.0,7.453127835048715e-10,Pos231-Pos355
231,355,Pos231_*-Pos355_*,0.0,7.453127835048715e-10,Pos231-Pos355
231,355,Pos231_*-Pos355_W,0.0,7.453127835048715e-10,Pos231-Pos355
231,355,Pos231_H-Pos355_H,0.0,5.020426909688815e-07,Pos231-Pos355
231,355,Pos231_H-Pos355_C,0.0,2.0868757938136403e-09,Pos231-Pos355
231,355,Pos231_H-Pos355_N,0.0,1.4906255670097433e-10,Pos231-Pos355
231,355,Pos231_H-Pos355_*,0.0,1.4906255670097433e-10,Pos231-Pos355
231,355,Pos231_H-Pos355_W,0.0,1.4906255670097433e-10,Pos231-Pos355
231,355,Pos231_N-Pos355_H,2.4418235538300004e-05,1.5061280729066442e-06,Pos231-Pos355
231,355,Pos231_N-Pos355_C,0.0,6.26062738144092e-09,Pos231-Pos355
231,355,Pos231_N-Pos355_N,0.0,4.471876701029229e-10,Pos231-Pos355
231,355,Pos231_N-Pos355_*,0.0,4.471876701029229e-10,Pos231-Pos355
231,355,Pos231_N-Pos355_W,0.0,4.471876701029229e-10,Pos231-Pos355
231,355,Pos231_F-Pos355_H,0.0,3.51429883678217e-06,Pos231-Pos355
231,355,Pos231_F-Pos355_C,0.0,1.460813055669548e-08,Pos231-Pos355
231,355,Pos231_F-Pos355_N,0.0,1.0434378969068202e-09,Pos231-Pos355
231,355,Pos231_F-Pos355_*,0.0,1.0434378969068202e-09,Pos231-Pos355
231,355,Pos231_F-Pos355_W,0.0,1.0434378969068202e-09,Pos231-Pos355
231,355,Pos231_L-Pos355_H,0.0,5.020426909688815e-07,Pos231-Pos355
231,355,Pos231_L-Pos355_C,0.0,2.0868757938136403e-09,Pos231-Pos355
231,355,Pos231_L-Pos355_N,0.0,1.4906255670097433e-10,Pos231-Pos355
231,355,Pos231_L-Pos355_*,0.0,1.4906255670097433e-10,Pos231-Pos355
231,355,Pos231_L-Pos355_W,0.0,1.4906255670097433e-10,Pos231-Pos355
274,355,Pos274_K-Pos355_H,8.546382438405e-05,0.00037653201822666107,Pos274-Pos355
274,355,Pos274_K-Pos355_C,0.0,1.56515684536023e-06,Pos274-Pos355
274,355,Pos274_K-Pos355_N,0.0,1.1179691752573074e-07,Pos274-Pos355
274,355,Pos274_K-Pos355_*,0.0,1.1179691752573074e-07,Pos274-Pos355
274,355,Pos274_K-Pos355_W,0.0,1.1179691752573074e-07,Pos274-Pos355
274,355,Pos274_S-Pos355_H,2.4418235538300004e-05,3.112664684007065e-05,Pos274-Pos355
274,355,Pos274_S-Pos355_C,0.0,1.2938629921644568e-07,Pos274-Pos355
274,355,Pos274_S-Pos355_N,0.0,9.241878515460408e-09,Pos274-Pos355
274,355,Pos274_S-Pos355_*,0.0,9.241878515460408e-09,Pos274-Pos355
274,355,Pos274_S-Pos355_W,0.0,9.241878515460408e-09,Pos274-Pos355
274,355,Pos274_H-Pos355_H,0.0,3.51429883678217e-06,Pos274-Pos355
274,355,Pos274_H-Pos355_C,0.0,1.460813055669548e-08,Pos274-Pos355
274,355,Pos274_H-Pos355_N,0.0,1.0434378969068202e-09,Pos274-Pos355
274,355,Pos274_H-Pos355_*,0.0,1.0434378969068202e-09,Pos274-Pos355
274,355,Pos274_H-Pos355_W,0.0,1.0434378969068202e-09,Pos274-Pos355
274,355,Pos274_D-Pos355_H,0.0,2.510213454844407e-06,Pos274-Pos355
274,355,Pos274_D-Pos355_C,0.0,1.0434378969068199e-08,Pos274-Pos355
274,355,Pos274_D-Pos355_N,0.0,7.453127835048715e-10,Pos274-Pos355
274,355,Pos274_D-Pos355_*,0.0,7.453127835048715e-10,Pos274-Pos355
274,355,Pos274_D-Pos355_W,0.0,7.453127835048715e-10,Pos274-Pos355
