Mutation_Set,Count
No_mutations,12
S162I; S163F,26322
S162I; S163F; K225E,12431
S162N; K225I,5325
T160A; K225I,2659
S162I; K225N,2325
S162I; K225E,1300
K225I,601
S162I; S163F; S318I,466
S162I; S163F; R402C,437
S162I; S163F; K225N,420
S162I; K225I,270
S162I; S163F; W268R,260
S162I; S163F; K225I,255
S162I; S163F; M211I,252
S162I; S163F; K225E; E269G,228
S162I; S163F; K225M,226
S162I; K225N; I262L,212
S162I; K225T,204
S162I; S163F; I181V,196
S162I,179
S162I; S163F; T242A,178
S162I; S163F; M211I; C231S,148
S162I; S163F; K225E; S287G,137
Q53R; K225I,125
S162I; S163F; Y384C,123
F136L; S162N; K225I,112
S162I; S163F; I215V,110
S162I; S163F; C231R,109
I134V; S162I; S163F,100
S162N; K225M,86
S162N; F194V; K225I,82
S162I; S163F; K225E; T341A,78
S162I; S163F; E410G,77
S162N,76
S162N; K225I; K284R,73
S162I; K225N; Y357H,70
S162I; S163F; K225E; L276F,69
S162I; S163F; Y355H,67
S162I; K225N; Y357C,60
S162I; S163F; K225E; C231R,59
L98P; S162I; S163F,58
S162I; S163F; M172I,51
N92K; S162I; S163F,49
S60G; S162I; S163F,49
S162N; K225E,46
S162I; S163F; R402H,43
S162I; S163F; Y171C,39
S162I; S163F; N383D,38
S162I; S163F; V405I,37
S162I; S163F; N243S,36
G101S; S162I; S163F,35
S162I; S163F; N362D,35
S162I; S163F; D265G,33
S162I; S163F; Y357H,32
T160A,29
I90M; S162I; K225E,29
S162I; S163F; N248S,28
I41V; S162I; S163F,28
S162I; S163F; I352V,28
S162I; S163F; L276F,27
S162I; S163F; Q267K,27
M172I; K225T,27
S162I; S163F; A313T,27
S162I; S163F; S292N,26
S162N; K225I; Y384C,26
E28K; S162I; S163F,26
S162I; S163F; E281K,26
S162I; S163F; Y384H,25
T6S; S162I; S163F; K225E,24
G220V; K225I,24
S162I; S163F; T341A,24
S162I; S163F; T372N,24
S162I; S163F; G401D,22
S162I; K225E; E266D,21
T160A; K225E,21
S162I; S163F; I409V,20
S162I; S163F; K225E; R402C,20
S162I; S163F; E280K,19
S162I; S163F; V184I,19
S162I; S163F; N175H,19
S162I; S163F; N407K; K408Q; I409D; E410*; E411R,19
S162I; S163F; K225E; N362D,18
S162I; S163F; E269G,18
Q88*; D117E; S162I,18
S162I; S163F; E398D,18
S162I; S163F; K385R,18
I134V; S162I; S163F; K225E,18
S162I; S163F; T372A,18
S162I; S163F; K225T,18
S66F; S162I; S163F,17
S162I; S163F; V389I,17
S162I; S163F; V291A,17
S162I; S163F; S166P,16
S162I; S163F; T264A,16
S162N; K225I; E349K,16
N138D; S162I; S163F,16
S162I; S163F; K330R,16
I102M; K225I,16
S162I; S163F; G378D,16
S162I; S163F; I263V,16
S162I; S163F; K225E; N261D,15
S162I; S163F; T198A,15
N122D; S162I; S163F,15
K62R; S162I; S163F; K225E,15
S162I; S163F; Y357C,15
H125Y; S162I; S163F,15
S162I; S163F; N195S,15
S162I; S163F; N407T; K408R; I409L; E410K; E411S,15
S162I; S163F; Q267H,15
S162I; S163F; E390K,15
S162I; S163F; K285R,15
S162I; S163F; T229M,14
M1I; S162I; S163F,14
S162I; S163F; D199G,14
S162I; S163F; N316D,14
N10D; S162I; S163F,14
S162I; S163F; E411K,14
T6A; S162I; S163F,14
S162I; S163F; F252L,14
K62R; S162I; S163F,14
S162I; S163F; S273G,14
M151I; S162I; S163F,14
D65N; S162I; S163F,14
T59A; S162I; S163F,13
S162I; S163F; N258S,13
S162I; S163F; N248K,13
T160M; K225I,13
R16H; S162I; K225N,13
S162I; S163F; P298S,13
S162N; K225N,13
S162I; S163F; K225N; L380S,13
S162I; S163F; S379L,13
S162I; S163F; I409T,13
A32S; S162I; S163F,12
S162I; S163F; N383S,12
S162I; S163F; T382M,12
S162I; S163F; E391D,12
S162I; S163F; E266D,12
S162I; S163F; K225E; R402H,12
S162I; S163F; N261S,12
S162I; S163F; I227V,12
S162I; S163F; E410K,12
S162I; S163F; V319I,12
S162I; S163F; S292I,12
D54N; S162I; S163F,12
S162I; S163F; I241V,12
S162N; K225I; I262V,12
T6S; S162I; S163F,12
L56H; S162I; S163F,12
V148I; S162I; S163F,12
S162I; S163F; T242A; E349G,12
S162I; S163F; D199N,12
S162I; S163F; I247V; R402C,11
S162I; S163F; I368V,11
S162I; S163F; I247V,11
S162I; S163F; K225G,11
T160A; K225I; Y355H,11
S162V; S163F,11
S162I; S163F; G403S,11
S162I; S163F; E391G,11
S162I; S163F; K225E; N243S,11
S162I; S163F; K225E; N293S,11
S162I; S163F; A313V,11
S162I; S163F; K359R,11
S99L; S162I; S163F,11
S162I; S163F; G403D,11
K37R; S162I; S163F,11
S162I; S163F; E269K,11
S162I; S163F; K225E; Y357H,11
S162I; S163F; E280G,11
I102L; S162I; K225N; I262L,10
N10D; S162N; K225I,10
S162I; S163F; K225E; V389I,10
E79D; S162I; S163F,10
S162I; S163F; I233V,10
Q27R; S162I; S163F,10
R16H; S162I; S163F,10
S162I; S163F; R272H,10
T51I; S162I; N175H,10
P57S; S162I; S163F,10
S162I; S163F; T242I,10
S162I; S163F; K277E,10
T75A; S162I; S163F,10
F83L; S162I; S163F,10
K225T,10
S162I; S163F; I399V,10
S162I; S163F; D196N,10
K225E,10
S162I; S163F; N274S,10
S162I; S163F; G315D,10
K62N; S162I; S163F,10
S162I; S163F; K225E; I233V,10
S162I; S163F; E397G,10
I126V; S162N; K225I,10
N122S; S162I; S163F,10
S162I; S163F; K225E; T382A,10
K37Q; S162I; S163F,10
T59A; S162N; K225I,10
S162I; S163F; G401S,10
S162N; K225I; N407K; K408Q; I409D; E410*; E411R,10
S162I; S163F; V396I,10
S162I; K225N; N388K,10
S162I; S163F; K225E; G401D,10
S162I; S163F; N175S,9
S162I; S163F; R193L,9
S162I; S163F; N344S,9
F136L; S162I; S163F,9
I35V; S162I; S163F,9
S162I; S163F; D301N,9
S162I; S163F; S361P,9
S162I; K225N; I233T,9
S162I; S163F; I371V,9
F194L; K225I,9
S162I; S163F; N197S,9
S162I; Y171C; K225N,9
S162I; S163F; V291M,9
P120S; S162I; S163F,9
N96S; S162I; S163F,9
S162N; K225I; I263V,9
N63S; S162I; S163F,9
P58S; S162I; S163F,9
K225I; K284N,9
S162I; S163F; S318N,9
S162I; S163F; M172I; K225E,9
S162I; S163F; S287G,9
S162N; K225L,9
P146S; S162I; S163F,9
S162I; S163F; N322S,9
S140N; S162I; S163F,9
S162I; S163F; K400R,9
S162I; S163F; K225N; I262L,9
S162I; S163F; A381V,9
E28K; S162N; K225I,9
S162I; S163F; N297S,9
T160A; K225I; N407T; K408R; I409L; E410R; E411S,9
N97K; S162I; S163F,9
S162I; S163F; K225E; N261S,9
F158L; S162I; S163F,9
S162I; S163F; N407D,9
S162I; S163F; D326N,9
P71S; S162I; S163F; K225E,9
L98P; S162I; S163F; K225E,9
S67N; S162I; S163F,9
S162I; S163F; N258D,9
S162I; S163F; E411G,9
S162I; S163F; D365N,9
S162I; S163F; K400E,9
S60G; S162I; S163F; K225E,9
S162I; S163F; N261D,9
S162I; K225E; G403S,9
T59P; S162I; S163F,8
S162I; S163F; G223D,8
S162I; S163F; N293S,8
G101V; S162I; S163F,8
S162N; K225I; I247T,8
S162I; S163F; Q354R,8
S162N; K225I; E281K,8
S162I; S163F; K225E; D365N,8
S162I; S163F; K225E; E398D,8
S162I; S163F; K225E; S318I,8
A129S; S162I; S163F,8
G49D; S162I; S163F,8
E154G; S162I; S163F,8
T50A; S162I; S163F,8
E106*; S162I; S163F,8
L98I; S162I; S163F,8
S162I; S163F; N164S,8
S162N; I203M; K225I,8
S162I; S163F; S166P; K329E,8
S162I; S163F; K225R,8
S162I; S163F; K329R,8
S162I; S163F; G378S,8
S162I; S163F; K284R,8
V87M; S162I; S163F; K225E,8
S162I; S163F; A207V,8
S162I; S163F; Q270R,8
L98F; S162I; S163F,8
S162I; S163F; K406E,8
S162I; M172I; K225N,8
P121D; S162I; S163F,8
S162I; S163F; D312N,8
S162I; S163F; Y299C,8
S162I; S163F; K225E; E280K,8
S162I; S163F; K330N,8
S162I; S163F; R244C,8
E78K; S162I; S163F,8
P23L; S162I; S163F,8
M1I; S162I; S163F; K225E,8
S162I; S163F; L328M,8
A32S; S162I; S163F; K225E,8
S162I; S163F; K288N,8
N72S; S162I; S163F,8
S162I; S163F; E266G,8
S162I; K225N; E280K,8
S162I; S163F; A283S,8
S180T; K225I,8
I39V; S162I; S163F,8
P146Q; S162I; S163F,8
S162I; S163F; Q387K,8
R82H; S162I; S163F,8
K37E; S162I; S163F,8
S162I; S163F; T230A,8
S162I; S163F; N407S,8
P121S; S162I; S163F; K225E,8
S162I; S163F; Q235K,8
S162I; S163F; I232T,8
S162N; K225I; Y357C,8
D81N; S162I; S163F,8
S162I; S163F; K288E,8
P120Q; S162I; S163F,8
S162I; S163F; I271V,8
S162I; S163F; K278R,8
S162I; S163F; D326G,7
N63D; S162I; S163F,7
N116D; S162I; S163F,7
S162I; S163F; K300R,7
P58S; S162I; K225N,7
S162I; S163F; Q290*,7
V87M; S162I; S163F,7
S162I; S163F; G226C,7
K225I; Y384S,7
S162I; S163F; N316S,7
N10S; S162I; S163F,7
S162I; S163F; Q270*,7
K37N; S162I; S163F,7
V132I; S162I; S163F,7
D65Y; S162I; S163F,7
S162I; S163F; E398*,7
S162I; S163F; K225E; E398G,7
G64S; S162I; S163F,7
E105D; S162I; S163F,7
S162I; S163F; I271N,7
P120T; S162I; S163F,7
S162I; S163F; N274D,7
S162I; S163F; P294S,7
S162I; S163F; K342R,7
S162I; S163F; C231Y,7
S162I; S163F; K225E; Y384H,7
D15N; S162I; S163F,7
S162I; S163F; K225E; K408R,7
S162I; S163F; R193C,7
S162I; S163F; T382A,7
S162I; S163F; K225E; N248S,7
G101S; S162I; S163F; K225E,7
S162I; S163F; S273N,7
G101D; S162I; S163F,7
S162I; K225N; Q354R,7
S162I; S163F; K323R,7
I102L; S162I; S163F,7
S162I; S163F; P393S,7
S162I; S163F; Q270H,7
S162I; S163F; V345I,7
S60N; S162I; S163F,7
S162I; S163F; Q267R,7
N34S; S162I; S163F,7
Q141*; S162I; S163F,7
I102V; S162I; S163F,7
S162I; S163F; F358L,7
M36I; S162I; S163F,7
S162I; S163F; D301Y,7
I102M; S162I; S163F; K225N,7
L61M; S162I; S163F,7
S162I; S163F; K225E; N383D,7
S162I; S163F; K225E; D265G,7
T119I; S162I; S163F,7
S162I; S163F; D196Y,7
S162I; S163F; Q236R,7
S162I; S163F; E397*,7
R45C; S162I; S163F,7
T59I; S162I; S163F,7
S162I; S163F; V345A,7
P121Q; S162I; S163F,7
S162I; S163F; E336K,7
F91L; S162I; S163F,7
K62N; S162I; S163F; K225E,7
S162I; S163F; T230M,7
P121S; S162I; S163F,7
G152R; S162I; S163F; K225E,7
S162N; K225I; V389I,7
S162N; K225I; D365N,7
S162I; M211I; K225N,7
S162N; K225I; I352V,7
S162I; S163F; V389A,7
S162N; K225I; G401D,7
I143V; S162I; S163F,7
S162I; S163F; E281G,7
S162I; S163F; I395V,7
S162I; S163F; D325N,7
S162I; S163F; K225E; Y384C,7
S162I; S163F; E398K,6
S162I; S163F; E213*,6
S162I; S163F; K225E; R348H,6
R82H; S162N; K225I,6
S162I; S163F; I327V,6
S162I; S163F; S292G,6
S162I; S163F; S287N,6
S162I; S163F; K225E; K385R,6
S162I; S163F; N388S,6
E28D; S162I; S163F,6
R16C; S162I; S163F,6
N138D; S162N; K225I,6
N72D; S162I; S163F,6
K225I; E411*,6
S162I; S163F; E305*,6
T160A; K225I; I233V,6
S162N; K225I; K408R,6
S162I; S163F; R168H,6
S162I; S163F; E349K,6
S162I; S163F; P239T,6
E28A; S162I; S163F; G403D,6
S60R; S162I; S163F,6
R93H; S162I; S163F; K225E,6
G152R; S162I; S163F,6
S67N; S162N; K225I,6
S66P; S162I; S163F,6
S162I; S163F; G246C,6
S162I; S163F; Q290H,6
P43Q; S162I; S163F,6
S162I; S163F; P298T,6
S162N; K225I; K300R,6
S162I; S163F; D366N,6
N138D; S162I; S163F; K225E,6
S162I; S163F; L253F,6
S162I; K225E; K385R,6
S162I; S163F; K408N,6
S162I; S163F; Y384F,6
S162I; S163F; N314S; N316I,6
S162I; S163F; I302V,6
S162I; K225N; Y357S,6
S162I; S163F; Q394R,6
S162I; K225N; I262L; E305D,6
S162I; S163F; R168C,6
S162I; S163F; E411D,6
D117N; S162I; S163F,6
S162I; S163F; K225E; K285R,6
S162I; S163F; Q236*,6
S162I; S163F; F324L,6
S162N; K225I; N248S,6
S162I; S163F; K225E; V405I,6
S162I; S163F; G257S,6
T160A; S162N; K225I,6
S162I; S163F; I302T,6
S162I; S163F; V289M,6
S162I; S163F; E266*,6
S162I; S163F; G308C,6
S162I; S163F; G220V; K225T,6
D70E; S162I; K225N,6
S162N; K225I; Y357H,6
S162I; S163F; F343L,6
Q27R; S162I; S163F; K225E,6
S162I; S163F; A224V,6
D54Y; S162I; S163F,6
S162I; Y355H,6
S162I; S163F; D265N,6
Y69H; S162I; S163F,6
Y68H; S162I; S163F,6
S162N; K225I; E281G,6
R93H; S162I; S163F,6
S162I; S163F; T230K,6
P120L; S162I; S163F,6
S162I; S163F; R348S,6
S162N; K225I; N362D,6
S162I; S163F; Y299H,6
N96D; S162I; S163F,6
M1I; S162N; K225I,6
S162I; S163F; K225E; I227V,6
S162I; S163F; R193H,6
S162I; S163F; T234M,6
E78*; S162I; S163F,6
S162I; S163F; Y222C,6
H125R; S162I; S163F,6
S162I; S163F; R168C; K225E,6
S162I; S163F; N407K,6
S162N; K225M; Y357H,6
S162I; S163F; K225E; E281K,6
D70N; S162I; S163F,6
S162I; S163F; D338G,6
S162N; N197D; K225I,6
S162I; S163F; G256V,6
S162I; S163F; N197D,6
S162I; S163F; K225E; I352T,6
S162N; K225I; E269K,6
S162I; S163F; A381S,6
G100D; S162I; S163F,6
S162I; S163F; K285N,6
S162I; S163F; K225E; L404P,6
N97S; S162I; K225N,6
L98R; S162I; S163F,6
S162I; S163F; R402S,6
S162I; S163Y; T229M; D326N,5
S162I; S163F; Q387H,5
S162I; S163F; T254I,5
S162I; S163F; K277N,5
S162N; K225I; R402H,5
S162I; S163F; L276I,5
T6S; S162N; K225I,5
S162I; S163F; G403A,5
S162I; S163F; P294Q,5
P12T; S162I; S163F,5
S162I; K225N; A313T,5
S162I; S163F; K225E; S318N,5
S162I; S163F; K346R,5
G127D; S162I; S163F,5
S162I; S163F; T372P,5
S162N; I165V; K225I,5
F33L; S162I; S163F,5
S162I; S163F; I183V,5
P2S; S162I; S163F,5
S162I; S163F; N170S,5
S162I; S163F; G353D,5
S162I; S163F; K225E; T264A,5
D117Y; S162I; S163F,5
S162I; S163F; N238K,5
S140G; S162I; S163F,5
S162I; S163F; A340T,5
S162I; S163F; N170D,5
S162I; S163F; E251*,5
S162I; S163F; K225E; N297S,5
A131V; S162I; S163F,5
S137N; S162I; S163F,5
S162I; S163F; G374S,5
S162I; S163F; G308D,5
S162I; S163F; Q267*,5
S162I; S163F; Y307C,5
S140R; S162I; S163F,5
D81Y; S162I; S163F,5
D54N; S162I; S163F; K225E,5
S162I; M211I; K225E,5
F124L; S162I; S163F,5
I102M; S162I; K225I,5
S162I; S163F; K225E; E281G,5
S162I; S163F; K225E; G378D,5
S162I; S163F; K225E; T382M,5
S162I; S163F; H176Y,5
S162I; S163F; K225E; I247V,5
S162I; S163F; N388D,5
S162I; S163F; K225E; N407K; K408Q; I409D; E410*; E411R,5
R82L; S162I; S163F,5
S162I; S163F; Y222C; K225E,5
S162I; S163F; I165V,5
T160A; K225I; N261S,5
S162I; S163F; T372I,5
D156N; S162I; S163F,5
E154*; S162I; S163F,5
E44*; S162I; S163F,5
S162I; S163F; F194L,5
S162I; S163F; L309M,5
S162I; S163F; N370D,5
S162I; S163F; P188Q,5
S162I; S163F; K400N,5
S162I; S163F; E411*,5
N96S; S162I; S163F; K225E,5
S162I; S163F; P298L,5
S162I; S163F; P188S; K225E,5
S162I; S163F; K225E; E391A,5
S162I; K225N; L276F,5
S162I; S163F; E213K,5
S162I; M172I; K225N; I262L,5
S162I; K225E; C231R,5
P121L; S162I; S163F,5
S162I; S163F; K329N,5
S162N; K225I; E411K,5
S162I; S163F; N297D,5
S162N; K225I; N383S,5
S162N; K225I; E269G,5
N97S; S162I; S163F,5
S162I; K225N; I262L; Y355H,5
N97D; S162I; S163F,5
S162I; S163F; E305K,5
S162I; S163F; G401C,5
W40*; S162I; S163F,5
S162I; S163F; K225E; I395V,5
Q123K; S162I; S163F,5
Q53K; S162I; S163F,5
N111S; S162I; S163F,5
D11Y; S162I; S163F,5
S162I; S163F; K225E; S292N,5
R45L; S162I; S163F,5
I134V; T160A; K225I,5
Y20H; S162I; S163F,5
S162I; S163F; K225E; I409T,5
N72D; S162I; S163F; K225E,5
I48V; S162N; K225I,5
S162I; S163F; S187F; K225E,5
L145M; S162I; S163F,5
S162I; S163F; G353C,5
Q27*; S162I; S163F,5
M36T; S162I; S163F,5
N147S; S162I; S163F,5
S162N; K225I; I271V,5
S162I; S163F; Q295R,5
S162I; S163F; K225E; I321T,5
T6A; S162I; S163F; K225E,5
S162N; K225I; S361A,5
S162I; S163F; Q204*,5
S162I; S163F; L240M,5
S162N; K225I; I409T,5
T160A; K225I; V396I,5
S162I; S163F; G226S,5
I41V; S162I; S163F; K225E,5
P12Q; S162I; S163F,5
Q53R; S162I; S163F,5
S162I; S163F; F337L,5
K109R; S162I; S163F,5
E133K; S162I; S163F; K225E,5
S162I; S163F; Q235H,5
L98P; S162N; K225I,5
S162I; S163F; H219Y; K225E,5
G139C; S162I; S163F,5
S162I; S163F; Q354K,5
S162I; S163F; A340V,5
S162I; S163F; G403C,5
S162N; K225T,5
S162I; K225E; N322D,5
S162N; K225I; D265G,5
S162I; S163F; K225E; Q270R,5
S162I; S163F; L380F,5
S162I; S163F; E189*,5
S162I; S163F; K225E; E410G,5
R45H; S162I; S163F,5
S162I; S163F; K225E; A381S,5
M151I; S162I; S163F; K225E,5
S162I; S163F; P173S,5
I42V; S162I; S163F,5
S162I; S163F; A182T,5
S162I; S163F; T234S,5
S162I; S163F; D310N,5
S99A; S162I; S163F,5
S162I; S163F; W268L,5
S162I; S163F; K225E; G315C,5
S162I; S163F; R348H,5
S162N; K225I; E411G,4
G101S; K225I,4
Y20H; S162I; S163F; K225E,4
S162I; S163F; I203V,4
S162I; S163F; E305G,4
S162N; K225I; S292N,4
I143V; S162I; S163F; K225E,4
S162I; S163F; P188S,4
S162I; S163F; S367Y,4
S162I; S163F; I165V; K225E,4
S162I; S163F; G378C,4
S162I; S163F; G353S,4
S66Y; S162I; S163F; K225E,4
T75I; S162I; S163F,4
S162I; S163F; Q304K,4
E105K; S162I; S163F,4
L56P; S162I; S163F,4
S162N; K225I; I395V,4
S162I; S163F; G315C,4
S162I; S163F; I183M,4
S162I; S163F; K225E; T372A,4
N161S; S162I; S163F,4
S162I; S163F; K225E; N297D,4
S162I; S163F; P206Q; K225E,4
S162I; S163F; K288R,4
S162I; S163F; Q373H,4
S162N; K225I; I227V,4
T51A; S162I; S163F,4
I39V; S162I; S163F; K225E,4
S162I; K225E; E280K,4
S162I; S163F; D301G,4
S162I; S163F; K225E; K330R,4
S162I; S163F; A182S,4
S162I; S163F; I321V,4
S162I; S163F; G257V,4
S162I; S163F; S187F,4
Q88L; S162I; S163F,4
T160A; K225I; I227T,4
E28K; S162I; S163F; K225E,4
S162I; S163F; T209I,4
S162I; S163F; V405A,4
S162N; K225I; D310N,4
S162I; S163F; R193S; K225E,4
P112L; S162I; S163F,4
I42V; S162I; S163F; K225E,4
S162I; S163F; A182V,4
M1I; T160A; K225I,4
S162I; S163F; K225E; E349G,4
S162I; S163F; A381T,4
S162I; S163F; G246D,4
I18V; S162I; S163F,4
I4M; S162I; S163F,4
T160A; K225I; I247V; V396I,4
G115D; S162I; S163F,4
S162I; S163F; K225E; E391K,4
G25S; S162I; S163F,4
R16S; S162I; S163F,4
S162I; S163F; F202S,4
D128N; S162I; S163F,4
K3E; S162I; S163F,4
S162I; S163F; K225E; G308C,4
E133*; S162I; S163F,4
S162I; S163F; K225E; G401S,4
T160A; K225I; Q267R,4
S162I; S163F; S318R,4
G64C; S162I; S163F,4
S162N; K225I; W268R,4
S162I; S163F; K225E; Y357C,4
P71Q; S162I; S163F,4
S162N; R193L; K225I,4
S162I; S163F; K225E; D312N,4
D70E; S162I; S163F; K225E,4
G101D; S162I; S163F; K225E,4
P43L; S162I; S163F,4
S162I; S163F; K225E; I247T,4
T59I; S162I; S163F; K225E,4
F194I; K225I; C231S,4
S162I; S163F; P393L,4
S60N; S162N; K225I,4
S162I; F194L; K225N,4
S162I; S163F; D259Y,4
S162I; S163F; K225E; F358L,4
S162I; S163F; K225E; S273N,4
S162N; K225I; E266K,4
I39T; S162I; S163F,4
S162I; S163F; P393Q,4
T160A; S162I; S163F; K225E,4
S162T; S163F,4
A129T; S162I; S163F,4
S162I; S163F; K225E; Y317C,4
S162I; S163F; K225E; Q267R,4
Q53R; S162I; S163F; K225E,4
S162I; S163F; P239L,4
S162I; S163F; E397K,4
S140N; S162I; S163F; K225E,4
S162I; S163F; K225E; N314D,4
S162I; S163F; I249V,4
S162I; S163F; E349*,4
T160A; K225N,4
S162I; S163F; K225E; P294Q,4
P12Q; S162I; S163F; K225E,4
N111D; S162I; S163F,4
S108N; S162I; S163F,4
I126V; S162I; S163F,4
F29L; S162I; S163F,4
R93C; S162I; S163F,4
S162I; S163F; S379*,4
S162I; S163F; W268*,4
S162I; S163F; G315S,4
I102L; S162I; S163F; K225E,4
S162I; S163F; P239S,4
G101V; S162I; S163F; K225E,4
S162I; S163F; K225E; Y357N,4
S66F; S162I; S163F; K225E,4
N38S; S162I; S163F,4
T160A; K225I; E281K,4
L98F; S162I; S163F; K225E,4
S162I; S163F; K225E; W268R,4
S162I; S163F; E391*,4
S162I; S163F; N322D,4
S162I; S163F; K225E; G403S,4
S162I; S163F; P206S; K225E,4
S162I; S163F; L260M,4
S162N; K225L; I262V,4
S162I; S163F; N238S,4
S162I; S163F; K225E; N258S,4
Q27H; S162I; S163F,4
I126L; S162I; S163F,4
S162I; S163F; M211V,4
T6S; A32S; L56H; T75Q; T76S; Q88T; P121D; S162I; S163F,4
S162I; S163F; K225E; I302T,4
S162I; S163F; N238D,4
Y68C; S162I; S163F,4
T6S; A32S; S162I; S163F,4
D77N; S162I; S163F,4
N63D; S162I; S163F; K225E,4
T119A; S162I; S163F,4
D54N; S162I; K225N,4
S162I; S163F; T198S,4
G101S; S162I; K225E,4
S162I; S163F; C231*,4
S162I; S163F; E250*,4
S162I; S163F; D326Y,4
S162I; S163F; K311E,4
S162I; S163F; N170S; K225E,4
N46S; S162I; S163F,4
S162I; K225E; R402S,4
S162I; S163F; K225E; Y355H,4
A131T; S162I; S163F,4
S162N; K225I; R244C,4
S162I; S163F; Y384S,4
S162N; K225I; S379L,4
T75A; S162I; S163F; K225E,4
S162I; S163F; E269D,4
S162I; S163F; P298Q,4
T160A; K225I; G401V,4
S162I; K225N; R402C,4
K225I; Q270K,4
K62E; S162I; S163F,4
S162I; S163F; T382K,4
N72K; S162I; S163F,4
S162I; S163F; K225N; E266D; L380S,4
S162N; K225I; N388D,4
S162I; S163F; G220D,4
T160A; K225I; F337L,4
D77N; S162I; S163F; K225E,4
M1V; S162I; S163F,4
S162I; S163F; K278E,4
G49C; S162I; S163F,4
P23L; S162N; K225I,4
I102V; S162N; K225I,4
S162I; S163F; K225E; E266K,4
S162I; S163F; N169D,4
S162N; K225I; N407D,4
N10D; S162I; S163F; K225E,4
N95S; S162I; S163F,4
N111S; S162I; S163F; K225E,4
N96D; S162N; K225I,4
P71S; S162I; S163F,4
S162I; S163F; E390G,4
S162N; K225I; Y384H,4
E106K; S162I; S163F; K225E,4
S162I; S163F; M172V,4
P52Q; S162I; S163F,4
S162I; S163F; I232L,4
R82C; S162I; S163F,4
S162I; S163F; K277R,4
Q27K; S162I; S163F; K225E,4
S162I; S163F; K225E; I302V,4
P2L; S162I; S163F; K225E,4
S162I; S163F; C231S,4
E44D; S162I; S163F,4
T160A; K225I; Y357C,4
S162I; K225N; D312G,4
P52T; S162I; S163F; K225E,4
S162I; S163F; K385N,4
I143V; S162N; K225I,4
I41V; S162N; K225I,4
S162N; K225I; F334L,4
S162I; K225E; G401D,4
S67N; S162I; S163F; K225E,4
S162N; N200S; K225I,4
S162I; S163F; L296M,4
S162I; S163F; K225E; F324L,4
N10S; S162N; K225I,4
N138D; S162I; S163F; Q270R,4
S162I; S163F; Y332C,4
A32V; S162I; S163F,4
I90N; S162I; S163F,4
S162I; S163F; I409S,4
S162I; S163F; K225E; G403A,4
S162I; S163F; N314S,4
S162I; K225E; L276F,4
S162I; S163F; E281D,4
S162I; S163F; K225E; D301G,4
P155S; S162I; S163F,4
T160A; K225I; W268R,4
I126L; S162I; S163F; K225E,4
S162I; S163F; G401V; R402V; G403A; L404W; V405L; N407T; K408R; I409L; E410K; E411S,4
I102V; S162I; S163F; K225E,4
S162I; S163F; Q270K,4
S67I; S162I; S163F,4
N72S; S162I; S163F; K225E,4
V47M; S162I; S163F,4
K225I; I352V,4
T160M; S162I; S163F; K225E,4
S162I; S163F; K225E; E411K,4
S162I; S163F; P173Q,4
S162I; S163F; K225E; T264I,4
E106G; S162I; S163F,4
S162I; S163F; K225E; Q394K,4
S162I; N248K,4
H142R; S162I; S163F,4
S162I; S163F; K284E,4
W40*; S162I; S163F; K225E,4
S162I; S163F; N293D,4
Y30H; S162N; K225I,4
S162I; S163F; F334L,4
S162I; S163F; G403V,4
S162I; S163F; K225E; N407D,4
S162I; S163F; K225E; A283T,4
S162I; S163F; E201G,4
S162I; S163F; K225E; A313T,4
S162I; S163F; K225E; L296M,4
N92S; S162I; S163F,4
S162N; M211I; K225I,4
S162I; S163F; L210M,4
S162I; K225N; E410G,4
S162I; S163F; K225E; K342R,4
S162N; K225I; Y355H,4
V13I; S162I; S163F; K225E,4
S162I; S163F; E305D,4
I143V; S162I; K225E,4
N63S; S162I; S163F; K225E,4
S162I; S163F; K225E; S292R,4
S162I; S163F; A224S; K225E,4
K62N; T160A; K225I,3
Y9C; S162I; S163F,3
S162I; S163F; F202L,3
S162I; K225N; V319I,3
S162I; S163F; K225E; Y299C,3
S162N; K225I; I233V,3
S162I; K225N; L276I,3
S162I; K225N; P298Q,3
S162I; S163F; K225E; K284E,3
S162I; K225T; N261D,3
S162I; S163F; Y332H,3
S162I; S163F; M211T,3
S162I; S163F; K225E; W268C,3
F55L; S162I; S163F,3
S162I; S163F; P188L,3
E79K; S162I; S163F; K225E,3
S162I; S163F; L339F,3
S162N; N169D; K225I,3
S162I; S163F; S166F,3
S162I; I183M; K225N,3
S162N; K225I; D366Y,3
S162I; S163F; N195D,3
P112Q; T160A; K225I,3
S162I; S163F; K225E; T229M,3
P112T; S162I; S163F; K225E,3
S162I; K225E; S292N,3
S162I; S163F; K225E; T230M,3
E28G; S162I; S163F,3
K22N; S162I; S163F; K225E,3
S162I; S163F; H216Y,3
S162I; K225N; K385R,3
S162N; M172I; K225I,3
S162I; S163F; K225E; N383S,3
S162I; S163F; I399T,3
S162I; S163F; K225E; G378S,3
S162N; K225I; Q267K,3
D54N; S162N; K225I,3
G25S; S162I; S163F; K225E,3
P12S; S162I; S163F,3
S162I; S163F; Q373K,3
I134T; S162I; S163F,3
P57L; S162I; K225N,3
S162I; S163F; T228I,3
D117N; S162I; S163F; K225E,3
S162I; S163F; N175S; K225E,3
S162I; S163F; G386S,3
L56H; S162I; S163F; K225E,3
S162I; S163F; K225E; N407T; K408R; I409L; E410K; E411S,3
G49S; S162I; S163F; K225E,3
E28A; S162I; S163F,3
S162I; S163F; K225E; Q373K,3
T160A; K225I; V396A,3
S162I; S163F; S361A,3
S162I; S163F; E349G,3
S162I; K225N; Y384C,3
L56R; S162I; S163F,3
C26Y; S162I; S163F,3
N95S; T160A; K225I,3
S162N; K225I; W268L,3
S162I; S163F; K225E; E250K,3
S162N; K225I; P393S,3
I90V; S162I; S163F; K225E,3
S162I; S163F; K225E; I368T,3
N122S; S162I; S163F; K225E,3
T160A; K225I; D265G,3
D81G; S162I; S163F,3
S162N; K225I; I271N,3
S162I; S163F; G257D,3
S162I; W268R,3
S162I; S163F; E189*; K225E,3
I149T; S162I; S163F,3
S162N; K225I; G403D,3
E44K; S162I; S163F,3
S162I; S163F; N314D,3
S162I; S163F; N169D; K225E,3
S162I; S163F; Y171C; K225E,3
S162I; S163F; T341I,3
T160A; K225I; K288E,3
E106*; S162I; S163F; K225E,3
S162I; S163F; K225E; Q295K,3
S162N; K225I; E281D,3
R45C; S162I; S163F; K225E,3
I42T; S162I; K225N,3
Q53R,3
K37R; S162I; S163F; K225E,3
N14D; S162I; S163F,3
H142Y; S162I; S163F,3
P2S; T160A; K225I,3
S162I; S163F; N314K,3
S162I; K225E; E411K,3
S162I; K225E; I352V,3
S162I; S163F; K225E; F337S,3
I18V; T160A; K225I,3
S162I; S163F; R244S,3
E79D; S162N; K225I,3
T160A; K225I; P393Q,3
S162I; S163F; K225E; E305G,3
S162N; K225I; W268*,3
S162I; S163F; P188Q; K225E,3
N63I; S162I; S163F,3
S162I; K225N; N297D,3
G139D; S162I; S163F,3
S162N; K225I; E305K,3
S162I; K225N; E398G,3
S162I; S163F; T185I; K225E,3
S162I; S163F; D205N,3
T51S; S162I; S163F,3
S162I; S163F; E397D,3
S162I; S163F; L296P,3
S162I; S163F; P206L; K225E,3
S162I; S163F; A207E; K225E,3
T160A; K225I; V319I,3
S162I; S163F; T198I,3
S108R; S162I; S163F,3
T160A; K225I; T264A,3
D65N; S162I; S163F; K225E,3
S162I; S163F; K225E; E269G; Y357C,3
K31E; S162I; S163F,3
S162I; S163F; Y384*,3
S99*; S162I; S163F,3
S162I; S163F; M211L,3
S162I; S163F; K225E; S287N,3
E105G; S162I; S163F,3
T50I; S162I; S163F,3
Y20H; S162N; K225I,3
S162N; K225I; I232V,3
S162I; S163F; A224S,3
T51I; S162I; S163F,3
S162N; K225I; I232T,3
S162I; K225E; T341A,3
S162N; K225I; T382M,3
S162I; S163F; K225E; I409N,3
S162N; K225I; I399V,3
S162I; S163F; N370S,3
Q27K; S162N; K225I,3
S162I; S163F; Q354*,3
S162I; S163F; E201*,3
S162I; S163F; S361F,3
T160A; K225L,3
S162I; S163F; K225E; N407S,3
Y73H; S162I; S163F,3
S162I; S163F; K342E,3
S162I; S163F; K225E; G403D,3
S162I; S163F; K225E; I352V,3
Y68H; S162I; S163F; K225E,3
K225I; L364M,3
S162I; S163F; H219Y,3
E28*; S162I; S163F,3
G100S; S162I; S163F; K225E,3
K109N; S162I; K225N,3
S162I; S163F; K225E; L240M,3
I134V; S162N; K225I,3
S162I; S163F; S217G,3
S162N; K225I; D338N,3
S162I; S163F; V319A,3
S162I; S163F; K225E; R244C,3
S162I; S163F; N376S,3
S162I; S163F; T198P; K225E,3
L19M; S162I; S163F,3
S162I; S163F; K225E; E391G,3
T59A; S162I; S163F; K225E,3
S162I; K225I; S273G,3
S162I; K225N; E266D,3
T160A; K225I; N314D,3
E159K; S162I; S163F,3
S162I; S163F; T234A,3
S162I; S163F; N274K,3
H125Y; S162I; S163F; K225E,3
S162N; K225I; Q267R,3
S162I; S163F; V289A,3
S162I; S163F; K225E; S333*,3
S162I; S163F; K225E; L276I,3
T75A; K225I,3
P12L; S162I; S163F,3
S162I; S163F; I247T,3
S162I; K225N; L380S,3
F29S; S162I; S163F,3
S162I; S163F; D196Y; K225E,3
S162I; S163F; K225E; N322S,3
S162I; K225N; G378D,3
S162I; S163F; S292R,3
S162I; S163F; I241T,3
Q88K; S162I; S163F,3
S162I; S163F; K225E; S292I,3
K225I; N383D,3
G101S; S162N; K225I,3
Y30H; S162I; S163F,3
S162N; K225I; I371V,3
T160K; S162I; S163F,3
V47A; S162I; S163F; K225E,3
S162I; S163F; K225E; P393S,3
S162I; S163F; P188T,3
P43S; S162I; S163F,3
S162N; K225I; R402C,3
S162I; S163F; K225E; K400N,3
S162N; K225I; G315D,3
F124S; S162I; S163F,3
S162I; S163F; K225E; N388D,3
S162N; E189K; K225I,3
S162I; S163F; C231R; S318I,3
G49D; T160A; K225I,3
S162N; K225I; N407T; K408R; I409L; E410K; E411S,3
N161S; S162I; S163F; K225E,3
S162I; S163F; S174R,3
S162I; S163F; Q373*,3
I94V; S162I; S163F,3
S162I; K225N; G401D,3
S162I; S163F; N362S,3
S162I; S163F; D196G,3
S162N; K225I; V396A,3
T160A; K225I; T341A,3
S162N; K225I; D325E,3
S162N; F192L; K225I,3
N8D; S162I; S163F; K225E,3
S162I; S163F; G177S,3
P155Q; S162N; K225I,3
S162I; S163F; F337S,3
I126V; K225I,3
S162N; K225I; V405A,3
S162I; S163F; D310G,3
T160A; K225I; S318N,3
S66Y; S162I; S163F,3
S162I; S163F; K245R,3
P155L; S162I; S163F,3
T160A; D199G; K225I,3
S162I; S163F; I262V,3
S162I; S163F; L167M,3
T160A; K225I; N248S,3
E106K; S162I; S163F,3
S162I; N164S; K225E,3
S162I; S163F; A182V; K225E,3
S162I; S163F; K225N; K278T; L380S,3
D70N; S162I; K225N,3
E28*; S162I; S163F; K225E,3
S162I; S163F; A207V; K225E,3
S162N; K225I; E280K,3
S162I; K225E; R402C,3
G152S; S162I; S163F,3
S162I; S163F; E336*,3
S162I; N175H,3
S162I; S163F; S180F,3
P23S; S162I; S163F,3
S162I; S163F; K225E; E349K,3
S162I; S163F; K225E; T242I,3
S162I; S163F; F194V; K225I,3
S162I; S163F; I262L,3
Q123K; S162I; S163F; K225E,3
S162I; S163F; D312Y,3
S162N; K225I; T372A,3
S162I; S163F; K245E,3
S162I; S163F; K225E; Q295*,3
S162N; A207S; K225I,3
S162I; K225N; G315D,3
S162I; S163F; T185I,3
S162I; S163F; K225E; Q373*,3
S162N; K225I; E398K,3
S162N; K225I; V396I,3
S162I; S163F; I183T,3
S162I; S163F; K225E; P239T,3
S162I; S163F; K408R,3
S162I; S163F; Q394*,3
Q27*; S162I; S163F; K225E,3
Q141R; S162I; S163F,3
S162N; K225I; E398D,3
S162I; K225N; T229M,3
S162I; S163F; F192L,3
S162I; S163F; K225E; F358S,3
P121D; T160A; K225I,3
S162N; K225I; C231R,3
R45H; S162I; S163F; K225E,3
G24V; S162I; S163F,3
N122S; S162I; K225N,3
P71L; S162I; S163F,3
S162I; S163F; I395T,3
S162I; S163F; S333L,3
S162I; R402C,3
S162N; R193H; K225I,3
P146L; S162I; S163F,3
E154G; S162I; S163F; K225E,3
T160A; K225I; K330R,3
S162I; S163F; K225E; E250D,3
F91L; S162I; S163F; K225E,3
S162I; S163F; Q304*,3
I35V; S162I; S163F; K225E,3
N111D; S162I; S163F; K225E,3
S162I; S163F; I262T,3
S162N; S318I,3
S162I; S163F; G177C,3
S162N; K225I; E305*,3
S162I; S163F; R244H,3
S162I; S163F; K225E; I232V,3
S162I; S163F; T185A,3
E154D; S162I; S163F,3
T160A; K225I; E280K,3
V13I; S162N; K225I,3
K109E; S162I; S163F,3
V13I; S162I; S163F,3
S162I; S163F; K225E; E390G,3
S162N; K225I; N383D,3
I102F; S162I; S163F,3
S162I; S163F; P173Q; K225E,3
P58T; S162I; S163F,3
P120T; S162I; S163F; K225E,3
P52S; S162I; S163F,3
T160A; K225I; K406E,3
S162I; N164S,3
D70E; S162I; S163F,3
N97S; S162N; K225I,3
T6S; A32S; S162I; S163F; K225E,3
S162I; S163F; E201K; K225E,3
S162N; F194L; K225I,3
S162I; S163F; K225E; S333L,3
S162I; S163F; H219R,3
G24D; S162I; S163F,3
C26F; S162I; S163F,3
S162I; S163F; H212R,3
N34S; S162N; K225I,3
S162I; S163F; E201K,3
S162I; S163F; D338Y,3
E133K; S162I; S163F,3
S162I; S163F; K225E; I321V,3
S162I; S163F; Q204H,3
T50P; S162I; S163F,3
S162I; S163F; R348C,3
W40C; S162I; S163F,3
P155Q; S162I; S163F,3
S162I; S163F; F303L,3
S162I; S163F; N243D,3
S162I; S163F; L167M; K225E,3
S162N; K225I; V319I,3
R82H; S162I; S163F; K225E,3
S162I; S163F; P188L; K225E,3
N122D; S162I; K225E,3
G64D; S162I; S163F,3
S162N; K225I; G353C,3
S162I; S163F; T350A,3
S162I; K225E; S367Y,3
S162N; K225I; Y332H,3
S162I; S163F; K225E; R272H,3
T160A; K225I; I409V,3
S162I; S163F; K300N,3
K135R; S162I; S163F; K225E,3
D15Y; S162I; S163F,3
S162I; K225S,3
E106D; S162I; S163F,3
V148I; S162I; S163F; K225E,3
S162I; S163F; T264I,3
G139S; S162I; S163F,3
P2T; S162I; K225T,3
L98P; S162I; S163F; D265G,3
S162I; S163F; G223S,3
F136L; S162I; K225N,3
D128G; S162I; S163F,3
S162I; S163F; K225E; I263V,3
S162V; S163F; K225E,3
M1T; S162I; S163F,3
S162I; S163F; T228A,3
S162I; S163F; K278N,3
S162I; S163F; T372S; Q373E; F375Y; G378N; S379N; A381K; T382V; Y384F; K385R; V389A; E390N; E391L; Q394R; V396I; E397K; E398P; K400T; N407K; K408I; E410R; E411F,3
S162I; K225N; R244H,3
S162I; S163F; S379P,3
D65G; S162I; S163F,3
S162I; S163F; P393R; Q394K; I395L; V396L; E397R; E398R; I399L; K400R; G401V; R402V; G403A; L404W; V405L; N407T; K408R; I409L; E410K; E411S,3
S162I; S163F; L276I; D301G,3
S162I; S163F; D366E,3
S162I; S163F; D265V; E266A; W268Y; E269N; Q270D; R272Y; S273T; K277N; K278D; E280R; E281K; K284S,3
S162I; S163F; S217I,3
S162I; S163F; K225E; G246C,3
S162I; S163F; Y307H,3
N14D; S162I; S163F; K225N; I352V,3
E154K; S162I; S163F,3
A207V; K225I,3
S162I; S163F; A224T,3
N138S; S162I; S163F,3
S162I; Y222C; K225N; I262L,3
S162I; S163F; K225E; D265V; E266A; W268Y; E269N; Q270D; R272Y; S273T; K277N; K278D; E280R; E281K; K284S,3
S162I; S163F; L339S,3
T50A; S162I; S163F; K225E,3
S162I; S163F; E251K,3
S162I; S163F; G386C,3
S162I; S163F; S191*,3
T160S; K225I,3
S162I; S163F; K225E; W268L,3
S162I; S163F; T198A; K225E,3
S162I; S163F; A313S,3
S162N; K225I; S292I,3
S162I; S163F; H176N,3
P155S; S162I; S163F; K225E,3
N122D; S162I; S163F; I241V,3
P57L; S162I; S163F,3
S162I; S163F; D196N; K225E,3
K37E; S162I; S163F; K225E,3
N8D; S162I; S163F,3
S162I; S163F; K225E; K277E,3
S162I; S163F; S273I,3
S162I; S163F; C347Y,3
L144F; S162I; S163F,3
S99*; S162I; S163F; K225E,3
S162I; S163F; D199Y,3
S162I; S163F; K330M,3
S162N; I183V; K225I,3
S162I; K225E; Y355H,3
N97I; S162I; S163F,3
S162I; K225E; K300R,3
S162I; S163F; L404P,3
S60I; S162I; S163F; K225E,3
S162N; K225I; G308D,3
S140N; S162N; K225I,3
S162I; S163F; K225E; N314S; N316I,3
S99L; T160A; K225I,3
D65N; S162N; K225I,3
D65Y; S162N; K225I,3
S162N; K225I; E266D,3
S162I; S163F; Q290R,3
S162I; S163F; D326V,3
P121S; S162N; K225I,3
S162N; K225I; T264A,3
S162I; S163F; A283T,3
S162I; S163F; N248Y,3
S162I; S163F; I232V,3
N10S; S162I; S163F; K225E,2
T160A; K225I; N258D,2
S162I; K225E; D301G,2
I143T; K225I,2
S162N; K225I; W268G,2
G101C; S162I; K225N,2
S162I; S163F; T228S,2
S162I; S163F; K225E; T350I,2
A110T; S162I; S163F; T341A,2
N116H; S162I; S163F,2
S108G; S162I; S163F,2
S162I; S163F; K225E; E250*,2
S162N; S166Y; K225I,2
S162N; K225I; P393T,2
P12Q; S162N; K225I,2
S162N; K225I; N258S,2
A153V; S162I; S163F,2
S162I; S163F; K225E; D325Y,2
V148A; S162I; S163F,2
S137R; S162I; K225N,2
Q141K; S162I; S163F,2
S162I; S163F; F194L; K225E,2
S162I; S217G; K225N,2
T160A; M211I; K225I,2
Y73H; S162I; K225N,2
S162N; P206S; K225I,2
S162I; K225N; A283S,2
G24V; S162I; S163F; K225E,2
S162I; S163F; K225E; K359R,2
P112S; S162I; S163F,2
P58L; S162I; S163F,2
T75I; S162I; S163F; K225E,2
S162I; S163F; P393T,2
A131S; S162I; S163F,2
N97T; S162I; S163F,2
S162I; S163F; D199N; K225E,2
S162I; S163F; S166Y,2
S66F; S162N; K225I,2
A153T; S162I; S163F; K225E,2
D70N; K225I,2
Q53*; S162N; K225I,2
P52L; S162I; S163F,2
S162I; G223V; K225N,2
G127C; S162I; S163F,2
S162I; S163F; N261K,2
S162I; K225E; D301N,2
N147S; S162N; K225I,2
S162N; K225I; F358S,2
S162I; S163F; N388H,2
T160A; S318I,2
S162I; S163F; L286I,2
I35V; S162N; K225I,2
K85R; S162I; S163F; K225E,2
S162N; K225I; A381V,2
S162I; K225E; K245E,2
T160A; K225I; Y355C,2
S162I; S163F; N261H,2
S162I; S163F; L286P,2
K37R; S162I; K225T,2
S108N; S162I; S163F; K225E,2
K225L,2
P52Q; S162I; S163F; K225E,2
D81N; S162N; K225I,2
S162N; S163F; K225I,2
S162N; K225I; K342R,2
S162N; K225I; K330R,2
S162N; K225I; R402S,2
S162I; S163F; K225E; G226S,2
S162I; K225N; S333L,2
T160A; K225I; K278R,2
S162N; K225I; E391K,2
D15N; S162I; S163F; K225E,2
S162I; S163F; T341N,2
S162N; M172V; K225I,2
S162I; S163F; L218P,2
S162I; S163F; K225N; A283T,2
S162N; L167M; K225I,2
S162I; K225E; Y357H,2
S162N; K225I; K329R,2
S162N; K225I; N316S,2
P52S; S162N; K225I,2
G25C; S162N; K225I,2
S162I; S163F; K225Q,2
S162I; S163F; S361Y,2
S162I; S163F; K225E; L286F,2
K225I; Y384C,2
S162I; S163F; K225E; E281D,2
P23S; S162I; S163F; K225E,2
S162I; S163F; K225E; G386D,2
S162I; K225N; E269K,2
E106K; S162N; K225I,2
T17A; S162I; S163F; K225E,2
N97K; S162N; K225I,2
S162I; S163F; G315V,2
S162I; K225N; A313V,2
T50I; S162N; K225I,2
R82L; S162I; S163F; K225E,2
T160M; S162I; S163F,2
S162I; S163F; Y171C; I352V,2
S162I; S163F; D310E,2
S162N; K225I; E397G,2
S162N; S217R; K225I,2
S162I; S163F; K225E; Y384S,2
Q88*; S162I; S163F,2
S162I; K225N; V291E,2
T160A; K225I; L276F,2
F83L; S162N; K225I,2
S60G; S162I; K225N,2
S162N; K225I; D366N,2
G101C; S162I; S163F; K225E,2
N95D; S162I; K225N; F303Y,2
S162I; S163F; K225E; Q270H,2
S162I; S163F; K225E; Q236R,2
R82C; S162I; S163F; K225E,2
S162I; K225E; N243S,2
S162I; S163F; K225E; D366N,2
S162I; S163F; A207E,2
S162I; S163F; T198S; D199I; G220V; K225T,2
K62R; S162N; K225I,2
S162N; K225I; K342E,2
L56M; S162I; S163F,2
I18L; S162I; S163F,2
S162N; T209I; K225I,2
L157S; S162I; S163F,2
S162I; S163F; I302L,2
S162I; S163F; Q204K,2
S162I; S163F; K225E; T229A,2
S162I; K225N; V389I,2
N118D; S162I; S163F,2
G24C; S162I; S163F; K225E,2
T160A; K225I; N407D,2
T51I; S162I; N175H; I262V,2
Q53R; G101V; K225I,2
S162N; K225I; T242A,2
P52S; T160A; K225I,2
S162I; S163F; K225E; E280G,2
S162N; K225I; D301G,2
N95S; S162I; K225N,2
N118Y; S162I; S163F; K225E,2
P112S; S162I; S163F; K225E,2
S162I; S163F; K225E; N314S,2
S162N; P173L; K225I,2
T160A; K225I; T382A,2
S162I; K225N; S379L,2
Q141R; S162I; S163F; K225N,2
S162I; S163F; K225E; P239Q,2
T6I; S162I; S163F,2
E159*; S162I; S163F; K225E,2
S162N; R402C,2
S162I; S163F; H176R,2
S162I; S163F; L363F,2
S162I; S163F; K225N; I302T,2
S162I; S163F; E390D,2
S162N; K225I; K285R,2
S162I; S163F; K225E; Q304*,2
S162N; K225I; N293D,2
D70N; S162N; K225I,2
S162I; K225N; G403S,2
S162I; S163F; T229A,2
S67R; S162I; K225N,2
S162N; K225M; E269K,2
D81Y; S162N; K225I,2
E28D; S162N; K225I,2
S162I; S163F; E398A,2
S162I; K225N; Q267R,2
S162N; K225I; K329E,2
S162N; K225I; Q373H,2
S162I; K225N; V405I,2
T50S; S162I; S163F,2
A110V; S162I; S163F,2
S162I; S163F; K225E; D301A,2
S162I; K225N; T242A,2
S162I; S163F; F343S,2
S162I; S163F; K225E; G353C,2
S162I; S163F; K400M,2
S162I; S163F; Q304R,2
F29L; S162N; K225I,2
S162N; K225I; K288M,2
S162I; S163F; P206T; K225E,2
K225I; S273R,2
S162I; S163F; H212N; K225E,2
S162I; S163F; G223C; K225E,2
K31E; S162N; K225I,2
S162N; K225I; P294L,2
N63S; S162N; K225I; S318I,2
M36I; S162N; K225I,2
S162I; S163F; I282V,2
S162I; K225E; I227V,2
S162I; S163F; K225*,2
Y30F; S162I; S163F,2
E28D; S162I; S163F; K225E,2
S162I; S163F; G220S,2
S67N; I102F; S162I; S163F,2
S162N; K225I; K245E,2
S162N; I203T; K225I,2
S162N; N195S; K225I,2
S162N; K225I; Q270R,2
S162N; F192S; K225I,2
F158S; S162N; K225I,2
S162I; K225I; V389I,2
N10D; S162I; S163F; R402C,2
Y113H; S162I; S163F,2
V132I; S162I; S163F; K225E,2
G25C; S162I; S163F; K225E,2
T160A; K225I; E398G,2
A110T; S162I; S163F,2
S162N; K225I; N407S,2
S162N; K225M; C347R,2
T51I; S162N; K225I,2
H125N; S162I; S163F; K225E,2
S162I; S163F; S318I; G401D,2
I143V; S162I; K225N,2
A131S; S162I; S163F; K225E,2
S162I; S163F; K225N; V396I,2
S162N; K225I; L276F,2
A129S; T160A; K225I,2
K80R; S162I; S163F,2
S162I; S163F; K225N; Y357H,2
S162I; S163F; R402L,2
S162I; S163F; K225E; D265A,2
S162I; S163F; S273R,2
E44D; K225I,2
S162I; S163F; K225E; Q387*,2
S162I; S163F; F375L,2
S162I; K225N; N293S,2
S162I; S163F; K225E; L260M,2
S162I; S163F; T234P,2
S162I; S163F; A224T; K225E,2
S66P; S162I; S163F; K225E,2
G49C; T160A; K225I,2
N111S; S162I; K225N,2
S162I; T198A; K225E,2
S162I; K225E; E411*,2
S162I; S163F; K225E; S379L,2
D128E; S162I; S163F,2
G25D; S162N; K225I,2
T160A; K225I; E391G,2
S162N; K225I; G256R,2
T160A; K225I; E390K,2
S162I; S163F; K225E; F255L,2
S162I; S163F; R402S; G403W; L404P; V405G; K406*; N407K; K408Q; I409D; E410*; E411R,2
S162I; S163F; D265E,2
Q123R; S162I; S163F; K225E,2
E44*; S162I; S163F; K225E,2
S162I; S163F; Y357C; G403V,2
S162I; S163F; W268R; Q387*,2
S162I; S163F; K225E; G308D,2
S162I; S163F; D205Y,2
T50I; S162I; S163F; K225E,2
S162I; S163F; K225I; K284R,2
S162I; S163F; K225E; D365Y,2
S163F,2
S162I; S163P; K225N,2
S162I; S163F; K225E; Y307C,2
F124L; S162I; K225N,2
S162I; S163F; P294L,2
E106D; S162I; S163F; K225E,2
H142Q; S162I; S163F,2
S162I; S163F; I352S,2
Q53R; S162I; K225N,2
S162I; S163F; I368V; Y384C,2
S162I; S163F; L218M,2
S162I; S163F; K225E; T242A,2
S162I; K225E; V405I,2
S162I; S163F; L380S,2
Q123*; S162I; S163F,2
S162I; S163F; E201*; K225E,2
S162I; K225N; I262L; V319I,2
S162I; S163F; K225E; Q354K,2
S162N; K225I; E397*,2
S162I; S163F; K329E,2
S162I; S163F; M211I; E411K,2
S162I; K225N; E349K,2
S162I; S163F; G308S,2
T160A; K225I; K400R,2
S162I; S163F; K225E; I399T,2
N95D; S162I; S163F,2
K225I; N344K,2
S162I; S163F; K225E; R348S,2
E28G; S162N; K225I,2
P155Q; S162I; S163F; K225E,2
T75A; T160A; K225I,2
S162I; S163F; K225E; R244S,2
S162N; K225I; S318I,2
S162I; S163F; K225E; S361P,2
T160A; K225I; I368V,2
S162I; S163F; Y222H,2
I41V; S162I; K225N,2
L104F; S162I; S163F,2
T160A; K225I; E397K,2
D65N; S162I; K225N,2
V13A; S162I; S163F,2
G100C; S162I; S163F,2
S162I; K225N; I262L; K323R,2
S162I; S163F; K225E; F343S,2
S162N; H219R; K225I,2
G152R; S162N; K225I,2
S108N; T160A; K225I,2
S162I; S163F; M172R,2
S162I; K225N; S361F,2
T160A; K225I; Y332H,2
S162I; S163F; K225E; P239L,2
P121D; S162N; K225I,2
S162I; K225N; L296M,2
T59A; S162I; K225I,2
C26Y; S162I; S163F; K225E,2
Y68C; S162N; K225I,2
L74M; S162I; S163F,2
S162I; S163F; L167P,2
S162I; S163F; K346E,2
T160M; S162N; K225I,2
S162N; K225I; S287G,2
S162I; S163F; K225E; Q354R,2
S162I; K225N; W268L,2
S162I; K225E; V405A,2
S162N; K225I; K284E,2
P146T; S162I; S163F,2
S67G; S162I; S163F,2
S162N; K225I; N314S; N316I,2
S162I; T382M,2
T160A; K225I; F303S,2
P112S; S162I; K225N,2
Y30C; S162I; S163F,2
S162I; S163F; D325Y,2
S162I; S163F; K225E; L364M,2
P71S; S162N; K225I,2
S162I; S163F; G179S,2
S162I; K225N; Q295H,2
S162I; S163F; L208M,2
P58Q; S162I; S163F,2
S162N; H219Y; K225I,2
T160A; K225I; N258S,2
S162N; K225I; A313T,2
T160A; K225I; G403S,2
S162I; S163F; P206L,2
L74M; S162I; S163F; K225E,2
S162N; K225I; S273G,2
I102L; S162I; K225N,2
S67N; S162I; K225N,2
Q123K; S162N; K225I,2
F136L; T160A; K225I,2
S162I; S163F; S367A,2
K22N; S162I; S163F,2
S162I; K225N; N407S,2
S162I; S163F; I232N,2
S162I; S163F; K225E; I399V,2
S162N; K225I; T234M; Q354R,2
P121D; S162I; S163F; K225E,2
S162I; S163F; A224V; K225E,2
S162I; S163F; I368T,2
F158L; S162I; S163F; K225E,2
S162I; S163F; N195K,2
S162N; K225I; N238K,2
I126F; S162I; S163F; K225E,2
H142P; S162I; S163F,2
I41T; S162I; S163F,2
S162I; S163F; K225E; L309M,2
I126V; T160A; K225I,2
N116S; S162I; S163F,2
N118S; T160A; K225I,2
S162I; S163F; N293K,2
T160A; K225I; P298L,2
S162I; S163F; I181V; K245R,2
S162I; S163Y; T229M,2
S162I; K225N; T264A,2
S162I; S163F; L286F,2
K225I; A313S,2
P43S; S162I; S163F; K225E,2
S162I; S163F; Y351C,2
S162N; K225I; Q267*,2
S162I; S163F; K225E; N274S,2
S162I; K225N; I368T,2
S162I; S163F; Q237K,2
S162I; S163F; D312E,2
K22R; S162I; S163F,2
R45C; T160A; K225I,2
T160A; K225I; I247V,2
S162I; S163F; K225E; Q267*,2
S162N; K225I; Q235*,2
S162I; S163F; K225E; N388S,2
S162I; S163F; K225E; C231Y,2
S162I; S163F; N407H,2
S140I; S162I; S163F,2
S162I; K225N; N344Q,2
S162I; N195S; K225N; I262L; A313T,2
S162I; K225N; I271V,2
S162I; S163F; N197D; K225E,2
A131T; S162I; S163F; K225E,2
S162I; S163F; K225M; A313E,2
S162I; S163F; F303Y,2
S162I; S163F; K225E; S361A,2
I102M; S162I; S163F; K225E,2
T6S; A32S; L56H; S162I; S163F,2
S162I; S163F; Y369H,2
T75A; S162I; K225E,2
S162I; S163F; G386D,2
G49V; S162I; S163F; K225E,2
E79*; S162I; S163F,2
D77A; S162I; S163F,2
T160A; K225I; N407K; K408Q; I409D; E410*; E411G,2
S162I; S163F; K225N; Q235K,2
S162I; S163F; K225E; D366Y,2
I35V; S162I; S163F; K225E; A313V,2
K3R; S162I; S163F,2
D15G; S162I; S163F,2
S162N; K225I; N297S,2
D11Y; S162N; K225I,2
P120L; S162I; K225N,2
S162I; S163F; D199E; K225E,2
K225I; E281K,2
T51A; S162I; S163F; K225E,2
S162I; K225T; Q267K,2
S162I; S163F; D199G; K225E,2
S162I; K225E; K288N,2
M151V; S162I; S163F,2
S162I; S163F; K225E; E397K,2
Q141R; S162I; S163F; M211I,2
G115C; S162I; S163F,2
G49C; S162I; S163F; K225E,2
S162I; S163F; K225E; T230K,2
S162I; S163F; T209A; K225E,2
S162I; S163F; N274S; S318I,2
K80E; S162I; S163F,2
S162I; S163F; K306Q,2
Q53*; S162I; S163F,2
S162I; S163F; I327T,2
S162I; S163F; K225E; D338Y,2
L98P; K225I,2
S162I; S163F; R402C; G403S,2
S162N; K225I; N344S,2
T160A; K225I; I327V,2
S162I; K225N; S273R,2
S162N; K225I; I232F,2
Q27K; S162I; S163F,2
S162I; S163F; N344Q,2
S162N; K225I; G386V; Q387R; N388M; V389S; E390R; E391R; N392T; P393R; Q394K; I395L; V396L; E397R; E398R; I399L; K400R; G401V; R402V; G403A; L404W; V405L; N407T; K408R; I409L; E410K; E411S,2
S162I; S163F; K225E; I271F,2
S162I; S163F; V396A,2
T160A; K225I; G378C,2
S162N; K225I; N322S,2
P121Q; S162I; S163F; K225E,2
E105G; T160A; K225I,2
S162I; S163F; G374C,2
S162I; S163F; N407T,2
P71T; S162I; S163F,2
S162N; R168C; K225I,2
I39V; T160A; K225I,2
S162I; S163F; A313E,2
G101C; S162I; S163F; M211I; D301N,2
S162I; S163F; K225E; D326N,2
Y113C; S162I; S163F,2
P2T; S162I; S163F,2
S162I; S163F; K225E; T234A,2
P57H; S162I; S163F; K225E,2
S162I; K225N; E410K,2
I126T; S162I; S163F,2
T160A; K225I; G256R,2
L107M; S162I; S163F; K225E,2
M36V; S162I; S163F; K225E,2
P2S; S162I; K225N,2
E28K; S162I; K225E,2
I134V; S162I; S163F; K225E; R402C,2
P71Q; S162I; S163F; K225E,2
S162I; S163F; I181V; K225E,2
D156G; S162I; S163F,2
T6A; S162N; K225I,2
S162I; S163F; E266K,2
G49D; S162I; S163F; K225E,2
S162I; S163F; K225E; G353D,2
S162I; S163F; K225E; N238D,2
T160A; M172I; K225I,2
S162N; K225E; S287G,2
E44G; S162I; S163F; K225E,2
S162N; K225I; E410K,2
S162I; S163F; K225E; F252L,2
I48V; S162I; S163F,2
S162I; S163F; E391A,2
S162I; S163F; Y279H,2
S162I; S163F; V184I; K225E,2
S162I; S163F; K225E; E398*,2
S162I; S163F; K406N,2
S162I; S163F; K225E; E336K,2
P58L; S162I; S163F; K225E,2
H125Q; S162I; S163F,2
S162I; K225N; N261S,2
S162I; S163F; S180F; K225E,2
T160A; K225I; K385R,2
I134V; S162I; S163F; S174N,2
S162I; S163F; K225E; I233T,2
S162I; S163F; S174I,2
S162I; S163F; K225E; V319A,2
S162I; S163F; K225E; K385N,2
W40C; S162I; S163F; K225E,2
S162I; K225E; F358L,2
S162I; S163F; F334S,2
S162I; K225N; I352L,2
P43T; S162I; S163F,2
S162I; S163F; R402C; G403C,2
K37R; S162N; K225I; V396I,2
S162I; K225N; T372I,2
S60N; S162I; S163F; K225E,2
Q88T; S162N; K225I,2
R93L; S162N; K225I,2
P121L; S162N; K225I,2
S162I; P206L; K225N,2
I18T; S162I; S163F; K225E,2
S162I; S163F; K225E; I262V,2
P71T; S162I; S163F; K225E,2
L98F; S162I; S163F; V389A,2
G24C; S162I; S163F,2
T160A; K225I; N383S; N407K; K408Q; I409D; E410*; E411G,2
L84P; S162I; S163F,2
S162N; K225I; Q394R,2
S162I; S163F; K225E; D265N,2
S162N; K225I; S361P,2
T17S; T160A; K225I,2
S162I; S163F; G403A; L404W; V405L; N407T; K408R; I409L; E410K; E411S,2
L61P; S162N; K225I,2
P112T; S162I; S163F,2
S162I; E201K; K225N,2
S162I; S163F; N261T,2
I18V; S162I; S163F; K225E,2
D156Y; S162N; K225I,2
T160A; Q204H; K225I,2
T160A; K225I; F303L,2
S162I; S163F; P294T,2
S162I; S163F; Y190H,2
S162I; S163F; G179C,2
S162N; K225I; P393Q,2
T160A; K225I; W268*,2
S162I; S163F; Y317H,2
S99L; S162I; K225E,2
S162N; D199G; K225I,2
S162I; S163F; G220D; K225E,2
S162I; S163F; N322K,2
S162I; S292I,2
S162I; S163F; L404R,2
S162I; S163F; C231F,2
S162I; S163F; K225E; D301Y,2
S162I; S163F; G353V,2
S162I; S163F; T198I; K225E,2
S162I; S163F; K225E; K284R,2
S162I; S163F; I232T; N248S,2
S162N; K225I; D338G,2
S162I; S163F; K225E; R402S,2
I134V; S162I; S163F; N274H,2
S162I; S163F; I262M,2
P23Q; S162I; S163F,2
S162I; S163F; K225E; A313V,2
S162I; S163F; K225E; L380F,2
N8D; T160A; K225I,2
K225I; L276F,2
P58S; S162I; S163F; K225E,2
N10S; T160A; K225I,2
S162I; S163F; K225E; R244H,2
N116D; S162I; S163F; K225E,2
Q88*; S162I; K225E,2
S162I; S163F; K225E; G315D,2
S162N; K225I; V345A,2
S162I; S163F; D312G,2
S162I; R193L; K225T; Q267K,2
S162I; S163F; T335I,2
H142R; S162I; S163F; K225E,2
P43L; T160A; K225I,2
S162I; S163F; A207S,2
S162I; S163F; I395N; V396C; E397*; E398G; I399D; K400*; R402S; G403W; L404P; V405G; K406*; N407K; K408Q; I409D; E410*; E411R,2
S162I; S163F; K385E,2
S162I; S163F; D199Y; K225E,2
N118K; S162I; S163F,2
S162I; S163F; T254A,2
S162I; S163F; K225E; D301N,2
Q141R; K225I; I399V,2
F136L; S162N; K225I; D301A,2
S162I; K225N; E411*,2
S162I; K225E; N293S,2
S162I; K225N; A313T; Y357C,2
S162I; S163F; S191P,2
S162I; S163F; E250D,2
D156Y; S162I; S163F,2
S162I; S163F; K225E; W268*,2
S162N; K225I; E305D,2
G115V; S162I; S163F,2
S162I; S163F; F255S,2
S162N; K225I; N392D,2
S162I; S163F; K225E; K284N,2
S162I; S163F; N258K,2
S162N; K225I; E411D,2
T119I; S162I; K225N,2
K85N; S162I; S163F,2
T160A; K225I; S361A,2
S162I; S163F; K225E; V291A,2
S162N; K225I; K385R,2
S60R; S162N; K225I,2
A32T; S162I; S163F,2
S162I; S163F; K225N; Y357C,2
S137G; S162I; S163F; K225E,2
S162I; K225N; I409V,2
S162N; K225I; K400E,2
S162N; K225I; G226D,2
S162I; S163F; K356E,2
Q53*; S162I; K225N,2
F83C; S162I; S163F,2
S162I; S163F; G226D,2
F136L; S162N,2
S162I; S163F; L253S,2
S162I; S163F; N200S,2
S162I; S163F; S318I; K329R,2
F202L; K225I,2
S162I; S163F; K356R,2
E79K; S162I; S163F,2
S162I; S163F; N261S; R402C,2
S162N; K225I; G378S,2
M36T; S162I; S163F; K225E,2
V13I; K225I,2
P155S; T160A; K225I,2
E79D; S162I; S163F; K225E,2
S162I; S163F; D338N,2
T160A; K225I; I409T,2
T160A; K225I; E349K,2
T6I; S162I; S163F; K225E,2
S162I; S163F; G179D,2
S162I; S163F; F202L; K225E,2
K225I; T341N,2
T160A; K225I; C231Y,2
T160A; K225I; S292N,2
S162I; S163F; D259N,2
F158L; S162N; K225I,2
S162I; S163F; K225E; Q290H,2
S140G; S162I; S163F; K225E,2
D65Y; K225I,2
D11Y; S162I; S163F; K225E,2
S67G; S162I; S163F; K225E,2
Y20C; S162I; S163F,2
T76A; S162I; S163F,2
S162I; S163F; I181V; K225I,2
S162I; S163F; R168L,2
S162I; K225E; T264A,2
S162I; K225N; G315S; Y357H,2
T160M; K225T,2
S162I; S163F; K225E; G403C,2
S162I; S163F; I282N,2
S162I; S163F; K225E; L286P,2
I143V; K225I,2
S66P; S162N; K225I,2
K3Q; S162N; K225I,2
T160A; K225I; E336G,2
S162I; S163F; K225E; P393Q,2
S162N; G220C; K225I,2
M36I; S162I; S163F; K225E,2
D11N; S162I; S163F,2
S162N; K225I; L276I,2
N161Y; K225I,2
S162I; S163F; N320S,2
D54N; T160A; K225I,2
Q53R; D70V; K225I,2
Q88T; S162I; S163F,2
T160A; K225I; N238K,2
Q53R; T59I; K225I; T230K,2
S60G; S162I; S163F; K225I,2
S162N; K225I; N261S,2
R93L; S162I; S163F,2
T51A; S162I; K225E,2
G25D; S162I; S163F; K225E,2
E105D; S162N; K225I,2
S162I; S163F; N170K,2
G152R; S162I; K225N,2
N92K; S162I; S163F; N383D,2
S162N; K225I; I399S,2
S162I; S163F; Q387*,2
S162I; K225N; I247V,2
N111S; T160A; K225I,2
S162I; S163F; S367F,2
P57L; S162N; K225I,2
S162N; K225I; T254A,2
S162I; S163F; K225E; A381V,2
S162N; K225I; Q387H,2
S162N; K225I; D265A,2
T160A; S166Y; K225I,2
S162I; S163F; K225E; E269D,2
S162I; S163F; T264K,2
S162I; K225E; S287G,2
R45H; T160A; K225I,2
S162I; S163F; K225E; N258S; E269G,2
S162I; S163F; K225E; D259Y,2
Y30*; S162I; S163F,2
S140G; S162I; K225N,2
S162N; K225I; E305G,2
A153S; S162I; K225N,2
S162I; S163F; K225E; K288R,2
N138H; S162N; K225I,2
P12Q; S162I; K225E,2
S162N; K225I; K311R,2
S162I; S163F; K225N; G257S,2
S162I; S163F; N200D,2
A110T; S162I; S163F; K225E,2
S162I; S163F; L210M; K225E,2
N122K; S162I; S163F,2
S162I; K225N; K284E,2
S162I; S163F; G223C,2
S162I; S163F; T198S; D199I; K225E,2
N14D; S162I; S163F; K225N,2
Q88T; P121D; S162I; S163F; K225E,2
S162I; K225N; I262L; G315V; K385R,2
S162I; S163F; I181F,2
I90M; S162I; S163F; K225E,2
S162I; S163F; T264P,2
T160A; K225I; R402C,2
S162N; S191L; K225I,2
P2T; S162I; S163F; K225E,2
S162I; S163F; K225E; N274D,2
S162I; S163F; L331M,2
S162N; K225I; T254N,2
S162N; D199A; K225I,2
K62N; S162N; K225I,2
S162I; S163F; K225E; D338N,2
S162I; S163F; I282T,2
S162I; K225N; E411K,2
S162I; K225E; L276I,2
I21V; S162I; S163F,2
S162N; Y222C; K225I,2
S162I; S163F; N175D; K225E,2
Q53R; S162I; K225E,2
S162I; S163F; Y369C,2
S162N; K225I; I399M,2
S162I; S163F; K225E; N344S,2
D156Y; S162I; S163F; K225E,2
Q27*; S162N; K225I,2
S162I; S163F; K225E; T254I,2
S162I; S163F; K225I; E398D,2
S162I; S163F; D301A,2
S162I; S163F; T230S,2
G115S; S162I; S163F; K225E,2
Q27*; S162I; S163F; S318I,2
T160A; G220C; K225I,2
S162I; N248S,2
S162I; S163F; Y279C,2
S162N; K225I; C231Y,2
S162I; S163F; P206T,2
S162N; K225I; F343L,2
S162I; S163F; K225E; K285N,2
K62R; S162I; K225N,2
S162I; K225N; E269G,2
S162I; S163F; K225E; K245R,2
S162I; S163F; Q235P,2
S162I; K225N; Y355H,2
I102T; S162I; S163F,2
T160K; S162I; S163F; K225E,2
E79*; S162I; S163F; K225E,2
S162I; S163F; D205N; K225E,2
S162I; K225E; A313T,2
G152S; S162I; S163F; K225E,2
S162I; K225N; C231R; I262L,2
G127S; S162I; S163F,2
S162I; S163F; K225E; K329R,2
S162N; K225I; K288E,2
S162V; K225N,2
D77G; S162I; S163F,2
S162N; S174N; K225I,2
S162I; S163F; K225E; Q304R,2
S162I; S163F; K225E; Q235*,2
S162I; S163F; I203T,2
G64D; S162N; K225I,2
S162I; S163F; K225E; I241V,2
S162I; K225N; T382A,2
S162I; S163F; F255L,2
T160A; K225I; K400N,2
S162I; K225N; N274S; Y357C,2
S162I; S163F; K225E; G308S,2
K37N; S162N; K225I,2
N96S; S162I; S163F; S318I,2
S162I; S163F; K225E; I262L,2
Q88*; S162I; K225N,2
S162I; S163F; K288Q,2
S162I; S163F; P188T; K225E,2
K62T; S162I; S163F; K225E,2
T160A; K225I; A313T,2
K31E; S162I; S163F; K225E,2
S162I; K225N; G315C,2
S162N; A182S; K225I,2
S162I; S163F; S187Y,2
L56P; S162I; K225N,2
R16S; S162I; S163F; K225E,2
S162I; S163F; E281A,2
S162I; S163F; D365Y,2
N63S; S162N; K225I,2
V13A; S162N; K225I,2
I86T; S162I; S163F,2
S162I; S163F; S174G,2
S162I; S163F; E189K,2
S162I; S166P; K225T,2
Q123R; S162N; K225I,2
F55L; S162N; K225I,2
D65Y; S162I; S163F; R402C,2
S162N; G223C; K225I,2
S162I; S163F; K225E; Q394R,2
T160A; K225I; G315D,2
S162I; S163F; I181T,2
N8S; T160A; K225I,2
S162I; S163F; K225E; E410D,2
D54Y; S162I; S163F; K225E,2
S162N; K225I; L275S,2
S162I; S163F; N200S; K225E,2
Y30C; S162I; S163F; K225E,2
E44K; S162I; S163F; K225E,2
N161S; S162I; K225E,2
S162N; K225I; L380S,2
S162I; K225N; E281K,2
G152C; S162I; S163F,2
S162I; S163F; M211I; C231S; E336K,2
S162N; K225I; S273N,2
S162I; S163F; K225E; K408E,2
L56Q; S162I; S163F,2
N38S; S162I; S163F; K225E,2
S162I; S163F; V405G; K406*; N407K; K408Q; I409D; E410*; E411R,2
T160A; K225I; E398D,2
D117G; S162I; S163F,2
S162I; K225E; S318G,2
N118D; S162N; K225I,2
D70Y; S162I; S163F,2
T160A; K225I; P294Q,2
E154*; S162I; S163F; K225E,2
N92T; S162I; S163F; K225E,2
L19P; S162I; S163F,2
S162I; S163F; T209A,2
S162I; S217G; K225T,2
S162I; A182S; K225N,2
S99P; S162I; S163F,2
T6I; S162N; K225I,2
T160A; K225I; C231R,2
L98F; S162I; K225N,2
Y68H; S162N; K225I,2
S60I; S162I; S163F,2
S162I; S163F; E280*,2
I134V; S162I; K225N,2
S162N; K225I; Q236R,2
S162N; K225I; K277N,2
A129T; S162N; K225I,2
T119I; S162I; S163F; K225E,2
S162N; N197S; K225I,2
L145M; T160A; K225I,2
S162I; S163F; K225E; C347Y,2
S162N; K225I; C231S,2
S162I; S163F; G246S,2
G100S; S162I; K225N,2
S162I; S163F; K225E; F337V,2
G64S; I102M; S162I; K225I,2
K225I; Q394R,2
P12S; S162N; K225I,2
S162I; S163F; T198P,2
S162I; S163F; T185N,2
K85R; S162I; S163F,2
E105K; S162I; S163F; K225E,2
K225I; I263V,2
S162I; S163F; K225E; D325N,2
T160A; K225I; N293S,2
S162N; P188T; K225I,2
T160A; K225I; K300N,2
P121L; S162I; S163F; K225E,2
S162I; S163F; S217R; K225E,2
S162I; S163F; K225E; R272S,2
S162N; K225I; F252L,2
I90N; S162N; K225I,2
D81Y; S162I; S163F; K225E,2
S162I; S163F; K225E; Q304K,2
D81N; S162I; S163F; K225E,2
S162I; S163F; K225E; I271V,2
S162I; S163F; K225E; T350S,2
T17I; S162I; S163F; K225E,2
N138D; S162I; K225I,2
G100C; S162I; S163F; K225E,2
S162I; S163F; G220C,2
Y30F; T160A; K225I,2
T160A; K225I; V291M,2
S162I; S163F; C231G,2
S162I; K225N; K400E,2
S162I; K225E; E280A,2
S162I; S163F; G256E,2
R45L; S162I; S163F; K225E,2
P120Q; S162N; K225I,2
S162I; I352V,2
S162N; D196Y; K225I,2
S162N; K225I; L253F,2
S162I; S163F; K225E; E390*,2
I35V; S162I; K225N,2
S162I; S163F; K225E; E336*,2
W40L; S162I; S163F,2
R82S; S162I; S163F,2
S162N; K225I; L240M,2
S162N; K225I; S273R,2
S162N; K225I; E397K,2
S162I; S163F; E281*,2
H125Y; S162N; K225I,2
S162N; V184I; K225I,2
S162I; S163F; F202S; R402C,1
T6K; S162I; S163F; A381S,1
N96S; S162I; K225N; Y357H,1
S140G; S162N; K225I,1
L84M; S162I; S163F,1
S162I; S163F; K225E; V389A,1
S162I; S163F; I368V; G403A,1
S162I; K225E; K277E,1
S162I; S163F; K225E; E411*,1
S162I; S163F; N197K,1
S162N; K225I; I371M,1
G115C; S162N; K225I; F255S,1
S162I; K225N; T372A,1
A110V; S162I; K225N,1
E79*; S162I; S163F; I409V,1
S162I; S163F; C231R; Y317H,1
S162I; S163F; K225E; E391*,1
S162I; S163F; K225N; G374S,1
Q53K; S162N; K225I,1
S162N; F194V; K225N,1
T160A; F178L; K225I,1
S162I; S163F; M172L; S318I,1
S162I; K225N; G353D,1
Q53*; S162N; K225M,1
K62E; H125Y; S162I; S163F,1
D65A; S162I; S163F; K225E,1
T160A; D199G; K225I; I377V,1
S99P; S162I; S163F; T234M,1
S137N; S162I; S163F; K225E,1
S162I; K225N; I263V,1
S162I; S163F; K225E; E266G,1
H142Y; S162I; S163F; K225E,1
Q88T; D128H; S162I; S163F; K225E,1
S162I; S163F; K225I; E411*,1
S162I; K225E; K329E,1
I134V; S162I; S163F; I232F,1
S162I; S163F; T242S; V396I,1
S162I; K225N; I282F,1
S162I; S163F; I165V; K225M,1
T160A; K225I; Q270R,1
K37R; P52L; S162N; K225I,1
S162I; S163F; E349K; E398D,1
S162I; S163F; K225E; I368V; Y384C,1
A110T; S162I; K225E,1
F136L; S162N; K225I; F375L,1
P71T; S162I; K225N,1
T6S; A32S; L56H; S162N; K225I,1
S162I; L210M; K225N; I262L,1
S162N; K225I; S287N,1
S162N; K225I; S318I; K330R,1
S162I; S163F; S318I; C347R,1
N96I; S162I; S163F; E251G,1
S162N; K225I; G353D,1
S162I; S163F; K225E; D325E,1
D70Y; S162N; K225I,1
S162I; S163F; Y384C; G401S,1
E28K; P121L; S162I; S163F,1
S162I; S163F; K225E; K288E,1
S162I; S163F; K288N; I409T,1
S162I; S163F; T341S,1
L56H; S162N; K225I,1
R16S; S162I; S163F; K225E; E305G,1
S162I; S163F; K225E; Q290*,1
Q141*; S162I; S163F; K225E; S292I,1
S162I; S163F; K225E; F375L,1
S162I; S163F; A340S,1
P112L; S162I; S163F; F252L,1
P52Q; S162I; S163F; T242A,1
T59A; S162I; S163F; T372P,1
K225I; T230M,1
S66Y; S162I; S163F; N314D,1
R93H; S162I; S163F; S318I,1
T160A; K225I; G403D,1
S162I; S163F; I181V; K330N,1
G100V; E106*; S162I; S163F; K225E,1
S130F; S162I; S163F; M211I; C231S,1
S162I; S163F; K225E; N297S; I371V,1
I41L; S162I; S163F,1
I102M; S162I; S163F; Y357H,1
Q123L; S162N,1
S162I; S163F; D205Y; K225E,1
S162I; K225N; N261D,1
S162I; S163F; L275S; R402C,1
T160A; K225I; T372I,1
S162I; S163F; D199I; R402C,1
S162I; K225I; I399T,1
N96S; S162I; S163F; I181V,1
S60N; S162I; K225E,1
Y9C; S162I; K225N,1
S162I; K225N; D301N,1
I143V; S162I; S163F; K225M,1
S162I; S163F; K225E; E269G; Q373R,1
G64S; S162I; K225N,1
Q27*; S162N; K225I; N407K; K408Q; I409D; E410*; E411R,1
T160A; S187F; N197K; K225I; E349K,1
S162I; S163F; S174R; K225E,1
S162I; S163F; E411V,1
S162I; S163F; P206T; S318I,1
S162I; S163F; N293D; S318I,1
T160A; K225I; K285R,1
S162N; K225I; A381V; Q394K,1
T76M; S162I; S163F; R402C,1
S162N; K225I; Q237H,1
T6S; A32S; S162I; S163F; W268R,1
V132I; S162I; S163F; K225E; E410G,1
T160A; K225I; T382M,1
N111S; S162N; K225I,1
N118H; S162I; S163F; N370S,1
S162I; S163F; C231R; R348C,1
S162I; S163F; I232S,1
S162I; S163F; K225E; S318R; E390G,1
P2S; S162I,1
F192L; K225I,1
N10K; S162I; G179C; K225I,1
T6A; N116D; S162I; S163F; S318I,1
S162I; K225N; I352V,1
S162I; S163F; M211I; C231S; E305A,1
T6S; A32S; L56H; T75Q; T76S; Q88T; S162I; S163F; K225M; D366N,1
S162I; S163F; F178L; K225E,1
S162I; D196N; Y355H,1
S162I; S163F; F186Y,1
S162N; K225I; T341N,1
S130F; I134V; S162I; K225I,1
S162I; S163F; I181V; T372A,1
S162I; S163F; K225E; A313E; T382A,1
S162I; S163F; K225N; Y351C,1
N116S; T160A; K225I,1
S162I; K225N; N370D,1
S162N; I371T,1
S162I; S163F; R168L; K225E,1
S162I; L218M; K225N,1
S162I; S163F; C231Y; N243S; Q270L,1
S130A; S162I; K225I,1
S162I; S163F; N322S; D365Y,1
S162I; E201K; K225E; K385R,1
S162I; S163F; C347F,1
S162I; S163F; K225N; G403D,1
Y113C; S162I; S163F; K225E,1
Q88*; D117E; S162I; S163F,1
S162I; S163F; Q235R,1
S162I; S163F; Y279S,1
R82C; S162I; S163F; G378S,1
S162I; K225N; T335A,1
T160A; K225I; G246D; V405I,1
S162I; S174N; K225N,1
G152R; S162I; S163F; K225M; N314S; N316I,1
S162I; S163F; K225N; Q373P; N376Q; I377H; G378R; S379L; L380I; A381G; T382D; N383E; Y384L; K385Q; Q387S; N388E; V389C; E390R; E391G; N392E; Q394A; I395N; V396C; E397*; E398G; I399D; K400*; R402S; G403W; L404P; V405G; K406*; N407K; K408Q; I409D; E410*; E411R,1
S162N; K225I; D310A,1
K62E; S162I; S163F; S318I; Y332C,1
N10T; S162N; K225I,1
L56H; T75Q; T76S; Q88T; S162I; S163F,1
A32S; Q88T; S162I; S163F; K225E,1
S162I; S163F; I215V; Q236H,1
S162I; S163F; S318I; Y355H,1
T75P; M151I; S162I; S163F,1
Q141P; S162I; S163F; K225E,1
S162N; K225I; Q354K,1
M1I; N63S; T160A; K225I,1
S162I; S163F; K225M; E391G,1
A110D; D128A; S162I; S163F; K225E,1
T59I; S162I; K225E; Y357H,1
S162I; S163F; Y171*; K225E; L276F,1
T160A; N161S; K225I,1
D338Y,1
S162N; K225I; T335I,1
S130A; S162I; K225N,1
N46S; S162I; K225I,1
S162I; S163F; S379*; R402C,1
G49V; S162I; S163F,1
S162I; S163F; L404P; V405G; K406*; N407K; K408Q; I409D; E410*; E411R,1
N96D; S162I; S163F; K225E,1
S162N; K225I; V396F,1
Q88*; S162I,1
K225I; K306R,1
I102F; S162I; S163F; R402H,1
S162I; N175S; K225T,1
N46S; S162I; S163F; K225E; S287G,1
S162N; I203V; K225I,1
S162I; S163F; K225E; C231R; E280K,1
S162I; S163F; K225I; Y384S; E411K,1
D77N; S162N; K225I,1
R82H; L114M; S162I; S163F; S180F; I232V,1
T160A; K225I; E390*,1
S162I; S163F; K225E; E269G; R402H,1
T160A; K225I; D365G,1
A129T; S162I; K225N,1
G49C; S162N; K225I,1
N14D; S162N; K225I,1
T160A; K225I; I282T,1
S130F; S162N; K225I,1
D156N; S162I; S163F; K300R,1
N96S; S162I; S163F; K225Q; I352T,1
S162I; S163F; D196G; K225E,1
Q141R; S162N; K225I,1
S162I; S163F; P206S,1
S162I; S163F; K225E; K385E,1
S162I; S163F; H212Y; C231R,1
S162I; S163F; R168C; K342N,1
T160M; K225N,1
L61P; K225I,1
S162I; S163F; Y171C; G401C,1
S162I; S163F; I302V; I409V,1
E106K; S162I; K225E,1
I39V; S162I; S163F; I181V; N248S,1
T51I; S162I; S163F; M211I,1
D15N; T160A; K225I,1
S162N; K225I; T234A,1
S162I; S163F; T254P,1
I102L; S162I; K225N; I262L; N383S,1
T50N; S162I; S163F,1
S162I; S163F; Q290E,1
L104S; S162I; S163F,1
D54Y; S162I; K225N; S292N,1
T51A; S162I; S163F; I181V; Q235H,1
T160A; K225I; Y357H; E398*,1
S162I; S163F; E201K; W268R,1
T160A; K225I; D325N,1
N111S; S162I; S163F; T228A,1
K22E; S162I; S163F,1
T160A; K225I; I263V; R402C,1
S162I; S163F; N197T; K225E,1
R45S; T160A; K225I,1
K22*; S162I; S163F; K225N; F375L,1
P23S; S162I; L210M; K225N; G403D,1
N96K; Q123K; S162I; S163F; I263V; I302V; A381E,1
F7S; S162N; K225I,1
P120S; S162I; S163F; K400N,1
S162I; S163F; P239L; S318I,1
S162I; S163F; K225E; N258D; Q290K,1
S162I; S292I; T372A,1
S108N; T160A; S162I; S163F; S318I,1
T160A; S162I; S163F; K225E; S287G,1
T160A; K225I; F255S,1
D156N; S162I; K225E; A313E,1
P121L; S162I; S163F; G177C; W268R,1
S60G; S162I; R244S,1
T6S; S162I; S163F; I215V,1
S162I; S163F; S318I; K359T,1
S162I; S163F; A207V; S318I,1
S162I; S163F; K278T; S318I,1
S162I; T242A,1
D77Y; S162I; S163F; K225E,1
N10D; K80I; S162I; S163F,1
G127C; S162I; S163F; T242A,1
N118T; K225I,1
S162I; S163F; K225E; K300E,1
S162N; F186C; S187P; K225I,1
S162I; S163F; S318I; F334L,1
S67N; M172I; K225T,1
L144S; S162I; K225E,1
T50A; K225I,1
T59I; S162N; P173Q; K225I,1
D312N; R402C,1
S162N; K225I; S379P,1
S162I; K225N; G401S,1
G127S; S162I; K225N; N383K; Y384L; K385Q; Q387S; N388E; V389C; E390R; E391G; N392E; Q394A; I395N; V396C; E397*; E398G; I399D; K400*; R402S; G403W; L404P; V405G; K406*; N407K; K408Q; I409D; E410*; E411R,1
S162I; S163F; K225N; I262L; L331M,1
K85R; T160A; K225I,1
S162N; F194V; D199G; K225I,1
S162I; S163F; N164S; K225E,1
D117N; S162I; S163F; R402C,1
I48T; S162N; K225I,1
M151I; S162N; K225M,1
E79K; S162N; K225I,1
S162I; S163F; H216Y; K225E; D312G,1
I150T; S162I; K225N,1
S162I; S163F; K225N; L404P,1
D128Y; S162I; S163F; E251*,1
S162I; S163F; T234S; K323R; F324L,1
E78*; S162I; K225N,1
S162N; K225I; N392H,1
S162N; K225I; V319A,1
S162I; K225E; R244H,1
S162I; S163F; K225E; L253F,1
S162I; S163F; I241F,1
G24S; S162I; S163F; K225E,1
L98I; S162I; S163F; A381E,1
Y68F; S162I; S163F; K385R,1
G49D; S162I; S163F; I215V,1
L61R; S162I; K225E,1
S162I; K225E; I409T,1
L74P; S162N; K225I,1
S162I; S163F; S187Y; T242A; E349G,1
S162I; S163F; K225E; Q236*,1
S162N; E201D; K225I,1
F194L; K225I; E250K,1
S162N; K225I; R348H,1
I39V; S162I; S163F; K225E; D325N,1
D70N; S140I; S162N; K225I; C231S,1
M36T; T160A; K225I,1
S162I; S163F; G177S; Y355H,1
P12S; T160A; K225I,1
S162I; S163F; K225E; N383K,1
S162I; S163F; N248S; T382M,1
S162I; K225E; E398D,1
F136L; S162N; K225I; S273G,1
I143V; S162I; S163F; N293S,1
K225I; Q304R,1
Y30H; S162I; S163F; K225E,1
S66P; S162I; S163F; K225I; C231Y; E410*,1
Y69H; T160A; K225I; N407S,1
E79*; S162N; K225I,1
G115D; K225I,1
S162I; K225N; K346R,1
S162I; S163F; I371T,1
S162N; K225I; N258S; I409V,1
S162I; S163F; V319L,1
S60G; S162I; S163F; K225E; G257D,1
S162I; K225N; Y307N,1
S162N; K225I; I321V; E349K,1
E78G; S162I; S163F; N258D; W268R,1
S162I; S163F; K225N; L276F,1
S162I; K225N; E280K; Y357C,1
S162I; S163F; P206L; M211I; C231S,1
S162I; K225E; G374C,1
Y30C; S162I; S163F; I165V; K225E,1
Q141*; S162I; S163F; I215V,1
S162N; K225I; T228I,1
S162I; K225E; E349K,1
N111K; K225I; D301A,1
S162I; S163F; K359Q; L360I; S361V; N362*; L364A; D365G; D366R; S367L; I368Y; Y369L; N370Q; I371Y; T372Y; Q373P; N376Q; I377H; G378R; S379L; L380I; A381G; T382D; N383E; Y384L; K385Q; Q387S; N388E; V389C; E390R; E391G; N392E; Q394A; I395N; V396C; E397*; E398G; I399D; K400*; R402S; G403W; L404P; V405G; K406*; N407K; K408Q; I409D; E410*; E411R,1
M1T; I126V; S162N; K225I,1
S162I; K225N; F358L,1
S162I; S163F; F375L; E398G,1
S162I; K225E; T335N,1
T6A; K225I,1
S162I; S163F; K225T; V396I,1
E106*; S162I; K225N; I262L,1
S162I; K225E; Q236R,1
Y9H; S162I; S163F; K225N,1
S162I; S163F; K225E; Q295R; I368V,1
I48V; T160A; K225I,1
F136L; S162N; K225I; Y384N,1
S162I; S163F; D265V,1
Y73N; S162I; K225E,1
S162I; S163F; D199N; A224T,1
S162I; K225N; N297S,1
S162I; S163F; K225E; Q354*,1
S162N; N197D; K225E,1
S162I; S163F; T209I; N248S,1
S108N; D156Y; S162I; S163F; K225E; T341A,1
S162I; S163F; I215V; K225E; D312N; S318R,1
S137R; S162I; S163F; M172V; R402C,1
S162I; K225I; A381V,1
S140R; S162I; S163F; I368V; I371V,1
Q53R; K225I; D365N,1
T59A; S162I; K225E; T341N,1
T160A; K225I; E266D,1
T59I; S162I; S163F; S187F; K225E,1
S162I; S163F; M211I; C231S; D301Y,1
S162I; S163F; T242A; N407T; K408R; I409L; E410K; E411S,1
L61M; K225I,1
A153S; S162I; K225N; I399M,1
S162I; S163F; K225E; P393L,1
S162N; G177V; K225I,1
L56M; S162I; K225E,1
S162I; S163F; I165V; C231Y,1
R82S; G152S; S162N; K225I,1
K225I; W268*,1
K37T; S162I; S163F; K225E,1
E154A; T160A; K225I,1
S162I; S163F; P206L; I247V,1
S162I; S163F; T242I; W268R,1
S162I; S163F; I321T,1
S162I; S163F; D365E,1
S162I; K225E; G315C,1
Q53R; A207V; K225N,1
L144F; S162I; S163F; G220D,1
S162N; K225I; Q295R,1
S60N; S162I; S163F; A340T,1
S162I; S163F; T335N,1
S162I; S163F; K225E; R402C; E411K,1
S162I; S163F; E213K; D265G,1
V13I; S162I; S163F; N258D,1
I21V; S162I; K225N,1
F7L; S162I; S163F,1
S162I; S163F; I181V; N248S,1
S162N; F194V; K225I; I409T,1
S162T; K225T,1
S162I; S163F; I165V; I181V; K225I,1
S162I; S163F; K225E; L253F; E269G,1
A110S; S162N; K225I,1
S162I; K225T; S292I,1
E159K; S162N; K225I,1
S67I; F136L; S162N; L208P; K225I,1
N161S; S162N; K225I,1
V148I; S162I; S163F; K225I; Q267R,1
S162I; S163F; S318I; N407K; K408Q; I409D; E410*; E411G,1
T76K; S162I; S163F; W268*,1
S162I; S163F; K225E; G256V,1
A32S; L56H; T75Q; T76S; Q88T; P121D; S162I; S163F,1
S162I; S163F; K225E; K346E,1
S162I; S163F; K225E; N392S,1
S162I; K225N; K356Q,1
K225I; F255S,1
G127R; I134V; S162I; S163F,1
S60N; T160A; K225I; Q394*,1
S162I; S163F; N392D,1
F136L; S162N; M211I; K225I; Y299C,1
S162I; S163A; K225N,1
A129V; K225I,1
S162I; M211I; K225N; R272S,1
S162I; S163F; Y279H; L380S,1
S162I; S163F; W268R; K300E,1
S162I; S163F; M172I; I368V,1
S162I; S163F; S318I; T341I,1
S162I; S163F; N392H,1
S162I; S163F; K225E; Q387S; N388E; V389C; E390R; E391G; N392E; Q394A; I395N; V396C; E397*; E398G; I399D; K400*; R402S; G403W; L404P; V405G; K406*; N407K; K408Q; I409D; E410*; E411R,1
T160M; K225Q,1
S162I; S163F; V396F,1
R16C; P43Q; S162I; S163F; E410K,1
P120T; S162I; S163F; K225N,1
T59I; S162I; S163F; R402C,1
S162N; G220S; K225M,1
S162I; S163F; K225E; E397*,1
I149V; S162I; S163F,1
S162I; S163F; Y307D,1
S162I; S163F; F194S; K225E,1
S162I; S163F; I183V; K225E; S318N,1
T160A; S217I; K225I,1
S162I; S163F; Q237*; S361F,1
S162I; S163F; N195K; E305K,1
K85R; S162I; S163F; K225I,1
S162I; K225E; N243S; N316S,1
P120S; S162I; S163F; K225E,1
S162I; K225I; E281G,1
S162I; S163F; H216N; R244H,1
S162I; S163F; G401V; R402C,1
S162I; S163F; K225E; E281*,1
S162N; K225I; T229M,1
S162I; S163F; K225E; E281A,1
G25C; S162I; K225E,1
S162I; S163F; K225E; K329E,1
Q53R; H219R; K225I,1
S162I; S163F; K225E; G378C,1
S99L; S162I; S163F; K225E; L276F,1
T160A; K225I; E398K,1
L98R; S162I; S163F; E410G,1
P12T; T160A; K225I,1
G101D; S162I; K225N,1
D117N; S162I; S163F; D326N,1
H125Y; S162I; S163F; Q235H,1
S162I; S163F; S333T; R402C,1
N111K; T160A; K225I,1
S162I; E349K,1
G24S; T160A; K225I,1
S67R; S162N; K225I,1
K37Q; S162I; S163F; G220V; K225I; D301Y,1
S162I; S163F; K225E; T229K,1
T160M; K225I; S379*,1
S130F; S162I; S163F,1
S162I; S163F; K225E; N243S; K408E,1
S162I; K225E; D312N,1
N116Y; S162I; S163F; K225I,1
G64S; S162I; S163F; K225E; R348S,1
S162I; S163F; K225E; E269G; Y384C,1
S162I; S163F; Q204*; K225E,1
S162I; S163F; K225E; Q387K,1
S162N; K225I; K408T,1
S162I; S163L,1
N92K; S162N; K225I,1
G25V; S162I; S163F; E266D,1
S162I; S163F; T234K,1
D15G; I102L; S162I; K225N; I262L,1
L74P; S162I; S163F,1
S162I; K225E; A283G,1
L114M; P155T; S162I; S163F,1
S162I; K225N; N293D,1
K225I; Q373H,1
S162I; S163F; K225E; E281K; A381S,1
R93S; S162I; S163F; K225E,1
T160A; K225I; N322D,1
S162I; S163F; N238S; I377M,1
S162I; S163F; F255L; I352T,1
S162I; S163F; K225E; N316S,1
N122T; S162I; S163F; K225E,1
D15N; P58S; S162I; S163F,1
I21V; S162N; K225I,1
S162I; K225N; I262L; G315D,1
S162N; M211I; K225I; K330R,1
A32S; S162N; K225I; K300R,1
K225I; N362S,1
S162I; S163F; A182V; H219Y,1
G101S; S162I; K225N,1
I134V; S162I; S163F; V319A,1
S162I; S163F; D205Y; K225I,1
N96S; T160A; K225I,1
P71L; D77N; S162I; S163F; K225N,1
N122S; S162I; S163F; K288E,1
I134V; S162I; S163F; K300N,1
E106D; S162I; S163F; E281K,1
S60N; S162I; S163F; Q295*,1
S162I; R402H,1
S162I; S163F; N392T; P393R; Q394K; I395L; V396L; E397R; E398R; I399L; K400R; G401V; R402V; G403A; L404W; V405L; N407T; K408R; I409L; E410K; E411S,1
S162I; S163F; I263T,1
S162I; S163F; E189K; K225N,1
K225I; N322D,1
S162I; K225E; I232T,1
S162I; S163F; F202C; W268R,1
N111Y; S162I; S163F,1
S162I; S163F; K225E; S273G,1
S162I; S163F; E250G,1
K225I; K406E,1
M172I; A182T; K225T,1
S162I; S163F; M211I; E269*,1
S162N; K225I; N376S,1
R82L; S162I; K225N,1
I41V; S162I; S163F; N238K,1
S162I; S163F; I262V; G403C,1
E105D; S162I; S163F; E189K; W268R,1
P71L; S162I; S163F; S166P,1
S162I; S163F; Q290K,1
S162I; K225E; Y384F,1
P57H; S162N; S166F; K225I; Y332H,1
S162I; S163F; M172I; N258S,1
S162N; F186V; K225I,1
S162N; K225I; N243I,1
S162I; K225N; L328M,1
S162I; S163F; K225E; N238T,1
D54N; S162I; S163F; N407T; K408R; I409L; E410K; E411S,1
A153T; S162I; S163F,1
S162I; S163F; F252L; R402C,1
L98F; P121S; S162I; S163F,1
G152V; S162N; K225I,1
S162I; G220V; K225N; I247V,1
S67R; S162I; S163F; K225E,1
K225I; A313V,1
S162I; S163F; F252C,1
I39L; T160A; K225I,1
G139S; S162I; S163F; K225E,1
S162I; Q204*; K225N,1
S162I; S163F; N258S; A381T,1
M36V; S162I; S163F,1
R93H; S162I; S163F; K225I,1
I134T; S162I; K225N,1
E154D; S162N; K225I,1
S162I; F255L,1
S162I; S163F; S180F; S318I,1
N14Y; P43L; R82C; S162I; S163F; K225E,1
I21F; S162I; S163F,1
S162N; S273N,1
S162I; K225N; T228P,1
S162I; S166Y; K225N,1
K225I; T341S,1
P121S; S162I; S163F; I263V; K385E,1
S162I; S163F; P298T; Q373R; G374V; F375S; N376T; I377S; G378A; S379H; L380W; A381R; T382R; N383T; Y384T; K385R; G386V; Q387R; N388M; V389S; E390R; E391R; N392T; P393R; Q394K; I395L; V396L; E397R; E398R; I399L; K400R; G401V; R402V; G403A; L404W; V405L; N407T; K408R; I409L; E410K; E411S,1
S162I; T234S,1
N116Y; S162I; S163F,1
T160A; K225I; Y279H; S318G; Q354K,1
S162I; S163F; M211I; C231S; R244S,1
I134V; S162I; S163F; Q373K,1
N97S; S162I,1
P2H; S162I; S163F,1
S162I; K225T; S287N,1
Q123*; T160A; K225I; Y299C,1
S66A; S162I; S163F,1
K225I; G246C,1
S162I; S163F; K225E; T341A; L380S,1
G101C; S162I; S163F; E411D,1
S162I; S163F; L276I; S318I,1
S162I; K225N; Y384S,1
D81N; S162N; F194V; K225I,1
S162I; S163F; E250K; Y357H,1
L103M; L104S; S162I; K225N,1
T59S; S162N; K225I,1
R16C; S162I; K225I,1
M1R; S162I; S163F,1
S162I; S163F; C347*,1
S162I; S187F; K225E; E397K,1
S162I; K225N; N407K; K408Q; I409D; E410*; E411R,1
S162I; S163F; K225E; Y332H,1
T6S; A32S; L56H; T75Q; T76S; Q88T; P121D; T198S; D199I; K225I; C231R,1
S60N; S162I; S163F; N258S; S318I,1
S162I; S163F; K225E; N314H,1
S162I; S163F; E398G; I399D; K400*; R402S; G403W; L404P; V405G; K406*; N407K; K408Q; I409D; E410*; E411R,1
S162I; S163F; K225E; D312Y; Y355C,1
S162I; S163F; N248S; T341A,1
S162I; E213K; K225N,1
Q141H; S162I; S163F,1
S162I; S163F; T242A; N362K,1
D156Y; S162I; K225E,1
K37E; S162I; S163F; N238S,1
A153D; S162I; S163F,1
T75S; T160A; K225I,1
S162I; S163F; L328R,1
R82C; A182S; K225T,1
S162N; K225I; Y357*,1
S162I; S163F; A207T; F337L,1
S162I; S163F; G226D; Y355H,1
N147T; S162I; S163F,1
S162I; S163F; Q204H; K225E,1
K225M,1
S162I; S163F; I165V; I327V,1
D11E; S162I; S163F,1
N10D; S162N; K225E,1
S162I; S163F; K225E; T372N,1
S162I; S163F; G179D; K225E,1
V87M; S162I; S163F; M211I; C231S; N407S,1
T160A; G220V; K225T,1
S162I; S163F; K225I; D312N,1
T160A; K225I; V319L,1
S162I; S163F; I181V; N293S,1
S162I; S163F; S174N; K225I,1
I102L; S162I; K225I,1
N72D; K225I,1
S162N; K225I; N392S,1
S162I; S163F; N175Y; V345I,1
S162I; S163F; F192S,1
S162I; S163F; T242N,1
S162I; S163F; M211I; S273G,1
K225I; N407D,1
S67N; S162I; S163F; N383D,1
S162I; K225N; D259N; I282F,1
S162I; S163F; K225E; N238K; N370S,1
T6S; S162I; K225N; N344Q,1
S162I; S163F; H219L,1
S162N; K225I; T350I,1
A32E; S162I; S163F,1
S162I; S163F; K225N; V291M,1
S162I; S163F; D196Y; W268R,1
S162I; S163F; K225E; C347R,1
S162I; S163F; E201*; E281K; R402C,1
S162I; S163F; K225E; I271T,1
N96S; S162I; K225N; I368N,1
S162I; S163F; I227F; E397A; N407K; K408Q; I409D; E410*; E411R,1
S162I; K225N; Q237*; T242A,1
D11V; S162I; K225E; A313T,1
M151I; S162I; S163F; Y171C,1
P12Q; S162I; S163F; K225E; K277E,1
S162I; S163F; K225I; C231Y,1
S162I; S163F; K284M,1
S162I; K225I; K329E,1
P12Q; S162I; S163F; E398A,1
T160A; M211I; C231S,1
T17S; T160A; K225I; A381S,1
S162I; N197S; K225N; I262L; K278R; V396I,1
S162I; K225E; G374V,1
T160A; K225I; E269*,1
S162I; S163F; K225E; E305K,1
S162N; K225I; N376D,1
S162I; S163F; L276F; Q290R,1
S162I; S163F; K225N; K300R,1
S162I; S163F; Q204L; K225E,1
S162I; K225E; L364P,1
S162N; K225I; N392K,1
G101D; S162N; K225I,1
E28V; S162I; S163F; D265N,1
S162I; S163F; K225I; F375L,1
E28V; S162I; S163F; D265N; N314T; N316I; N344Q,1
N14D; T160A; K225I,1
S162I; S163F; K225I; E391*,1
K3Q; S162N; K225I; G308D,1
F33L; E106D; S162I; K225N,1
T160A; K225I; C231*,1
S162I; S163F; M172I; D265A,1
Y9C; G115S; S162I; K225N,1
S162I; S163F; K225N; G401S,1
T75Q; T76S; Q88T; S162I; K225E,1
S162I; S163F; W268R; I399V,1
S162I; S163F; D199G; E410K,1
T160A; P188S; K225I; T242A,1
S162I; S163F; K225E; S273R,1
I42T; S162I; S163F,1
E105D; S162I; S163F; N383D,1
S162N; K225I; S287G; R348P,1
P2S; S162N; K225E,1
S162I; S163F; N258I,1
T160K; S162I; S163F; K225E; Y357C,1
S140I; S162I; S163F; Q290K,1
S162I; S163F; T341S; R402C,1
K22R; S60N; S162I; S163F,1
S162I; S163F; K225E; V319L,1
S162I; S163F; R272S,1
Q141K,1
I41V; S162I; K225I,1
N14D; S162N; K225I; Y279H,1
S162N; P298T; Y384H,1
S66F; Y73H; S162N; K225I,1
S162I; S163F; K225E; G257C; K385R,1
T119N; S162I; M172I; K225N,1
M151K; S162I; S163F; K225E,1
N138D; S162I; S163F; K225I,1
H142Y,1
S162I; S163F; E189G,1
T160A; K225I; E281D,1
T160A; K225I; T228N,1
N10D; S162I; S163F; D312N,1
S162N; K225I; E336K,1
S162I; S163F; K225E; D310Y,1
S162N; K225I; T234P,1
M36I; S162I; K225N; I262L,1
I35T; S162N; K225I,1
N72T; S162N; K225I,1
S162I; S163F; K225E; L331M,1
S162I; K225N; S292I,1
G64D; S162N; K225M,1
S162I; S163F; N316I,1
P71L; S162N; K225I; K284R,1
S162I; S163F; S318I; Y384H,1
S162I; K225N; L360S,1
S162N; T198A; K225I,1
N72S; S162I; S163F; K225E; N243S,1
S162I; S163F; I181V; N370D,1
S162N; N170S; K225I,1
E28*; S162I; K225E,1
T160A; K225I; E349G,1
S162N; K225I; Q290K,1
S162I; S163F; K225E; D265G; T341A,1
S162I; S163F; D196Y; I409V,1
S162I; S163F; A207T; K225E,1
S162I; S163F; I233T,1
W40L; S162N; N197S; K225I,1
S162I; K225E; E266D; N297S,1
S162I; S163F; M172I; I181V; C231R,1
W40C; S162I; S163F; S318I,1
S162I; M172I; K225E,1
S162I; S163F; K225E; A340T,1
S162I; S163F; A182T; T242A,1
T160A; K225I; I232V; K385E,1
S162N; K225I; D365H; D366T; S367N; I368T; Y369R; N370S; I371*; T372P; Q373A; G374*; F375N; N376S; I377S; G378N; L380Y; A381L; N383E; Y384A; K385L; G386F; Q387K; N388K; V389S; E390K; E391Q; N392I; P393A; Q394E; I395Q; V396S; E397Y; E398Q; I399K; K400E; G401T; R402E; G403E; L404T; V405Q; K406*; N407*; K408R; I409N; E410T; E411Q,1
Q53R; P58T; K225I,1
N314S; N316I,1
S162N; K225I; C231*,1
D128Y; S162N; K225I,1
S162I; H216N; K225E,1
S162N; K225I; D259Y,1
H125N; S162I; S163F,1
S162I; S163F; Y351*,1
F158L; S162I; K225N,1
G101S; D117N; S162I; S163F,1
S162I; S163F; K225E; E266*,1
T6S; S162I; S163F; P173S,1
L61P; S162I; S163F; K225E,1
T119A; S162I; S163F; R402C,1
T160A; K225I; P294S,1
G127C; S162I; S163F; K225E,1
G101A; S162I; S163F,1
V47A; S162I; S163F; N344Q,1
I102V; S162I; S163F; Q267*,1
S162I; S163F; G179V,1
S162I; S163F; K225E; N261T,1
S162I; S163F; I399L,1
T160A; K225I; I399L,1
S162I; K225N; E250*,1
N10K; S162N; H212Y; K225I,1
D199N; F202L; K225I,1
C26Y; E28A; S162I; S163F; G403D,1
T6S; A32S; L56H; T75Q; T76S; Q88T; P121D; S162I; S163F; K225E,1
E154*; S162I; S163F; E269G,1
T6S; A32S; L56H; S162I; S163F; K225E,1
S162I; S163F; K225E; C231R; Q354L,1
F55L; S162I; K225N,1
S162I; S163F; K225M; E349*,1
S162I; K225E; N407S,1
A131T; S162I; K225N,1
S162I; S163F; N344G,1
S162N; A207T; K225I; I262L,1
S162I; S163F; M172I; V389I,1
E78V; S162N; K225I,1
E78K; S162N; K225I,1
T160A; K225I; G257C,1
S162I; S163F; K284R; L286F; N320S,1
S162N; G315S,1
D65Y; S162N; K285E,1
N96S; S162N; K225I; N344Q; D365N,1
S162I; N175H; Q394*,1
M151I; T160A; K225I,1
T6A; Q141H; S162N; K225I,1
S162I; S163F; K225E; Q235H,1
P12Q; S162I; K225E; E266D; K277Q,1
T160A; K225I; N261S; N370D,1
S162I; S163F; K225E; N243K,1
S162I; S163F; M172I; I262V,1
L98F; S162I; S163F; Q267K,1
V148I; K225I,1
K37N; S162I; S163F; K225E,1
Y69*; S162I; S163F; E390K,1
S162I; S163F; K225E; P298L,1
S137N; T160A; K225I,1
S162I; S163F; K225E; N322T,1
S162I; K225N; T382M,1
S67I; S162I; K225N; N248I,1
S162N; K225I; R244H,1
F136L; S162N; L167M; K225I,1
S162I; K225N; E269K; V396I,1
S162I; H176Y; K225N,1
S162I; S163F; L276F; R402C,1
I94L; T160A,1
S162I; S163F; K225E; S367A,1
S162I; P173L; K225N,1
S162I; S163F; K225E; G403V,1
S162I; S163F; K225E; G246C; G386C,1
S162I; S163F; L210Q,1
N34S; S162I; K225N,1
S162I; K225E; P239Q,1
I35V; S162I; S163F; G220S,1
S162I; K225N; E280*,1
P146S; S162N; K225I,1
S162I; R193L; K225N,1
S162I; S163F; Y357H; R402C,1
N10D; I134V; S162I; S163F,1
P12S; S162I; K225N,1
S162I; S163F; K225E; P298T,1
A153T; E154G; S162N; K225I,1
S162I; K225T; G378D,1
P155L; S162I; S163F; K225N; I262L,1
N14D; F33S; S162I; S163F,1
S162I; S163F; G378D; R402C,1
Y171H; K225I,1
A32T; S162I; S163F; Y171C,1
S162N; F194V; K225I; G401V,1
S162N; K225I; L309M; I327T,1
S162I; K225N; R244L,1
S162I; S163F; V291L,1
N116D; S162N; K225I,1
Y73C; L104F; S162I; K225N,1
S162I; S163F; S191L; K225E; E269G,1
S162I; S163F; K225E; V345F,1
Q88*; S162I; S163F; D196N,1
V13I; S162I; S163F; V396I,1
K225I; Y355H,1
S162I; S163F; K225E; T372S; Q373E; F375Y; G378N; S379N; A381K; T382V; Y384F; K385R; V389A; E390N; E391L; Q394R; V396I; E397K; E398P; K400T; N407K; K408I; E410R; E411F,1
F136L; S162I; S163F; N197I; K225I; R348L,1
S162I; S163F; E266D; K406E,1
F136L; S162N; N197I; K225I,1
P121D; K225E,1
S162I; S163F; K225E; T228I; A313T,1
S162N; M211I; K225M,1
T160A; K225I; L253S,1
R16H; S162I; Q236K; Y355H,1
T6I; S162I; S163F; S318I,1
S162I; S163F; I215V; K225E,1
S162I; S163F; T198N; K225E,1
Q27K; S162I,1
D81A; S162I; S163F,1
K89R; T160A; K225I; I352T,1
I90N; E159K; S162I; K225I; S273I; R402C,1
I134V; S162I; S163F; Y332H; P393Q,1
S162I; S163F; K288E; A313T,1
S162I; K225E; D301N; G403S,1
S162I; S163F; E189*; K225N; L380S,1
K62E; S162I; K225N,1
E28D; S162I; S163F; K277E; K385R,1
S162N; K225I; A340V; D366N,1
T6S; S162I; K225T,1
S162I; S217G; K225E,1
N147D; S162I; S163F; S361P,1
N197I; K225I; N248Y,1
S162I; S163F; K278T; S318I; V389I,1
S162I; K225N; G257D,1
P23Q; S162I; S163F; K225E,1
S162I; S163F; K225E; E280*,1
L61R; S162I; S163F,1
Q123K; S162I; S163F; A283S; A313V,1
S162I; S163F; N314S; K385N,1
A32S; T160A; K225I,1
N72S; S162I; I183T; K225E; I232T,1
S162I; S163F; D199A; S318I,1
S162I; S163F; I327S,1
R16H; S162I; S163F; K225E,1
S162I; S163F; E201*; K225E; T341A,1
S162I; K225N; I399T,1
S66F; T160A; K225I; G378C,1
S67I; T160A; K225I,1
S162I; S163F; M172T; G401C,1
S162I; S163F; I165V; K323R,1
Q123*; S162N; K225I; Q267R,1
S162I; S163F; T264S; D325N,1
T160A; K225I; L309M; I371V; L404M,1
S130A; S162N; K225I,1
S162I; K225I; Q236R,1
S162I; S163F; E266K; E410G,1
G64C; S162N; K225I,1
T160A; K225I; K245E,1
S162I; S163F; K225M; Y299F,1
S162I; S163F; K225N; G257D; N274H,1
M172T; K225I,1
D77Y; S162N; K225I,1
S140N; S162I; K225N,1
S162I; S163F; D265G; V389I,1
P43T; S162I; K225N,1
S162I; S163F; P298Q; Y384C,1
S162I; S163F; A313T; S318I,1
A131V; S162N; K225I,1
Y113H; S162I; K225N; Y357H,1
S162N; K225I; N344H,1
S162I; S163F; I271V; S318I,1
G24S; S162N; K225I,1
S162I; S163F; T198S; K359R,1
Q141P; S162I; S163F,1
P2L; I134V; S162I; S163F; K225E; T341A,1
S162I; S163F; I241M,1
S162I; K225N; K323R,1
S162I; K225S; I262L,1
I39T; S162N; K225I,1
E154*; S162I; K225T,1
S162I; S163F; W268R; F337S,1
S162N; K225I; E251A,1
S162I; S163F; K225N; Q290*,1
E105K; S162I; S163F; K225E; T341A,1
L74Q; S162I; S163F,1
S162I; K225N; I302V,1
S162I; K225T; A313V,1
Q88*; D117E; S162I; N370Y,1
K225I; D301N,1
Q53H; S162I,1
Q141*; S162I; S163F; S318I,1
S162I; K225N; D325Y,1
S162I; K225I; L286F,1
S162I; S163F; E213*; K225E; T382A,1
E78G; S162I; K225E,1
S162I; K225N; N362S,1
G115C; S162I; S163F; K225E,1
K225I; Y307H,1
P52L; S162I; S163F; K225E; E269G,1
G100D; T160A; K225I; T341I; I352V,1
R16C; S162I; K225E,1
S162I; S163F; D196N; N261T,1
S162I; S163F; K225E; D310N,1
G127C; S162N; K225I,1
S162I; K225N; S292R,1
S162N; A224T; K225I,1
N96T; S162I; S163F,1
L114M; T160A; K225I,1
S162I; S163F; K225E; Q236*; E269G,1
A224V; K225L,1
K225Q; Q354R; Y355C,1
S162I; S163F; N258S; K400E,1
D81N; L114M; S162N; K225I,1
S162N; K225I; L240M; N383D,1
D65N; S162N; K225I; N407S,1
S162N; K225I; Q270H,1
N34S; S162N; K225I; D366N,1
S162N; K225I; K330Q,1
S162I; S163F; W268R; I352V,1
P146S; S162I; K225E,1
S162I; S163F; K225N; Y357S,1
L103R; S162I; S163F,1
S99L; S162I; K225N; N383S,1
I42V; T160A; K225I,1
L61M; S162I; S163F; S318I; V389I,1
N111D; S162N; K225I; K284R,1
S162I; S163F; S180P,1
L114P; S162I; S163F,1
M1I; S162I; S163F; L404P,1
Q88H; S162I; S163F; Q204*; T242S,1
K225I; L309M,1
S162N; K225I; I409N,1
P188S; K225I,1
S162I; K225N; I262L; K359R,1
E154G; S162I; S292R; I352V,1
I143V; S162I; S163F; C231R,1
S162N; D205N; K225I; I409T,1
L61P; S162I; S163F,1
Q27R; S162I; K225N,1
T160A; K225I; I371V,1
F83L; S162I; R193L; K225E,1
N116D; S162I; K225E,1
D11N; S162I; S163F; K225E,1
S162N; S187P; K225I,1
K22N; S162I; K225E,1
S162N; K225I; N261D,1
S162N; F202L; K225I,1
T75Q; T76S; Q88T; S162I; S163F,1
A131D; S162N; K225I,1
I102N; S162I; S163F; S292I,1
S162N; K225I; K400R,1
D70N; Q123R; S162I; K225N,1
P121T; S162I; K225N,1
S162I; S163F; P188S; E411K,1
T160A; K225I; S273G,1
S162N; K225I; E280G,1
C26*; S162I; S163F; L404P,1
S162N; H216N; K225I,1
S162I; S163F; K225E; N392I,1
S162I; S163F; N316H,1
S162N; K225I; R348C; K400E,1
T6I; S162I; S217R; K225N; I262L,1
Q53R; K225I; K300N,1
S162I; I181V; K225T,1
S162I; S163F; C231R; Y357H,1
S162I; K225N; Y299C,1
T160A; G223C; K225I,1
D11E; S162I; S163F; K225E,1
E28K; S162I; S163F; S318I; E336*,1
Y113H; S162N; K225I,1
S162I; S163F; K225E; I395V; N407T; K408R; I409L; E410K; E411S,1
S162I; S163F; K225E; E349K; E398D,1
N138D; S162I; S163F; D199N,1
T160A; K225I; K330N,1
S162N; K225I; L309R,1
S162I; S163F; K225E; S318R,1
T160A; S191L; K225I,1
S60I; S162I; S163F; I409S,1
M1I; S162I; S163F; T242A,1
S162I; S163F; K284T,1
S162I; S163F; R193S,1
I134V,1
V148I; S162I; S163F; E266D,1
S162I; K225N; Y384F,1
P146S; S162I; K225N; I262L,1
S162I; S163F; K225E; G315D; N362D,1
N5K; S162N; K225I; Q236*,1
P43T; S162I; S163F; K225E; G378A; S379H; L380W; A381R; T382R; N383T; Y384T; K385R; G386V; Q387R; N388M; V389S; E390R; E391R; N392T; P393R; Q394K; I395L; V396L; E397R; E398R; I399L; K400R; G401V; R402V; G403A; L404W; V405L; N407T; K408R; I409L; E410K; E411S,1
T160A; Q204K; K225I,1
S162I; K225N; N383H,1
S162I; S163F; H176L; K225I,1
S67R; S162I; S163F; S318I,1
S162I; K225E; E266D; V396F,1
T6K; S162I; S163F,1
S162I; S163F; P206T; L276F,1
S162N; I181V; K225I; K284R,1
D11G; S162I; S163F; K225E,1
T17N; S162I; S163F; N243S,1
N95S; S162N; K225I; Y384C,1
P43S; S162I; S163F; K225E; N314S; N316I,1
L98P; K225T,1
S162I; S163F; Y317*,1
F194L; K225I; K284N,1
G139C; S162I; S163F; C231R,1
P23L; S162I; K225E,1
E105D; K225I,1
M172I; K225T; I263V,1
S162I; S163F; I232T; D366N,1
S162I; K225T; Y355H,1
S162I; S163F; N175H; M211I,1
S162I; S163F; K225E; D312Y,1
A131T; T160A; V389I,1
P57L; S162I; S163F; A313T,1
S162I; S163F; I227V; Q270R,1
S162I; S163F; Q237R,1
S162N; S163Y; K225I,1
F136L; S162I; S163F; S318I,1
E105G; F136L; S162N; K225I,1
T160A; K225I; I368T,1
Y20C; T160A; K225I,1
Y113C; T160A; K225I,1
S162I; S163F; N197S; Y384H,1
S162N; K225I; T234S,1
S162I; S163F; K225E; Q290K,1
P112S; K225I,1
T160A; K225I; S367Y,1
V87A; I134V; S162I; S163F,1
S162N; K225I; K323R,1
K225I; E398D,1
C26R; K225I,1
S162I; S163F; K225E; N248S; G315S,1
P23S; S162I; S163F; Y299C,1
S162N; K225I; D265V,1
S162N; K225I; L276I; E397*,1
D81N; S162I; S163F; K400N,1
S162I; S163F; K225E; Q295H,1
N97S; S162I; S163F; I181V,1
S162I; S163F; T264A; E391K,1
F124L; S162I; S163F; K225E,1
S162I; S163F; I302V; N392D,1
S162I; S163F; K330R; R402C,1
T51I; K225I; Y299H,1
D128G; I134V; S162I; S163F,1
M151I; S162N; K225I,1
N34S; S162N; K225I; N248S,1
S162I; S163F; K225E; D365H,1
S162I; K225N; E305*; Y357H,1
A129S; S162I; N175H; T264A,1
F91L; S162I; K225N,1
S162I; S163F; S174N; K225E,1
L98P; S162I; K225N; Q354R,1
S162I; K225N; I262L; S379P,1
S162I; S163F; K225I; G308C; R402C,1
N8S; S162N; K225I,1
E79G; S162I; S163F; N297S,1
V148F; S162I; S163F; E410G,1
T160A; K225I; Q270H,1
S162I; S163F; E398G,1
S162I; S163F; E250K; S287G,1
E79D; S162I; S163F; S318I,1
T76M; S162I; K225E,1
S162I; S163F; R272C,1
S162I; K225I; S379*,1
S162N; K225I; Y384S,1
T75Q; T76S; Q88T; P121D; S162I; S163F,1
T6S; A32S; L56H; E79Q; K80*; S162N; K225I; K329R,1
P121L; S162I; S163F; K225E; E411D,1
E44K; S162I; S163F; E280K,1
R16H; S162I; S163F; K225E; E266D,1
S162I; E398G,1
H212R; K225I,1
E44K; T160A; K225I,1
S162I; S163F; N314S; N316I; V389F,1
D70E; S162I; K225N; V291G,1
N95Y; S162I; S163F,1
S162I; S163F; E390K; P393T,1
S162I; I399V,1
D117Y; S162I; S163F; A313T,1
I86T; S162N; K225I; T234A; E281K; D312N,1
G139D; S162I; S163F; K225E,1
S162I; S163F; S180P; R402C,1
S162I; S163F; K225E; E269G; R402S,1
T160A; K225I; N261D; T341I,1
T51S; S162I; K225N; I262L,1
S162I; S163F; K342R; N407S,1
A110S; S162I; K225N; Y357H,1
F7L; S162I; S163F; K225E,1
S162N; D205G; K225I; V319A,1
R16H; S162N; K225I,1
S162I; S163F; K225E; D366Y; G378C,1
L56H; P121D; S162I; N164S,1
A32R; S162N; K225I,1
G49D; S162I; S163F; P393Q,1
S162I; S163F; K225E; T350A,1
S162I; S163F; K225E; K311N,1
S162V; S163F; K225T,1
S162N; Y222C; K225T,1
S162I; S163F; G257A,1
S162I; V184I; K225N,1
S162I; K225E; E397K,1
F136L; S162I; S163F; K225E; N362D,1
S162I; S163F; G220V; K225E,1
A32S; S162I; K225N; I262L,1
T160A; K225I; T372S,1
S162I; K225N; D301G,1
S162I; S163F; I302V; S318I,1
S162I; K225E; Q354K,1
L98F; S162N; K225I; I321V,1
D70N; S162I; K225E,1
T185I; K225I,1
G64V; S162N; F194V; K225I,1
R45H; S162I; S163F; K225E; I302V,1
S140R; S162I; K225T; N407S,1
K225I; Y357V; F358L; K359Q; L360I; S361V; N362*; L364A; D365G; D366R; S367L; I368Y; Y369L; N370Q; I371Y; T372Y; Q373P; N376Q; I377H; G378R; S379L; L380I; A381G; T382D; N383E; Y384L; K385Q; Q387S; N388E; V389C; E390R; E391G; N392E; Q394A; I395N; V396C; E397*; E398G; I399D; K400*; R402S; G403W; L404P; V405G; K406*; N407K; K408Q; I409D; E410*; E411R,1
M1I; S162I; K225E; S273N,1
A131V; S162N; K225I; T372A,1
Q53R; K225I; G226C,1
N63S; S162I; S163F; K225E; E269G,1
S162N; A182V; K225I,1
L98R; S162I; S163F; C347F,1
S162I; S163F; D301G; I409T,1
S162I; S163F; G223S; N261H,1
S162I; K225N; N383K,1
L98F; S162I; S163F; K225N,1
K109I; S162I; S163F,1
P71S; S162I; K225N; Y357H,1
S137R; S162N; K225I; K285R,1
S162I; S163F; K225N; T230A; L380S,1
S162I; S163F; K225N; G256*,1
D70E; S162N; K225I,1
S162I; S163F; K225N; E391D,1
D128N; S162I; S163F; I271V,1
S162I; S163F; K225I; G256R; G257D,1
P121A; S162N; S163F; K225I; N274Y,1
G101S; G152R; S162I; S163F,1
S162N; K225I; Q354K; N407H,1
T59I; S162I; K225E,1
S60G; G64S; S162I; S163F; S292N,1
D81Y; T160A; K225I,1
S162I; S163F; T242A; V289A,1
S162I; S163F; E201A,1
S162I; S163F; G177V,1
A153V; S162I; S163F; K225E; S379*,1
S162I; S163F; N407T; K408R; I409L; E410R; E411S,1
T6S; S162I; S163F; K225E; T341A,1
D11Y; S162I; S163F; E410K,1
S162V; S163F; W268*,1
T160A; K225I; I352V,1
P146T; S162I; K225N,1
Q27H; S162I; S163F; R402C,1
A110S; S162I; S163F,1
S162I; S163F; Q267*; R402C,1
F83L; S162I; S163F; K225M,1
S162I; P188S; K225E,1
T50I; T160A; K225I,1
S162I; K225E; K285M; T372A,1
G152C; S162I; S163F; K225E,1
R16H; S162N; K225I; K284R,1
H125Q; K225I,1
S162I; S163F; G177S; I352V,1
N10D; D77N; S162N; K225I,1
T160E; G220V; K225I,1
S162I; K225E; E269G,1
S162I; S163F; I247T; Y299H,1
D65Y; S162I; S163F; N383D,1
S162I; S163F; V291A; F324L,1
T76K; S162I; S163F; T341A,1
I39V; S162I; S163F; S361P,1
D54N; S162I; K225N; N344Q; D365N,1
I102L; T160A; K225I,1
S162N; K225I; S292N; E391K,1
S162I; S163F; M211I; C231S; I409T,1
T160A; K225I; T372N,1
N147K; S162I; K225T,1
T160A; K225I; L380M,1
Q88*; D117E; S162I; P294L,1
S162I; S163F; K408E,1
K85M; S162I; S163F,1
S162N; H219Q; K225I; D365N,1
H212Y; K225I,1
S162I; S163F; K225E; Q267K,1
S162I; S163F; R168H; K225E; N297S,1
E105G; S162I; S163F; S217I,1
M1I; S162I; S163F; K225E; S287G,1
S162N; P206T; K225I,1
S162I; S163F; I203V; K225E,1
A32T; S162N; K225I; E266K; R402S,1
Y20F; S162I; S163F,1
N122Y; S162I; S163F,1
N122S; S137G; S162I; S163F,1
Q53R; S162I; K225I,1
S130Y; S162I; S163F,1
I149V; S162N; K225I,1
S162I; S163F; H212Y; K225E,1
K37R; S162I; S163F; Y384H,1
S162I; F192S; K225E,1
S162I; S163F; K225E; N248T,1
S162I; S163F; K225I; Y332N; D365N; T372S; Q373E; F375Y; G378N; S379N; A381K; T382V; Y384F; K385R; V389A; E390N; E391L; Q394R; V396I; E397K; E398P; K400T; N407K; K408I; E410R; E411F,1
P121D; S162I; S163F; K225E; A313T,1
S162I; S163F; V291M; R402H,1
S162N; P188S; K225I,1
S162I; K225T; Q304K,1
I149L; S162N; K225I,1
D65Y; S162I; S163F; I263V,1
K225I; E398G,1
S162I; S163F; K225E; Y369H,1
Y30H; T160A; K225I,1
S162I; S163F; K225E; T228A,1
V87M; S162I,1
S162I; K225N; I262L; G353S,1
K85E; S162N; K225I; G386S,1
S162I; S163F; N197S; L328M,1
S162I; S163F; K225E; Q394*,1
S162I; S163F; K225E; E411G,1
I86F; S162I; S163F,1
P120L; S162I; S163F; W268R,1
I41V; S162I; S163F; Q394R,1
S162I; S163F; N314S; N383D,1
E105D; S162I; S163F; K225E,1
T160A; K225I; K329N,1
R16H; S162I; K225N; G401D,1
S162I; K225T; N261H,1
H142R; E154K; T160A; K225I,1
S162N; K225I; K356N,1
S60G; Q141R; S162I; S163F,1
T160A; K225I; Q354K,1
S162I; S163F; A313V; N344Q; D365N,1
K37N; K225I,1
S162I; K225T; D310N,1
L114P; S162I; K225N,1
S162N; K225M; T242A; R402C,1
S162I; M211I,1
T76M; S162N; K225I,1
S162I; S163F; L210M; K225N; D338E,1
S162I; S163F; C231R; E269G,1
S162I; S163F; D199E; S318I,1
T75S; S162I; S163F,1
S162I; S163F; K225E; E411D,1
N92K; T160A; K225I,1
W40*; I126T; S162I; S163F; K225E,1
T76S; S162I; S163F; K225N,1
T59I; S162I; S163F; K225E; E269G,1
S162I; K225I; T264P; K285N,1
N8D; S162I; S163F; S318I,1
S162I; K225E; K400T,1
S162I; S163F; W268R; L296M,1
S162N; K225I; Q304*,1
P57L; S162I; S163F; D199N,1
S162I; S163F; Y369N; R402C,1
N38D; S162I; S163F,1
S162I; K225N; Q235*,1
T160A; I215F; K225I,1
T160A; K225I; I263V,1
S162N; K225I; D338N; V389I,1
S162I; S163F; K225E; N344H,1
S162I; S163F; M172I; I181V,1
D65G; F136L; S162N; K225I,1
P52L; S162I; S163F; K225E,1
E78K; S162I; K225N,1
S162I; S163F; K225E; Y369C,1
S162I; S163F; T185P,1
D128Y; S162I; S163F,1
S162T; K225I,1
S162I; S163F; T264I; K285R,1
S162N; M211I; T242A,1
S162N; K225I; K300E,1
D70N; S162I; S163F; A283T,1
D54N; K225I,1
Y73*; S162I; S163F; K225N,1
L74M; S162I; S163F; Y279C,1
F29I; S162I; S163F; I409V,1
F83I; S162N; K225I,1
S162I; E398D,1
T160A; K225I; Q236*,1
S162I; S163F; L276I; K300R,1
S162I; S163F; I282F; S318I,1
T6S; A32S; Q88T; P121D; S162I; S163F,1
S162I; S163F; M211I; E398G,1
P58S; S162I; K225N; I262L,1
S162I; S163F; T242A; K356E,1
L98F; S162I; S163F; K385R; V389A,1
F91V; S162I; S163F; K225E; D338N,1
E78G; S162I; S163F; M211I,1
S162I; S163F; K225I; Y357S,1
M36I; S162I; K225N,1
S162I; S163F; E410D,1
S162I; K225N; D312Y,1
T160A; K225I; E266G; R348S,1
S162I; S163F; E390K; E397G,1
T160M; S162I; K225E,1
S162V; S163F; A224T,1
Q53R; K225I; Q373K,1
S162I; S163F; H219Q,1
Q53R; K225I; I327N,1
S162I; Y384C,1
P23L; S162N; M211I; K225I,1
Q88T; S162I; S163F; E390K,1
A32S; S162I; K225E; L276F,1
P120L; S162I; S163F; D338N,1
P120Q; S162I; K225I,1
S162I; S163F; Y317C,1
S162I; S163F; D199A,1
D65N; T160A; K225I,1
S162I; S163F; G315D; F343L,1
N118K; S162I; S163F; K225E,1
R16H; K225I,1
S162I; S163F; K225E; D301A; F303S,1
T6S; P71L; S162I; S163F,1
T160A; K225I; Q267H,1
M1I; S162I; K225N,1
E28D; S162I; S163F; T229M,1
S162N; R193L; K225I; S379P,1
T75Q; T76S; S162N; K225I,1
S162I; K225N; K329R; Q387H,1
T160A; K225I; E398*,1
Q88*; S162I; S163F; Q373K,1
S162N; T185P; K225I,1
N63T; S162I; K225N,1
G25S; S162I; S163F; K385R,1
N197D; K225I,1
S162I; S163F; M211I; C231S; S292I,1
F55S; K225I,1
S162N; K225M; I247T,1
R16L; S162I; S163F; N258D,1
V47M; S162N; K225I,1
T160A; K225I; V405G,1
S99*; S162N; K225I,1
S162I; K225N; I262L; N274H,1
D81Y; S162I; S163F; K225E; G246V,1
S162I; D365G,1
L114R; S162I; S163F; K225E,1
S162N; K225I; Q270K,1
P112T; P121T; S162I; K225E,1
N63D; T160A; K225I,1
S162I; K225E; D325N,1
T160A; S162N; E189*; K225I,1
S162I; S163F; K225E; S287G; E397G,1
S162N; K225I; D312N; N362S,1
M151L; S162I; S163F,1
P155L; S162N; G223C; K225I,1
S162I; S163F; M211I; D301N,1
S162I; S163F; K225E; I399F,1
T6S; A32S; L56H; T75Q; T76S; Q88T; P121D; K225E,1
Y69H; N116D; S162N; K225I,1
G152S; S162I; K225N,1
S67R; T160A; K225I,1
S162I; S163F; Q237*; E410G,1
S162I; S163F; Y190C,1
S162I; K225N; N238I,1
S162I; K225N; I249L,1
S162I; K225N; I262L; T350P,1
N63I; T160A; K225I,1
S162I; S163F; K225E; G401V; R402V; G403A; L404W; V405L; N407T; K408R; I409L; E410K; E411S,1
K85E; S162I; S163F; K225E,1
S162I; S163F; Q270R; R402C,1
K135R; S162N; K225I,1
S60R; T160A; K225I,1
S162I; S163F; K225E; V405G,1
S162I; S163F; L331V,1
K37E; S162N; K225I; E280G,1
S162I; S163F; K225E; I377V,1
G152D; S162N; K225M,1
S162I; S163F; I181V; Q290*,1
S162I; S163F; N314S; I327T; N383D,1
N10S; S162I; S163F; Q236*,1
S162I; S163F; K225E; D259G,1
Q53R; N122D; S162I; K225N,1
Q88T; S162I; K225N,1
K225I; N243S,1
S162I; A313T,1
S162I; K225E; P298T; F334S,1
S162N; P173S; K225I,1
G64D; S162I; S163F; F202S,1
T160A; S217G; K225I,1
S162N; M211I; C231S,1
S162I; K225N; Y332C,1
S162I; S163F; K225N; N314D,1
N116D; S162I; S163F; Q236R,1
I126V; N147S; S162I; S163F,1
R93S; S162I; S163F; I203V; K225E,1
S108N; S162I; S163F; S187F,1
G49D; S162N; K225I,1
K225T; L331P,1
S162I; K225N; I262L; Y279C,1
P146Q; S162I; S163F; S318I,1
S162N; K225I; N261T,1
S162I; S163F; M211I; I409V,1
S162I; S163F; I181V; S318T; N320K; D365N; T372S; Q373E; F375Y; G378N; S379N; A381K; T382V; Y384F; K385R; V389A; E390N; E391L; Q394R; V396I; E397K; E398P; K400T; N407K; K408I; E410R; E411F,1
A129E; S162I; K225N,1
A153S; S162N; K225I,1
S162I; S163F; K225E; D310Y; D365G,1
S162I; S163F; M172I; K288N,1
L103M; S162I; S163F,1
Q141P; S162I; S163F; K225E; E269G,1
S162I; S163F; N258H,1
S162I; K225N; P294Q,1
S162I; S163F; N197S; G308S,1
N116D; S162I; K225E; F358S,1
G127D; S162I; S163F; K225E,1
P57S; S162I; M211I; I262L,1
T51I; I134V; S162I; S163F,1
P12T; S162I; S163F; K225E,1
T160A; I203T; K225I,1
S162I; S163F; R402C; I409T,1
S162N; K225I; D326A,1
Y69C; S162I; S163F,1
Y69H; K225I,1
L98P; S162N; K225I; Q290*,1
S162I; S163F; A313P; R402C,1
S162I; S163F; R193H; K225E,1
T160A; K225I; N383D,1
I102V; S162I; K225N; I262L,1
R16H; S162N,1
Q53K; S162I; K225S,1
T160A; K225I; N314K,1
T160A; K225I; Y355H; V389A,1
I41T; S162N; K225I,1
L98P; S162I; S163F; K225I,1
S162I; S163F; L214M; T242A,1
S99T; S162I; S163F,1
S162I; S163F; S318N; R402C,1
N10S; S162I; S163F; M211I; C231S,1
T160A; K225I; Y307H,1
S162I; K225N; I262L; E281G,1
I102M; S162I; K225I; G257D,1
S162N; K225I; P294Q,1
Q53R; F136L; K225I,1
T6A; I35V; S162I; S163F; G223C,1
D81A; S162I; S163F; K225E,1
G49V; S162I; S163F; S273G,1
S66A; S162I; S163F; G374V,1
S162I; S163F; M172I; N248K,1
S162N; T185I; K225I,1
S162N; K225I; V345F,1
S162I; S187F; K225E,1
T75P; S162I; S163F; K225E,1
K225I; E410K,1
I134V; S162I; S163F; G179C,1
S162I; S163F; Y357*,1
S162I; K225N; S333*,1
S162I; S163F; G177D,1
N10D; S162I; K225N,1
S162I; S163F; I247V; E305D; R402C,1
P12T; V87E; S162I; S163F,1
S162I; K225N; T229A,1
E28D; S162I; S163F; M211I; A381S,1
E133K; S162I; S163F; T372A,1
S162I; S163F; E201*; K225N,1
N92K; S162I; S163F; K225I,1
T160A; I181V; K225I,1
H125N; T160A; K225I,1
S162I; S163F; K225E; T234K,1
I90V; S162N; K225I,1
K85N; S162I; K225E,1
Y73H; S162N; H212R; K225I,1
A129E; S162I; S163F,1
N111S; S162I; S163F; T341I; V405I,1
L61M; S162I; S163F; E281K,1
E154*; S162N; K225I; K288E,1
S60N; S162N; K225I; N261T,1
P23*; S162I; S163F; K225E,1
D117E; T160A; K225I,1
R93H; K225I,1
L144S; S162I; S163F,1
S162I; S163F; K225N; E410K,1
G152S; S162I; S163F; E201K; K225E; C231R,1
S162N; K225I; F324I,1
S162I; S163F; M172I; N248S; A283S,1
S162I; S163F; A381E; R402C,1
T6K; T160A; K225I,1
S162I; S163F; V184F; K225E,1
S162I; S163F; I181V; S379P,1
E154*; S162I; S163F; K330E,1
K22N; S162I; S163F; K225E; T341A; E391G,1
S137I; Q141*; S162I; S163F,1
S162N; K225I; G256E,1
Q88*; S162I; S163F; K225E,1
N92K; S108N; S162I; S163F,1
S60G; N97D; S162I; S163F,1
E106*; T160A; K225I,1
S162I; S163F; F202S; K225I; T341I,1
S162I; S163F; K225E; G246V,1
S162I; S163F; R193C; K225E,1
S162I; S163F; I181V; E189G,1
S162I; S163F; D301G; D325N,1
G152D; S162I; S163F,1
S162I; S163F; K225E; G401C,1
S162I; K225M; R272S,1
T160A; K225I; P239Q,1
S162I; S163F; Y355H; S379*,1
E44D; S162I; K225N,1
S162I; S163F; Y299C; R402C,1
I39V; S162I; K225N,1
V13I; T160A; K225I,1
S162I; S163F; P298Q; E397G,1
I39V; S162I; S163F; K225N,1
S162I; S163F; P239L; W268R,1
K135E; S162I; K225E,1
H125Y; S162I; S163F; I181V,1
S162I; S163F; T230A; E410K,1
F136L; S162N; K225I; G378D,1
C26W; S162I; S163F,1
F124V; S162I; S163F; R402C,1
P12S; I39V; S162I; S163F; K225E,1
S162I; S163F; K225E; C231Y; E250D,1
S162I; S163F; K225E; G374D,1
N10K; S162N; K225I,1
S162N; K225I; I377V,1
N147S; S162I; S163F; W268R,1
S162I; K225E; I377L,1
S66F; S162I; S163F; D325N,1
S162I; S163F; K225N; N370D,1
E105K; S162I; K225N,1
H125P; S162N; K225I,1
S162N; K225I; K284R; F343L,1
K225I; E398K,1
S162I; K225N; V289A,1
S162I; S163F; K225E; I241T; T341A,1
S162I; S163F; K225E; N293D,1
G64S; P121E; S162I; S163F; K225E,1
K225T; S292N,1
P121L; S162N; K225M,1
S162I; S163F; K225I; E397K,1
S162I; S163F; K225E; E280K; E305K,1
G25D; S162I; S163F; S318I,1
P57A; S162I; S163F; T185I; K225E,1
S162I; S163F; V184I; K225E; Y317C,1
S67G; M172I; K225I,1
I134V; T160M; S162I; S163F; I271V,1
E28K; S162I; S163F; K225E; I399T,1
S162I; K225E; E280G,1
S162I; S163F; A313P; N407K,1
P112S; S162N; K225I,1
I134V; S162I; S163F; Y355H,1
D65Y; S162I; M211V; K225N; G226C,1
S162I; S163F; K225E; T264A; K285N,1
T160A; K225I; V389A,1
D117Y; S162I; S163F; R402C,1
F83L; S162I; K225E; D301Y,1
S162N; K225E; R402H,1
G25V; S162I; K225E,1
T6A; K37N; S162I; S163F; K225E,1
C26R; N122S; T160A; K225I; F375L,1
M172I; K225I,1
S162I; S163F; K225E; V396A,1
K225I; Q354H,1
S162N; G177D; K225I,1
I35V; S162I; K225N; Q236K,1
S162I; K225E; Y299H,1
K225I; L276I; E397K,1
S162I; K225N; V291M,1
S162N; K225I; V319I; Y355H,1
T160A; K225I; S273R,1
S162I; G179C; K225N,1
P12Q; S162I; S163F; I232T,1
S162I; K225N; Q394*,1
P120Q; S162I; S163F; K225E; C231R,1
Q141H; S162N; K225I,1
T160A; K225I; G246S; I321T; D325N,1
E154A; S162I; S163F; E269G,1
T160A; K225I; E391K,1
S162I; S163F; K225E; L360F,1
S162I; K225E; D265G; E266D,1
N10D; S162N; K225I; P239Q,1
T160A; K225I; E390G,1
P120T; K225I,1
S162I; K225I; P239L,1
L84P; S162I; S163F; K225E,1
S162I; S163F; E269G; Y384C,1
S162I; S163F; D259G,1
K225I; D326N,1
F91L; S162I; I181T; K225N,1
Q123R; S162I; K225N,1
R82H; T160A; K225I,1
R16S; S162I; S163F; R402C,1
S162I; S163L; K225E; D265G,1
T50A; S162I; K225E,1
S162I; S163F; K225E; K288*,1
G24S; S162I; S163F; K225N,1
D77G; S162I; K225N,1
K22N; S162N; K225I,1
S162I; K225E; S361P,1
K225I; Q354R,1
S162I; S163F; K225E; Q295R,1
S162I; S163F; M211I; S217N; C231S,1
S162I; N314Y; N316I,1
S60N; T160A; K288R,1
S162I; S163F; K225E; C231R; R402V; G403A; L404W; V405L; N407T; K408R; I409L; E410K; E411S,1
Q88P; S162I; S163F; K225E,1
S162I; S163F; K225N; Q290*; N388S,1
S187Y; K225I; N383D,1
S162I; S163F; Q204H; E391D,1
S162N; K225L; I321N,1
P112T; S162I; K225N,1
T59I; S162I; K225N,1
N92K; S162I; S163F; E411*,1
I134V; S162I; S163F; E398K,1
Q27K; A129T; S162I; S163F; K225E,1
Q27R; S162I; S163F; E397K,1
S66Y; S162I; K225N,1
S162N; K225I; T341I,1
S162I; S163F; G223C; K346R,1
A129E; S162N; K225I,1
S162I; S163F; E266*; E391D,1
S162I; S163F; A207T; E410K,1
S162I; K225N; Q237*,1
S162I; S163F; K225E; T264A; L276F,1
S162N; K225I; N238S,1
D128Y; S162I; S163F; E411K,1
S162N; K225I; I262M,1
N72H; S162N; K225I,1
P58Q; S162N; K225I,1
S162I; G177C; K225E,1
S162N; Q204K; K225I,1
S162I; S163F; T264A; R402C,1
K225I; V291G,1
P52S; S162I; S163F; K225E,1
S162I; S163F; K225E; N274H,1
E79K; S162I; K225E,1
L98P; S162I; S163F; G223V,1
T6S; A32S; L56H; T75Q; T76S; Q88T; P121D; T198S; D199I; K225L; D265V; E266A; W268Y; E269N; Q270D; R272Y; S273T; K277N; K278D; E280R; E281K; K284S,1
S162I; N195S; K225I,1
S162I; S163F; K225E; F303L,1
P112Q; S162I; S163F,1
E106*; K225I,1
S162I; I183T; K225N,1
T6S; E159*; S162I; S163F; R402C,1
S162I; D196G; K225N,1
S162I; S163F; I241V; N344Q,1
T160A; G374C,1
S162I; K225N; T264S,1
S162I; S163F; Q295P,1
S162N; I215V; K225I,1
M172I; M211I; K225T,1
S162I; S163F; K323E,1
S162I; S163F; K225E; A313S,1
T160A; K225I; Q354R,1
T160A; K225I; I233T,1
K225I; F343S,1
S162N; D365G,1
S162I; S163F; K225Q; W268R; G401D,1
E79*; T160A; K225I,1
T6S; L56H; S162I; S163F,1
K225I; T335I,1
G64S; S162I; S163F; R193L,1
S162I; S163F; I263V; E266D,1
S162N; K225I; P298L; Y384H,1
S162I; K225E; D365N; T372S; Q373E; F375Y; G378N; S379N; A381K; T382V; Y384F; K385R; V389A; E390N; E391L; Q394R; V396I; E397K; E398P; K400T; N407K; K408I; E410R; E411F,1
S162N; K225I; Q236*,1
S162I; G353D,1
T160A; K225I; K408E,1
S162I; K225N; Q373K,1
T160A; K225I; Q235K,1
S162I; S163F; K300R; E349K,1
A32S; L56H; T75Q; T76S; S162I; K225N,1
S162I; S163F; G374A,1
S162I; S163F; E201K; K225N,1
Q141H; K225T; Y384C,1
T50S; S162N,1
S162I; S163F; E280K; T341I,1
S162V; K225E,1
K225I; F252S,1
S162I; S163F; L275S; Q354R,1
N122D; S162I; S163F; E410G,1
A153T; S162I; S163F; E281K,1
S162N; I181V; K225I,1
V148I; S162I; S163F; E390D,1
V132F; S162I; S163F,1
Q53R; E159*; K225I,1
K109R; S162I; S163F; K225E,1
Q141H; S162I; S163F; M211I,1
S162N; K225I; Q267H,1
S162I; S163F; M172I; M211I; K225N,1
P146L; S162N; K225I,1
S162I; K225N; N316D,1
K80R; S162I; S163F; K225E,1
Q88H; S162I; K225N,1
D81Y; F136L; S162N; K225I,1
S162I; S163F; R402C; N407S,1
I150V; S162I; S163F,1
T160A; K225I; K284R,1
P12L; S162I; K225N,1
P120T; S162I; K225N; I262L,1
S162N; K225I; T335N; F358L,1
S162N; N195D; K225I; N316H; I399V,1
N63H; S162I; S163F,1
S162I; S163F; P298L; D310N,1
G101V; P121S; S162N; K225I; E281K,1
S162I; S163F; I399M,1
P120T; T160A; K225I,1
S162I; S163F; K225N; F303L,1
S162N; S166A; K225I; D365N,1
G25D; S162I; S163F; M172I,1
S162I; S163F; F358S,1
S162N; G220V; K225I,1
S162N; K225I; D325N,1
S162I; S163F; E189Q,1
L98F; S162I; S163F; L276I,1
Q123K; S162I; K225E,1
T6S; A32S; P121D; Q141K; I143M; T160K; Y384H,1
Q53K; K225I,1
S162I; S163F; K225E; I395T,1
T160A; L208P; K225I,1
S162I; K225N; Q236K; I262L,1
I150V; S162I; K225N,1
S162I; S163F; D338G; R402H,1
S162I; S163F; K225N; S273N; L380S,1
S162N; K225I; N316I,1
S162I; S163F; I181V; T198A,1
S162I; K225N; I262L; E266D,1
T6S; A32S; L56H; T75Q; T76S; Q88T; P121D; T198S; D199I; G220V; K225T; C231S,1
V87A; S162I; K225N; T382A,1
Q53H; S162I; S163F; K225E,1
R82H; S162I; S163F; R244H; I409V,1
S162I; S163F; A182V; K225N,1
Y30F; S162I; S163F; K225E,1
S162I; S163F; K225I; T264A,1
S162I; S163F; K225E; I399M,1
S162I; S163F; L260P; W268R,1
S162I; S163F; K225E; E411R,1
S162I; N197D; K225N,1
S162I; L208M; K225N,1
S162N; I183T; K225I; N344D,1
Y68C; S162N; K225I; T234M; K284R,1
D117Y; S162I; S163F; K225E,1
S162I; S163F; L360F,1
G220V; K225I; K346R,1
T160A; P173L; K225I,1
S162I; K225N; E251K,1
K225I; Y384H,1
S162N; K225I; D326Y,1
S162I; S163F; M172V; K225E,1
Y69H; S162I; K225I,1
S162I; K225I; Y384C,1
S162I; S163F; Y171C; E390K,1
P146Q; T160A; K225I; V291M,1
S162I; S163F; K225E; G257D; N362D,1
N97S; G127S; S162I; S163F; M211I; I371V,1
G100D; S162N; K225I,1
S162I; S163F; K225E; G374V; F375W; N376I; I377E; G378E; S379*; L380*; A381W; T382R; N383F; Y384S; K385T; G386W; Q387A; N388S; V389S; E390A; E391L; N392G; P393I; Q394M; I395L; V396A; E397W; E398C; I399L; K400R; G401N; R402K; G403E; L404S; V405*; K406S; N407C; K408Q; I409L; E410F; E411W,1
S162N; F194V; K225L,1
S162I; S163F; N200H; K225E,1
S162I; K225E; S379*,1
S162N; K225M; N407T; K408R; I409L; E410K; E411S,1
S162I; S163F; K278Q,1
R16H; S162I; D199I,1
S162N; K225I; T264S,1
I35V; S191P; K225I,1
L56H; Q88T; S162I; S163F,1
S162N; D365N,1
S162I; K225E; W268R,1
N161D; S162I; S163F; C231R,1
S162I; K225E; N407D,1
S180P; K225I,1
S162I; S163F; G220C; K225E,1
S162I; S163F; K406N; N407I; K408V; I409E; E410*; E411*,1
N92K; S162I; S163F; N316S,1
K37E; N138D; S162I; K225N,1
K85E; S162I; S163F; V405I,1
V87M; S162I; S163F; I181V,1
S162I; K225N; Y369C; Y384F,1
S162I; S163F; T242I; R402S,1
S162I; S163F; K225E; S292C; N344S,1
T59P; T160A; K225I,1
K225I; F358S,1
P2S; S162I; S163F; R402C,1
I143V; S162I; S163F; K225N,1
S66F; K225I,1
S162I; S163F; K359N,1
S162N; R402H,1
I183V; K225I; K284N,1
T160A; P188L; K225I,1
D70V; S162I; S163F,1
S162I; K225N; Y332H,1
S162N; K225I; D301Y,1
S162I; S163F; N297T,1
S162I; S163F; N322S; Q354R,1
T160A; K225I; K306E,1
I86T; S162I; S163F; K225E,1
E44K; S162I; K225N; I262L,1
M211T; K225I,1
S162I; S163F; S333T,1
S162I; D196N; K225N,1
A32S; N111S; S162N; K225I,1
S162N; Y222C; K225I; P294Q; P298S,1
S162I; S163F; I262L; T350N,1
S162I; S163F; S287I,1
A110V; S162I; K225E; R402C,1
S162I; S163F; E213*; K225E,1
T160A; K225I; D301N,1
K225I; E336*,1
I102M; S162N; K225I,1
S162I; S163F; K225E; K288T,1
P57S; K225I,1
S162I; S163F; N175H; E398*,1
S162I; S163F; F252L; V345I,1
T160A; K225I; Q236H,1
S162I; S163F; D199N; Q270R; R402C,1
P2H; S162I; S163F; K225E,1
S162I; K225N; D265N,1
K225I; N297S,1
T160A; K225I; K406R,1
S162I; S163F; N175H; K225E,1
N10S; S162N; R193C; K225I,1
S162I; S163F; K225E; Q295*; E391A,1
S162I; S163F; I377T,1
S162I; Y190H; K225N; E266D,1
T59I; M151I; S162I; S163F; K225E,1
S162I; S163F; T209I; K225E,1
S162I; R193C; K225E,1
I183T; K225I,1
N147T; S162N; K225I,1
S162N; Y171C; K225M,1
T160A; K225I; T372A,1
T160A; G223S; K225I,1
D77H; T160A; P188Q; K225I,1
S162I; S163F; K225E; G353S,1
G25V; S162I; S163F,1
S162I; S163F; K225E; S361Y,1
D15Y; K225I,1
N92K; S162I; S163F; D301Y,1
S162I; S163F; N248K; T382M,1
S162N; F194V; K225I; E390K,1
S140R; S162I; S163F; T198I,1
D54N; S60G; S162I; S163F,1
S162I; K225E; G226D,1
S67C; R93H; S162I; S163F,1
D117N; S162I; S163F; C231F,1
L56H; S162I; K225E; L276F,1
T17A; S162I; S163F; K225E; E269G,1
G24S; S162I; S163F,1
S162I; S163F; Y171C; Y357H,1
S162N; K225I; I352T,1
A153V; S162I; S163F; K225E,1
A32S; L56H; S162I; S163F,1
D54Y; T160A; K225I; L364R,1
S162I; S163F; K225E; I302L,1
I102L; S162N; K225I,1
S162I; S163F; F337V,1
T76M; K225I,1
T75N; S162I; S163F,1
S66T; S162I; S163F; N258D,1
S162I; S163F; Q235P; G401D,1
N10S; L98P; S162I; K225E,1
S162I; S163F; K225E; D301N; Y357H,1
S162I; K225N; K385E,1
N63S; K225I,1
E28G; S162I; S163F; E281D,1
S162I; S163F; E201G; E397G,1
T59A; S162N; E201G; K225I,1
S162I; K225N; N388D,1
S162I; S163F; S287C,1
S67I; S162I; K225N; V389I,1
T160A; S162N; K225I; N388S,1
D128E; S162I; S163F; K225E,1
S162I; S163F; Q204*; K225E; P294L,1
T17A; T160A; K225I,1
S162I; S163F; S166P; K225E,1
S162I; S163F; V405G,1
E44*; K85N; S162I; S163F,1
T6S; A32S; S162I; S163F; C231G,1
S162I; S163F; C231Y; G257S,1
N10K; S162I; S163F; K225E; T341A,1
P2S; S162I; S163F; K225E,1
E28G; L107R; S162I; S163F,1
S162N; K225I; R244H; E305K,1
S162N; K225I; Q267H; W268R,1
T17I; S162N; K225I,1
S162I; S163F; E189D,1
S162I; S163F; S318I; I395V,1
S162I; S163F; A182T; K225E,1
G152D; S162I; K225N,1
S162I; S163F; K225E; N261D; E336K,1
M1L; S162I; K225N,1
L103P; S162I; S163F; S318I,1
N46D; S162I; S163F; W268R,1
S162I; S163F; K225E; D312N; I352V,1
S162N; S166Y; K225I; N261D,1
S162N; K225I; N248S; K342R,1
T160M; S162I; S163F; Q304R,1
S162I; K225E; E250K,1
T160A; K225I; Y317C,1
S162I; S163F; Q295R; Y357H; L360S,1
P43Q; S162I; S163F; M211I; F324L,1
D65G; S162N,1
S162I; K225E; I241V,1
T160A; K225I; D338N,1
S162I; S163F; V184A; K225E,1
S162I; K225E; I399V,1
S162I; K225I; K288N,1
S162I; S163F; Q295H; N362D,1
S162I; S163F; G257V; W268R,1
S60G; S162I; S163F; K225E; E269G,1
S162I; S163F; A182S; K225E,1
S162I; K225N; G386C,1
V13I; S162I; S163F; K225E; D265G,1
A32S; L56H; S162I; S163F; A283S,1
K85T; S162I; S163F,1
S162I; S163F; L210P; K225E; C231R,1
S162I; S163F; K225E; Y299F,1
S162I; K225I; K346E,1
D117E; S162I; S163F,1
Y30C; I90L; S162I; K225E,1
S162I; S163F; D205Y; T242A,1
E78*; S162I; S163F; D325G,1
S162I; S163F; K225E; E398G; I399D; K400*; R402S; G403W; L404P; V405G; K406*; N407K; K408Q; I409D; E410*; E411R,1
T160A; K225I; S379L,1
S162N; K225I; K329N,1
A32G; S162N; K225I,1
S162I; S163F; K225E; V291L,1
G25V; T160A; K225I,1
S162I; S163F; I215T; K225I,1
S162I; K225N; P393S,1
W40*; S162I; K225E,1
S162I; S163F; K225M; F334L,1
K37Q; S162I; S163F; Y222*,1
S162I; S163F; N248S; K359R,1
T160A; K225I; W268R; N314S,1
S162I; S163F; K225E; E398K,1
T160A; K225I; Q236R; D259N,1
I4M; N138D; S162I; S163F; K225E,1
S162I; S163F; N293D; V405A,1
K62N; S162I; S163F; K225I; A313S,1
K62N; S162I; K225E,1
S162I; S163F; K225E; N316I,1
G24V; S162I; S163F; R402H; N407K; K408Q; I409D; E410*; E411R,1
S162N; K225I; Q354P,1
S162I; K225E; T229M,1
Y20H; S162I; S163F; I181V; K225N,1
S162I; S163F; H212Y; T341A,1
I102V; S162I; K225E; Y384H,1
S162I; K225I; N243S,1
N164T; K225I,1
R93H; S162I; Y355H,1
S162I; S163F; M211I; E410K,1
G64C; S162N; K225I; C231*,1
T51A; S162I; S163F; K225E; G403D,1
S162I; S163F; I181V; E411K,1
A110V; T160A; K225I; Y384C,1
E159*; S162N; K225I,1
F136L; S162N; K225I; N248S,1
S162I; S163F; Q267K; I321V,1
H142Y; I143V; T160A; K225I,1
D65Y; I90V; T160A; K225I,1
S162I; S163F; K225E; K285R; A381V,1
S162I; S163F; K225E; K356R,1
Q27R; T160A; K225I,1
T160A; K225I; S333L,1
S162V; K225I,1
T160A; K225I; L404M,1
P57T; S162I; K225N,1
T160A; K225I; A381T,1
K225I; E266K,1
S162I; S163F; L363S,1
S162N; R193L; K225I; I352V; V389I,1
P52L; S162N; K225I,1
S162I; S163F; R193C; I262T,1
D128G; S162I; S163F; K225E,1
S162N; K225I; K285N,1
T160A; K225I; Y384C,1
S162I; K225N; E250K,1
S162I; D196Y; K225N; N316S,1
S162N; H176N; K225I,1
P71S; S162I; S163F; K245R; I409V,1
S162I; S163L; K300R,1
S162N; K225I; S273I,1
S162I; N344Q; Y355H; D365N,1
S162I; S163F; K225E; I409V,1
T6A; S162I; S163F; N362D,1
S162I; S163F; I241T; S292N,1
S162I; K225E; I262F,1
I150V; K225I,1
S162I; S163F; I181V; E398R; I399L; K400R; G401V; R402V; G403A; L404W; V405L; N407T; K408R; I409L; E410K; E411S,1
I102V; S162I; S163F; T242A,1
E28K; K225I,1
Q27R; S162N; K225I,1
N10D; K225I; G315S,1
S162I; S191L; K225N,1
S162I; S163F; T198I; N293D,1
P120Q; S162I; K225E,1
S162N; D326G,1
S162N; F194V; K225I; F358S; N383S,1
M172I; K225T; E391K,1
F136L; K225I,1
S162I; K225E; Y307H,1
I90V; S162I; S163F,1
S162N; E305*,1
S162I; K225N; N274S; E411K,1
S162I; K225E; Y357C; E398D,1
S162I; S163F; M211I; Y357H,1
K225I; E411K,1
V13I; S162I; S163F; K225E; E269G,1
S162I; K225E; D365N,1
N122S; S162I; K225E,1
N72D; G115S; S162I; S163F; T341A,1
M36V; S162I; K225N; T234P,1
D128N; S162I; K225E,1
T6S; T59A; S162I; S163F; W268R,1
S162I; S163F; N344Q; D365N,1
K62M; S162N; K225I,1
S162I; S163F; K225E; K277E; S287G,1
S162I; S163F; I399D; K400*; R402S; G403W; L404P; V405G; K406*; N407K; K408Q; I409D; E410*; E411R,1
S162I; S163F; W268R; G378C,1
T50S; S162N; K225I,1
I39V; T160A; K225I; A313T,1
S162I; S163F; I215V; S379L,1
Y69H; T160A; K225I,1
S162N; K225I; I302V,1
L98F; S162I; S163F; K225E; E266D; V389A,1
S162I; S163F; K225E; N238S,1
S162I; S163F; T242I; I409T,1
S162N; K225I; K284R; G401D,1
A32S; S60C; S162N; K225I; E251G,1
S162I; G223C; K225E; E266D,1
T6I; S162I; S163F; Y171C,1
K31N; S162N; K225I; N362S,1
I39V; S162N; K225I,1
S162I; S174N; N197S; K225E,1
S162I; S163F; Y351N,1
N72K; S162I; K225N,1
T160A; I215T; K225I,1
S162I; K225E; E305*,1
G25D; S162I; S163F; K225I,1
S162I; K225E; E398G,1
S162I; K225N; A381S,1
T6A; F192S; K225I,1
S162I; S163F; K225I; I327N; L331M,1
S162I; S163F; W268R; T341A,1
S162I; S163F; I183T; C231R,1
S162N; K225I; T228A; N243D,1
S162I; S163F; K225N; Q373*,1
S162I; S163F; K225E; S318I; K406E,1
N161S; S162I; K225I,1
N111S; S162I; K225T,1
N111S; S162I; S163F; N362D,1
S162I; S163F; N407I,1
S162I; S163F; R348H; Y384C,1
S162I; K225I; D365N,1
S162I; S163F; H176Y; K225N,1
V13I; A32S; S162I; S163F,1
S162I; K225N; V345A,1
S162I; S163F; K225E; P294T; T341A,1
N10D; S162I; S163F; C231R,1
S162I; K225N; T341A; Y357C,1
S66F; S162I; S163F; Y190H; R402H,1
S162I; S163F; K225E; G374C,1
I90N; S162I; S163F; K225E,1
S162I; S163F; T229A; Y299H; N407D,1
S162I; S163F; M211I; C231S; K284E,1
S162I; S163F; I352V; T372N,1
S162I; S163F; K225E; S287G; P298L,1
S162I; S163F; F194I,1
S162I; S163F; G179V; K225E,1
I86V; S162I; S163F; K225E,1
N96S; L98P; S162I; S163F,1
T160A; E349K; E398D,1
S162I; S163F; K359E,1
S162I; F202L; K225N,1
S162I; S163F; K225N; E269K,1
S162I; K225E; L260P,1
Q123R; S162I; S163F; N383D,1
N96S; G152R; S162I; S163F,1
Q88L; S162I; S163F; E397*,1
S162I; S163F; C231R; Q290*,1
K225I; P393L,1
S162N; S187A; K225M,1
S162I; S163F; K225E; K329M,1
Y30C; S162N; K225E,1
S162N; K225I; N376H,1
Y68H; S162I; S163F; Q267H; W268R,1
G49V; R82H; T160A; K225I,1
R45H; S162I; K225N; E398G,1
S162N; R193L; K225I; E281K; I352V,1
S162I; K225T; Y384S,1
F158S; T160A; K225I,1
S162I; S163F; K225E; K400R,1
K37E; S162I; S163F; W268R,1
D11Y; S162I; S163F; K225E; E269G,1
S162I; S163F; K225M; T242I; G353S,1
S162I; K225N; Q236K; R348H,1
N96I; S162I; S163F; K225I,1
S162I; S163F; A283S; G403S,1
S162I; S163F; K225E; E269G; K330R,1
I134V; S162I; S163F; P239Q,1
S162I; S163F; K225E; E266D,1
R16H; R82C; S162I; K225N,1
E44K; S130P; S162I; S163F,1
S162I; S163F; K225E; N383S; N407K; K408Q; I409D; E410*; E411G,1
S162I; S163F; N200D; K225E,1
S162N; K225I; T264S; N297S,1
S162I; S163F; G223C; E391D; E411*,1
Q123K; T160A; K225I,1
I143T; S162I; S163F,1
T160A; K225I; D312Y,1
S162I; S163F; C231R; T264P,1
S162I; S163F; Q236R; I352T,1
S162I; S163F; K225E; E269G; D312E,1
I35V; S162I; S163F; K225E; Q270H,1
G115S; S162I; S163F; K225E; R402H,1
I39S; S162I; S163F; K225T,1
T160A; K225I; I368L,1
S162N; K225I; N238H,1
S162I; K225N; Y384N,1
Y20H; S162I; K225E,1
S162I; S163F; K225I; T254I,1
T75A; S162I; S163F; K225N,1
F33L; S162N; K225I,1
K22R; S162I; K225N,1
F55S; S162I; S163F,1
Q141K; S162N; K225I,1
N97K; S162I; S163F; V405I,1
S162I; S163F; Q373P; N376Q; I377H; G378R; S379L; L380I; A381G; T382D; N383E; Y384L; K385Q; Q387S; N388E; V389C; E390R; E391G; N392E; Q394A; I395N; V396C; E397*; E398G; I399D; K400*; R402S; G403W; L404P; V405G; K406*; N407K; K408Q; I409D; E410*; E411R,1
N10D; S162I; S163F; T242A,1
S162I; S163F; M211I; C231S; I399V,1
N161S; K225I,1
S162I; S163F; K225I; Y355H,1
K225I; E305*,1
S162I; S163F; T228N,1
S162I; S163F; K225E; N243S; N316S,1
K225I; L253F; N362D,1
S162I; S163F; K225E; L404R,1
S162I; K225E; K288T,1
S162I; S163F; K225E; L276F; V405I,1
S162N; K225I; D310Y,1
M1I; S162I; S163F; M172I; Y299C,1
S162I; S163F; Y355H; K400N,1
S162I; K225N; K277E,1
V47E; S162I; S163F,1
S162I; K225E; N293D,1
Y30H; S162I; S163F; S318I,1
N122K; S162I; S163F; T372A,1
S162I; S163F; K225E; I302N; R402C,1
N97K; L98I; S162N; K225I,1
S162I; S163F; K225E; L253S,1
G127C; T160A; K225I,1
S162I; K225N; R272H,1
R82S; S162I; S163F; K225E,1
S162I; K225N; V291A,1
N138D; S162I; S163F; A224T,1
N63S; F136S; S162I; S163F,1
T160A; K225I; D301E,1
N118S; S162I; M211I; K225N,1
S162N; F178L; K225I,1
S162I; K225E; N370D,1
P146Q; S162I; S163F; K225E; I327V,1
E44G; S162I; S163F; M211I,1
S162I; S163F; K225E; I302T; Y355H,1
S162I; S163F; W268C,1
P120R; S162I; S163F,1
S162I; S163F; K225E; S367Y,1
A110V; S162I; K225E,1
G64S; S162I; K225E,1
S162I; K225N; I262L; R348H,1
S162I; S163F; Q204*; K285R,1
I102V; S162I; K225I,1
I126V; S162I; S217R; E251*; D265V; E266A; W268Y; E269N; Q270D; R272Y; S273T; K277N; K278D; E280R; E281K; K284S; N344Q,1
F29L; N138D; T160A; K225I,1
S162I; K225T; I282V,1
S162I; K225N; P294L,1
S162I; S163F; S287R,1
T6S; A32S; S162N; K225I,1
N72S; L98I; S162N; K225I,1
W40*; Q53R; K225I,1
T160A; K225I; G353V,1
T6S; L56H; S162I,1
S162N; L214R; K225I,1
S162I; S163F; K225I; N293K,1
Y20S; T160A; K225I; N322S,1
S162I; S163F; D265N; R402C,1
S162I; K225I; E411G,1
S162I; S163F; Q267P,1
S162N; K225I; T372N,1
S162I; S163F; K225E; T382M; R402H,1
S60R; E105K; S162I; S163F,1
P120S; T160A; K225I,1
S162I; K225E; G401S,1
S162N; K225I; K385Q,1
S162I; S163F; K225E; T230M; N362D,1
K80E; S162I; K225N; E251D; Y299C,1
S162I; S163F; Y171C; E391K,1
V13I; S162I; K225N,1
I134V; S162I; S163F; N320S,1
S162I; K225E; K356N,1
S162I; S166F; K225E,1
S162I; S163F; E250K,1
F91L; S162I; S163F; Y171C,1
D15N; S162N; K225I; E349*,1
S162I; K225E; N243S; R402S,1
P43L; S162N; K225I,1
S162I; S163F; D301G; T350A,1
P43Q; S162I; S163F; K225E; A381S,1
K135E; S162I; K225I,1
S162I; S163F; V184D,1
G101V; S162I; S163F; K406R,1
S162I; S163Y; K225N,1
S162I; S163F; R193C; K225E; S287G,1
S162I; K225N; D325G,1
S162N; K225L; I262V; N370D,1
S162I; S163F; T372A; Q373H,1
Y69H; K225I; K284N,1
T59S; S162I; S163F,1
S67R; S162I; S163F,1
T75A; S162I; S163F; F192L,1
S162I; S163F; K225E; Y384F,1
Y73C; K225I,1
P155S; S162I; S163F; K225N,1
S162N; A224V; K225I,1
S162N; Y384C,1
R16H; M172I; K225T; I247T,1
S162I; S163F; Y171N,1
T160A; I181F; K225I,1
K22*; S162I; S163F,1
W40*; E106K; S162I; S163F; K225E,1
S162I; S163F; K225E; R348C,1
G49C; S162I; S163F; N197S,1
G127S; S162N; K225I,1
S162I; S163F; S191*; K225E,1
A110T; S162I; S163F; P298L,1
K225I; I282V,1
F91L; S162I; K225E,1
S162I; S163F; D196N; K225T,1
Y30S; S162I; S163F; K225E,1
S162N; K225I; Y384N,1
S162I; K225N; E336G,1
S162I; S163F; K225E; K311Q; G378C,1
T160A; K225I; G401S,1
L56M; S162N; K225I,1
P120Q; S162I; S163F; K225I; S367Y,1
S162I; S163F; W268R; Q304*,1
S162I; K225T; V319I,1
R82S; S162I; S163F; K225E; E269G,1
S162I; S163F; V184I; S318I,1
E106A; S162I; K225E,1
S162I; S163F; G220V; K225T; K285R,1
L107Q; S162I; S163F; N362S,1
S162I; K225E; I247V,1
S162I; K225N; I262L; T264K,1
S162I; S163F; G223S; K225E,1
S162N; A207E; K225I,1
S162I; S163F; K225I; D265G,1
Y30H; S162I; S163F; K225E; A313T,1
T160A; V319A,1
D77N; T160A,1
K225I; D325E,1
T160A; K225I; I262V,1
S162I; S163F; S318I; G378D,1
S162N; K225I; R348C,1
Q27R; D65G; T160A; K225I,1
I35L; S162I; S163F,1
S162I; S163F; F178L,1
N92S; S162N; K225I,1
S162I; S163F; S187F; D301Y,1
S162I; K225E; E266D; K342E,1
I134V; S162I; S163F; Y171C,1
M36V; S162N; K225I,1
R45C; S162I; S163F; G177D; K225I,1
M1I; S162I; K225E; E266D,1
S162T; K225N; I352V,1
S162I; S163F; K225E; N243D,1
N97H; S162N; K225M; I247T,1
T160A; K225I; L363M,1
S162I; S163F; M211I; N383D,1
G25S; S162I; K225N; I262L,1
S162I; S163F; F178S,1
S162I; S163F; N388K; V389C; E390R; E391G; N392E; Q394A; I395N; V396C; E397*; E398G; I399D; K400*; R402S; G403W; L404P; V405G; K406*; N407K; K408Q; I409D; E410*; E411R,1
S162I; S163F; C231Y; E266D,1
I126L; S162N; K225I,1
T160A; M211T; K225I,1
N10K; S162I; K225E,1
S162I; S163F; M211I; C231S; F358L,1
G115D; S162I,1
N97S; S162I; K225E,1
E79D; S162I; K225T,1
R16S; S162I; S163F; Y299*; R402C,1
S162I; N164D; K225E,1
S162N; N164S; K225I,1
F136L; S162N; K225I; N316S,1
S162I; S163F; K225E; E269K,1
S162N; K225I; Y355C,1
S162N; K225I; T229K,1
D54Y; S162N; K225I,1
A110D; S162I; S163F,1
S162I; S163F; F186L; K225E; E269G,1
P155L; S162I; S163F; F337L,1
S162I; S163F; I181V; D326N,1
S162I; K225T; I233V,1
S162I; S163F; K225E; V405L,1
V132A; S162I; S163F,1
K37R; S162N; K225I,1
S162I; S163F; K225N; I262L; Q354R,1
L107P; S162I; S163F; Y384C,1
T160A; N197S; K225I,1
S162I; S163F; E410G; E411N,1
S162I; K225N; F303L,1
S162I; S163F; K225E; Q304H,1
N63Y; S162I; S163F,1
S162I; S163F; K225E; T228I,1
S162N; K225I; G403S,1
G115D; S162N; K225I,1
E28*; T160A; K225I; L275S,1
S162I; S163F; H212Y,1
R45H; S162N; K225I; K285T,1
S162I; S163F; N258S; K385R,1
N122S; S162I; K225N; V389A,1
S162I; I262L,1
S162I; S163F; K225E; I271N,1
S162I; N248K; Q373K,1
S162I; S163F; K225N; I321T,1
S162I; T198I; K225E,1
S162I; K225T; P294Q,1
T6S; L56H; S162I; S163F; K225E,1
S60N; S162I; S163F; S166F,1
S162I; S163F; K225T; L380S,1
P112L; S162I; K225N,1
L56H; S162I; S163F; K225E; C231R,1
S162N; K225I; Y317C,1
S140G; P155S; S162I; S163F,1
T160A; K225I; P239S,1
S162I; S163F; N195T,1
N97K; S162I; S163F; F324L,1
D65G; S162I; K225T,1
S162I; K225E; N297H,1
K85N; T160A; K225I,1
N122D; S162I; S163F; K225E,1
S162N; F194V; N197D; T198A; K225I,1
K31I; S162I; S163F; Y299C,1
S162I; S163F; K225E; T234M,1
F158L; T160A; K225I; F324I,1
Q27K; S162I; K225E,1
S162I; K225N; E269G; S292R,1
S162I; F202L; K225N; G257V,1
I21T; S162I; K225N,1
T59S; S162I; F202L; K225T,1
S162I; S163F; G315C; Y384C,1
P43L; S162N,1
F136L; S162N; K225I; K284R,1
P23T; S162I; S163F; K225E,1
S162I; S163F; M211I; N316D,1
S162I; S163F; G226V,1
S162I; S163F; D196E,1
S162N; K225I; D259G,1
S162I; S163F; K225E; L253F; E390K,1
N8Y; S162I; S163F,1
S162I; S163F; N238K; I263V,1
I86T; S162I,1
S162I; S163F; D265N; Y357H,1
S162I; K225N; K278R; Y384C,1
S162I; S163F; N314S; N316I; N344Q,1
K135E; S162I; S163F,1
S162I; S333L,1
S162I; S163F; D199N; T335I,1
S162I; S163F; T230S; E305K,1
R16C; H125Y; S162I; S163F,1
S162I; S163F; V405L,1
T160A; K225I; K288N,1
S162I; S163F; R193L; I232T; N261D,1
S162I; S163F; E213G; K225E,1
S162I; S163F; K225E; T335I,1
K62N; S162I; D199N; I399T,1
D54G; S162N; K225I,1
H125R; T160A; F192L; K225I,1
S162I; K225N; W268R; Y357H,1
A131T; S162N; K225I,1
S162I; S163F; K225E; Q373H,1
I134V; S162I; S163F; L210M; E269K,1
S108N; S162N; K225I,1
S162N; K225I; Q290*,1
S162I; S163F; K225E; R244S; E269*,1
T160A; A224S; K225I,1
S162N; K225I; E410G,1
I41V; K225I; Y357C,1
S162I; N169D; K225E; G401S,1
K80R; K225E,1
Y113H; S162I; S163F; K225E,1
S162I; S163F; V184A; S318I,1
N147D; T160A; K225I; I352T,1
T160A; S162I; K225E,1
G152A; S162N; K225I; N388D,1
S162N; K225I; E266*; N274D,1
S162N; K225I; Q235R; R244S,1
S162I; K225N; K400M,1
D15E; K225T,1
K85E; S162I; S163F; N316D,1
N97S; S162I; S163F; V396I,1
S162I; S163F; K306R,1
N122S; S162N; K225I,1
S162I; S163F; I395L,1
K22N; S162N; K225I; S333P,1
A129S; S162I; S163F; K225E,1
S162N; P188Q; K225I,1
S162I; S163F; K300M,1
S162I; S163F; N274H,1
S162I; S163F; L309V,1
P121T; S162I; S163F; K225E,1
T160A; K225I; I321V,1
I21V; S162I; S163F; I249L,1
S162I; S163F; D326N; R402C,1
S162I; S163F; Y307C; E411*,1
K225I; S287G,1
S162I; S163F; K225I; E398A,1
P71Q; S162I; K225N,1
S162I; S163F; M211I; Y317*; P393H; Q394K; I395L; V396L; E397R; E398R; I399L; K400R; G401V; R402V; G403A; L404W; V405L; N407T; K408R; I409L; E410K; E411S,1
S162I; S163F; K406R,1
M1I; S162I; S163F; Y357H,1
R93S; S162N; H216Q; K225I,1
I86T; S162I; S163F; I368V; R402C,1
D54N; S162I; S163F; K225E; E336K,1
S162I; Q373H,1
S162I; Y171H; K225N,1
S162I; S163F; K225E; V405F,1
S162I; S166P; K225T; I232T,1
L98R; S162I; S163F; K225E,1
S60G; S162I; K225T,1
S162I; S163F; Y299N,1
I102L; T160A; K225I; Y355H,1
S162I; S163F; L331P,1
T75P; S162I; S163F; P393Q,1
S162I; K225E; N407I,1
S66F; S162I; S163F; K225E; S287T,1
S162I; S163F; I233V; G257V,1
D54G; S162N; K225I; N407K; K408Q; I409D; E410*; E411R,1
W40*; S162I; S163F; K284N,1
L56H; S162I; S163F; V319I,1
G152S; S162I; S163F; Y299C,1
Q88T; L98P; P121D; T198S; D199I; K225I; D265V; E266A; W268Y; E269N; Q270D; R272Y; S273T; K277N; K278D; E280R; E281K; K284S; N314S; N316I,1
T160A; N200S; M211I; K225I,1
S162I; K225I; A313T,1
S162I; S163F; K225E; T350S; Y355D,1
D54N; M172I; K225T,1
S162I; N297D; I352V,1
T6S; T75Q; T76S; S162I; S163F,1
S162I; S163F; K225N; E390D,1
S162I; S163F; W268R; N362D,1
S162I; S163F; V184F,1
Y73C; S162I; K225E,1
S162I; S163F; F186L,1
N147D; S162I; K225E; L276F,1
G127C; D128Y; S162I; S163F,1
T160A; K225I; Q394R,1
S162I; A182S; K225L; G403D,1
Y68C; I143V; S162I; S163F; K225E,1
F29I; S162I; K225T,1
N161S; S162I; K225T,1
L56H; S162I; S163F; P206L; I215V,1
Q53R; K225I; T230A; P298L,1
S162I; S163F; L167M; K385R,1
S162I; S163F; E397K; R402C,1
L56Q; S162I; S163F; K225N,1
S162I; S163F; M172I; K225T,1
S162I; S163F; N316S; E398G,1
S162I; S163F; K225I; K385R,1
P2L; S162I; S163F; K225I,1
K225I; T228A,1
S162I; S163F; K225E; N322D; S361A; V389I,1
S162N; L167P; K225I,1
S162I; S163F; P173T; P239T,1
S162I; P173S; K225E,1
K85R; S162N; K225I,1
D128Y; S162I; S163F; K225E; L309M,1
V148I; S162I; S163F; K225E; L276F,1
R45L; T160A; K225I; T230M,1
S162I; S163F; G177C; K225E; T372A,1
S162N; N197D; K225I; Q290*,1
S162I; S163F; T242A; N316K,1
S162N; K225I; T350A,1
S162I; G401S,1
S162N; K225I; K359R,1
S162I; K225N; R348S,1
S162I; S163F; I282N; S318I,1
P52L; S162I; S163F; R402H,1
Y20H; S162I; S163F; K385N,1
S162I; S163F; D301N; R402C,1
K3Q; S162I; K225E,1
E28G; S162I; K225N,1
A207S; K225I,1
M1V; S162I; K225N,1
S162I; K225T; A313E,1
S162I; K225N; K311E,1
T160A; K225I; R244S,1
S162I; S163F; G220V; K225T; T242I,1
S162I; K225N; G386V,1
S162I; S163F; K225M; I302T,1
Y69H; S162I; S163F; Y355H,1
K62N; S162N; K225I; T230S,1
L98P; S162I; S163F; W268R,1
S162I; K225N; I232V,1
N8D; S162I; S163F; Q387R; N388M; V389S; E390R; E391R; N392T; P393R; Q394K; I395L; V396L; E397R; E398R; I399L; K400R; G401V; R402V; G403A; L404W; V405L; N407T; K408R; I409L; E410K; E411S,1
S162N; K225I; I368V,1
S162I; S163F; I409D; E410*; E411R,1
T59I; S66Y; L98I; T160A; K225I,1
E106K; N161S; S162I; K225E,1
T160A; I183T; K225I,1
P121Q; S162I; S163F; G315D,1
S162I; S163F; N344K,1
S162N; S217G; K225I,1
K22T; S162I; S163F; K225E,1
S162I; S163F; K225E; S273N; S318I,1
S162N; K225I; I368T,1
S162I; S163F; I203M; W268R,1
T160A; K225I; F324L,1
T160A; H216Y; K225I,1
S162I; S163F; Q237R; R402C,1
Q27*; S162I; S163F; K225E; V291M,1
D65N; S162I; K225T,1
K225I; A313E,1
S162N; K225I; K278N; E280G,1
F136L; S162I; S163F; K225E,1
K37N; S162I; S174N; K225I,1
E44*; S162N; K225I,1
N92K; S162I; S163F; G403S,1
S162N; K225I; P298L,1
T50I; R82H; S162I; S163F; K225E,1
S162I; S163F; T382M; E410G,1
S162I; K225N; D301E,1
T17A; S162I; S163F; R402C,1
A32T; S162N; K225I; P298S; I395L; V396L; E397R; E398R; I399L; K400R; G401V; R402V; G403A; L404W; V405L; N407T; K408R; I409L; E410K; E411S,1
S162I; S163F; G223S; K225E; T242I; D312N,1
N195S; K225I,1
D65Y; S162I; S163F; M211I,1
P121S; S162N; K225I; Y355H,1
S162N; K225I; G401C,1
T6S; A32S; T75Q; T76S; Q88T; S162N; K225I; N344Y,1
G49C; S162I; S163F; K225N,1
T59A; L98F; S162I; S163F,1
T160A; K225I; S287G,1
S162I; K225E; V291A,1
E159G; S162I; S163F,1
I4V; S162I; K225I,1
T160A; K225I; D338Y,1
N161D; S162I; S163F,1
S162I; S163F; S187Y; K225E; A283T,1
S162I; S163F; N248K; A313T,1
I90M; S162I; K225E; Q290E,1
S162N; K225I; Y307H,1
S162I; K225E; P298S,1
S67I; S162I; S163F; K225T,1
S162I; I203V; K225T,1
I41V; S162N; K225N,1
S162I; S163F; N370S; A381S,1
S162I; S163F; K225E; N261D; N297D,1
S162I; K225E; Y357C,1
S162I; S163F; T198A; K285N,1
R45L; S162I; S163F; K288R,1
S162I; K225N; N274K,1
G49C; S162N; K225I; K300R,1
C26Y; T160A; K225I,1
S162I; S163F; K225E; I371V,1
R16H; S162I; S163F; K225E; S287G,1
S162I; S163F; K225E; N407T,1
T17A; S162I; S163F; S287N,1
S162I; K225I; N383S,1
N92S; S162I; S163F; K225E,1
M1I; H142Y; S162I; S163F,1
S162N; S166P; K225I,1
P12T; S162N; K225I,1
A153T; T160A; K225I,1
S162N; K225I; N316S; Y357H,1
R82H; S162I; S163F; K225E; C231R,1
S162I; S163F; K277R; S292N; R402C,1
S162N; Y190H; K225I,1
Q27P; S162I; S163F,1
S162I; S163F; K225E; L276F; A340V,1
E78G; S162I; S163F,1
S162I; S163F; S273N; S318I,1
Q141L; S162I; S163F,1
S162I; S163F; N261H; N388I,1
S162I; S163F; K225E; C231R; T372P,1
S162N; K225I; V289M,1
N10S; F136L; S162N; K225I,1
P43L; S162I; S163F; A340E,1
T59N; T160A; K225I; G401S,1
C26R; S162I; S163F; E398G,1
F136L; S162N; K225I; P298S,1
S162I; S163F; K225E; N293K,1
S162I; S163F; Y171H,1
S162I; S163F; Q236R; Y355H,1
L84Q; S162I; S163F; D310N,1
T50A; S162N; K225I,1
T6S; A32S; L56H; T75Q; T76S; T160A; K225I,1
N14D; E105G; S162I; S163F,1
S67R; S162I; C347Y,1
G127S; S162I; S163F; K225E,1
S162I; S163F; K225E; I409D; E410*; E411R,1
S162I; S163F; K329T,1
F136L; S162N; K225I; V291M,1
S162N; K225I; E266*,1
P120S; S162I; S163F; N407S,1
S162I; S163F; K225E; I282V,1
S162N; L214M; K225I,1
K37E; S162I; S163F; N383D,1
S162N; K225I; T230P,1
P57H; S162I; S163F,1
S162I; S163F; V396A; E410G,1
S162N; K225I; I327V,1
S162N; K225I; I263L; T264K; S273C; I327V,1
E28K; T160A; K225I,1
S162I; S163F; W268R; N316S,1
S162I; S163F; M211I; C231S; I371T,1
S162I; K225N; C347R,1
S162I; S163F; K225E; G226D,1
S162I; S163F; E189K; K225E,1
S162I; S163F; K225I; D265V; E266A; W268Y; E269N; Q270D; R272Y; S273T; K277N; K278D; E280R; E281K; K284S,1
S162N; K225I; Q373R,1
S162N; N175D; K225I,1
P43S; T160A; K225I; I233V,1
T160A; K225N; T229M,1
D54E; S162I; S163F,1
K225I; S318N,1
S162I; S163F; I181V; Y357F,1
S162I; S163F; N175H; N248Y,1
S66P; S162I; K225N,1
N63T; S162I; S163F,1
N97S; G115S; S162I; K225N; Y357H,1
S162I; S163F; S174N,1
S162I; S163F; P206T; A207E,1
S162N; K225I; N248D,1
S108R; S162I; K225E,1
K3R; S162N; K225M,1
S162I; S163F; N243S; Y355H; N407K; K408Q; I409D; E410*; E411R,1
S162N; K225I; R272H,1
M1V; S162I; S163F; K225E,1
Q123R; S162I; S163F; D265N,1
I102F; S162I; K225E,1
P23T; S162I; S163F,1
H125Y; S162I; S163F; Y171C; L276I,1
V47M; S162I; S163F; K225E,1
N38S; T160A; K225I,1
K225I; L260P,1
D65Y; S162I; K225E,1
P121S; T160A; I183T; K225I,1
S162I; S163F; K225N; E266K; G315R,1
T160A; K225I; D325Y,1
T160A; K225I; L240M,1
G64S; S162N; K225I,1
S162I; S163F; Y307*; A313V,1
S67I; S162N; K225I,1
T160A; K225I; D326G,1
S162I; S163F; G223V; K225N,1
K85Q; S162I; S163F,1
S162I; S163F; I181T; E251*,1
S162I; S163F; G315S; F343L; Q394R,1
N161Y; S162I; S163F,1
S162I; S163F; M211I; G246C,1
S162I; S163F; T242A; S367F; I371V; N388D,1
S162I; S163F; Y171C; K225I,1
G25V; S162I; S163F; K225E,1
K37E; H125Y; S162I; S163F; A182T,1
Q88*; T160A; K225I,1
S162I; S163F; I247V; Q290H,1
S162I; K225N; E305K,1
Q88T; S162I; S163F; T242P,1
S162I; S163F; Y190D,1
S162I; K225N; Y279H,1
T75A; S162I; K225N; I262L,1
E154*; S162I; S163F; K225M,1
S162I; K225E; G401S; E410K,1
S162I; K225N; N407D,1
T51I; S162N; S217N; K225I; A283T; K284R,1
S162I; K225E; V291M,1
I143V; S162I; S163F; Y190C,1
S162I; S163F; W268R; G403V,1
T6S; E44*; S162I; S163F; K225E; S287G,1
K85N; S162I; K225N,1
S162I; K225N; I377V,1
Y113*; S162I; S163F,1
Q123K; S162I; S163F; K225E; Q237*,1
E159G; S162N; K225I,1
D65N; S162I; S163F; R402C,1
S162N; K225M; L260M,1
P112Q; S162I; S163F; K225E,1
S162N; P206L; K225I,1
N122S; S162I; R193L; K225N,1
V13I; S162I; S163F; V405I,1
K31E; K225I,1
K225I; K329Q,1
L98P; S162I; S163F; E411G,1
K225I; E391D,1
S162I; S163F; K225E; N344Q; D365N; T372S; Q373E; F375Y; G378N; S379N; A381K; T382V; Y384F; K385R; V389A; E390N; E391L; Q394H; V396I; E397K; E398P; K400T; N407K; K408I; E410R; E411F,1
S162I; K225N; K400N,1
A153T; S162N; K225I,1
G64D; S99A; S162I; S163F,1
W40*; E106K; S162I; S163F,1
S162N; K225E; E336K,1
K37R; K225I,1
S162I; S163F; K225E; N316K,1
L19P; S162N; K225I,1
V47L; S162I; S163F; S318I,1
D54N; S162I; S163F; C231R,1
S162I; S163F; N388S; K400R,1
N96D; T160A; K225I,1
F136L; S162N; K225I; N322S; E391G,1
G64S; S162I; S163F; M172I,1
S162I; K225I; Q387S; N388E; V389C; E390R; E391G; N392E; Q394A; I395N; V396C; E397*; E398G; I399D; K400*; R402S; G403W; L404P; V405G; K406*; N407K; K408Q; I409D; E410*; E411R,1
S162I; S163F; K225E; G257S,1
S162N; K225I; N388M; V389S; E390R; E391R; N392T; P393R; Q394K; I395L; V396L; E397R; E398R; I399L; K400R; G401V; R402V; G403A; L404W; V405L; N407T; K408R; I409L; E410K; E411S,1
S140I; S162I; S163F; I232T; I271V,1
E154*; S162N; S166Y; K225I,1
N10S; S162I; S163F; N322S,1
S162I; S163F; V405F,1
S162I; S163F; I181V; K329E,1
S162N; S191P; K225I,1
S162I; S163F; I395F,1
S162I; K225N; C231Y,1
S162I; S163F; A224E,1
K225I; E349K,1
S162I; K225E; N316D,1
K225E; Y307H,1
S162I; S163F; K356*,1
Q53R; K225I; P239Q,1
A110V; T160M; S162I; S163F,1
N34S; E154K; S162I; S163F; S318I,1
S162I; K225N; I262L; L380F,1
S60G; S162N; K225I,1
I134V; S162I; S163F; E251G,1
T160A; K225I; R244C; I271V,1
T6S; T160A; K225I,1
T160A; Q204P; K225I,1
S162I; S163F; K225E; F252S,1
S162I; S163F; K225E; D326G,1
M1L; T160A; K225I,1
S60N; S162I; S163F; M211I,1
S99A; S162I; S163F; W268L,1
P23T; S162I; S163F; S318I,1
T160A; S174R; K225I,1
R45H; S162I; S163F; K225N,1
E106A; S162N; K225I; I241V,1
D15G; S162I; P206S; K225N,1
S162I; S163F; E189K; G378S,1
T160A; K225I; S273I,1
S162I; S163F; D326N; G386C,1
Q123R; S162I; S163F; R402C,1
G64C; S162I; S163F; A224V; K225E,1
S162I; S163F; I183V; K225E,1
E106A; S162I; S163F,1
S162I; S163F; D365*,1
S162I; S163F; E390Q,1
K225M; N258S,1
F136L; S162N; K225I; V389I,1
P57T; S162I; S163F; K225E,1
F33L; S162I; S163F; I215V,1
S162I; E410G,1
S162I; K225N; T228I,1
N111S; F136L; S162N; K225I,1
S162I; K225N; K329R,1
E28G; S162I; S163F; C231R,1
S162I; S163F; K225M; N392S,1
D128Y; S162I; S163F; W268R; Y384C,1
S162I; M172V; K225N,1
P57H; S162N; K225I,1
W40R; P121D,1
S162N; K225I; E398A,1
I102T; S162I; S163F; E391D,1
P52T; S162I; S163F,1
S162I; K225T; N261S,1
S162I; S163F; K225I; Y357H,1
S162I; K225I; I409V,1
T160A; S187F; K225I; N407T; K408R; I409L; E410R; E411S,1
T75I; S162N; K225I,1
S162N; K225I; E391A,1
D77V; S162I; S163F; K225E,1
T160A; K225I; Y299D,1
G24D; S162N; K225I,1
S162I; E201*; K225N,1
Q27K; I90M; S162I; K225E; F334L,1
S162I; S163F; Q373R; G374V; F375S; N376T; I377S; G378A; S379H; L380W; A381R; T382R; N383T; Y384T; K385R; G386V; Q387R; N388M; V389S; E390R; E391R; N392T; P393R; Q394K; I395L; V396L; E397R; E398R; I399L; K400R; G401V; R402V; G403A; L404W; V405L; N407T; K408R; I409L; E410K; E411S,1
S162I; D205E; K225N,1
S162I; N195S; K225E,1
S162I; S163F; K225E; Q290L,1
T59P; S162N; K225I,1
S162I; S163F; P188S; R402C,1
S162I; S163F; K225E; Y384N,1
S162I; Y171N; K225N,1
E28K; K225I; E411G,1
T50A; S162I; K225T; N297S,1
S162I; S163F; M211L; S318I,1
S162I; S163F; L253S; I377V,1
T6I; G115S; S162I; S163F; K225E,1
S162I; K225I; N316D,1
G100V; S162N; K225I; V319I,1
D11V; P121Q; K225T,1
E28K; S162I; S163F; K245E; N320S,1
D70V; K225I,1
S66Y; S162I; S163F; C231R,1
S162N; K225I; L331P,1
F158L; S162I; S163F; W268R,1
G127V; K225I,1
S162I; S163F; F202L; I227V,1
S162N; K225I; I262V; Y355H,1
S162I; S163F; N248S; D325N,1
D199N; K225I,1
D117Y; S162I; S163F; E201*; K225E,1
S162I; S163F; M172V; Q237R; S361Y; R402C,1
F136L; S162N; K225I; Y384F,1
Q123R; S162I; S163F,1
S162I; S163F; K225E; E269G; D366Y,1
S162N; K225M; E280K,1
I134V; S162I; S163F; V184D; P239T,1
L114M; S162I; S163F,1
F29L; V132F; S162I; S163F; K225E,1
F136L; S162N; K225I; D365N,1
T160A; K225I; T230K,1
V87L; S162I; S163F; K225E,1
S162I; S163F; N314S; N316I; F337V,1
S162N; D196N; K225I,1
S162I; S163F; S318I; Y384C,1
S162I; K225N; T341N,1
E44G; S162N; K225I,1
Q53R; K225I; T335A,1
S162N; K225I; T372P,1
S162I; S163F; L221F,1
S162N; T198P; K225I; A313T,1
Y73C; S162I; K225T,1
R45S; S162I; S163F; K225E,1
S162I; K225N; G257V,1
Q123R; S162I; S163F; N243S,1
T75Q; T76S; T160A; K225I,1
T160A; I203V; K225I; D301G,1
Q27H; S162I; S163F; I181V,1
S162I; S163F; P188T; K225E; K306R,1
P43L; S162I; S163F; G226S; R402C,1
S162I; S163F; D312G; S318I; K342E,1
K135*; S162N; K225I,1
S162N; K225I; S287I,1
D77H; S162I; S163F,1
M36L; S162I; S163F,1
P58Q; S162I; S163F; K225E; T372P,1
S162I; K225E; I368T,1
T160R; S162I; S163F; K225E,1
N10K; S108G; S162I; S163F,1
S162N; K225I; N261T; W268*,1
S162I; K225T; Q267R,1
I42V; S162I; S163F; K225N,1
S162I; M172I; K225N; I262L; D326N,1
Y20C; S162I; K225N,1
N97D; S162I; S163F; K225M,1
S162I; S163F; K225E; Y357C; N407S,1
Q88*; S162I; S163F; S273N,1
S162I; A182S; S217G; K225T,1
S162I; R168C; K225E,1
P23L; S162I; S163F; K225E,1
S140R; S162I; K225E,1
S162N; F194L; K225I; K277R,1
N34S; S162I; S163F; K225N,1
T160A; K225I; N388I,1
N34K; S162I; S163F; K225E,1
N10S; S162I; K225N,1
L98P; S162I; S163F; N261D,1
S162I; S163F; V291L; R402C,1
K225I; I249S,1
S162N; K225I; G257S,1
S162I; I233V; A381T,1
R82S; T160A; K225I; E390K,1
Y68H; S162I; S163F; D265E,1
L144S; T160A; K225I,1
S162I; S163F; L404M,1
S162I; S163F; G315D; S318I,1
Q88T; S162I; S163F; K225E,1
E154K; S162I; S163F; S318I,1
S162I; K225N; S318G,1
S162N; R168H; K225I; K284R,1
S162I; S163F; D265A,1
E106G; S162N; K225I,1
S162I; S163F; R244H; A313T,1
G100D; S162I; K225E,1
S162I; S163F; D326E,1
T59P; S162I; S163F; R402C,1
G49D; S162I; S163F; E305*; S318I,1
S162I; S163F; K225E; S379*,1
S108I; S162I; S163F; K225E,1
N10D; S162I; S163F; K225E; E269G,1
K225I; G256E,1
N111S; S162I; S163F; S318I,1
P52Q; S162I; S163F; M211I,1
S162I; K225E; L286I,1
S162I; S163F; H212Y; K225E; S287G,1
S162I; I215T; K225N,1
S162I; S163F; G315C; E336*,1
S162I; S163Y; D326N,1
S67I; S162I; S163F; R402C,1
S162I; S163F; K225N; Y355H,1
A110V; S162N; K225I; F303L,1
S162I; S163F; M211I; D365E,1
S162I; S163F; K225E; I227V; E349K,1
S162I; S163F; K225E; S318G,1
S162I; S163F; D196N; P298S,1
T59A; S162I; S163F; N175H,1
S162I; S163F; I377L,1
N111D; K225I,1
S162N; K225I; T234K,1
S162I; S163F; T341A; R402C,1
I39V; S162I; S163F; W268R,1
S162I; S163F; E269K; N383S,1
S162I; S163V,1
T160A; D196A; K225I,1
N122K; S162I; K225N,1
S162I; S163F; N197T; N243S,1
S162I; H216Y; K225E,1
K225I; Q236*; E281G; Y299C,1
S162I; S163F; K225E; L276F; Q373K,1
P155S; S162I; S163F; Y171C; N362D,1
D65Y; S162I; T198S; D199I; K225N,1
S162I; K225N; C347Y,1
S162I; S163F; N293T; K400R,1
G49S; T160A; K225I,1
S162I; K225N; Y299H,1
A110T; S162I; S163F; K225M,1
S162I; S163F; G220V; K225T; R402C,1
G25D; W40*; S162N; K225I,1
S162I; S163F; I181V; N258D; Q267L,1
F136L; S162N; G220C; K225I,1
K22R; P23L; S162I; S163F; K225I,1
D117Y; S162N; K225I; E336K,1
S162T; K225N; I262L,1
N96S; S162I; T209P; K225N; Y357H,1
S162I; S163F; L276F; Q387K,1
S162I; S163F; K225E; L276F; E397G,1
S162I; S163F; K225I; E336*,1
M1R; S162I; S163F; K225E,1
D54G; S162I; S163F,1
K22N; S162I; S163F; K225E; N261K,1
S162I; S163F; S166P; L276I,1
S162V; S163F; E250D,1
S162I; S163F; N164S; F337S,1
T160A; K225T,1
N5D; S162I; S163F,1
G25S; S162I; K225T; N261D,1
T6S; N38S; S162I; S163F; Q394H,1
T6S; Q88K; S162I; S163F; K278R,1
S162I; S163F; N392K,1
S162I; S163F; S174C,1
P43S; S162I; K225E,1
T160A; K225I; I233V; N258D,1
S162I; S163F; K225I; W268R,1
P12L; S162N; K225I,1
S162I; K225N; T228S,1
S162I; S163F; K225E; K342R; D366Y,1
K37N; S162I; S163F; E397G,1
I35V; S162I; S163F; S318I,1
S162I; S163F; A313P,1
C26Y; S162I; S163F; K225E; F334L,1
T160A; P206L; M211V; K225I; T264A,1
K62Q; S162I; S163F,1
N161Y; S162I; S163F; D196N,1
T119I; S162I; S163F; A207V; K342R; N407S,1
F7L; S162I; S163F; R402C,1
N95Y; S162I; S163F; K400E,1
S162I; S163F; W268R; L360*,1
K225V; A283V,1
S162I; S163F; A283D,1
S162I; S163F; R193H; M211I,1
T160A; E189*; K225I,1
G220V; K225I; N407D,1
K62R; S162N; K225I; N261D,1
S162I; S163F; N170D; K225E,1
S162I; S163F; R168S; K225E,1
S162I; K225N; A381E,1
N96D; S162N; I165V; K225I,1
S162I; K225N; L296R,1
S162I; S163F; K225M; S273N,1
R82H; S162I; K225N,1
S162I; K225E; E391*,1
S162I; K225N; T264A; Q295*,1
P120S; S162I; S163F; C231R,1
A32S; S162I; K225I,1
T160A; K225I; S287N,1
S162I; S163F; N392S,1
K135*; S162I; S163F,1
L98P; S162I; S163F; K225E; L276F,1
I41V; S162I; S163F; E397G,1
Q27R; S162I; K225N; Q354R,1
S162I; N164S; K225I,1
S162N; K225I; L276F; Y384C,1
S162I; K225N; E281*,1
S162I; S163F; G256E; F334L,1
S162I; S163F; G179C; P393L,1
S162I; S163F; N344D,1
E28A; S162I; S163F; K225E,1
S162I; K225N; D338G,1
R16H; S162I; S163F; S318I,1
G101C; S162I; S163F; Q267H,1
S162N; K225I; K277R,1
S162I; S163F; K356R; Q373*,1
S162N; K225I; K285N; Y384H,1
S162I; S163F; S333*,1
S60G; S162I; S163F; Y332H,1
A32S; S162I; K225S,1
T6A; S162I,1
P71S; S162I; S163F; I181V,1
R16C; T50A; S162I; S163F; I232V; E398G,1
S162I; S163F; I247T; E411G,1
N92K; S162I; S163F; K225E,1
N138D; S162I; K225I; Y355H,1
S162N; K225I; G378D,1
S162I; S163F; Q354*; R402C,1
E28G; S162I; K225I,1
H142N; S162I; S163F; K385N,1
S162I; S163F; K225E; I227T,1
M151I; S162I; S163F; Y384H,1
E78*; S162I; S163F; D365E; E410G,1
S162I; S187F; K225T,1
G152V; S162I; S163F; K225E,1
S162N; K225I; E391G,1
S162I; S163F; K225E; G374V,1
E28G; S162I; S163F; K225E,1
S137G; S162I; S163F,1
S162I; K225E; K408R,1
S162I; S163F; D199N; S318I,1
A32R; S162I; S163F; Q267*,1
S162I; S163F; C231R; T242I,1
S162I; S163F; M211I; K225E,1
S162I; A207V; K225N,1
L157F; S162N; K225E; F358S,1
L98P; S162I; K225N,1
S60G; S162I; S163F; D312N,1
P58L; S162I; K225N; R402C,1
S162I; K225I; K356E,1
S162I; K225I; D312E,1
S162I; S163F; I368T; E411K,1
S162N; K225I; E281*,1
S162I; S163F; P173L; E410K,1
S162I; S163F; H216Y; K225E,1
T51I; S162I; K225E,1
N147T; S162I; S163F; N261D; Y357H,1
T160A; S191*; K225I,1
S162I; K225N; F375L,1
S60N; S162I; S163F; S379L,1
S162I; S163F; P206Q; V319I,1
S162I; S163F; E269K; A313T,1
S162I; S163F; P173T; K225E,1
D15Y; S162I; S163F; K225E,1
P12S; F136L; S162N; K225I,1
S162I; S163F; T242A; K311E,1
E79*; S162I; S163F; K225I,1
S162I; S163F; H219L; K225E,1
A32T; S162N; K225I,1
G127V; S162I; S163F; V184I,1
E78G; S162N; K225I,1
S162I; S163F; G256R; E280K,1
E28K; P155Q; S162I; S163F,1
K225I; Y357C,1
D65Y; E105*; S162I; S163F; K225E,1
S162I; S163F; K225E; Y299H,1
S162I; K225N; S379P,1
E79D; S162I,1
P58L; S162I; S163F; I181V,1
S162N; K225I; D325G,1
S162N; K225I; T382K,1
E79D; S162I; K225E,1
S162I; K225N; K288N,1
P2S; I41V; S162I; S163F,1
T160A; K225I; D365Y,1
N111S; S162I; S163F; I183V,1
S60G; S162N; K225M,1
Q88P; S162I; S163F; K225M; A313E,1
N138K; S162I; S163F,1
L98F; S162I; S163F; K225E; N383S,1
D65Y; S162I; K225N,1
G152D; S162I; S163F; Y355H; F358L; N392S,1
S162I; N200D; K225N,1
S162I; S163F; M211I; C231S; G256V,1
F33L; S162I; S163F; K225E,1
S162I; S163F; E349K; K408E,1
Q27H; S162N; K225I,1
S162I; S163F; K225E; Q237R; E398K,1
Y9C; S162N; K225I; Y357H,1
T6S; A32S; P121D; S162I; S163F; K225E,1
S162I; S163F; K278R; N316S,1
Y30F; S162I; S163F; E305K,1
S162I; S163F; K225E; S361P; R402C,1
S162I; S163F; K225M; K323R,1
S162N; K225I; K359E,1
T160A; S162I; S163F; Q237R; Q387K,1
T6I; S162I; S163F; P239Q; S318I,1
R93S; S162N; K225I; D310G,1
G115S; S162I; K225E,1
S162I; N195S; K225N,1
T160A; K225I; Q295K,1
N147S; S162I; K225N; I262L,1
L145M; K225I,1
S162I; S163F; A340E,1
A129V; S162I; S163F; K225E,1
S162I; S163F; N164K,1
G115C; S162N; K225I,1
S162I; S163F; Y171C; T242I,1
N72H; S162I; S163F,1
L98F; S162N; K225I,1
P43S; N111S; S162I; S163F,1
I42T; S162I; S163F; K225I,1
S162I; S163F; I181V; G353C,1
S162N; S217R; K225N,1
S162I; S163F; L240M; Q270K,1
K80Q; T160A; K225I,1
S162N; I183T; K225I,1
T6S; S162I; S163F; E305G,1
S162I; K225I; T335S,1
S162I; S163F; E305A; N388T,1
D15N; S162I; S163F; E251G,1
N72S; S162I; S163F; E398D,1
S162I; S163F; L260P,1
N92K; S162I; S163F; V319A,1
S162I; S163F; K225E; P239S,1
P2S; S162I; S163F; S318I,1
N8S; S162I; S163F,1
R93P; S162I; S163F,1
A129S; S162I; S163F; P239S,1
S162I; K225N; S292N; K329E,1
P146Q; S162N; K225I,1
K225I; R402C,1
S162I; K225E; S318I,1
T6S; S162I; K225N,1
R93C; S162I; S163F; S318I,1
S162N; R193L,1
L144S; K225I,1
S162I; K225N; N238I; I271V,1
S162I; S163F; G401S; E411D,1
S162I; S163F; K225E; E349K; Y357H,1
R16H; S162I; K225E,1
S162I; K225N; Y279C,1
S162N; G220D; K225I,1
Y30C; S162I; K225E,1
S162I; K225E; E411G,1
S162I; S163F; K225E; N293S; L404W; V405L; N407T; K408R; I409L; E410K; E411S,1
S162I; S163F; K225M; E410K,1
S162I; S163F; N258Y; S318R,1
Q141R; K225I,1
S162N; K225I; L363M,1
E44V; S162I; S163F,1
E28G; S162I; S163F; N248K,1
S162I; S163F; N320D,1
S162N; D199Y; K225I,1
S162I; S163F; N175S; L210M,1
T160A; K225I; W268C,1
T160A; K225I; D301Y,1
T160A; E213K; K225I,1
S162I; P188T; K225N,1
Y69C; S162I; K225N,1
I143F; S162I; K225E; G403S,1
S162N; K285N,1
I150L; S162I; S163F,1
S162I; S163F; A182S; G220S,1
N38S; S162I; S163F; W268R,1
S162I; G378S,1
N97K; S162I; S163F; K225E,1
S162N; K225I; L240M; V396I,1
S162I; S163F; F343L; N344S,1
K225E; T341A,1
S162I; S163F; N314S; N316I; A340V,1
N46S; S162I; K225N,1
S162I; K225E; Q373*,1
E28D; S162I; K225T,1
T160A; K225I; S361P,1
S162I; K225N; L260M,1
S162I; S163F; K225I; D365Y,1
R93C; N138D; S162I; K225I,1
T160A; K225I; A381S,1
D15N; S162I; S163F; L276F; F358L,1
I143V; S162I; M172I; K225N,1
S162I; S163F; E189G; E269G,1
S162I; S163F; I227V; W268*,1
S162I; S163F; S292N; A340T,1
P43T; S162I; S163F; K225E,1
I102L; S162I; K225N; I262L; V345A,1
G139D; S162I; S163F; A207E,1
S162I; S163F; K225E; D301E,1
K225I; V291M,1
P155L; S162N; K225I,1
S162N; K225I; V396I; G403V,1
S162I; K225E; S318C,1
S162I; S163F; P173S; K225E,1
I126N; T160A; K225I,1
S162I; S163F; K225E; V405A,1
S162I; S163F; M211I; S318R,1
N8I; S162I; S163F,1
T160A; K225I; E410*,1
F136S; S162I; S163F; E251G,1
S162N; K225I; A381T,1
K225I; T228I,1
G220V; K225I; Y355H,1
S162I; K225E; T234P,1
E154*; S162N; F194L; K225I,1
V132D; S162I; S163F,1
S162I; S163F; W268R; S292N,1
S162N; K225I; Q394A; I395N; V396C; E397*; E398G; I399D; K400*; R402S; G403W; L404P; V405G; K406*; N407K; K408Q; I409D; E410*; E411R,1
S162I; S163F; K225E; K311R; V405I,1
S162I; S163F; T372I; R402C,1
T160A; K225I; P239L,1
E79D; S162I; S163F; T264A,1
G25S; S162I; K225N,1
I102T; S162I; S163F; K225E,1
D70N; S162I; S163F; M172I,1
E106A; S162N; K225I,1
S162N; K225I; P294L; D326Y,1
T160A; K225I; Q373*,1
T160A; N170S; K225I; S318N; N383S; N407K; K408Q; I409D; E410*; E411G,1
S162I; K225N; P294S,1
E78G; S162N; K225I; E410K,1
S162I; S163F; S180P; K225E,1
P121Q; S162I; K225N,1
N122D; S162I; S163F; K225E; E411K,1
S162I; S163F; K225E; D325G,1
S162I; K225N; N238K,1
E28K; I134V; S162I; S163F,1
E28K; S162I; S163F; S379P,1
S162I; S163F; Y384*; K385R; G386V; Q387R; N388M; V389S; E390R; E391R; N392T; P393R; Q394K; I395L; V396L; E397R; E398R; I399L; K400R; G401V; R402V; G403A; L404W; V405L; N407T; K408R; I409L; E410K; E411S,1
S162I; S163F; K284S; N314S; N316I,1
M172I; K225T; R402S,1
S162I; S163F; S191T,1
S162N; N200D; K225I,1
S162I; S163F; T372S,1
S162I; S163F; N388T,1
T160A; K225I; C347Y,1
T75A; S162N; K225I,1
S162N; K225I; G257S; V291M; I377T,1
Q88*; D117E; S162I; I165T,1
T17A; S162N; K225I,1
S162I; K225N; K285R,1
S162I; S163F; N388K,1
N96S; S162I; K225N,1
S162N; K225M; T335A,1
T6S; S162I; S163F; R402C,1
G101D; S162I; S163F; M211I; C231S,1
I126V; S162I; S163F; C231R,1
S162I; S163F; M211I; F358V,1
S162N; K225I; K323*,1
S99T; S162I; K225N; Q394R,1
T160A; K225I; T264A; Y357C,1
S162I; S163F; R168C; K225I,1
S162N; K225I; D325Y,1
S162I; S163F; I302T; D312Y,1
V148I; S162I; S163F; K225N,1
A153V; S162I; S163F; T372A,1
T119I; S162N; K225I,1
S162I; S163F; K400R; G401V; R402V; G403A; L404W; V405L; N407T; K408R; I409L; E410K; E411S,1
A110S; S162I; S163F; I321V; T372N,1
S162N; S163F; D196G; K225I; K284R,1
S162I; K225N; K278E,1
N14D; K62R; S162I; S163F,1
L84P; G100D; S162I; S163F; K225E; N362D,1
N111H; S162I; S163F; K225E; C231Y; E269G,1
S162I; S163F; C347*; K406R,1
F29Y; S162I; K225E,1
V13I; S162N; T198I; K225I,1
K225I; G403D,1
S162I; S163F; N293T,1
I102L; S162I; S163F; K225E; N248S,1
S162T; K225E,1
F136L; S162N; V184I; K225I,1
E133*; S162N; K225I; Y384C,1
S162I; S163F; M172V; S318I,1
L19V; S162I; S163F,1
S162N; K225I; R272S; N314H,1
N122S; S162I; S163F; W268R,1
S162I; K225N; G403C,1
S162I; S163F; N293H,1
D117N; S162N; K225I,1
K85R; S162I; K225E; T382M,1
P120L; S162I; S163F; S318I,1
S162N; N170S; Y222H; K225I,1
S108R; S162I; K225N,1
S162I; S163F; P188T; K225E; F334L,1
S162I; S163F; K225E; Q270R; N362D; R402S,1
S162I; K225N; I247T,1
S162N; M172I; K225M; S333L,1
Q53R; K225I; A313T,1
S162I; S163F; K225E; E269G; I352T,1
S162N; K225I; A340V,1
S162I; K225N; Q387*,1
Q53K; S162I; S163F; N170D,1
K62N; K225I; I233V; Y279H,1
S108G; S162N; S217N; K225I,1
S162I; S163F; P206Q,1
S162I; S163F; T185I; I302T,1
L61P; S162N; K225I; Y384C,1
S162I; K225I; G257C,1
S162N; F194L; K225I; I233V,1
S162I; K225N; Q290R,1
M1E; S162I; S163F,1
T160A; K225I; L309M,1
S162N; K225I; S333L,1
S162I; S163F; S318I; T341A,1
Q27K; S162I; K225N,1
G101C; S162I; S163F; K356N,1
T160A; K225I; K284N,1
D81E; S162I; S163F,1
S162N; K225I; D301A,1
F136L; S162N; K225I; N407K,1
E28A; T160A; K225I,1
T160A; K225I; L404P,1
G139D; S162I; K225E,1
S162I; K225N; F334V,1
S162I; K225N; Y357D,1
S162I; S163F; M211I; C231S; D265N,1
S162I; S163F; S318I; N383S,1
S99L; S140N; S162I; S163F; K225E; N261T,1
S162I; S163F; M211I; F343L,1
P121L; S162N; A207V; K225I,1
S162I; K225N; K330Q,1
N92D; S162I; S163F; V291E; S318I,1
S162I; K225N; I262V,1
I143V; S162I; K225N; N388K,1
D11N; R45H; S162I; K225N,1
D70E; S162I; S163F; N248T,1
D156N; S162I; K225N,1
I134V; S162I; S163F; S318N,1
R45L; S162I; K225E,1
S162I; S163F; K225E; E281*; G378S,1
V148F; T160A; S162I; S163F; K225E,1
V148F; S162I; S163F,1
P58T; S162N; K225I,1
T160A; D205Y; K225I,1
S162I; K225N; N243S,1
S162I; F202L; K225N; I262L; N274S,1
S67N; D81G; S162I; S163F,1
S162I; S163F; K225E; E398A,1
S162N; M211V; K225I,1
S162I; S163F; S361A; Y384H,1
S162I; S163F; G386W,1
D70N; T160A; K225I,1
S162N; Y222C; K225I; K285R,1
N10D; S162I; S163F; E410G,1
S162I; S163F; P173L; Y355H,1
S108N; S162I; K225N; I249T; I262L,1
R45S; G64D; S162N; K225I,1
S162N; K225I; D259N,1
S162I; S163F; D366Y,1
S162I; K225E; T350A,1
S162I; S163F; K225N; G353D,1
I18F; T75Q; T76S; Q88T; P121D; S162I; S163F; K225E,1
T75P; S162I; S163F,1
S162I; S163F; K323*,1
G49C; S162I; K225E,1
S162N; K225I; L240Q,1
N111S; S162I; S163F; N243S,1
S162I; S217G; K225N; F343L,1
F136L; S162I; S163F; T242I,1
P71L; S162N; K225I,1
S162I; K225E; N407K; K408Q; I409D; E410*; E411R,1
T17I; S162I; S163F; R402C,1
S162I; K225N; S367F,1
S162I; S163F; D301E,1
E106G; S162I; S163F; K225E; K277E,1
T50I; S162I; S163F; Y299*; G401D,1
S162I; S163F; F303L; Y355H,1
S162I; S163F; R193L; E201G,1
I143V; S162I; S163F; D196G,1
T160A; K225I; G353C,1
L61M; S162I; K225T,1
S162I; S163F; K225E; E397D,1
S66T; S162I; S163F,1
S162I; Y355H; E410K,1
I134V; S162I; S163F; K225N,1
S162I; K225N; A340S,1
A129T; S162I; K225N; I395V,1
S162I; S163F; G374D,1
S162I; S163F; K225E; L328M,1
S162I; S163F; P294L; K385R,1
L98P; S162I; S163F; S287N,1
S99L; S162I; S163F; S166Y,1
S162I; S163F; Y171C; G401S,1
N8D; Q53R; K62R; K225I,1
I102M; S162I; S163F,1
S162I; S163F; W268R; S273R,1
S162I; S163F; T230M; K385R,1
S162I; S163F; Q236K,1
F136L; S162N; K225I; D365A,1
S162I; S163F; D265G; R402C,1
S162I; K225E; K330N,1
S162I; K225E; G378A,1
I48N; S162I; S163F,1
S162N; K225I; Q237*,1
I150V; S162I; S163F; E397D,1
T160A; I247V,1
P58T; S162I; M172I; K225N,1
F83L; S162I; K225N,1
P58L; S162N; K225I,1
K225I; Q235R; N392S,1
Q53R; T160A; K225I,1
R82S; S162I; S163F; V405I,1
Q141P; S162N; K225I,1
S162I; S163F; R244H; G315D,1
S162I; S163F; I215V; K225M,1
N8Y; Y351C; I368V,1
S162I; S163F; N407Y,1
S162I; S163F; K225I; E411K,1
F136L; S162N; K225I; N407D,1
L98P; S162I; S163F; S318N,1
Y73H; S162N; K225I,1
S162I; S163F; Q237*,1
T76M; S162I; S163F,1
V13F; S162I; S163F,1
S162N; K225I; E250D,1
L56M; S162I; S163F; K225E,1
S162N; Y190S; K225I; P393R; Q394K; I395L; V396L; E397R; E398R; I399L; K400R; G401V; R402V; G403A; L404W; V405L; N407T; K408R; I409L; E410K; E411S,1
I90F; I126V; S162I; H219Y; K225I,1
S162I; K225E; S379L,1
K109Q; S162I; K225N,1
S162I; S163F; G353R,1
S162I; S163F; K225E; S287G; N293S,1
S162I; S163F; H176Y; K225E,1
S162N; I203M; K225M,1
S162I; S163F; D196V; K225E,1
A153S; S162I; S163F; H216Y; K225E,1
S162I; S163F; I227T,1
N97K; S162I; S163F; D301G,1
L98P; V148I; S162I; S163F; K225M,1
Q141*; S162I; S163F; L380F,1
S162I; S163F; K225N; S292N,1
S162I; S163F; K225E; N407T; K408R; I409L; E410R; E411S,1
A32S; L56H; T75Q; T76S; Q88T; S162I; S163F; K225E,1
P12Q; L56Q; S162I; S163F; C231Y,1
S162I; E189*; K225I; K385M,1
T6A; T160A; K225I,1
N63K; S162N; K225M,1
I143V; S162I; S163F; T372N,1
T160A; K225I; Q270*,1
E28D; S162I; K225E; Q394*,1
S162I; S163F; N175H; A313T,1
T76S; S162I; S163F,1
S162I; S163F; E201G; S318I,1
S162I; S163F; M211I; E349K; Y355H,1
T160A; R402C,1
G100D; S162I; S163F; K225E; K277R; P393T,1
D11Y; T160A; N197Y; K225I,1
S162I; S163F; F337L; K408N,1
S162N; K225I; E391D,1
R82G; S162I; S163F; K225E,1
S67I; S162I; K225N,1
T160A; K225I; T382A; N407K; K408Q; I409D; E410*; E411G,1
S162N; G220D; K225I; Q237R,1
P52L; T160A; K225I,1
S162N; I183M; K225I,1
S162I; S163F; R168L; K330E,1
N116S; S162I; S163F; K225E,1
S162I; S163F; W268R; Q354K,1
S162N; G223S; K225I,1
G152V; S162I; S163F,1
S162I; S163F; D338G; R402C,1
A32T; L56H; S162I; K225N,1
S162I; S163F; K225N; T382A,1
N72D; D81Y; T160A; K225I,1
S162I; S163F; S217R,1
S162N; K225I; K342R; G353S,1
S162I; K225E; N248S,1
S162I; S163F; S217N; K225E; P294S,1
Y171C; K225I,1
T160A; K225I; D259E,1
T76P; S162I; S163F,1
S162I; K225E; P239L,1
S162N; K225I; L240P,1
M1I; S162I; K225E,1
S162I; S163F; K225E; N261D; N314S; N316I,1
S162N; K225I; V345I,1
I102M; S162I; S163F; T230K,1
S162N; K225I; G257D,1
D81N; S162I; S163F; R402C,1
Q88T; P121L; S162I; S163F; K225E,1
T160A; K225V,1
G24C; F136L; S162N; K225I,1
S162I; S163F; Q270*; R402C,1
S162I; S163F; K330R; I399V,1
P120T; S162N; K225I,1
S162I; S163F; K225E; D265H,1
N72D; S162I; S163F; M211I,1
G101S; S162I; S217R; K225N,1
I35V,1
N111H; S162I; S163F,1
S162N; K225I; D259Y; V345A,1
I41V; S162I; S163F; R402H,1
S162C,1
S162I; S163F; Y299*; D301E; N314S; N316I; N344Q; D365N,1
S162N; K225I; G257V; D365A,1
S162I; S163F; K225E; N320D,1
S162I; K225E; I263V,1
S162I; S163F; K225E; G315V,1
S162I; S163F; E266D; R402C,1
S162N; F194V; K225I; N316S,1
S162I; S163F; I181V; Y357C,1
N72S; S162I; S163F; I399M,1
E28K; S162I; S163F; N258S,1
S162N; F194V; K225I; K342R,1
I86N; S162I; S163F; K225E; N297S,1
D11Y; S162I; S163F; Y307H,1
Q53R; S162N; K225I,1
S162I; S163F; L276F; G353D,1
S162I; S163F; P188S; T341I,1
S162I; K225T; K284R,1
S162I; S163F; K225E; Y384*,1
S162I; S163F; F334V; D338Y,1
S162I; S163F; K225T; T242I,1
S162I; S163F; I271T; N362T; L363C; L364W; D365T; D366T; S367L; I368S; Y369T; N370I; I371L; T372P; Q373R; G374V; F375S; N376T; I377S; G378A; S379H; L380W; A381*; T382R; N383T; Y384T; K385R; G386V; Q387R; N388M; V389S; E390R; E391R; N392T; P393R; Q394K; I395L; V396L; E397R; E398R; I399L; K400R; G401V; R402V; G403A; L404W; V405L; N407T; K408R; I409L; E410K; E411S,1
S162I; S163F; Q295*,1
S162N; K225I; D312N,1
N72S; S162I; S163F; K225N,1
E78K; S162I; S163F; Q290*; K342N,1
S130F; S162I; S163F; K225E,1
S162N; K225I; I321V,1
L145Q; S162I; S163F; N362D,1
T50P; S162I; S163F; N407S,1
E105K; T160A; K225I,1
S162N; K225I; F337L,1
S162N; K225I; D326N,1
S162N; T198A; K225I; D301A,1
S162I; S163F; K225E; K356E,1
S162I; S163F; N248T,1
S162I; K225N; I262L; I368V,1
S162N; K225I; E411*,1
S162I; S163F; G223V,1
P120Q; T160A; K225I,1
P121D; S162I; S163F; N195Y; E305*,1
T160A; M172I; K225T,1
S162I; S163F; K225M; E251*,1
K225I; S287G; N407K; K408Q; I409D; E410*; E411R,1
S162N; K225I; Q295H,1
E106*; S162I; K225N,1
S162I; S163F; K225E; N261S; D265G; T372I,1
S162I; S163F; K225E; K342N,1
S162I; S163F; S166P; K225I,1
S162N; H216R; K225I; I271N,1
Y113H; S162N; K225I; A283T; S361A,1
S162I; S163F; Y171C; K288N,1
L56H; S162I; S163F; E201A; E280G; Y317H,1
C26R; S162I; S163F,1
T160A; K225I; S367P,1
S162I; K225I; F252L,1
S162I; S163F; L360S,1
S162I; K225N; G257D; I262L,1
W40*; S162I; S163F; R402C,1
S162I; M172I,1
P155S; S162I; S163F; A381T,1
S162I; S163F; K225E; N322D,1
D70E; S162N; K225I; I352V,1
S162I; K225E; E266D; I271V,1
G101V; S162I; S163F; M211I; C231S,1
T160A; P188Q; K225I,1
T160A; I271N,1
S162N; K225I; E280D,1
P112Q; S162N; K225I,1
S162I; S163F; T264A; S292N,1
S162I; S163F; K406I,1
T160A; K225M; L240M,1
S162I; S163F; K225I; N407T; K408R; I409L; E410R; E411S,1
E154A; S162I; S163F; K225E,1
S162I; S163F; E269K; A283S,1
S108I; S162N; K225I,1
S162I; S163F; T242A; W268*; E349G,1
S162I; K225E; N258D,1
S162I; K225E; E281G,1
R45C; L98P; S162I; S163F; E281G,1
T160A; K225I; K400E,1
S162N; K225I; L360*,1
S162I; S163F; K225E; S318I; Y355H,1
G115D; F136L; S162N; K225I,1
F91V; S162I; S163F; K225E,1
S66F; S162I; S163F; K225I; S361F,1
S162I; S163F; K225I; I327V,1
I86T; S162I; K225E,1
S162I; S163F; V291A; Y355H,1
P57T; S162N; K225I,1
S162I; K225E; E390*,1
A110S; S162I; S163F; V319I,1
T160A; K225I; D301A,1
S162I; S163F; K225I; E398K,1
S162N; K225I; T254I; I399L,1
I126V; S162I; S163F; K225E,1
S162I; K225N; K356R; Y357C,1
P121S; T160A; K225I,1
K225I; N258S,1
S162I; S163F; D199E,1
S162I; K225N; I262L; E411K,1
S162I; S163F; K225E; K330E,1
Y20H; S162I; S163Y,1
L114M; S162I; S163F; K225E,1
S163F; K225I,1
N97S; S162I; S163F; K225E,1
S162I; S163F; T242I; K306E,1
S162I; S163F; N297Y,1
S162I; S163F; R272S; T341A,1
S162I; S163F; I181V; S273I,1
N97S; T160A; K225I; A313E,1
A32V; S162I; S163F; K225E,1
T160A; K225I; N297K,1
S162I; S163F; R193L; K400E,1
S162I; S163F; K225E; Q237*,1
S162I; K225N; N274S,1
E28K; S162I; S163F; S273G,1
K225E; E269G,1
S162N; K225I; E266G; N383K,1
S162I; S163F; K225E; K278E,1
T160A; K225I; T372S; Q373E; F375Y; G378N; S379N; A381K; T382V; Y384F; K385R; V389A; E390N; E391L; Q394R; V396I; E397K; E398P; K400T; N407K; K408I; E410R; E411F,1
I39V; S60G; S162I; S163F,1
S162N; K225I; T228N,1
S162I; Q354R; Y355H,1
S162I; S163F; K225N; T242A,1
F83S; S162I; S163F; N344S,1
S162I; S163F; T350N,1
S162I; S163F; S217I; K225E,1
S162I; K225E; N261I,1
T59A; I90V; S162I; S163F,1
S162N; K225I; G403C,1
S162I; K225E; N243D,1
K225T; T382M,1
S162I; S163F; D301G; R402C,1
Q53*; K225I; I271N,1
K37R; T160A; K225I,1
S162I; S163F; S318I; S361P,1
S162I; K225I; K285R,1
D11Y; S162I; S163F; I181V; H216Y,1
S162I; K225E; P393L,1
S162I; K225T; V389I,1
I41V; T160A; K225I,1
S162N; K225I; G386D,1
I134T; S162I; S163F; K225E,1
S162I; S163F; F202C,1
T160A; K225I; F334L,1
N116D; T160A; K225I,1
Y20C; S162N; K225L,1
S140G; T160A; K225I,1
S162I; K225E; L296P,1
I94V; S162I; S163F; K225E,1
N96H; S162N; K225I,1
S162I; S163F; S166Y; F337V,1
S162I; K225T; K342R,1
S162I; S163F; S361A; E391D,1
S162I; S163F; K225E; E410*,1
S162I; S163F; N258D; R402C,1
Y68D; S162I; S163F,1
S162I; S163F; M211I; F255C,1
T160A; K225I; Y357H,1
I134V; S162I; S163F; D366E,1
T160A; K225I; G256V,1
N63S; S162I; S163F; D265G; S361P,1
Q53R; K62R; K225I,1
S162I; K225N; D259N,1
T160A; K225I; D265A,1
P146S; S162I; S163F; K225E,1
G24S; S162I; K225E,1
T160A; K225I; L276I,1
S162I; S163F; D326N; G378D,1
N147S; S162I; S163F; K225N,1
T50I; S162I; K225N,1
S162N; K225I; K285E,1
L380F,1
Q123*; S162N; K225I,1
D70N; S162I; S163F; K225E,1
T160A; K225I; A340T; V405F,1
G101C; S162I; S163F,1
S162I; S163F; M211I; Y384F,1
S162I; S163F; E349K; Q387K,1
N96S; S162I; S163F; S318I; E411D,1
S162I; K225E; K406E,1
T160A; K225I; Y384*,1
N111K; S140N; S162I; S163F,1
F33S; S162I; S163F; M172I,1
S162I; S163F; Y369*,1
S162I; S163F; E266A,1
S162I; S163F; K225E; E266*; I368V,1
S162I; S163F; I352T,1
S162I; G220D; K225N,1
I102V; T160A; K225I,1
S60G; S162I; S163F; N314S; N316I,1
S162I; S163F; S287I; Y299F,1
T76M; S162I; K225N,1
S162I; S163F; M211I; N392T,1
S162I; S163F; D326Y; K342E,1
S162I; S163F; N370K,1
D128N; S162I; K225N,1
L56Q; S162I; K225E,1
S162N; K225I; P298Q,1
S162I; S163F; A207V; K225E; I395V,1
P121L; S162I; K225N,1
K80E; S162I; S163F; K225E,1
N96S; S162N; K225I,1
S162I; K225N; Q235*; I262L,1
S162I; K225N; N407K,1
S162I; S163F; F192S; K225E,1
S162I; S163F; Y332*,1
P2S; S162I; S163F; G386V; Q387R; N388M; V389S; E390R; E391R; N392T; P393R; Q394K; I395L; V396L; E397R; E398R; I399L; K400R; G401V; R402V; G403A; L404W; V405L; N407T; K408R; I409L; E410K; E411S,1
S162I; S163F; K225E; N243D; T341A,1
S162I; K225N; N344K; D365N; T372S; Q373E; F375Y; G378N; S379N; A381K; T382V; Y384F; K385R; V389A; E390N; E391L; Q394R; V396I; E397K; E398P; K400T; N407K; K408I; E410R; E411F,1
S162N; K225I; I302V; S318N,1
K225I; I395T,1
L145P; S162I; S163F,1
F55C; S162I,1
S162I; S163F; K225I; Y351S,1
S162N; H176Y; K225I,1
S162I; S163F; L218M; K225E,1
S162I; K225E; A313E,1
S130Y; S162I; K225E,1
D77N; S162N; K225I; E269G,1
T50I; K225I,1
S162I; K225E; E305G,1
S162I; S318N,1
L98P; S162N; N195S; K225I,1
S162I; S163L; K225E,1
S162I; S163F; E251*; V389F,1
S162I; T185I; K225N,1
S162I; S163F; N238S; V405F,1
S162I; S163F; F192I,1
E154K; S162I; S163F; K225E; P294T,1
S162I; S163F; T350I,1
S162I; K225E; F358S,1
Y69H; S162I; S163F; K225E; K406E,1
S162N; K225I; N258T,1
S162I; S163F; K225N; I352V,1
T6S; S162I; S163F; L221F; K225E,1
T160A; K225I; F334V,1
D156V; S162I; S163F,1
G49D; S162I; S163F; K225M,1
F83L; S162I; K225T,1
N138D; S162I; S163F; K225E; Q237R; K408R,1
S162I; S163F; F194L; K225E; N322D,1
S162I; S163F; K225E; T230M; N261S,1
S162I; S163F; I395V; R402C,1
T160A; K225I; A340T,1
P57S; S162I; S163F; V405I,1
N14D; P121D; S162I; S163F,1
D117N; S162I; S163F; K225N,1
S162I; S163F; K225E; E390D,1
S162I; S163F; I181V; K330R,1
Q27L; S162I; S163F,1
G64V; S162I; S163F; K225E,1
M36V; S162I; S163F; K225E; G401C,1
V132I; S162N; K225I; I262V,1
E28K; S162I; S163F; A381T; Y384C,1
T160A; K225M,1
S162I; S163F; Y351H,1
S60G; G100D; S162I; S163F,1
S162I; K225T; Y299H; Y357C,1
N97D; S162I; S163F; K225R,1
N122D; S162N; K225I; Q267K,1
S162N; S163P; K225I,1
S162I; S163F; P188S; I247V,1
R45C; S162I; K225N,1
Y30C; T160A; K225I,1
S162I; K225N; I241T; N407T; K408R; I409L; E410K; E411S,1
M36I; S162I; S163F; P206L,1
D117G; T160A; K225I; K278R,1
G64S; D70G; S162I; S163F,1
S162I; S163F; S166Y; S318I,1
N96D; S162I; K225N,1
S162I; S163F; I282F; V405I,1
G152C; S162I; K225N,1
S162I; S163F; G220D; K225E; I352T,1
N34S; K62N; S162I; S163F; K225E,1
S162I; S163F; I181V; N344S,1
S162I; S163F; M211I; C231S; D312N,1
N138D; S162I; S163F; K285R,1
P155S; S162I; S163F; D301G,1
S162I; S163F; K225E; W268*; R348S,1
S162I; K225N; N392S,1
R16H; S162I; R193H; K225E,1
S162I; S163F; Y171C; A313T,1
I134V; S162I; S163F; Q290*,1
K225I; E391A,1
S162I; S163F; D365N; T372S; Q373E; F375Y; G378K; S379N; A381K; T382V; Y384F; K385R; Q387*; V389A; E390N; E391L; Q394R; V396I; E397K; E398P; K400T; N407K; K408I; E410R; E411F,1
S162I; S163F; T335A,1
D65N; S162I; K225T; N261D,1
S162I; S163F; N200S; K225E; F252L,1
V148F; S162I; S163F; K225E,1
A153V; T160A; D199G; K225I,1
S162I; N175S; K225N,1
Q123*; S162I; S163F; K225E,1
S162I; S163F; Y171*; L286I,1
M1I; P112Q; S162I; S163F,1
S130Y; N161D; S162I; S163F,1
Q53R; M211I,1
P120Q; S162I; S163F; K225E,1
T160A; K225I; N316D,1
S162I; N197S; K225I,1
S162I; S163F; I368F,1
S162N; F194V; K225E; Y384C,1
S162I; K225E; K400R,1
K225I; N316D; G403D,1
S162I; S163F; E201G; K225R,1
T160A; N161S; K225I; K330R,1
H125Y; S162I; S163F; G256R,1
E28K; I48F; I102M; S162I; S163F; K225N; E398D,1
S162I; S163F; N200S; K225E; W268*,1
S162N; K225I; Y332C,1
S162I; S163F; T209A; L286I,1
S162I; S163F; K225E; C231S,1
S162I; S163F; G223V; K225E; N258D,1
S162I; K225N; E266*; D366N,1
S162N; S180Y; K225I,1
E28*; S108N; S162I; S163F,1
Y68H; S162I; K225N,1
S162I; K225N; N248I; T264A,1
S162I; K225N; G257S,1
E154K; S162I; S163F; K225E; E269G,1
M151I; S162I; S163F; Q354R,1
G220V; K225I; Y357C,1
S162I; S163F; I215V; F324L,1
K37E; S162N; K225I,1
S162I; S163F; S187P,1
E106*; S162I; K225E,1
V148I; S162N; K225I,1
L98I; S162I; K225E,1
S162I; S163F; N274Y; G378D,1
S162I; Y222H; K225N,1
S162I; S163F; K225E; K400E,1
S162I; S163F; K225M; I249V,1
I48V; S162I; S163F; V184I,1
S162N; K225I; Q235H,1
S162I; S163F; K225E; K306R,1
F55L; K225I,1
Y20S; S162I; K225I,1
K31R; K225I,1
N92S; S162I; S163F; P173T; K225E,1
S162I; S163F; D199A; K225M,1
T6S; L56Q; S162I; S163F,1
S162N; K225I; D265G; K284R,1
T160A; K225I; G315S,1
D65E; S162I; S163F; I368F,1
D65G; S162N; K225I,1
F136L; S162N; S163F; K225E,1
I35V; K225I; G401D,1
S162I; S163F; K225E; P393T,1
F136L; S162N; K225I; Y355C,1
S162I; S163F; M211I; T228A,1
T50P; S162I; K225E,1
S162N; K225I; W268R; K306R,1
T160A; N175S; K225I,1
Q123R; S162I; S163F; I262T,1
S162I; S163F; D325V,1
P52Q; T160A; K225I,1
S162I; S163F; V184I; Q373K,1
G127V; S162I; S163F,1
K225I; K285N,1
S162I; S163F; K225E; E391D,1
P12S; S162I; S163F; K225E,1
V132F; S162I; S163F; K225E,1
S162I; S163F; K385M,1
S162I; S163F; M172I; T230M,1
L98P; E133K; T160A; K225I; E281D,1
G25S; E154G; S162I; S163F; M211I,1
S162I; S163F; K225E; T229M; P298L,1
I149T; S162I; S163F; R402H,1
Y30H; S162I; S163F; W268R,1
D15Y; S162I; S163F; D301N,1
S162I; K225N; V319A,1
F124L; S162I; S163F; K225E; K342E; E390D,1
V47A; R82H; S162I; K225T,1
S162I; S163F; N195D; K225E,1
D70N; S162I; S163F; N407D,1
S162I; S163F; Y171C; V389I,1
S162I; P188T,1
K225I; G403S,1
S162I; S163F; K288R; R402C,1
I42V; S162I; K225E,1
I149V; S162I; S163F; A381T,1
S162I; N164T,1
S162I; S163F; M211I; S318I,1
W40C; S162I; K225N; I262L,1
N97S; S162I; S163F; M211I; I262L,1
P12L; S162I; S163F; E266G; V405I,1
N10S; S162I; S163F; M211I,1
S162N; K225I; N297K,1
S162I; S163F; S191L; N243S,1
S162I; S163F; K225N; E411N,1
S162N; K225E; I399T,1
T50S; S162I; S163F; K225E,1
S162I; S163F; A207E; N407S,1
G64S; S162I; S163F; K225E,1
S162N; K225E; I352V,1
F136L; A153T; S162N; K225I,1
S162I; S163F; Q290K; E410G,1
I94T; S162I; S163F,1
S162N; K225I; Y351H,1
S162N; K225I; Q290R,1
S162I; S163F; I181V; S287N,1
K80T; S162I; S163F,1
S162N; K225I; R272S,1
S162N; H212N; K225I; I263T,1
T160A; K225I; I395V,1
S162I; S163F; D325E,1
M172I; Y222H; K225T,1
S99L; S162I; K225N,1
E154G; S162N; K225I,1
F55L; S162I; S163F; N383D,1
P12Q; S162I; K225N,1
S162I; K225N; V291G; N376D,1
S162I; K225N; G378S,1
S162I; S163F; K225E; V291A; I321V,1
G220V; K225I; N314D,1
S162I; S163F; K225E; T335N,1
S162I; T198I; K225E; V389I,1
S191*; K225I,1
S99A; S162I; S163F; K225E,1
S162I; S163F; P206S; K225E; E336D,1
E79K; T160A; K225I; A381S,1
S162I; S163F; K225E; D326Y,1
N111D; S162I; K225N,1
P112S; S162I; S163F; L210M,1
S162I; N175K; K225N,1
S162I; S163F; D265G; I302T,1
G64S; T160A; K225I; N297D,1
H125Y; S162I; K225N,1
S162I; S163F; E201*; M211I; D265G,1
S162I; T198P; K225N,1
I90V; S162I; S163F; K225I,1
S162N; K225E; G403S,1
S162I; S163F; R193C; K225E; V389A,1
S162I; Y222H; K225E,1
T6A; S162I; K225N,1
S162I; S163F; I181V; Q373*,1
S162I; S163F; I181V; T335P,1
S60G; S162I; S163F; K225E; A340T,1
N92K; N122S; S162I; S163F,1
S162I; S163F; Q354L,1
S162I; S292I; E397D,1
T59P; S162I; K225T,1
S162I; S163F; K225E; N248S; E251G,1
T75I; S162I; S163F; G403S,1
S162I; S163F; K225E; D312A,1
Q141*; S162I; S163F; K225I,1
G127C; S162I; S163F; K225E; V405A,1
F124L; S162N; A207S; K225I,1
S162I; D199G; K225E,1
N138S; T160A; K225I,1
P2S; T160A; D199N,1
S162I; S163F; Y332F,1
N95D; S162I; S163F; N197D; K225E,1
P52T; T160A; K225I; K408E,1
L98R; S162I; S163F; L253F; Y384C,1
S162I; K225N; E266*,1
S162I; S163F; K225E; K278*,1
S162N; K225I; I227T; S287G; T341A,1
S162I; S163F; W268R; I399T,1
R16H; E106D; S162I; S163F,1
S162N; K225M; V291M,1
S162N; K225I; D366G,1
S162I; S163F; K225I; D301N,1
G24V; S162I; S163F; E411*,1
S162I; S163F; K225E; I327T,1
S162N; N175S; K225I,1
S162I; S163F; K225E; S287G; E411*,1
K62Q; S162I; K225E,1
S162I; S163F; K225E; K330N,1
E28K; L98I; S162I; K225E,1
N34K; S137R; T160A; K225I,1
G101S; S162I; S163F; V396I,1
S162I; S163F; K225N; V389I,1
L145M; S162I; S163F; T382M,1
S162I; S163F; K225M; N248S,1
S162I; S163F; K225E; R272C,1
N96H; S162I; S163F,1
S162N; K225I; K288Q,1
K62N; S162I; S163F; I262L,1
T160A; F186L; K225I,1
S162N; K225I; L404P,1
S162I; S163F; Y355C,1
S162N; F194V,1
S162N; I203M; K225I; G403S,1
S162I; S163F; L218M; A224V; K225E,1
S162N; K225I; K300N,1
S162I; A182V; K225E,1
S162I; R193L; K225E,1
S162I; S163F; K225E; T228S; L276F,1
L84M; T160A; K225I,1
Q123*; S162I; S163F; E336*; V396F,1
S162I; S163F; A381E,1
F136S; S162I; S163F,1
Q27R; S162I; S163F; K225E; D326N,1
S162I; S163F; K225E; L363M,1
T17I; S162I; S163F; P298S,1
S162I; K225N; S318I,1
S162I; S163F; L218P; K225E,1
S162N; K225I; S273N; D301Y,1
I18V; S162N; K225I,1
S162N; K225I; I241V,1
E79D; S162I; K225N,1
T160A; K225I; G386S,1
P121A; S162I; K225E,1
S162I; S163F; Y384H; K400E,1
S162I; S163F; N197D; K225E; I233V; R402H,1
R82C; S162I; K225N,1
S162I; S163F; N258T,1
R82P; S162I; S163F,1
S162I; S163F; N175H; G378D,1
E133K; S162I; K225E,1
R16C; S162N; K225I,1
F55S; S162N; N197D; K225I,1
S162I; S163F; N200D; S292R,1
S162I; K225N; N293T,1
S162I; S163F; H216N; K225E; E269G,1
S162I; S163F; K225E; G257C; Y384H,1
T160A; K225I; E266*,1
S162N; S292R; D301N; G315R,1
S162I; S163F; A207T; Y355H,1
T160A; K225I; D338G,1
S162I; N344S; R402C,1
V148I; T160A; K225I,1
D117N; S162I; S163F; G256R,1
P43L; S162I; K225T; C231*,1
S162N; K225I; L286I,1
S162I; S163F; I371N; L404M,1
F55L; S162I; K225E,1
I41V; G127C; S162N; K225I,1
S162T; K225N,1
S162N; L214P; K225I,1
S162I; S163F; T242A; K342E,1
S162I; S180Y; K225E,1
S162I; S180F; K225N,1
S137G; T160A; K225I; E411K,1
T160A; K225I; E336*,1
S162N; K225I; W268R; Q295R,1
S162I; S163F; F358V,1
A129T; S162I; S163F; Y332N; N383D,1
S162I; I181V; K225N; G374D,1
S162I; S163F; K385R; G386V; Q387R; N388M; V389S; E390R; E391R; N392T; P393R; Q394K; I395L; V396L; E397R; E398R; I399L; K400R; G401V; R402V; G403A; L404W; V405L; N407T; K408R; I409L; E410K; E411S,1
S162I; S163F; S318I; Q394R,1
L98F; S162I; S163F; K225I,1
E28K; S162I; S163F; K225T,1
S162I; S163F; H212Y; R402C,1
S162I; S163F; K225E; S287G; T341A,1
S162I; S163F; S180P; S318I,1
S162I; S163F; K225E; N261D; T341A,1
S162I; K225N; N407T; K408R; I409L; E410K; E411S,1
D77Y; L98I; S162I; K225N,1
T59I; S162I; S163F; S174N,1
V87A; S162I; S163F; K225E; S318I,1
S162I; K225E; G308C; K356R,1
S162I; S163F; D365A,1
K225I; I327V,1
G24V; E78*; S162I; S163F,1
I134V; N138Y; S162I; S163F; N362D,1
Q88T; T160A; G220V; K225I; R402C,1
S162I; S163F; K225E; E269G; Y384*,1
P155S; S162N; K225I,1
N95D; T160A; K225I,1
F55L; S162I; S163F; Y171C,1
M151T; S162I; K225E,1
E44D; S162I; S163F; K225E,1
S162I; S163F; G179C; K225E,1
S162I; S163F; F375L; N383S,1
T160A; K225I; F343L,1
S162I; S163F; S318I; Y357*,1
P43Q; S162I; K225N; Y357H,1
E106G; S162I; S163F; K225E,1
F83S; S162N; K225I,1
S162N; M172R; K225I,1
S162I; K225N; D312N,1
S162I; S163F; N392T,1
S162I; S163L; K225I,1
S162N; K225I; I368L,1
S162I; S163F; K288N; E410G,1
S162I; S163F; E250*; Y384H,1
M1I; N46S; S162I; S163F; K225E; S287G,1
S60R; K225I,1
K37E; D70N; S162I; S163F,1
T160A; K225I; Y317C; N407T; K408R; I409L; E410R; E411S,1
S162I; S163F; K225E; K346R,1
S162I; K225N; G256R; V396I,1
T76K; S162I; S163F,1
P57L; S162N; K225M,1
S162I; S163F; P206S; E269K,1
S162I; S174N; K225N; I262L,1
S162I; S163F; V389F,1
E105D; S162I; S163F; Q295H,1
L84M; S162N; K225I,1
S60I; S162N; K225I,1
I48V; S162I; K225E,1
T160A; K225I; I232V,1
S162I; S163F; Q204K; K225I,1
N72S; S162I; S163F; D259Y,1
Q27R; S162I; K225E,1
K62N; S162I; S163F; E410G,1
S140N; S162I; S163F; K225T; T242I,1
S162I; S163F; D199G; K225N,1
S162N; K225I; K285R; S292N,1
S162N; K225I; P239T,1
S162I; S163F; K225E; T234S,1
T6S; A32S; S162I; K225E,1
S162N; T185N; K225I,1
E44D; S162N; K225I; K278R; G378C,1
S162I; S163F; Y279H; R402C,1
S162N; K225I; Q270*,1
E133G; S162N; K225E,1
N8Y; S162I; S163F; G226D,1
S67G; S162I; S163F; K225E; T341A,1
R93L; S162I; K225N,1
S162N; K225I; Q304R,1
T160A; K225I; E305K,1
T17N; S162I; S163F,1
S162I; S163F; K225E; F334L,1
S162I; S163F; N297S; R402C,1
S162I; S163F; D205E,1
S162I; S163F; N316Y,1
T160A; P188S; K225I,1
A131S; S162I; K225N,1
S162I; S163F; N376Q; I377H; G378R; S379L; L380I; A381G; T382D; N383E; Y384L; K385Q; Q387S; N388E; V389C; E390R; E391G; N392E; Q394A; I395N; V396C; E397*; E398G; I399D; K400*; R402S; G403W; L404P; V405G; K406*; N407K; K408Q; I409D; E410*; E411R,1
T51A; S162I; K225N,1
P12T; D117Y; S162I; S163F; L253F,1
L98F; S162I; S163F; K225E; G246C; V389A,1
R45C; S162I; K225I,1
S162I; K225E; I352T,1
S162I; S163F; K385Q,1
D81G; S162I; S163F; Y355H,1
S162I; L214P; F252L,1
S162I; S163F; L364M,1
E154G; S162I; S163F; K225E; K277E,1
S162I; K225E; D301G; D365N,1
K225I; A381V,1
I86T; S162I; K225N,1
S162I; S163F; K225E; I371N,1
D54N; T160A; K225I; D265G,1
K225I; S379P,1
K225I; G353C,1
V47G; T160A; K225I,1
T198S; D199I; K225I,1
S162I; M211I; K225N; I262L,1
S162N; K225E; Q270*,1
S162I; S163F; V291A; N407S,1
E154K; S162I; S163F; K225E,1
S162N; K225I; Q354R,1
S162I; S163F; N197D; T242A; A313V,1
K37N; S162I; S163F; K225N,1
S162N; K225I; G401A,1
S162I; S163F; K225E; Q373R; G374V; F375S; N376T; I377S; G378A; S379H; L380W; A381R; T382R; N383T; Y384T; K385R; G386V; Q387R; N388M; V389S; E390R; E391R; N392T; P393R; Q394K; I395L; V396L; E397R; E398R; I399L; K400R; G401V; R402V; G403A; L404W; V405L; N407T; K408R; I409L; E410K; E411S,1
S162I; K225N; N407H,1
S162N; K225I; E410*,1
S162I; S163F; E336G,1
S162I; S163F; K225E; Q270*,1
S162I; K225N; I262L; S361F,1
S162I; S163F; K225E; S287G; I352V,1
S162I; S163F; I181V; L276F,1
S162I; S163F; N243H; S318I,1
S162I; S163F; H212P; Q236K; R402C,1
E106*,1
S137R; S162I; S163F; K225T,1
D117G; T160A; K225I,1
S162I; S163F; K225E; C231R; S287G,1
E159*; S162I; K225N; I262L,1
Y20C; S162N; K225I,1
S162I; K225N; I227V,1
S162I; S163F; L210P,1
S162I; S163F; E251G,1
T160A; K225I; E269K; I409V,1
S162I; K225N; N261D; S273I,1
S140N; S162I; S163F; I181V,1
T160A; K225I; D310N,1
G139C; S162I; S163F; R402C,1
L56M; S162N; K225I; S318R,1
S162N; K225I; Q373K,1
E78K; S162I; S163F; K225E,1
K85R; S162N; F194V; K225I,1
N72H; S162I; K225E; A313S,1
S162N; K225I; G378V,1
S162I; S163F; R193C; K225I,1
Q123L; S162I; S163F,1
S162I; S163F; I181V; C231F,1
S140R; S162I; S163F; I371V,1
Q204R; K225I,1
P52L; S162I; K225N,1
N95D; S162N; K225I,1
T50A; S162I; K225I,1
S140R; S162N; K225I,1
S99L; S162I; S163F; K225E,1
S162N; S187F; K225I,1
S60G; S162I; K225E; Q236H,1
S67I; S162I; S163F; L218M; N383D,1
V47A; T160A; K225I,1
S162I; S163F; K225I; I409T,1
S162I; S163F; K225E; A381T,1
S162I; S163F; M211I; N407S,1
S162I; K225N; K385T,1
Y68H; K225I,1
S162I; S163F; A207S; K225E,1
S162I; S163F; K225I; N388D,1
S162I; S163F; R272L; Y355H,1
S162I; S163F; K225E; K306M,1
S162I; K225I; N407T; K408R; I409L; E410K; E411S,1
S162I; S163F; K225E; F375Y; G378N; S379N; A381K; T382V; Y384F; K385R; V389A; E390N; E391L; Q394R; V396I; E397K; E398P; K400T; N407K; K408I; E410R; E411F,1
S162I; K225N; R402S; G403W; L404P; V405G; K406*; N407K; K408Q; I409D; E410*; E411R,1
N63T; S162N; K225M,1
S162I; S163F; K225E; A283S,1
L61R; S162I; S163F; K225E,1
Y113H; S162I; S163F; Y171C; I227V,1
S162N; K225I; S367F,1
Y73D; S162N; K225I; K284R,1
K109E; S162I; K225N,1
G25D; S162I; S163F,1
K225I; I409T,1
S162I; K225N; G374C,1
Y9H; D11Y; S162I; S163F,1
P146Q; T160A; K225I,1
S162I; S163F; K225E; I232T,1
S162N; K225I; N293H,1
Q53L; S162N; K225I; S273N,1
S162I; S163F; T372N; G403S,1
K225I; S361A,1
S162I; S163F; K225E; E269G; P294H,1
S162I; S163F; I181V; K225N,1
Y68H; F136L; S162N; K225I,1
T51I; S162I; N175H; N243S,1
S162I; K225N; E398A,1
S162I; S163F; K329R; P393S,1
S162I; S163F; K225I; V396I,1
S162I; K225N; S273I,1
S162I; K225E; S318N,1
D15V; S162I; S163F,1
S162I; S163F; I271N; G374S,1
T160A; K225I; F358L,1
S162I; S163F; G257C,1
A32S; L56H; T75Q; T76S; Q88T,1
R93C; K225I,1
S162N; M211I,1
S162I; K225M,1
S162I; S163F; K225E; V291M,1
S162I; S163F; I232L; K329R,1
S162I; S163F; K225E; E269G; N362D,1
S162I; K225N; I262L; Y384D,1
S162I; S163F; F358I,1
S162I; S163F; N383D; E410G,1
K109E; S162I; S163F; K225N,1
S162I; S163F; G223S; K225I,1
R82H; E154G; S162I; K225N,1
R16H; P155S; S162I; S163F,1
P121S; S162I; K225E,1
S162I; K225N; V389G,1
D65N; L114M; S162I; S163F,1
M36T; E106K; T160A; K225I,1
G127V; S162N; K225I,1
R93L; S162I; S163F; K225E,1
K37N; S162I; S163F; N175S,1
E28K; T119I; S162I; S163F,1
S162I; S163F; E251*; R402H,1
S162N; K225I; T382A,1
G25D; S162I; S163F; Q235K,1
S60C; S162I; S163F,1
S162I; S217G; K225N; I262L,1
L145M; S162I; S163F; Y171C; P294Q,1
D11Y; A110V; S162N; K225I,1
S162I; S163F; D338E; R402C,1
D65E; A129S; S162I; S163F,1
S162I; S163F; K225E; N258D,1
I21V; S162I; S163F; K225E,1
N138D; K225I,1
T160A; S180P; K225I; F334S,1
I35V; K80E; S162I; S163F,1
S162N; K225I; T228S; Q270R,1
S162I; S163F; Y357C; R402C,1
D54G; S162I; K225N,1
S162I; S163F; K225E; N370T,1
S162I; S163F; N195S; R348S,1
G49C; T50A; T160A; I165V; K225I; S292N,1
G115V; T160A; K225I,1
M36I; S162I,1
N111Y; S162I; K225N,1
T160A; S187F; K225I,1
S162I; S163F; N248S; T254A,1
S162N; S180P; K225I,1
S162I; S163F; F178I,1
S67I; K225I,1
Y69H; S162I; S163F; K225I,1
S162I; S163F; G220V,1
P57T; S162I; K225E,1
T50I; S162I; K225N; N248I,1
I35V; S162I; S163F; S273G,1
P120S; S162N; K225I,1
Y30H; K225I,1
T17S; S162I; S163F; K225E,1
S162I; S163F; E250*; L363S,1
N138D; S162I; S163F; D199Y; Q270R,1
I102M; S162I; S163F; P393S,1
K225E; S287G,1
S162I; S163F; P173L,1
G139S; S162N; K225I,1
K225I; N258D,1
S162I; S163F; E391K,1
S162I; S163F; S318I; N407D,1
S162I; K225N; D301N; E336*,1
P120L; S162I; S163F; M211I; C231S,1
T160A; K225I; P239L; E411G,1
S162N; N344D,1
K3E; S162N; K225I,1
S162I; S163F; K225E; S287N; D366N,1
R93L; Y113C; S162I; S163F; K225E,1
S162I; S163F; K330R; Y355H,1
S162I; E269G,1
N96S; S162I; K225E,1
Y20N; N118D; S162I; S163F; K225E,1
E28D; S162I; S163F; K225N,1
S162I; K225E; Y384C,1
S162N; K225I; K408N,1
T160A; K225I; S367C,1
K37N; S162I; S163F; K311E,1
S162I; S163F; M211I; K225N,1
K225I; K300R,1
S162N; I165V; K225I; K284N; C347*,1
S162I; S163F; N261S; N316K,1
N116D; S162N; K225M,1
S162I; S163F; R193S; N344S; Y357S,1
S162I; S163F; N175D; K225M,1
M1I; S162I; S163F; I302V; G403D; I409V,1
A32S; L56H; T75Q; T76S; Q88T; S163F; Y190*; K225E,1
S162N; N169D; K225I; N274D,1
S162I; S163F; W268R; K285E,1
N5S; T160A; K225I,1
G115S; S162I; K225N,1
D11Y; S162I; K225N,1
S99A; T160A; K225I,1
T160E; K225I,1
N10S; I102M; K225I,1
N38T; S162I; S163F; K225E,1
S162I; S163F; K342I,1
S162I; P188L; K225N,1
S162I; S163F; K225E; N376D,1
S162I; K225N; Y384H,1
S162I; S163F; N195S; K225E,1
S162I; S163F; G256R,1
S67N; S162I; S163F; R402C,1
T160A; K225I; N383S,1
E105*; S162I; S163F,1
S162I; S163F; D196N; K400E,1
S162I; S163F; K306E,1
T160A; K225I; G315V,1
S162I; K225N; T234M,1
S162N; F194V; K225I; A283T,1
S162I; S163F; E269A,1
N8D; S162N; K225I,1
E79K; S162I; S163F; K225E; E390K,1
S162N; K225I; D365N; T372S; Q373E; F375Y; G378N; S379N; A381K; T382V; Y384F; K385R; V389A; E390N; E391L; Q394R; V396I; E397K; E398P; K400T; N407K; K408I; E410R; E411F,1
S162I; K225N; G308S,1
S162I; S163F; K225E; N344D,1
S162I; S163F; G315D; N316S,1
S162I; S163F; K225E; N344I,1
P71Q; S162I; K225N; Y357C,1
S162I; S163F; V289L,1
S162I; S163F; P206R,1
T160A; K225I; S273N,1
S162I; S163F; I215N,1
T51I; S162I; S163F; K225E,1
S60I; S162I; K225E,1
S162N; R168H; K225I,1
I90M; S162I; S174N; K225E,1
S162I; S163F; K225E; G226C,1
S162I; K225I; Q373R,1
S162I; S163F; R348S; Y355H,1
S162I; S163F; I181V; T209I,1
S162I; N197K; T234P,1
N161S; S162I; S163F; P239S,1
T160M; S162I; S163F; S318I,1
S162I; S163F; M211I; D365N,1
P120L; S162I; S163F; K225E,1
K225I; K400E,1
T51A; S162I; K225T,1
E79G; S162I; S163F,1
P23L; Q53R; K225I,1
S162N; F202L; K225I; Y384S,1
N46D; S162I; S163F,1
S162N; K225I; K311E,1
S162I; S163F; K225E; K278T,1
D70Y; S162I; S163F; R244C,1
S162I; S163F; K225E; E269G; D366A,1
S162I; S163F; E281K; L296Q,1
N161K; S162I; S163F,1
N63T; S162I; S163F; K225E,1
S162I; S163F; P206L; Y384C,1
E159D; S162I; S163F,1
D81N; T160A; K225I,1
S67N; R82C; S162N; K225I,1
S162I; S163F; Y307N; L360*,1
R16H; S162I; K225N; I263V,1
E154*; S162N; K225I,1
S162I; S163F; L208M; Y357C,1
S162I; K225N; K277R,1
S162N; Y190C; K225I,1
S162I; K225N; R244H; S273G,1
T160A; K225I; Y384H,1
T160A; K225E; Y357H,1
A129E; S162I; S163F; K225I,1
S162I; S163F; Q270R; Y384C,1
S162I; K225N; K342E,1
T160A; K225I; F255V,1
S162N; K225I; T229M; N322K,1
P112L; G115C; S162I; S163F; K225E,1
S162I; S163F; K225I; K342R,1
H142Y; S162I; S163F; L296M,1
P57T; S162I; S163F; K225N,1
S162I; S163F; K225E; G374S,1
S162I; S163F; S273N; E391D,1
T6S; S162I; S163F; K225M,1
Q27R; T160A; K225I; Y384C,1
E28G; S162I; K225E,1
N34S; S162N; K225I; K359E,1
S162I; K225N; Q295R,1
L98I; S162I; S163F; K225E,1
R16L; S162N; K225I,1
Y113F; S162I; S163F; N293S,1
N10S; S162I; S163F; K225N,1
S162I; S163F; N175H; K225I,1
I102M; S162I; A207S; K225I,1
T160A; K225I; E269D,1
P121Q; T160A; K225I,1
S162I; S163F; K225E; E305*,1
I21V; S162I; S163F; F252L,1
S162I; S163F; D205E; G403V,1
S66P; S162I; S163F; R244H,1
F194L; K225I; I233V; G401V; R402V; G403A; L404W; V405L; N407T; K408R; I409L; E410K; E411S,1
S162I; S163F; K225E; Q235R,1
S162I; K225N; I399M,1
R16C; G101D; S162N; K225I; K359R; S361A,1
G127C; S162I; S163F; I241V,1
F55S; S162N; K225I,1
I102M; S162I; N238K,1
H125Y; S162I; S163F; N243S,1
G100S; S162I; S163F,1
S162I; K225N; G226D; Y355H,1
S162I; S163F; N376S; I399V,1
R93C; S162I; S163F; I302V,1
R82C; S162I; S163F; S318I,1
S137R; S162I; S163F,1
S162I; S163F; K225I; T254A; T264A,1
N46K; S162I; K225I,1
M1I; S162I; S163F; N370K,1
K109R; S162I; S163F; S318I,1
D65N; S162I; R402C,1
S162I; S163F; K225I; E398G,1
S162I; S163F; C231R; A283V,1
P2L; S162I; S163F,1
S162I; K225N; T382K,1
S162I; S163F; K225E; L360S,1
G49C; S99L; S162I; S163F,1
S162I; K225N; I262L; L331M,1
A129T; T160A; K225I,1
P23L; S162I; S163F; G353C,1
Q27P; K225I,1
T160A; K225I; Y307C,1
D54Y; T160A; K225I,1
S162I; S163F; E269G; E397*,1
S162I; S163F; H216N,1
S162I; S163F; K225M; E305D,1
K62R; S162I; S163F; K225E; S318N,1
S162I; K225N; N238T,1
K225I; N258S; E281K,1
S162I; S163F; K306N,1
R45L; S162N; K225I,1
S162I; K225N; I262L; S292N,1
S162I; S163F; N197D; V345A,1
S162I; K225E; N362S,1
N96D; S162I; S163F; N261S,1
I18T; S162I; S163F; K330N; R348S,1
E44*; S162I; S163F; T185I,1
S162I; S163F; K225E; G256E; R402C,1
S108G; S162I; K225N,1
S162I; K225E; F343L,1
G24S; S162I; S163F; E213*; K225E,1
T160A; K225I; E410K,1
S162I; S163F; Y384C; E398G,1
S162I; T185I; K225I,1
P43Q; S162I; S163F; K225N,1
S162I; M211I; K225I,1
N138S; S162N; K225I,1
T160A; K225I; N243S,1
S162I; S163F; L275F; R402C,1
S162I; S163F; H219N,1
S162I; S163F; V184I; D199N,1
S162N; K225I; C347*,1
S162I; S163F; S333L; V405I,1
D54N; Q141K; S162I; K225T,1
S162I; S163F; K225I; I262T,1
S162I; S163F; C231R; V405I,1
G127C; S162I; S163F; K225E; I302T,1
T160A; K225I; T350N,1
S162I; S163F; E251K; W268R; E280*,1
Y69H; S162I; S163F; K225E,1
Q53R; K225I; Q267R,1
S162I; S163F; K225E; T228N,1
N122D; S162I; S163F; K225M,1
S162N; K225I; I233F; N238S; N248S,1
R16C; S162I; K225I; Q295H; K311R,1
G49R; S162I; S163F; K225E,1
P121S; S162I; S163F; V389I,1
S162I; S163F; K225E; E391K; N407T,1
K225I; I227V,1
P23L; Q27R; S162I; S163F,1
E106A; S162N; K225I; I352S; N383S,1
S162N; K225I; I247V,1
S162N; T242A,1
S162N; D259N,1
S162I; S163F; H216P; T382A,1
P71Q; S162I; S163F; E398A,1
S162I; K225E; E250*; L380F,1
Q53R; K225I; Q373P,1
K80I; S162I; S163F,1
S162I; S163F; C347R,1
K225I; T341I,1
P43T; S162N; K225I,1
K3I; S162I; S163F,1
S60R; I102M; S162I; S163F,1
G49D; S162I; S163F; M211I,1
P52T; Y68H; S162I; S163F,1
S162I; S163F; E251D,1
N122D; S162N; K225I,1
S162I; S163F; K346N; F358L; R402C,1
S162N; K225I; C347Y,1
V87L; S162N; K225I; T372S; Q373E; F375Y; G378N; S379N; A381K; T382V; Y384F; K385R; V389A; E390N; E391L; Q394R; V396I; E397K; E398P; K400T; V405I; N407K; K408I; E410R; E411F,1
Y20N; A32S; Q53R; S162I; S163F,1
T160A; K225I; Q267K,1
K225I; T372A,1
S162N; F194V; K225I; G226V,1
L56R; S60G; S162I; S163F,1
S162N; K225I; I321T,1
P121D; S162I; K225N,1
E28G; S162I; S163F; E250K,1
S162I; S163F; E251D; G315D,1
N92K; S162I; S163F; S318I,1
F136S; S162I; S163F; K225E,1
K225I; D325N,1
S162N; K225I; N274S; C347R,1
R16S; S162I; S163F; K225N; P294T,1
P2S; S162N; K225I,1
E105*; S162I; S163F; K225E,1
S162I; S163F; L328P; E390K,1
P120S; S162I; K225E; K385R,1
T6S; S162I; S163F; K225E; I321T,1
S162I; S163F; K225E; Y332D,1
S162I; M211T; K225E,1
T6S; S162I; S163F; S318I,1
T160A; K225I; G401C,1
T160A; K225I; V289M,1
S162N; K225I; F303L,1
A110V; T160A; K225I,1
T6S; A32S; W40*; L56H; T75Q; T76S; Q88T; S162I; S163F; K225E; A381T,1
Y69C; S162I; S163F; E305A,1
K225I; Q387K; Q394R,1
A110V; S162I; S163F; Q235R,1
S162N; K225I; Q270R; R402C,1
S162I; I165V; K225E,1
S162I; S163F; R168H; K225E,1
M151I; S162I; K225E,1
K225I; G246S,1
S162N; K225I; D365N; N383K,1
S162N; K225I; I262T,1
Q53*; I134V; S162I; S163F,1
P23S; L103M; S162I; S163F,1
S162N; K225I; E280K; G378S,1
S162I; S163F; S187A; N388D,1
I4M; S162I; S163F; K225E; N238S,1
S162I; K225N; E281G,1
N97K; S162I; S163F; Q373*,1
S162I; S163F; T341I; I368V,1
D15Y; I41V; S162N; K225I; Q373*; Q387H; N407T; K408R; I409L; E410K; E411S,1
S162N; K277E,1
T160A; K225I; S361F,1
I165V; K225I; E411*,1
P12L; T160A; K225I,1
S162I; S163F; M211I; N314H,1
A32T; S162I; S163F; R402C,1
S162I; S163F; G220C; Y384H,1
S162N; K225I; I371T,1
T160A; S162I; S163F; T242A,1
P52L; S162I; S163F; R168C; K225N,1
S162I; S163F; K225E; G386R,1
N122S; F136L; S162N; K225I,1
R93S; S162N; K225I; I247T,1
S162N; K225I; I399T,1
S162I; S163F; Q267K; N344Q,1
S162I; S163F; G401V,1
K37Q; S162I; S163F; K225E,1
L144F; S162I; S163F; E266K,1
A129V; S162N; K225I; I263V,1
S162N; K225I; Q235R,1
S162I; S163F; N164K; K225E,1
S162I; K225E; I247T,1
S162I; S163F; S180T,1
I35V; S162I; S163F; I215V,1
S162I; S163F; K225M; G315D,1
G152D; S162N; K225I,1
M36I; Q53R; K225I,1
T75Q; T76S; R93C; P121D; S162I; S163F; K225E,1
R45L; D70E; S162N; K225I,1
R93H; T160A; K225I,1
S162I; S163F; N314S; N316I; N344H,1
P12Q; T160A; K225I,1
S162N; K225I; F343L; S361A,1
D11Y; S162I; S163F; M211I; C231S,1
K62R; E106D; T160A; E250D,1
M1V; S162N; K225I,1
K225I; K311E,1
T59S; S162I; S163F; K225E,1
P23L; G127D; S162I; S163F,1
S162I; S163F; N274S; S292N,1
K225I; L240M; E280K,1
G25C; S162I; S163F,1
K37R; K225N,1
S162I; S163F; K225E; Y307H,1
K85E; N118S; S162I; S163F; F343L,1
S162I; S163F; K385R; E411R,1
S162I; S163F; L214P; S318I,1
S162I; S163F; I165T,1
S162I; S163F; P239Q,1
K225I; N314S,1
S162I; T198A; K225N,1
S162I; E391D,1
S162N; K225I; D365E,1
Y69C; S162N; K225I,1
S60G; S162I; S163F; K225E; E281G,1
S162I; S163F; N175H; S318R,1
S66C; S162N; K225I,1
T6S; A32T; P121D; N164S; T198S; D199I; K225I,1
K225I; A340E,1
S162I; K225I; T242I; P294S,1
A129V; S162I; S163F; Y384C,1
S162I; S163F; K225I; K278N,1
S162I; A182V; K225N,1
S162I; S163F; K225E; G315S,1
S162I; K225E; L380F,1
S162I; K225E; N322D; D326N,1
S162I; S163F; K225I; S292N,1
G25D; S162I; S163F; K225E; R402C,1
L103P; S162I; S163F,1
I35V; S162I; S163F; R168C,1
K37R; F136L; S162N; K225I,1
N111S; S162I; S163F; S217G,1
Y20F; Q27*; S162I; S163F; K225E,1
S162I; S163F; Q204H; A283T; S318I,1
S162I; S163F; E281K; R402C,1
S162I; K225E; L363S,1
S162N; K225I; W268*; G403S,1
G25V; S162I; K225N,1
S162I; K225E; E390G,1
S162I; K225N; I327V,1
S66C; S162I; K225T,1
P2S; S162I; S163F; K225E; R244S,1
E106*; S162I,1
R16L; S162I; S163F,1
S162I; S163F; K225R; T242A,1
S162I; S163F; V184I; N238D,1
S162N; K225I; T372S; Q373E; F375Y; G378N; S379N; A381K; T382V; Y384F; K385R; V389A; E390N; E391L; Q394R; V396I; E397K; E398P; K400T; N407K; K408I; E410R; E411F,1
A153S; S162N; K225I; Q373P; N376Q; I377H; G378R; S379L; L380I; A381G; T382D; N383E; Y384L; K385Q; Q387S; N388E; V389C; E390R; E391G; N392E; Q394A; I395N; V396C; E397*; E398G; I399D; K400*; R402S; G403W; L404P; V405G; K406*; N407K; K408Q; I409D; E410*; E411R,1
S162I; S163F; D265Y,1
S162N; G179V; K225I; N297D,1
D70N; S162I; S163F; K225N,1
S162I; S163F; L404Q,1
K37N; Q88*; S162I; S163F; K225E,1
S162I; K225N; K284R; Y357C,1
S162I; S163F; C347G,1
T160A; K225I; I327T,1
M1I; K62N; S162N; G179D; K225I,1
S162I; K225N; E269K; K277E,1
T160A; K225I; Q270R; V289M,1
S162N; K225I; S379*,1
K62E; M172I; K225T,1
S162I; S163F; C231R; L296R,1
D156G; S162N; K225I,1
S162I; S163F; G308S; N314S; N316I; D365N; T372S; Q373E; F375Y; G378N; S379N; A381K; T382V; Y384F; K385R; V389A; E390N; E391L; Q394R; V396I; E397K; E398P; K400T; N407K; K408I; E410R; E411L,1
G100D; K225I,1
V47A; S162I; S163F,1
I134V; S162I; S163F; I282V; L360S,1
K62E; I134V; S162I; S163F,1
S162N; G177S; K225I,1
T160A; K225I; F324V,1
S162I; S163F; L208P,1
N147K; S162I; S163F,1
S162I; S163F; S318I; D338Y,1
Y30F; S162I; S163F; N169I; Q267H,1
N95D; S162I; K225N,1
N10S; S137N; S162I; S163F; S318I,1
I90M; S162I; K225I; K277E,1
S162I; S163F; I165T; K225E,1
E154*; S162I; S163F; M211I,1
T160A; K225I; Q290K,1
N10D; K62N; S162N; K225I,1
A129S; S162I; S163F; K225N,1
S162I; S163F; K225E; D259N,1
S162N; G223V; K225I,1
F83Y; S162N; K225I; K323R,1
S162I; S163F; F194L; K342E; R402C,1
I4T; Q88*; D117E; S162I,1
S162N; F194V; K225I; R402C,1
S162I; S163F; P206T; G403A,1
E133G; S162I; S163F; K225E,1
S162I; K225N; G226C,1
S162I; S163F; K225E; E280D,1
S162I; S163F; E281K; V291A,1
L56H; T75Q; T76S; Q88T; S162I; S163F; K225E,1
R82C; S162N; K225I,1
I39V; N111D; S162I; K225N; I371T,1
K3Q; S162N; K225I; E411G,1
S162I; S163F; K225T; E390*,1
N122K; T160A; K225I,1
Y73H; S162I; S163F; G403D,1
S162N; K225I; L296M,1
E78K; S162I; S163F; S166P,1
S162I; I183V; L218M; K225N,1
I86T; S162I; K225N; I262L,1
T160M; S162I; S163F; K225E; I409V,1
L98F; T160A; K225I,1
S162N; K225I; I302L,1
P121L; S130Y; S162I; S163F,1
S162I; K225E; T372S,1
N38S; S162I; S163F; Q204*,1
E159K; S162I; S163F; K225E,1
K225I; L240M,1
K225I; V319I,1
S162I; G220V; K225T; K300R,1
K225I; T372P; N392I,1
S108G; S162I; S163F; Q236R,1
S162N; F194V; K225I; Y307H,1
K225I; G401V,1
S162I; S163F; A313T; G353S,1
S162I; S163F; K311R,1
E28*; R45H; S162I; S163F; V319L,1
T160A; K225I; D259N,1
S162I; S163F; T234K; S361A,1
S162I; S163F; S318I; L363S,1
S162I; K225E; D301V,1
E154K; S162I; N164D; K225N,1
S162I; S163F; S180Y,1
K3E; S162I,1
S162I; S163F; K330M; E390K,1
S162I; K225E; G353D,1
N138S; S162I; S163F; K225E,1
S162I; S163F; T382P,1
S162I; S163F; D301A; E410G,1
R45H; S162I; S163F; P206L; K225M,1
D156V; S162I; K225N; Y357C,1
K109R; S162I; S163F; I181V,1
S162I; S163F; G179C; K225E; A283S,1
G100S; S162I; S163F; S287N; D312N,1
I39V; S162I; S163F; G223S,1
S162I; K225E; E410G,1
S162I; S163F; Q373R,1
S162I; K225N; D365N,1
P58Q; S162I; S163F; F358L,1
W40L; S162I; S163F; K225E,1
Q53R; K225I; D312Y,1
T160A; S180A; D196Y; K225I,1
S162I; Y355H; Y384*,1
S162I; S163F; E410*; E411R,1
D65G; K225I; P393L,1
T160A; K225I; Q304*,1
T75I; S162I; K225E,1
S162I; S163F; I181V; M211I; C231S,1
E44D; S162N; K225I,1
S67G; S162N; K225I,1
S162I; S163F; N261S; N370S,1
V87M; S162N; K225I,1
Y73C; S162I; S163F,1
S162I; S163F; L214P,1
R82L; S162N; K225I,1
S162I; S163F; Q236*; E410G,1
S162I; S163F; I377M,1
S162N; K225I; Q373H; Y384C,1
S162I; S163F; R168C; K245I,1
S162I; E390K,1
S162I; C231R; E305K,1
Y113S; S162I; S163F,1
S162I; K225E; N407T; K408R; I409L; E410K; E411S,1
I90M; S162I,1
S162I; K225E; F337L,1
S162N; K225I; K306N; A313V,1
D156N; S162I; S163F; K225E,1
S162I; K225N; G374S,1
S162I; S163F; E280K; Y355H,1
T160A; K225I; E269K,1
S162I; S163F; I215F,1
S162N; K225I; A313E,1
S162I; K225E; S292I,1
E28D; S162I; K225E,1
G127S; K225I,1
S162N; K225I; F358L,1
S162I; S163F; N388I,1
S162I; S163F; Q295H,1
S162N; K225I; G315C,1
Q53L; S162I; S163F,1
S162I; S163F; Y357S,1
I42V; S162N; K225I,1
S162I; S163F; I181V; K225E; N248S,1
S162I; S163F; E280G; R402C,1
Y20H; S162I; S163F; Q394*,1
T160A; K225I; V319A,1
T59I; S162I; S163F; S174N; Y384C,1
L145P; S162N; K225I; K400E,1
S162N; K225M; N407D,1
I90M; S162I; K225E; F252L,1
G139S; S162I; K225E,1
P58L; S162I; S163F; N200D,1
K225I; L360M,1
S162I; K225N; N248I,1
S162I; S163F; L240P; T242A,1
P146L; S162I; S163F; K225E,1
N118H; S162I; S163F; K225E,1
A182S; K225I,1
S162N; K225I; A381E,1
S162I; S163F; I215T,1
I143V; S162I; S163F; S379*,1
T160A; K225N; I262L,1
A32E; L98P; S162N; K225I,1
D77Y; S162I; S163F,1
R93S; S162N; K225I,1
K37Q; S162I; S163F; L240M,1
K225I; G378D,1
T17N; S162I; S163F; K225E,1
N46S; S162I; S163F; K225E,1
I21T; P146Q; S162I; S163F,1
S162I; H212Y; K225E,1
S162I; S163F; I263V; E398D,1
S162N; N197D; K225I; K278Q,1
T160A; K225I; I352T,1
L98P; S162I; S163F; M172I,1
N92K; S162I; S163F; R402C,1
S67N; S162I; S163F; W268*,1
A32S; L56H; T75Q; T76S; Q88T; G101S; P121D; S162I; S163F,1
L61P; T160A; K225I,1
M1V; S162I; K225E,1
N92K; S162I; S163F; K225E; T341A,1
S162I; S163F; M211I; S292N,1
S162I; S163F; R402H; I409T,1
S162I; S163F; K400T,1
N96S; S162I; S163F; K225Q,1
P121S; S162I; S163F; R402C,1
V13I; S162I; R193L; K225N,1
T160A; K225I; E336K,1
V87L; S162I; S163F,1
S162I; K225E; I241V; Y384S,1
F136L; V148I; S162N; K225I,1
S162I; Y222C; K225E,1
S162N; I203M; K225I; A313E,1
Y68C; S162N; K225T,1
S162I; K225I; K342R,1
S162I; N175H; T264A,1
T160A; N175S; R193H; K225I,1
S162I; S163F; K225E; G257V,1
T160A; K225I; Y299H,1
E105*; T160A; K225I,1
T160A; K225I; I399T,1
S162I; S163F; Y171C; I395V,1
T160A; D199N; K225I,1
S162I; S163F; I181V; T242I; D301G,1
S162I; S163F; I181V; N297S,1
S162N; K225E; K288N,1
G49S; S162I; S163F,1
S162I; S163F; K225E; Y332C,1
