position_1,position_2,position_3,mutation_triplet,observed_frequency,expected_frequency,position_triplet
160,162,163,Pos160_A-Pos162_I-Pos163_F,0.00012661433274246644,0.029440673317306192,Pos160-Pos162-Pos163
160,162,163,Pos160_A-Pos162_I-Pos163_Y,0.0,6.156794800197112e-06,Pos160-Pos162-Pos163
160,162,163,Pos160_A-Pos162_I-Pos163_A,0.0,5.597086181997374e-07,Pos160-Pos162-Pos163
160,162,163,Pos160_A-Pos162_I-Pos163_L,0.0,2.7985430909986872e-06,Pos160-Pos162-Pos163
160,162,163,Pos160_A-Pos162_I-Pos163_P,0.0,1.6791258545992124e-06,Pos160-Pos162-Pos163
160,162,163,Pos160_A-Pos162_I-Pos163_V,0.0,5.597086181997374e-07,Pos160-Pos162-Pos163
160,162,163,Pos160_A-Pos162_N-Pos163_F,0.0,0.0037786321328687252,Pos160-Pos162-Pos163
160,162,163,Pos160_A-Pos162_N-Pos163_Y,0.0,7.902082407139919e-07,Pos160-Pos162-Pos163
160,162,163,Pos160_A-Pos162_N-Pos163_A,0.0,7.183711279218108e-08,Pos160-Pos162-Pos163
160,162,163,Pos160_A-Pos162_N-Pos163_L,0.0,3.591855639609054e-07,Pos160-Pos162-Pos163
160,162,163,Pos160_A-Pos162_N-Pos163_P,0.0,2.1551133837654324e-07,Pos160-Pos162-Pos163
160,162,163,Pos160_A-Pos162_N-Pos163_V,0.0,7.183711279218108e-08,Pos160-Pos162-Pos163
160,162,163,Pos160_A-Pos162_V-Pos163_F,0.0,1.101934079044432e-05,Pos160-Pos162-Pos163
160,162,163,Pos160_A-Pos162_V-Pos163_Y,0.0,2.3044248801309415e-09,Pos160-Pos162-Pos163
160,162,163,Pos160_A-Pos162_V-Pos163_A,0.0,2.0949317092099468e-10,Pos160-Pos162-Pos163
160,162,163,Pos160_A-Pos162_V-Pos163_L,0.0,1.0474658546049734e-09,Pos160-Pos162-Pos163
160,162,163,Pos160_A-Pos162_V-Pos163_P,0.0,6.28479512762984e-10,Pos160-Pos162-Pos163
160,162,163,Pos160_A-Pos162_V-Pos163_V,0.0,2.0949317092099468e-10,Pos160-Pos162-Pos163
160,162,163,Pos160_A-Pos162_T-Pos163_F,0.0,5.008791268383782e-06,Pos160-Pos162-Pos163
160,162,163,Pos160_A-Pos162_T-Pos163_Y,0.0,1.0474658546049732e-09,Pos160-Pos162-Pos163
160,162,163,Pos160_A-Pos162_T-Pos163_A,0.0,9.522416860045211e-11,Pos160-Pos162-Pos163
160,162,163,Pos160_A-Pos162_T-Pos163_L,0.0,4.761208430022605e-10,Pos160-Pos162-Pos163
160,162,163,Pos160_A-Pos162_T-Pos163_P,0.0,2.8567250580135634e-10,Pos160-Pos162-Pos163
160,162,163,Pos160_A-Pos162_T-Pos163_V,0.0,9.522416860045211e-11,Pos160-Pos162-Pos163
160,162,163,Pos160_A-Pos162_C-Pos163_F,0.0,1.5026373805151344e-06,Pos160-Pos162-Pos163
160,162,163,Pos160_A-Pos162_C-Pos163_Y,0.0,3.14239756381492e-10,Pos160-Pos162-Pos163
160,162,163,Pos160_A-Pos162_C-Pos163_A,0.0,2.8567250580135636e-11,Pos160-Pos162-Pos163
160,162,163,Pos160_A-Pos162_C-Pos163_L,0.0,1.4283625290067817e-10,Pos160-Pos162-Pos163
160,162,163,Pos160_A-Pos162_C-Pos163_P,0.0,8.57017517404069e-11,Pos160-Pos162-Pos163
160,162,163,Pos160_A-Pos162_C-Pos163_V,0.0,2.8567250580135636e-11,Pos160-Pos162-Pos163
160,162,163,Pos160_M-Pos162_I-Pos163_F,0.00015475085112968121,0.0002754682883490638,Pos160-Pos162-Pos163
160,162,163,Pos160_M-Pos162_I-Pos163_Y,0.0,5.7607436726990526e-08,Pos160-Pos162-Pos163
160,162,163,Pos160_M-Pos162_I-Pos163_A,0.0,5.237039702453684e-09,Pos160-Pos162-Pos163
160,162,163,Pos160_M-Pos162_I-Pos163_L,0.0,2.618519851226842e-08,Pos160-Pos162-Pos163
160,162,163,Pos160_M-Pos162_I-Pos163_P,0.0,1.5711119107361055e-08,Pos160-Pos162-Pos163
160,162,163,Pos160_M-Pos162_I-Pos163_V,0.0,5.237039702453684e-09,Pos160-Pos162-Pos163
160,162,163,Pos160_M-Pos162_N-Pos163_F,0.0,3.5355622295847715e-05,Pos160-Pos162-Pos163
160,162,163,Pos160_M-Pos162_N-Pos163_Y,0.0,7.3937613166221455e-09,Pos160-Pos162-Pos163
160,162,163,Pos160_M-Pos162_N-Pos163_A,0.0,6.721601196929223e-10,Pos160-Pos162-Pos163
160,162,163,Pos160_M-Pos162_N-Pos163_L,0.0,3.3608005984646117e-09,Pos160-Pos162-Pos163
160,162,163,Pos160_M-Pos162_N-Pos163_P,0.0,2.0164803590787673e-09,Pos160-Pos162-Pos163
160,162,163,Pos160_M-Pos162_N-Pos163_V,0.0,6.721601196929223e-10,Pos160-Pos162-Pos163
160,162,163,Pos160_M-Pos162_V-Pos163_F,0.0,1.0310494306848486e-07,Pos160-Pos162-Pos163
160,162,163,Pos160_M-Pos162_V-Pos163_Y,0.0,2.1561870223447405e-11,Pos160-Pos162-Pos163
160,162,163,Pos160_M-Pos162_V-Pos163_A,0.0,1.9601700203134004e-12,Pos160-Pos162-Pos163
160,162,163,Pos160_M-Pos162_V-Pos163_L,0.0,9.800850101567002e-12,Pos160-Pos162-Pos163
160,162,163,Pos160_M-Pos162_V-Pos163_P,0.0,5.8805100609402015e-12,Pos160-Pos162-Pos163
160,162,163,Pos160_M-Pos162_V-Pos163_V,0.0,1.9601700203134004e-12,Pos160-Pos162-Pos163
160,162,163,Pos160_M-Pos162_T-Pos163_F,0.0,4.6865883212947666e-08,Pos160-Pos162-Pos163
160,162,163,Pos160_M-Pos162_T-Pos163_Y,0.0,9.800850101567002e-12,Pos160-Pos162-Pos163
160,162,163,Pos160_M-Pos162_T-Pos163_A,0.0,8.909863728697274e-13,Pos160-Pos162-Pos163
160,162,163,Pos160_M-Pos162_T-Pos163_L,0.0,4.454931864348637e-12,Pos160-Pos162-Pos163
160,162,163,Pos160_M-Pos162_T-Pos163_P,0.0,2.6729591186091822e-12,Pos160-Pos162-Pos163
160,162,163,Pos160_M-Pos162_T-Pos163_V,0.0,8.909863728697274e-13,Pos160-Pos162-Pos163
160,162,163,Pos160_M-Pos162_C-Pos163_F,0.0,1.4059764963884301e-08,Pos160-Pos162-Pos163
160,162,163,Pos160_M-Pos162_C-Pos163_Y,0.0,2.9402550304701008e-12,Pos160-Pos162-Pos163
160,162,163,Pos160_M-Pos162_C-Pos163_A,0.0,2.6729591186091825e-13,Pos160-Pos162-Pos163
160,162,163,Pos160_M-Pos162_C-Pos163_L,0.0,1.3364795593045911e-12,Pos160-Pos162-Pos163
160,162,163,Pos160_M-Pos162_C-Pos163_P,0.0,8.018877355827548e-13,Pos160-Pos162-Pos163
160,162,163,Pos160_M-Pos162_C-Pos163_V,0.0,2.6729591186091825e-13,Pos160-Pos162-Pos163
160,162,163,Pos160_K-Pos162_I-Pos163_F,8.44095551616443e-05,6.02586880763577e-05,Pos160-Pos162-Pos163
160,162,163,Pos160_K-Pos162_I-Pos163_Y,0.0,1.2601626784029177e-08,Pos160-Pos162-Pos163
160,162,163,Pos160_K-Pos162_I-Pos163_A,0.0,1.1456024349117434e-09,Pos160-Pos162-Pos163
160,162,163,Pos160_K-Pos162_I-Pos163_L,0.0,5.728012174558717e-09,Pos160-Pos162-Pos163
160,162,163,Pos160_K-Pos162_I-Pos163_P,0.0,3.4368073047352304e-09,Pos160-Pos162-Pos163
160,162,163,Pos160_K-Pos162_I-Pos163_V,0.0,1.1456024349117434e-09,Pos160-Pos162-Pos163
160,162,163,Pos160_K-Pos162_N-Pos163_F,0.0,7.734042377216688e-06,Pos160-Pos162-Pos163
160,162,163,Pos160_K-Pos162_N-Pos163_Y,0.0,1.6173852880110945e-09,Pos160-Pos162-Pos163
160,162,163,Pos160_K-Pos162_N-Pos163_A,0.0,1.4703502618282677e-10,Pos160-Pos162-Pos163
160,162,163,Pos160_K-Pos162_N-Pos163_L,0.0,7.351751309141338e-10,Pos160-Pos162-Pos163
160,162,163,Pos160_K-Pos162_N-Pos163_P,0.0,4.411050785484803e-10,Pos160-Pos162-Pos163
160,162,163,Pos160_K-Pos162_N-Pos163_V,0.0,1.4703502618282677e-10,Pos160-Pos162-Pos163
160,162,163,Pos160_K-Pos162_V-Pos163_F,0.0,2.2554206296231063e-08,Pos160-Pos162-Pos163
160,162,163,Pos160_K-Pos162_V-Pos163_Y,0.0,4.7166591113791195e-12,Pos160-Pos162-Pos163
160,162,163,Pos160_K-Pos162_V-Pos163_A,0.0,4.287871919435563e-13,Pos160-Pos162-Pos163
160,162,163,Pos160_K-Pos162_V-Pos163_L,0.0,2.1439359597177816e-12,Pos160-Pos162-Pos163
160,162,163,Pos160_K-Pos162_V-Pos163_P,0.0,1.286361575830669e-12,Pos160-Pos162-Pos163
160,162,163,Pos160_K-Pos162_V-Pos163_V,0.0,4.287871919435563e-13,Pos160-Pos162-Pos163
160,162,163,Pos160_K-Pos162_T-Pos163_F,0.0,1.0251911952832302e-08,Pos160-Pos162-Pos163
160,162,163,Pos160_K-Pos162_T-Pos163_Y,0.0,2.1439359597177816e-12,Pos160-Pos162-Pos163
160,162,163,Pos160_K-Pos162_T-Pos163_A,0.0,1.9490326906525288e-13,Pos160-Pos162-Pos163
160,162,163,Pos160_K-Pos162_T-Pos163_L,0.0,9.745163453262642e-13,Pos160-Pos162-Pos163
160,162,163,Pos160_K-Pos162_T-Pos163_P,0.0,5.847098071957586e-13,Pos160-Pos162-Pos163
160,162,163,Pos160_K-Pos162_T-Pos163_V,0.0,1.9490326906525288e-13,Pos160-Pos162-Pos163
160,162,163,Pos160_K-Pos162_C-Pos163_F,0.0,3.0755735858496908e-09,Pos160-Pos162-Pos163
160,162,163,Pos160_K-Pos162_C-Pos163_Y,0.0,6.431807879153346e-13,Pos160-Pos162-Pos163
160,162,163,Pos160_K-Pos162_C-Pos163_A,0.0,5.847098071957587e-14,Pos160-Pos162-Pos163
160,162,163,Pos160_K-Pos162_C-Pos163_L,0.0,2.9235490359787934e-13,Pos160-Pos162-Pos163
160,162,163,Pos160_K-Pos162_C-Pos163_P,0.0,1.7541294215872762e-13,Pos160-Pos162-Pos163
160,162,163,Pos160_K-Pos162_C-Pos163_V,0.0,5.847098071957587e-14,Pos160-Pos162-Pos163
160,162,163,Pos160_E-Pos162_I-Pos163_F,0.0,1.721676802181649e-05,Pos160-Pos162-Pos163
160,162,163,Pos160_E-Pos162_I-Pos163_Y,0.0,3.600464795436908e-09,Pos160-Pos162-Pos163
160,162,163,Pos160_E-Pos162_I-Pos163_A,0.0,3.2731498140335527e-10,Pos160-Pos162-Pos163
160,162,163,Pos160_E-Pos162_I-Pos163_L,0.0,1.6365749070167762e-09,Pos160-Pos162-Pos163
160,162,163,Pos160_E-Pos162_I-Pos163_P,0.0,9.81944944210066e-10,Pos160-Pos162-Pos163
160,162,163,Pos160_E-Pos162_I-Pos163_V,0.0,3.2731498140335527e-10,Pos160-Pos162-Pos163
160,162,163,Pos160_E-Pos162_N-Pos163_F,0.0,2.209726393490482e-06,Pos160-Pos162-Pos163
160,162,163,Pos160_E-Pos162_N-Pos163_Y,0.0,4.621100822888841e-10,Pos160-Pos162-Pos163
160,162,163,Pos160_E-Pos162_N-Pos163_A,0.0,4.2010007480807646e-11,Pos160-Pos162-Pos163
160,162,163,Pos160_E-Pos162_N-Pos163_L,0.0,2.1005003740403823e-10,Pos160-Pos162-Pos163
160,162,163,Pos160_E-Pos162_N-Pos163_P,0.0,1.2603002244242296e-10,Pos160-Pos162-Pos163
160,162,163,Pos160_E-Pos162_N-Pos163_V,0.0,4.2010007480807646e-11,Pos160-Pos162-Pos163
160,162,163,Pos160_E-Pos162_V-Pos163_F,0.0,6.444058941780304e-09,Pos160-Pos162-Pos163
160,162,163,Pos160_E-Pos162_V-Pos163_Y,0.0,1.3476168889654628e-12,Pos160-Pos162-Pos163
160,162,163,Pos160_E-Pos162_V-Pos163_A,0.0,1.2251062626958752e-13,Pos160-Pos162-Pos163
160,162,163,Pos160_E-Pos162_V-Pos163_L,0.0,6.125531313479376e-13,Pos160-Pos162-Pos163
160,162,163,Pos160_E-Pos162_V-Pos163_P,0.0,3.675318788087626e-13,Pos160-Pos162-Pos163
160,162,163,Pos160_E-Pos162_V-Pos163_V,0.0,1.2251062626958752e-13,Pos160-Pos162-Pos163
160,162,163,Pos160_E-Pos162_T-Pos163_F,0.0,2.929117700809229e-09,Pos160-Pos162-Pos163
160,162,163,Pos160_E-Pos162_T-Pos163_Y,0.0,6.125531313479376e-13,Pos160-Pos162-Pos163
160,162,163,Pos160_E-Pos162_T-Pos163_A,0.0,5.5686648304357966e-14,Pos160-Pos162-Pos163
160,162,163,Pos160_E-Pos162_T-Pos163_L,0.0,2.784332415217898e-13,Pos160-Pos162-Pos163
160,162,163,Pos160_E-Pos162_T-Pos163_P,0.0,1.670599449130739e-13,Pos160-Pos162-Pos163
160,162,163,Pos160_E-Pos162_T-Pos163_V,0.0,5.5686648304357966e-14,Pos160-Pos162-Pos163
160,162,163,Pos160_E-Pos162_C-Pos163_F,0.0,8.787353102427688e-10,Pos160-Pos162-Pos163
160,162,163,Pos160_E-Pos162_C-Pos163_Y,0.0,1.837659394043813e-13,Pos160-Pos162-Pos163
160,162,163,Pos160_E-Pos162_C-Pos163_A,0.0,1.670599449130739e-14,Pos160-Pos162-Pos163
160,162,163,Pos160_E-Pos162_C-Pos163_L,0.0,8.352997245653695e-14,Pos160-Pos162-Pos163
160,162,163,Pos160_E-Pos162_C-Pos163_P,0.0,5.0117983473922176e-14,Pos160-Pos162-Pos163
160,162,163,Pos160_E-Pos162_C-Pos163_V,0.0,1.670599449130739e-14,Pos160-Pos162-Pos163
160,162,163,Pos160_S-Pos162_I-Pos163_F,0.0,2.5825152032724735e-05,Pos160-Pos162-Pos163
160,162,163,Pos160_S-Pos162_I-Pos163_Y,0.0,5.400697193155363e-09,Pos160-Pos162-Pos163
160,162,163,Pos160_S-Pos162_I-Pos163_A,0.0,4.90972472105033e-10,Pos160-Pos162-Pos163
160,162,163,Pos160_S-Pos162_I-Pos163_L,0.0,2.4548623605251647e-09,Pos160-Pos162-Pos163
160,162,163,Pos160_S-Pos162_I-Pos163_P,0.0,1.472917416315099e-09,Pos160-Pos162-Pos163
160,162,163,Pos160_S-Pos162_I-Pos163_V,0.0,4.90972472105033e-10,Pos160-Pos162-Pos163
160,162,163,Pos160_S-Pos162_N-Pos163_F,0.0,3.3145895902357235e-06,Pos160-Pos162-Pos163
160,162,163,Pos160_S-Pos162_N-Pos163_Y,0.0,6.931651234333262e-10,Pos160-Pos162-Pos163
160,162,163,Pos160_S-Pos162_N-Pos163_A,0.0,6.301501122121147e-11,Pos160-Pos162-Pos163
160,162,163,Pos160_S-Pos162_N-Pos163_L,0.0,3.150750561060573e-10,Pos160-Pos162-Pos163
160,162,163,Pos160_S-Pos162_N-Pos163_P,0.0,1.8904503366363442e-10,Pos160-Pos162-Pos163
160,162,163,Pos160_S-Pos162_N-Pos163_V,0.0,6.301501122121147e-11,Pos160-Pos162-Pos163
160,162,163,Pos160_S-Pos162_V-Pos163_F,0.0,9.666088412670457e-09,Pos160-Pos162-Pos163
160,162,163,Pos160_S-Pos162_V-Pos163_Y,0.0,2.0214253334481942e-12,Pos160-Pos162-Pos163
160,162,163,Pos160_S-Pos162_V-Pos163_A,0.0,1.837659394043813e-13,Pos160-Pos162-Pos163
160,162,163,Pos160_S-Pos162_V-Pos163_L,0.0,9.188296970219065e-13,Pos160-Pos162-Pos163
160,162,163,Pos160_S-Pos162_V-Pos163_P,0.0,5.512978182131439e-13,Pos160-Pos162-Pos163
160,162,163,Pos160_S-Pos162_V-Pos163_V,0.0,1.837659394043813e-13,Pos160-Pos162-Pos163
160,162,163,Pos160_S-Pos162_T-Pos163_F,0.0,4.3936765512138435e-09,Pos160-Pos162-Pos163
160,162,163,Pos160_S-Pos162_T-Pos163_Y,0.0,9.188296970219065e-13,Pos160-Pos162-Pos163
160,162,163,Pos160_S-Pos162_T-Pos163_A,0.0,8.352997245653695e-14,Pos160-Pos162-Pos163
160,162,163,Pos160_S-Pos162_T-Pos163_L,0.0,4.1764986228268476e-13,Pos160-Pos162-Pos163
160,162,163,Pos160_S-Pos162_T-Pos163_P,0.0,2.5058991736961085e-13,Pos160-Pos162-Pos163
160,162,163,Pos160_S-Pos162_T-Pos163_V,0.0,8.352997245653695e-14,Pos160-Pos162-Pos163
160,162,163,Pos160_S-Pos162_C-Pos163_F,0.0,1.3181029653641533e-09,Pos160-Pos162-Pos163
160,162,163,Pos160_S-Pos162_C-Pos163_Y,0.0,2.75648909106572e-13,Pos160-Pos162-Pos163
160,162,163,Pos160_S-Pos162_C-Pos163_A,0.0,2.5058991736961088e-14,Pos160-Pos162-Pos163
160,162,163,Pos160_S-Pos162_C-Pos163_L,0.0,1.2529495868480542e-13,Pos160-Pos162-Pos163
160,162,163,Pos160_S-Pos162_C-Pos163_P,0.0,7.517697521088327e-14,Pos160-Pos162-Pos163
160,162,163,Pos160_S-Pos162_C-Pos163_V,0.0,2.5058991736961088e-14,Pos160-Pos162-Pos163
160,162,163,Pos160_R-Pos162_I-Pos163_F,1.4068259193607383e-05,8.608384010908244e-06,Pos160-Pos162-Pos163
160,162,163,Pos160_R-Pos162_I-Pos163_Y,0.0,1.800232397718454e-09,Pos160-Pos162-Pos163
160,162,163,Pos160_R-Pos162_I-Pos163_A,0.0,1.6365749070167763e-10,Pos160-Pos162-Pos163
160,162,163,Pos160_R-Pos162_I-Pos163_L,0.0,8.182874535083881e-10,Pos160-Pos162-Pos163
160,162,163,Pos160_R-Pos162_I-Pos163_P,0.0,4.90972472105033e-10,Pos160-Pos162-Pos163
160,162,163,Pos160_R-Pos162_I-Pos163_V,0.0,1.6365749070167763e-10,Pos160-Pos162-Pos163
160,162,163,Pos160_R-Pos162_N-Pos163_F,0.0,1.104863196745241e-06,Pos160-Pos162-Pos163
160,162,163,Pos160_R-Pos162_N-Pos163_Y,0.0,2.3105504114444205e-10,Pos160-Pos162-Pos163
160,162,163,Pos160_R-Pos162_N-Pos163_A,0.0,2.1005003740403823e-11,Pos160-Pos162-Pos163
160,162,163,Pos160_R-Pos162_N-Pos163_L,0.0,1.0502501870201912e-10,Pos160-Pos162-Pos163
160,162,163,Pos160_R-Pos162_N-Pos163_P,0.0,6.301501122121148e-11,Pos160-Pos162-Pos163
160,162,163,Pos160_R-Pos162_N-Pos163_V,0.0,2.1005003740403823e-11,Pos160-Pos162-Pos163
160,162,163,Pos160_R-Pos162_V-Pos163_F,0.0,3.222029470890152e-09,Pos160-Pos162-Pos163
160,162,163,Pos160_R-Pos162_V-Pos163_Y,0.0,6.738084444827314e-13,Pos160-Pos162-Pos163
160,162,163,Pos160_R-Pos162_V-Pos163_A,0.0,6.125531313479376e-14,Pos160-Pos162-Pos163
160,162,163,Pos160_R-Pos162_V-Pos163_L,0.0,3.062765656739688e-13,Pos160-Pos162-Pos163
160,162,163,Pos160_R-Pos162_V-Pos163_P,0.0,1.837659394043813e-13,Pos160-Pos162-Pos163
160,162,163,Pos160_R-Pos162_V-Pos163_V,0.0,6.125531313479376e-14,Pos160-Pos162-Pos163
160,162,163,Pos160_R-Pos162_T-Pos163_F,0.0,1.4645588504046146e-09,Pos160-Pos162-Pos163
160,162,163,Pos160_R-Pos162_T-Pos163_Y,0.0,3.062765656739688e-13,Pos160-Pos162-Pos163
160,162,163,Pos160_R-Pos162_T-Pos163_A,0.0,2.7843324152178983e-14,Pos160-Pos162-Pos163
160,162,163,Pos160_R-Pos162_T-Pos163_L,0.0,1.392166207608949e-13,Pos160-Pos162-Pos163
160,162,163,Pos160_R-Pos162_T-Pos163_P,0.0,8.352997245653695e-14,Pos160-Pos162-Pos163
160,162,163,Pos160_R-Pos162_T-Pos163_V,0.0,2.7843324152178983e-14,Pos160-Pos162-Pos163
160,162,163,Pos160_R-Pos162_C-Pos163_F,0.0,4.393676551213844e-10,Pos160-Pos162-Pos163
160,162,163,Pos160_R-Pos162_C-Pos163_Y,0.0,9.188296970219065e-14,Pos160-Pos162-Pos163
160,162,163,Pos160_R-Pos162_C-Pos163_A,0.0,8.352997245653695e-15,Pos160-Pos162-Pos163
160,162,163,Pos160_R-Pos162_C-Pos163_L,0.0,4.176498622826847e-14,Pos160-Pos162-Pos163
160,162,163,Pos160_R-Pos162_C-Pos163_P,0.0,2.5058991736961088e-14,Pos160-Pos162-Pos163
160,162,163,Pos160_R-Pos162_C-Pos163_V,0.0,8.352997245653695e-15,Pos160-Pos162-Pos163
160,162,225,Pos160_A-Pos162_I-Pos225_E,9.847781435525168e-05,0.009629227067508283,Pos160-Pos162-Pos225
160,162,225,Pos160_A-Pos162_I-Pos225_I,0.0,0.006942065991531344,Pos160-Pos162-Pos225
160,162,225,Pos160_A-Pos162_I-Pos225_N,0.0,0.002285290288109528,Pos160-Pos162-Pos225
160,162,225,Pos160_A-Pos162_I-Pos225_M,0.0,0.00021716694386149816,Pos160-Pos162-Pos225
160,162,225,Pos160_A-Pos162_I-Pos225_T,0.0,0.00022556257313449422,Pos160-Pos162-Pos225
160,162,225,Pos160_A-Pos162_I-Pos225_L,0.0,2.6306305055387657e-05,Pos160-Pos162-Pos225
160,162,225,Pos160_A-Pos162_I-Pos225_R,0.0,6.156794800197112e-06,Pos160-Pos162-Pos225
160,162,225,Pos160_A-Pos162_I-Pos225_G,0.0,6.156794800197112e-06,Pos160-Pos162-Pos225
160,162,225,Pos160_A-Pos162_I-Pos225_Q,0.0,4.477668945597899e-06,Pos160-Pos162-Pos225
160,162,225,Pos160_A-Pos162_I-Pos225_*,0.0,1.1194172363994748e-06,Pos160-Pos162-Pos225
160,162,225,Pos160_A-Pos162_I-Pos225_S,0.0,3.358251709198425e-06,Pos160-Pos162-Pos225
160,162,225,Pos160_A-Pos162_I-Pos225_V,0.0,1.1194172363994748e-06,Pos160-Pos162-Pos225
160,162,225,Pos160_A-Pos162_N-Pos225_E,0.0,0.0012358856884766832,Pos160-Pos162-Pos225
160,162,225,Pos160_A-Pos162_N-Pos225_I,0.00011254607354885906,0.0008909957099614219,Pos160-Pos162-Pos225
160,162,225,Pos160_A-Pos162_N-Pos225_N,0.0,0.00029331093153047534,Pos160-Pos162-Pos225
160,162,225,Pos160_A-Pos162_N-Pos225_M,0.0,2.787279976336626e-05,Pos160-Pos162-Pos225
160,162,225,Pos160_A-Pos162_N-Pos225_T,0.0,2.8950356455248977e-05,Pos160-Pos162-Pos225
160,162,225,Pos160_A-Pos162_N-Pos225_L,0.0,3.376344301232511e-06,Pos160-Pos162-Pos225
160,162,225,Pos160_A-Pos162_N-Pos225_R,0.0,7.902082407139919e-07,Pos160-Pos162-Pos225
160,162,225,Pos160_A-Pos162_N-Pos225_G,0.0,7.902082407139919e-07,Pos160-Pos162-Pos225
160,162,225,Pos160_A-Pos162_N-Pos225_Q,0.0,5.746969023374487e-07,Pos160-Pos162-Pos225
160,162,225,Pos160_A-Pos162_N-Pos225_*,0.0,1.4367422558436217e-07,Pos160-Pos162-Pos225
160,162,225,Pos160_A-Pos162_N-Pos225_S,0.0,4.310226767530865e-07,Pos160-Pos162-Pos225
160,162,225,Pos160_A-Pos162_N-Pos225_V,0.0,1.4367422558436217e-07,Pos160-Pos162-Pos225
160,162,225,Pos160_A-Pos162_V-Pos225_E,0.0,3.604120512524792e-06,Pos160-Pos162-Pos225
160,162,225,Pos160_A-Pos162_V-Pos225_I,0.0,2.598343798933097e-06,Pos160-Pos162-Pos225
160,162,225,Pos160_A-Pos162_V-Pos225_N,0.0,8.553606168704213e-07,Pos160-Pos162-Pos225
160,162,225,Pos160_A-Pos162_V-Pos225_M,0.0,8.128335031734594e-08,Pos160-Pos162-Pos225
160,162,225,Pos160_A-Pos162_V-Pos225_T,0.0,8.442574788116086e-08,Pos160-Pos162-Pos225
160,162,225,Pos160_A-Pos162_V-Pos225_L,0.0,9.846179033286749e-09,Pos160-Pos162-Pos225
160,162,225,Pos160_A-Pos162_V-Pos225_R,0.0,2.3044248801309415e-09,Pos160-Pos162-Pos225
160,162,225,Pos160_A-Pos162_V-Pos225_G,0.0,2.3044248801309415e-09,Pos160-Pos162-Pos225
160,162,225,Pos160_A-Pos162_V-Pos225_Q,0.0,1.6759453673679574e-09,Pos160-Pos162-Pos225
160,162,225,Pos160_A-Pos162_V-Pos225_*,0.0,4.1898634184198936e-10,Pos160-Pos162-Pos225
160,162,225,Pos160_A-Pos162_V-Pos225_S,0.0,1.256959025525968e-09,Pos160-Pos162-Pos225
160,162,225,Pos160_A-Pos162_V-Pos225_V,0.0,4.1898634184198936e-10,Pos160-Pos162-Pos225
160,162,225,Pos160_A-Pos162_T-Pos225_E,0.0,1.638236596602178e-06,Pos160-Pos162-Pos225
160,162,225,Pos160_A-Pos162_T-Pos225_I,0.0,1.1810653631514076e-06,Pos160-Pos162-Pos225
160,162,225,Pos160_A-Pos162_T-Pos225_N,0.0,3.8880028039564596e-07,Pos160-Pos162-Pos225
160,162,225,Pos160_A-Pos162_T-Pos225_M,0.0,3.694697741697542e-08,Pos160-Pos162-Pos225
160,162,225,Pos160_A-Pos162_T-Pos225_T,0.0,3.837533994598221e-08,Pos160-Pos162-Pos225
160,162,225,Pos160_A-Pos162_T-Pos225_L,0.0,4.475535924221249e-09,Pos160-Pos162-Pos225
160,162,225,Pos160_A-Pos162_T-Pos225_R,0.0,1.0474658546049732e-09,Pos160-Pos162-Pos225
160,162,225,Pos160_A-Pos162_T-Pos225_G,0.0,1.0474658546049732e-09,Pos160-Pos162-Pos225
160,162,225,Pos160_A-Pos162_T-Pos225_Q,0.0,7.617933488036169e-10,Pos160-Pos162-Pos225
160,162,225,Pos160_A-Pos162_T-Pos225_*,0.0,1.9044833720090422e-10,Pos160-Pos162-Pos225
160,162,225,Pos160_A-Pos162_T-Pos225_S,0.0,5.713450116027127e-10,Pos160-Pos162-Pos225
160,162,225,Pos160_A-Pos162_T-Pos225_V,0.0,1.9044833720090422e-10,Pos160-Pos162-Pos225
160,162,225,Pos160_A-Pos162_C-Pos225_E,0.0,4.914709789806534e-07,Pos160-Pos162-Pos225
160,162,225,Pos160_A-Pos162_C-Pos225_I,0.0,3.543196089454223e-07,Pos160-Pos162-Pos225
160,162,225,Pos160_A-Pos162_C-Pos225_N,0.0,1.1664008411869379e-07,Pos160-Pos162-Pos225
160,162,225,Pos160_A-Pos162_C-Pos225_M,0.0,1.1084093225092627e-08,Pos160-Pos162-Pos225
160,162,225,Pos160_A-Pos162_C-Pos225_T,0.0,1.1512601983794662e-08,Pos160-Pos162-Pos225
160,162,225,Pos160_A-Pos162_C-Pos225_L,0.0,1.3426607772663748e-09,Pos160-Pos162-Pos225
160,162,225,Pos160_A-Pos162_C-Pos225_R,0.0,3.14239756381492e-10,Pos160-Pos162-Pos225
160,162,225,Pos160_A-Pos162_C-Pos225_G,0.0,3.14239756381492e-10,Pos160-Pos162-Pos225
160,162,225,Pos160_A-Pos162_C-Pos225_Q,0.0,2.285380046410851e-10,Pos160-Pos162-Pos225
160,162,225,Pos160_A-Pos162_C-Pos225_*,0.0,5.713450116027127e-11,Pos160-Pos162-Pos225
160,162,225,Pos160_A-Pos162_C-Pos225_S,0.0,1.714035034808138e-10,Pos160-Pos162-Pos225
160,162,225,Pos160_A-Pos162_C-Pos225_V,0.0,5.713450116027127e-11,Pos160-Pos162-Pos225
160,162,225,Pos160_M-Pos162_I-Pos225_E,8.44095551616443e-05,9.009803104101317e-05,Pos160-Pos162-Pos225
160,162,225,Pos160_M-Pos162_I-Pos225_I,0.0,6.495500342953304e-05,Pos160-Pos162-Pos225
160,162,225,Pos160_M-Pos162_I-Pos225_N,0.0,2.1382833105118393e-05,Pos160-Pos162-Pos225
160,162,225,Pos160_M-Pos162_I-Pos225_M,0.0,2.03197140455203e-06,Pos160-Pos162-Pos225
160,162,225,Pos160_M-Pos162_I-Pos225_T,0.0,2.1105270000888348e-06,Pos160-Pos162-Pos225
160,162,225,Pos160_M-Pos162_I-Pos225_L,0.0,2.4614086601532317e-07,Pos160-Pos162-Pos225
160,162,225,Pos160_M-Pos162_I-Pos225_R,0.0,5.7607436726990526e-08,Pos160-Pos162-Pos225
160,162,225,Pos160_M-Pos162_I-Pos225_G,0.0,5.7607436726990526e-08,Pos160-Pos162-Pos225
160,162,225,Pos160_M-Pos162_I-Pos225_Q,0.0,4.1896317619629474e-08,Pos160-Pos162-Pos225
160,162,225,Pos160_M-Pos162_I-Pos225_*,0.0,1.0474079404907369e-08,Pos160-Pos162-Pos225
160,162,225,Pos160_M-Pos162_I-Pos225_S,0.0,3.142223821472211e-08,Pos160-Pos162-Pos225
160,162,225,Pos160_M-Pos162_I-Pos225_V,0.0,1.0474079404907369e-08,Pos160-Pos162-Pos225
160,162,225,Pos160_M-Pos162_N-Pos225_E,0.0,1.1563842699197035e-05,Pos160-Pos162-Pos225
160,162,225,Pos160_M-Pos162_N-Pos225_I,2.8136518387214766e-05,8.336801964551315e-06,Pos160-Pos162-Pos225
160,162,225,Pos160_M-Pos162_N-Pos225_N,0.0,2.7444297687062018e-06,Pos160-Pos162-Pos225
160,162,225,Pos160_M-Pos162_N-Pos225_M,0.0,2.607981264408539e-07,Pos160-Pos162-Pos225
160,162,225,Pos160_M-Pos162_N-Pos225_T,0.0,2.708805282362477e-07,Pos160-Pos162-Pos225
160,162,225,Pos160_M-Pos162_N-Pos225_L,0.0,3.159152562556735e-08,Pos160-Pos162-Pos225
160,162,225,Pos160_M-Pos162_N-Pos225_R,0.0,7.3937613166221455e-09,Pos160-Pos162-Pos225
160,162,225,Pos160_M-Pos162_N-Pos225_G,0.0,7.3937613166221455e-09,Pos160-Pos162-Pos225
160,162,225,Pos160_M-Pos162_N-Pos225_Q,0.0,5.377280957543379e-09,Pos160-Pos162-Pos225
160,162,225,Pos160_M-Pos162_N-Pos225_*,0.0,1.3443202393858447e-09,Pos160-Pos162-Pos225
160,162,225,Pos160_M-Pos162_N-Pos225_S,0.0,4.032960718157535e-09,Pos160-Pos162-Pos225
160,162,225,Pos160_M-Pos162_N-Pos225_V,0.0,1.3443202393858447e-09,Pos160-Pos162-Pos225
160,162,225,Pos160_M-Pos162_V-Pos225_E,0.0,3.372276502947174e-08,Pos160-Pos162-Pos225
160,162,225,Pos160_M-Pos162_V-Pos225_I,0.0,2.4311988761947107e-08,Pos160-Pos162-Pos225
160,162,225,Pos160_M-Pos162_V-Pos225_N,0.0,8.003374192939614e-09,Pos160-Pos162-Pos225
160,162,225,Pos160_M-Pos162_V-Pos225_M,0.0,7.605459678815994e-10,Pos160-Pos162-Pos225
160,162,225,Pos160_M-Pos162_V-Pos225_T,0.0,7.899485181863004e-10,Pos160-Pos162-Pos225
160,162,225,Pos160_M-Pos162_V-Pos225_L,0.0,9.212799095472982e-11,Pos160-Pos162-Pos225
160,162,225,Pos160_M-Pos162_V-Pos225_R,0.0,2.1561870223447405e-11,Pos160-Pos162-Pos225
160,162,225,Pos160_M-Pos162_V-Pos225_G,0.0,2.1561870223447405e-11,Pos160-Pos162-Pos225
160,162,225,Pos160_M-Pos162_V-Pos225_Q,0.0,1.5681360162507203e-11,Pos160-Pos162-Pos225
160,162,225,Pos160_M-Pos162_V-Pos225_*,0.0,3.920340040626801e-12,Pos160-Pos162-Pos225
160,162,225,Pos160_M-Pos162_V-Pos225_S,0.0,1.1761020121880403e-11,Pos160-Pos162-Pos225
160,162,225,Pos160_M-Pos162_V-Pos225_V,0.0,3.920340040626801e-12,Pos160-Pos162-Pos225
160,162,225,Pos160_M-Pos162_T-Pos225_E,0.0,1.532852955885079e-08,Pos160-Pos162-Pos225
160,162,225,Pos160_M-Pos162_T-Pos225_I,0.0,1.105090398270323e-08,Pos160-Pos162-Pos225
160,162,225,Pos160_M-Pos162_T-Pos225_N,0.0,3.637897360427097e-09,Pos160-Pos162-Pos225
160,162,225,Pos160_M-Pos162_T-Pos225_M,0.0,3.457027126734543e-10,Pos160-Pos162-Pos225
160,162,225,Pos160_M-Pos162_T-Pos225_T,0.0,3.590675082665002e-10,Pos160-Pos162-Pos225
160,162,225,Pos160_M-Pos162_T-Pos225_L,0.0,4.187635952487719e-11,Pos160-Pos162-Pos225
160,162,225,Pos160_M-Pos162_T-Pos225_R,0.0,9.800850101567002e-12,Pos160-Pos162-Pos225
160,162,225,Pos160_M-Pos162_T-Pos225_G,0.0,9.800850101567002e-12,Pos160-Pos162-Pos225
160,162,225,Pos160_M-Pos162_T-Pos225_Q,0.0,7.1278909829578196e-12,Pos160-Pos162-Pos225
160,162,225,Pos160_M-Pos162_T-Pos225_*,0.0,1.7819727457394549e-12,Pos160-Pos162-Pos225
160,162,225,Pos160_M-Pos162_T-Pos225_S,0.0,5.3459182372183645e-12,Pos160-Pos162-Pos225
160,162,225,Pos160_M-Pos162_T-Pos225_V,0.0,1.7819727457394549e-12,Pos160-Pos162-Pos225
160,162,225,Pos160_M-Pos162_C-Pos225_E,0.0,4.5985588676552375e-09,Pos160-Pos162-Pos225
160,162,225,Pos160_M-Pos162_C-Pos225_I,0.0,3.315271194810969e-09,Pos160-Pos162-Pos225
160,162,225,Pos160_M-Pos162_C-Pos225_N,0.0,1.0913692081281293e-09,Pos160-Pos162-Pos225
160,162,225,Pos160_M-Pos162_C-Pos225_M,0.0,1.0371081380203629e-10,Pos160-Pos162-Pos225
160,162,225,Pos160_M-Pos162_C-Pos225_T,0.0,1.0772025247995006e-10,Pos160-Pos162-Pos225
160,162,225,Pos160_M-Pos162_C-Pos225_L,0.0,1.2562907857463158e-11,Pos160-Pos162-Pos225
160,162,225,Pos160_M-Pos162_C-Pos225_R,0.0,2.9402550304701008e-12,Pos160-Pos162-Pos225
160,162,225,Pos160_M-Pos162_C-Pos225_G,0.0,2.9402550304701008e-12,Pos160-Pos162-Pos225
160,162,225,Pos160_M-Pos162_C-Pos225_Q,0.0,2.138367294887346e-12,Pos160-Pos162-Pos225
160,162,225,Pos160_M-Pos162_C-Pos225_*,0.0,5.345918237218365e-13,Pos160-Pos162-Pos225
160,162,225,Pos160_M-Pos162_C-Pos225_S,0.0,1.6037754711655096e-12,Pos160-Pos162-Pos225
160,162,225,Pos160_M-Pos162_C-Pos225_V,0.0,5.345918237218365e-13,Pos160-Pos162-Pos225
160,162,225,Pos160_K-Pos162_I-Pos225_E,4.220477758082215e-05,1.9708944290221634e-05,Pos160-Pos162-Pos225
160,162,225,Pos160_K-Pos162_I-Pos225_I,0.0,1.4208907000210353e-05,Pos160-Pos162-Pos225
160,162,225,Pos160_K-Pos162_I-Pos225_N,0.0,4.677494741744648e-06,Pos160-Pos162-Pos225
160,162,225,Pos160_K-Pos162_I-Pos225_M,0.0,4.4449374474575645e-07,Pos160-Pos162-Pos225
160,162,225,Pos160_K-Pos162_I-Pos225_T,0.0,4.616777812694326e-07,Pos160-Pos162-Pos225
160,162,225,Pos160_K-Pos162_I-Pos225_L,0.0,5.384331444085194e-08,Pos160-Pos162-Pos225
160,162,225,Pos160_K-Pos162_I-Pos225_R,0.0,1.2601626784029177e-08,Pos160-Pos162-Pos225
160,162,225,Pos160_K-Pos162_I-Pos225_G,0.0,1.2601626784029177e-08,Pos160-Pos162-Pos225
160,162,225,Pos160_K-Pos162_I-Pos225_Q,0.0,9.164819479293947e-09,Pos160-Pos162-Pos225
160,162,225,Pos160_K-Pos162_I-Pos225_*,0.0,2.2912048698234868e-09,Pos160-Pos162-Pos225
160,162,225,Pos160_K-Pos162_I-Pos225_S,0.0,6.873614609470461e-09,Pos160-Pos162-Pos225
160,162,225,Pos160_K-Pos162_I-Pos225_V,0.0,2.2912048698234868e-09,Pos160-Pos162-Pos225
160,162,225,Pos160_K-Pos162_N-Pos225_E,0.0,2.5295905904493517e-06,Pos160-Pos162-Pos225
160,162,225,Pos160_K-Pos162_N-Pos225_I,0.0,1.8236754297456002e-06,Pos160-Pos162-Pos225
160,162,225,Pos160_K-Pos162_N-Pos225_N,0.0,6.003440119044817e-07,Pos160-Pos162-Pos225
160,162,225,Pos160_K-Pos162_N-Pos225_M,0.0,5.704959015893679e-08,Pos160-Pos162-Pos225
160,162,225,Pos160_K-Pos162_N-Pos225_T,0.0,5.925511555167919e-08,Pos160-Pos162-Pos225
160,162,225,Pos160_K-Pos162_N-Pos225_L,0.0,6.9106462305928576e-09,Pos160-Pos162-Pos225
160,162,225,Pos160_K-Pos162_N-Pos225_R,0.0,1.6173852880110945e-09,Pos160-Pos162-Pos225
160,162,225,Pos160_K-Pos162_N-Pos225_G,0.0,1.6173852880110945e-09,Pos160-Pos162-Pos225
160,162,225,Pos160_K-Pos162_N-Pos225_Q,0.0,1.1762802094626142e-09,Pos160-Pos162-Pos225
160,162,225,Pos160_K-Pos162_N-Pos225_*,0.0,2.9407005236565354e-10,Pos160-Pos162-Pos225
160,162,225,Pos160_K-Pos162_N-Pos225_S,0.0,8.822101570969606e-10,Pos160-Pos162-Pos225
160,162,225,Pos160_K-Pos162_N-Pos225_V,0.0,2.9407005236565354e-10,Pos160-Pos162-Pos225
160,162,225,Pos160_K-Pos162_V-Pos225_E,0.0,7.376854850196942e-09,Pos160-Pos162-Pos225
160,162,225,Pos160_K-Pos162_V-Pos225_I,0.0,5.318247541675929e-09,Pos160-Pos162-Pos225
160,162,225,Pos160_K-Pos162_V-Pos225_N,0.0,1.7507381047055403e-09,Pos160-Pos162-Pos225
160,162,225,Pos160_K-Pos162_V-Pos225_M,0.0,1.6636943047409984e-10,Pos160-Pos162-Pos225
160,162,225,Pos160_K-Pos162_V-Pos225_T,0.0,1.728012383532532e-10,Pos160-Pos162-Pos225
160,162,225,Pos160_K-Pos162_V-Pos225_L,0.0,2.0152998021347145e-11,Pos160-Pos162-Pos225
160,162,225,Pos160_K-Pos162_V-Pos225_R,0.0,4.7166591113791195e-12,Pos160-Pos162-Pos225
160,162,225,Pos160_K-Pos162_V-Pos225_G,0.0,4.7166591113791195e-12,Pos160-Pos162-Pos225
160,162,225,Pos160_K-Pos162_V-Pos225_Q,0.0,3.4302975355484505e-12,Pos160-Pos162-Pos225
160,162,225,Pos160_K-Pos162_V-Pos225_*,0.0,8.575743838871126e-13,Pos160-Pos162-Pos225
160,162,225,Pos160_K-Pos162_V-Pos225_S,0.0,2.572723151661338e-12,Pos160-Pos162-Pos225
160,162,225,Pos160_K-Pos162_V-Pos225_V,0.0,8.575743838871126e-13,Pos160-Pos162-Pos225
160,162,225,Pos160_K-Pos162_T-Pos225_E,0.0,3.3531158409986103e-09,Pos160-Pos162-Pos225
160,162,225,Pos160_K-Pos162_T-Pos225_I,0.0,2.4173852462163313e-09,Pos160-Pos162-Pos225
160,162,225,Pos160_K-Pos162_T-Pos225_N,0.0,7.957900475934274e-10,Pos160-Pos162-Pos225
160,162,225,Pos160_K-Pos162_T-Pos225_M,0.0,7.562246839731812e-11,Pos160-Pos162-Pos225
160,162,225,Pos160_K-Pos162_T-Pos225_T,0.0,7.854601743329691e-11,Pos160-Pos162-Pos225
160,162,225,Pos160_K-Pos162_T-Pos225_L,0.0,9.160453646066885e-12,Pos160-Pos162-Pos225
160,162,225,Pos160_K-Pos162_T-Pos225_R,0.0,2.1439359597177816e-12,Pos160-Pos162-Pos225
160,162,225,Pos160_K-Pos162_T-Pos225_G,0.0,2.1439359597177816e-12,Pos160-Pos162-Pos225
160,162,225,Pos160_K-Pos162_T-Pos225_Q,0.0,1.559226152522023e-12,Pos160-Pos162-Pos225
160,162,225,Pos160_K-Pos162_T-Pos225_*,0.0,3.8980653813050575e-13,Pos160-Pos162-Pos225
160,162,225,Pos160_K-Pos162_T-Pos225_S,0.0,1.1694196143915172e-12,Pos160-Pos162-Pos225
160,162,225,Pos160_K-Pos162_T-Pos225_V,0.0,3.8980653813050575e-13,Pos160-Pos162-Pos225
160,162,225,Pos160_K-Pos162_C-Pos225_E,0.0,1.0059347522995831e-09,Pos160-Pos162-Pos225
160,162,225,Pos160_K-Pos162_C-Pos225_I,0.0,7.252155738648995e-10,Pos160-Pos162-Pos225
160,162,225,Pos160_K-Pos162_C-Pos225_N,0.0,2.3873701427802827e-10,Pos160-Pos162-Pos225
160,162,225,Pos160_K-Pos162_C-Pos225_M,0.0,2.268674051919544e-11,Pos160-Pos162-Pos225
160,162,225,Pos160_K-Pos162_C-Pos225_T,0.0,2.3563805229989078e-11,Pos160-Pos162-Pos225
160,162,225,Pos160_K-Pos162_C-Pos225_L,0.0,2.7481360938200656e-12,Pos160-Pos162-Pos225
160,162,225,Pos160_K-Pos162_C-Pos225_R,0.0,6.431807879153346e-13,Pos160-Pos162-Pos225
160,162,225,Pos160_K-Pos162_C-Pos225_G,0.0,6.431807879153346e-13,Pos160-Pos162-Pos225
160,162,225,Pos160_K-Pos162_C-Pos225_Q,0.0,4.67767845756607e-13,Pos160-Pos162-Pos225
160,162,225,Pos160_K-Pos162_C-Pos225_*,0.0,1.1694196143915175e-13,Pos160-Pos162-Pos225
160,162,225,Pos160_K-Pos162_C-Pos225_S,0.0,3.5082588431745524e-13,Pos160-Pos162-Pos225
160,162,225,Pos160_K-Pos162_C-Pos225_V,0.0,1.1694196143915175e-13,Pos160-Pos162-Pos225
160,162,225,Pos160_E-Pos162_I-Pos225_E,0.0,5.631126940063323e-06,Pos160-Pos162-Pos225
160,162,225,Pos160_E-Pos162_I-Pos225_I,0.0,4.059687714345815e-06,Pos160-Pos162-Pos225
160,162,225,Pos160_E-Pos162_I-Pos225_N,0.0,1.3364270690698996e-06,Pos160-Pos162-Pos225
160,162,225,Pos160_E-Pos162_I-Pos225_M,0.0,1.2699821278450186e-07,Pos160-Pos162-Pos225
160,162,225,Pos160_E-Pos162_I-Pos225_T,0.0,1.3190793750555217e-07,Pos160-Pos162-Pos225
160,162,225,Pos160_E-Pos162_I-Pos225_L,0.0,1.5383804125957698e-08,Pos160-Pos162-Pos225
160,162,225,Pos160_E-Pos162_I-Pos225_R,0.0,3.600464795436908e-09,Pos160-Pos162-Pos225
160,162,225,Pos160_E-Pos162_I-Pos225_G,0.0,3.600464795436908e-09,Pos160-Pos162-Pos225
160,162,225,Pos160_E-Pos162_I-Pos225_Q,0.0,2.618519851226842e-09,Pos160-Pos162-Pos225
160,162,225,Pos160_E-Pos162_I-Pos225_*,0.0,6.546299628067105e-10,Pos160-Pos162-Pos225
160,162,225,Pos160_E-Pos162_I-Pos225_S,0.0,1.963889888420132e-09,Pos160-Pos162-Pos225
160,162,225,Pos160_E-Pos162_I-Pos225_V,0.0,6.546299628067105e-10,Pos160-Pos162-Pos225
160,162,225,Pos160_E-Pos162_N-Pos225_E,0.0,7.227401686998147e-07,Pos160-Pos162-Pos225
160,162,225,Pos160_E-Pos162_N-Pos225_I,0.0,5.210501227844572e-07,Pos160-Pos162-Pos225
160,162,225,Pos160_E-Pos162_N-Pos225_N,0.0,1.715268605441376e-07,Pos160-Pos162-Pos225
160,162,225,Pos160_E-Pos162_N-Pos225_M,0.0,1.629988290255337e-08,Pos160-Pos162-Pos225
160,162,225,Pos160_E-Pos162_N-Pos225_T,0.0,1.6930033014765482e-08,Pos160-Pos162-Pos225
160,162,225,Pos160_E-Pos162_N-Pos225_L,0.0,1.9744703515979593e-09,Pos160-Pos162-Pos225
160,162,225,Pos160_E-Pos162_N-Pos225_R,0.0,4.621100822888841e-10,Pos160-Pos162-Pos225
160,162,225,Pos160_E-Pos162_N-Pos225_G,0.0,4.621100822888841e-10,Pos160-Pos162-Pos225
160,162,225,Pos160_E-Pos162_N-Pos225_Q,0.0,3.3608005984646116e-10,Pos160-Pos162-Pos225
160,162,225,Pos160_E-Pos162_N-Pos225_*,0.0,8.402001496161529e-11,Pos160-Pos162-Pos225
160,162,225,Pos160_E-Pos162_N-Pos225_S,0.0,2.520600448848459e-10,Pos160-Pos162-Pos225
160,162,225,Pos160_E-Pos162_N-Pos225_V,0.0,8.402001496161529e-11,Pos160-Pos162-Pos225
160,162,225,Pos160_E-Pos162_V-Pos225_E,0.0,2.107672814341984e-09,Pos160-Pos162-Pos225
160,162,225,Pos160_E-Pos162_V-Pos225_I,0.0,1.5194992976216942e-09,Pos160-Pos162-Pos225
160,162,225,Pos160_E-Pos162_V-Pos225_N,0.0,5.002108870587259e-10,Pos160-Pos162-Pos225
160,162,225,Pos160_E-Pos162_V-Pos225_M,0.0,4.753412299259996e-11,Pos160-Pos162-Pos225
160,162,225,Pos160_E-Pos162_V-Pos225_T,0.0,4.9371782386643774e-11,Pos160-Pos162-Pos225
160,162,225,Pos160_E-Pos162_V-Pos225_L,0.0,5.757999434670614e-12,Pos160-Pos162-Pos225
160,162,225,Pos160_E-Pos162_V-Pos225_R,0.0,1.3476168889654628e-12,Pos160-Pos162-Pos225
160,162,225,Pos160_E-Pos162_V-Pos225_G,0.0,1.3476168889654628e-12,Pos160-Pos162-Pos225
160,162,225,Pos160_E-Pos162_V-Pos225_Q,0.0,9.800850101567002e-13,Pos160-Pos162-Pos225
160,162,225,Pos160_E-Pos162_V-Pos225_*,0.0,2.4502125253917505e-13,Pos160-Pos162-Pos225
160,162,225,Pos160_E-Pos162_V-Pos225_S,0.0,7.350637576175252e-13,Pos160-Pos162-Pos225
160,162,225,Pos160_E-Pos162_V-Pos225_V,0.0,2.4502125253917505e-13,Pos160-Pos162-Pos225
160,162,225,Pos160_E-Pos162_T-Pos225_E,0.0,9.580330974281743e-10,Pos160-Pos162-Pos225
160,162,225,Pos160_E-Pos162_T-Pos225_I,0.0,6.906814989189519e-10,Pos160-Pos162-Pos225
160,162,225,Pos160_E-Pos162_T-Pos225_N,0.0,2.2736858502669357e-10,Pos160-Pos162-Pos225
160,162,225,Pos160_E-Pos162_T-Pos225_M,0.0,2.1606419542090893e-11,Pos160-Pos162-Pos225
160,162,225,Pos160_E-Pos162_T-Pos225_T,0.0,2.2441719266656262e-11,Pos160-Pos162-Pos225
160,162,225,Pos160_E-Pos162_T-Pos225_L,0.0,2.6172724703048243e-12,Pos160-Pos162-Pos225
160,162,225,Pos160_E-Pos162_T-Pos225_R,0.0,6.125531313479376e-13,Pos160-Pos162-Pos225
160,162,225,Pos160_E-Pos162_T-Pos225_G,0.0,6.125531313479376e-13,Pos160-Pos162-Pos225
160,162,225,Pos160_E-Pos162_T-Pos225_Q,0.0,4.454931864348637e-13,Pos160-Pos162-Pos225
160,162,225,Pos160_E-Pos162_T-Pos225_*,0.0,1.1137329660871593e-13,Pos160-Pos162-Pos225
160,162,225,Pos160_E-Pos162_T-Pos225_S,0.0,3.341198898261478e-13,Pos160-Pos162-Pos225
160,162,225,Pos160_E-Pos162_T-Pos225_V,0.0,1.1137329660871593e-13,Pos160-Pos162-Pos225
160,162,225,Pos160_E-Pos162_C-Pos225_E,0.0,2.8740992922845234e-10,Pos160-Pos162-Pos225
160,162,225,Pos160_E-Pos162_C-Pos225_I,0.0,2.0720444967568555e-10,Pos160-Pos162-Pos225
160,162,225,Pos160_E-Pos162_C-Pos225_N,0.0,6.821057550800808e-11,Pos160-Pos162-Pos225
160,162,225,Pos160_E-Pos162_C-Pos225_M,0.0,6.481925862627268e-12,Pos160-Pos162-Pos225
160,162,225,Pos160_E-Pos162_C-Pos225_T,0.0,6.732515779996879e-12,Pos160-Pos162-Pos225
160,162,225,Pos160_E-Pos162_C-Pos225_L,0.0,7.851817410914474e-13,Pos160-Pos162-Pos225
160,162,225,Pos160_E-Pos162_C-Pos225_R,0.0,1.837659394043813e-13,Pos160-Pos162-Pos225
160,162,225,Pos160_E-Pos162_C-Pos225_G,0.0,1.837659394043813e-13,Pos160-Pos162-Pos225
160,162,225,Pos160_E-Pos162_C-Pos225_Q,0.0,1.3364795593045913e-13,Pos160-Pos162-Pos225
160,162,225,Pos160_E-Pos162_C-Pos225_*,0.0,3.341198898261478e-14,Pos160-Pos162-Pos225
160,162,225,Pos160_E-Pos162_C-Pos225_S,0.0,1.0023596694784435e-13,Pos160-Pos162-Pos225
160,162,225,Pos160_E-Pos162_C-Pos225_V,0.0,3.341198898261478e-14,Pos160-Pos162-Pos225
160,162,225,Pos160_S-Pos162_I-Pos225_E,0.0,8.446690410094987e-06,Pos160-Pos162-Pos225
160,162,225,Pos160_S-Pos162_I-Pos225_I,0.0,6.089531571518723e-06,Pos160-Pos162-Pos225
160,162,225,Pos160_S-Pos162_I-Pos225_N,0.0,2.0046406036048496e-06,Pos160-Pos162-Pos225
160,162,225,Pos160_S-Pos162_I-Pos225_M,0.0,1.904973191767528e-07,Pos160-Pos162-Pos225
160,162,225,Pos160_S-Pos162_I-Pos225_T,0.0,1.978619062583283e-07,Pos160-Pos162-Pos225
160,162,225,Pos160_S-Pos162_I-Pos225_L,0.0,2.307570618893655e-08,Pos160-Pos162-Pos225
160,162,225,Pos160_S-Pos162_I-Pos225_R,0.0,5.400697193155363e-09,Pos160-Pos162-Pos225
160,162,225,Pos160_S-Pos162_I-Pos225_G,0.0,5.400697193155363e-09,Pos160-Pos162-Pos225
160,162,225,Pos160_S-Pos162_I-Pos225_Q,0.0,3.927779776840264e-09,Pos160-Pos162-Pos225
160,162,225,Pos160_S-Pos162_I-Pos225_*,0.0,9.81944944210066e-10,Pos160-Pos162-Pos225
160,162,225,Pos160_S-Pos162_I-Pos225_S,0.0,2.945834832630198e-09,Pos160-Pos162-Pos225
160,162,225,Pos160_S-Pos162_I-Pos225_V,0.0,9.81944944210066e-10,Pos160-Pos162-Pos225
160,162,225,Pos160_S-Pos162_N-Pos225_E,0.0,1.084110253049722e-06,Pos160-Pos162-Pos225
160,162,225,Pos160_S-Pos162_N-Pos225_I,0.0,7.815751841766858e-07,Pos160-Pos162-Pos225
160,162,225,Pos160_S-Pos162_N-Pos225_N,0.0,2.5729029081620644e-07,Pos160-Pos162-Pos225
160,162,225,Pos160_S-Pos162_N-Pos225_M,0.0,2.444982435383005e-08,Pos160-Pos162-Pos225
160,162,225,Pos160_S-Pos162_N-Pos225_T,0.0,2.5395049522148225e-08,Pos160-Pos162-Pos225
160,162,225,Pos160_S-Pos162_N-Pos225_L,0.0,2.961705527396939e-09,Pos160-Pos162-Pos225
160,162,225,Pos160_S-Pos162_N-Pos225_R,0.0,6.931651234333262e-10,Pos160-Pos162-Pos225
160,162,225,Pos160_S-Pos162_N-Pos225_G,0.0,6.931651234333262e-10,Pos160-Pos162-Pos225
160,162,225,Pos160_S-Pos162_N-Pos225_Q,0.0,5.041200897696917e-10,Pos160-Pos162-Pos225
160,162,225,Pos160_S-Pos162_N-Pos225_*,0.0,1.2603002244242293e-10,Pos160-Pos162-Pos225
160,162,225,Pos160_S-Pos162_N-Pos225_S,0.0,3.7809006732726884e-10,Pos160-Pos162-Pos225
160,162,225,Pos160_S-Pos162_N-Pos225_V,0.0,1.2603002244242293e-10,Pos160-Pos162-Pos225
160,162,225,Pos160_S-Pos162_V-Pos225_E,0.0,3.1615092215129754e-09,Pos160-Pos162-Pos225
160,162,225,Pos160_S-Pos162_V-Pos225_I,0.0,2.2792489464325413e-09,Pos160-Pos162-Pos225
160,162,225,Pos160_S-Pos162_V-Pos225_N,0.0,7.503163305880889e-10,Pos160-Pos162-Pos225
160,162,225,Pos160_S-Pos162_V-Pos225_M,0.0,7.130118448889994e-11,Pos160-Pos162-Pos225
160,162,225,Pos160_S-Pos162_V-Pos225_T,0.0,7.405767357996566e-11,Pos160-Pos162-Pos225
160,162,225,Pos160_S-Pos162_V-Pos225_L,0.0,8.63699915200592e-12,Pos160-Pos162-Pos225
160,162,225,Pos160_S-Pos162_V-Pos225_R,0.0,2.0214253334481942e-12,Pos160-Pos162-Pos225
160,162,225,Pos160_S-Pos162_V-Pos225_G,0.0,2.0214253334481942e-12,Pos160-Pos162-Pos225
160,162,225,Pos160_S-Pos162_V-Pos225_Q,0.0,1.4701275152350504e-12,Pos160-Pos162-Pos225
160,162,225,Pos160_S-Pos162_V-Pos225_*,0.0,3.675318788087626e-13,Pos160-Pos162-Pos225
160,162,225,Pos160_S-Pos162_V-Pos225_S,0.0,1.1025956364262877e-12,Pos160-Pos162-Pos225
160,162,225,Pos160_S-Pos162_V-Pos225_V,0.0,3.675318788087626e-13,Pos160-Pos162-Pos225
160,162,225,Pos160_S-Pos162_T-Pos225_E,0.0,1.4370496461422617e-09,Pos160-Pos162-Pos225
160,162,225,Pos160_S-Pos162_T-Pos225_I,0.0,1.0360222483784278e-09,Pos160-Pos162-Pos225
160,162,225,Pos160_S-Pos162_T-Pos225_N,0.0,3.4105287754004037e-10,Pos160-Pos162-Pos225
160,162,225,Pos160_S-Pos162_T-Pos225_M,0.0,3.240962931313634e-11,Pos160-Pos162-Pos225
160,162,225,Pos160_S-Pos162_T-Pos225_T,0.0,3.3662578899984396e-11,Pos160-Pos162-Pos225
160,162,225,Pos160_S-Pos162_T-Pos225_L,0.0,3.925908705457237e-12,Pos160-Pos162-Pos225
160,162,225,Pos160_S-Pos162_T-Pos225_R,0.0,9.188296970219065e-13,Pos160-Pos162-Pos225
160,162,225,Pos160_S-Pos162_T-Pos225_G,0.0,9.188296970219065e-13,Pos160-Pos162-Pos225
160,162,225,Pos160_S-Pos162_T-Pos225_Q,0.0,6.682397796522956e-13,Pos160-Pos162-Pos225
160,162,225,Pos160_S-Pos162_T-Pos225_*,0.0,1.670599449130739e-13,Pos160-Pos162-Pos225
160,162,225,Pos160_S-Pos162_T-Pos225_S,0.0,5.011798347392217e-13,Pos160-Pos162-Pos225
160,162,225,Pos160_S-Pos162_T-Pos225_V,0.0,1.670599449130739e-13,Pos160-Pos162-Pos225
160,162,225,Pos160_S-Pos162_C-Pos225_E,0.0,4.3111489384267854e-10,Pos160-Pos162-Pos225
160,162,225,Pos160_S-Pos162_C-Pos225_I,0.0,3.1080667451352837e-10,Pos160-Pos162-Pos225
160,162,225,Pos160_S-Pos162_C-Pos225_N,0.0,1.0231586326201212e-10,Pos160-Pos162-Pos225
160,162,225,Pos160_S-Pos162_C-Pos225_M,0.0,9.722888793940902e-12,Pos160-Pos162-Pos225
160,162,225,Pos160_S-Pos162_C-Pos225_T,0.0,1.009877366999532e-11,Pos160-Pos162-Pos225
160,162,225,Pos160_S-Pos162_C-Pos225_L,0.0,1.177772611637171e-12,Pos160-Pos162-Pos225
160,162,225,Pos160_S-Pos162_C-Pos225_R,0.0,2.75648909106572e-13,Pos160-Pos162-Pos225
160,162,225,Pos160_S-Pos162_C-Pos225_G,0.0,2.75648909106572e-13,Pos160-Pos162-Pos225
160,162,225,Pos160_S-Pos162_C-Pos225_Q,0.0,2.004719338956887e-13,Pos160-Pos162-Pos225
160,162,225,Pos160_S-Pos162_C-Pos225_*,0.0,5.0117983473922176e-14,Pos160-Pos162-Pos225
160,162,225,Pos160_S-Pos162_C-Pos225_S,0.0,1.5035395042176653e-13,Pos160-Pos162-Pos225
160,162,225,Pos160_S-Pos162_C-Pos225_V,0.0,5.0117983473922176e-14,Pos160-Pos162-Pos225
160,162,225,Pos160_R-Pos162_I-Pos225_E,1.4068259193607383e-05,2.8155634700316617e-06,Pos160-Pos162-Pos225
160,162,225,Pos160_R-Pos162_I-Pos225_I,0.0,2.0298438571729076e-06,Pos160-Pos162-Pos225
160,162,225,Pos160_R-Pos162_I-Pos225_N,0.0,6.682135345349498e-07,Pos160-Pos162-Pos225
160,162,225,Pos160_R-Pos162_I-Pos225_M,0.0,6.349910639225093e-08,Pos160-Pos162-Pos225
160,162,225,Pos160_R-Pos162_I-Pos225_T,0.0,6.595396875277609e-08,Pos160-Pos162-Pos225
160,162,225,Pos160_R-Pos162_I-Pos225_L,0.0,7.691902062978849e-09,Pos160-Pos162-Pos225
160,162,225,Pos160_R-Pos162_I-Pos225_R,0.0,1.800232397718454e-09,Pos160-Pos162-Pos225
160,162,225,Pos160_R-Pos162_I-Pos225_G,0.0,1.800232397718454e-09,Pos160-Pos162-Pos225
160,162,225,Pos160_R-Pos162_I-Pos225_Q,0.0,1.309259925613421e-09,Pos160-Pos162-Pos225
160,162,225,Pos160_R-Pos162_I-Pos225_*,0.0,3.2731498140335527e-10,Pos160-Pos162-Pos225
160,162,225,Pos160_R-Pos162_I-Pos225_S,0.0,9.81944944210066e-10,Pos160-Pos162-Pos225
160,162,225,Pos160_R-Pos162_I-Pos225_V,0.0,3.2731498140335527e-10,Pos160-Pos162-Pos225
160,162,225,Pos160_R-Pos162_N-Pos225_E,0.0,3.6137008434990735e-07,Pos160-Pos162-Pos225
160,162,225,Pos160_R-Pos162_N-Pos225_I,0.0,2.605250613922286e-07,Pos160-Pos162-Pos225
160,162,225,Pos160_R-Pos162_N-Pos225_N,0.0,8.57634302720688e-08,Pos160-Pos162-Pos225
160,162,225,Pos160_R-Pos162_N-Pos225_M,0.0,8.149941451276684e-09,Pos160-Pos162-Pos225
160,162,225,Pos160_R-Pos162_N-Pos225_T,0.0,8.465016507382741e-09,Pos160-Pos162-Pos225
160,162,225,Pos160_R-Pos162_N-Pos225_L,0.0,9.872351757989797e-10,Pos160-Pos162-Pos225
160,162,225,Pos160_R-Pos162_N-Pos225_R,0.0,2.3105504114444205e-10,Pos160-Pos162-Pos225
160,162,225,Pos160_R-Pos162_N-Pos225_G,0.0,2.3105504114444205e-10,Pos160-Pos162-Pos225
160,162,225,Pos160_R-Pos162_N-Pos225_Q,0.0,1.6804002992323058e-10,Pos160-Pos162-Pos225
160,162,225,Pos160_R-Pos162_N-Pos225_*,0.0,4.2010007480807646e-11,Pos160-Pos162-Pos225
160,162,225,Pos160_R-Pos162_N-Pos225_S,0.0,1.2603002244242296e-10,Pos160-Pos162-Pos225
160,162,225,Pos160_R-Pos162_N-Pos225_V,0.0,4.2010007480807646e-11,Pos160-Pos162-Pos225
160,162,225,Pos160_R-Pos162_V-Pos225_E,0.0,1.053836407170992e-09,Pos160-Pos162-Pos225
160,162,225,Pos160_R-Pos162_V-Pos225_I,0.0,7.597496488108471e-10,Pos160-Pos162-Pos225
160,162,225,Pos160_R-Pos162_V-Pos225_N,0.0,2.5010544352936293e-10,Pos160-Pos162-Pos225
160,162,225,Pos160_R-Pos162_V-Pos225_M,0.0,2.376706149629998e-11,Pos160-Pos162-Pos225
160,162,225,Pos160_R-Pos162_V-Pos225_T,0.0,2.4685891193321887e-11,Pos160-Pos162-Pos225
160,162,225,Pos160_R-Pos162_V-Pos225_L,0.0,2.878999717335307e-12,Pos160-Pos162-Pos225
160,162,225,Pos160_R-Pos162_V-Pos225_R,0.0,6.738084444827314e-13,Pos160-Pos162-Pos225
160,162,225,Pos160_R-Pos162_V-Pos225_G,0.0,6.738084444827314e-13,Pos160-Pos162-Pos225
160,162,225,Pos160_R-Pos162_V-Pos225_Q,0.0,4.900425050783501e-13,Pos160-Pos162-Pos225
160,162,225,Pos160_R-Pos162_V-Pos225_*,0.0,1.2251062626958752e-13,Pos160-Pos162-Pos225
160,162,225,Pos160_R-Pos162_V-Pos225_S,0.0,3.675318788087626e-13,Pos160-Pos162-Pos225
160,162,225,Pos160_R-Pos162_V-Pos225_V,0.0,1.2251062626958752e-13,Pos160-Pos162-Pos225
160,162,225,Pos160_R-Pos162_T-Pos225_E,0.0,4.790165487140871e-10,Pos160-Pos162-Pos225
160,162,225,Pos160_R-Pos162_T-Pos225_I,0.0,3.4534074945947593e-10,Pos160-Pos162-Pos225
160,162,225,Pos160_R-Pos162_T-Pos225_N,0.0,1.1368429251334679e-10,Pos160-Pos162-Pos225
160,162,225,Pos160_R-Pos162_T-Pos225_M,0.0,1.0803209771045446e-11,Pos160-Pos162-Pos225
160,162,225,Pos160_R-Pos162_T-Pos225_T,0.0,1.1220859633328131e-11,Pos160-Pos162-Pos225
160,162,225,Pos160_R-Pos162_T-Pos225_L,0.0,1.3086362351524122e-12,Pos160-Pos162-Pos225
160,162,225,Pos160_R-Pos162_T-Pos225_R,0.0,3.062765656739688e-13,Pos160-Pos162-Pos225
160,162,225,Pos160_R-Pos162_T-Pos225_G,0.0,3.062765656739688e-13,Pos160-Pos162-Pos225
160,162,225,Pos160_R-Pos162_T-Pos225_Q,0.0,2.2274659321743186e-13,Pos160-Pos162-Pos225
160,162,225,Pos160_R-Pos162_T-Pos225_*,0.0,5.5686648304357966e-14,Pos160-Pos162-Pos225
160,162,225,Pos160_R-Pos162_T-Pos225_S,0.0,1.670599449130739e-13,Pos160-Pos162-Pos225
160,162,225,Pos160_R-Pos162_T-Pos225_V,0.0,5.5686648304357966e-14,Pos160-Pos162-Pos225
160,162,225,Pos160_R-Pos162_C-Pos225_E,0.0,1.4370496461422617e-10,Pos160-Pos162-Pos225
160,162,225,Pos160_R-Pos162_C-Pos225_I,0.0,1.0360222483784278e-10,Pos160-Pos162-Pos225
160,162,225,Pos160_R-Pos162_C-Pos225_N,0.0,3.410528775400404e-11,Pos160-Pos162-Pos225
160,162,225,Pos160_R-Pos162_C-Pos225_M,0.0,3.240962931313634e-12,Pos160-Pos162-Pos225
160,162,225,Pos160_R-Pos162_C-Pos225_T,0.0,3.3662578899984395e-12,Pos160-Pos162-Pos225
160,162,225,Pos160_R-Pos162_C-Pos225_L,0.0,3.925908705457237e-13,Pos160-Pos162-Pos225
160,162,225,Pos160_R-Pos162_C-Pos225_R,0.0,9.188296970219065e-14,Pos160-Pos162-Pos225
160,162,225,Pos160_R-Pos162_C-Pos225_G,0.0,9.188296970219065e-14,Pos160-Pos162-Pos225
160,162,225,Pos160_R-Pos162_C-Pos225_Q,0.0,6.682397796522956e-14,Pos160-Pos162-Pos225
160,162,225,Pos160_R-Pos162_C-Pos225_*,0.0,1.670599449130739e-14,Pos160-Pos162-Pos225
160,162,225,Pos160_R-Pos162_C-Pos225_S,0.0,5.0117983473922176e-14,Pos160-Pos162-Pos225
160,162,225,Pos160_R-Pos162_C-Pos225_V,0.0,1.670599449130739e-14,Pos160-Pos162-Pos225
160,162,402,Pos160_A-Pos162_I-Pos402_C,0.0,0.0003375042967744417,Pos160-Pos162-Pos402
160,162,402,Pos160_A-Pos162_I-Pos402_H,0.0,4.3097563601379783e-05,Pos160-Pos162-Pos402
160,162,402,Pos160_A-Pos162_I-Pos402_S,0.0,2.1828636109789763e-05,Pos160-Pos162-Pos402
160,162,402,Pos160_A-Pos162_I-Pos402_V,0.0,1.5671841309592646e-05,Pos160-Pos162-Pos402
160,162,402,Pos160_A-Pos162_I-Pos402_L,0.0,1.1194172363994748e-06,Pos160-Pos162-Pos402
160,162,402,Pos160_A-Pos162_I-Pos402_E,0.0,5.597086181997374e-07,Pos160-Pos162-Pos402
160,162,402,Pos160_A-Pos162_I-Pos402_K,0.0,5.597086181997374e-07,Pos160-Pos162-Pos402
160,162,402,Pos160_A-Pos162_N-Pos402_C,0.0,4.331777901368519e-05,Pos160-Pos162-Pos402
160,162,402,Pos160_A-Pos162_N-Pos402_H,0.0,5.5314576849979434e-06,Pos160-Pos162-Pos402
160,162,402,Pos160_A-Pos162_N-Pos402_S,0.0,2.8016473988950624e-06,Pos160-Pos162-Pos402
160,162,402,Pos160_A-Pos162_N-Pos402_V,0.0,2.01143915818107e-06,Pos160-Pos162-Pos402
160,162,402,Pos160_A-Pos162_N-Pos402_L,0.0,1.4367422558436217e-07,Pos160-Pos162-Pos402
160,162,402,Pos160_A-Pos162_N-Pos402_E,0.0,7.183711279218108e-08,Pos160-Pos162-Pos402
160,162,402,Pos160_A-Pos162_N-Pos402_K,0.0,7.183711279218108e-08,Pos160-Pos162-Pos402
160,162,402,Pos160_A-Pos162_V-Pos402_C,0.0,1.2632438206535978e-07,Pos160-Pos162-Pos402
160,162,402,Pos160_A-Pos162_V-Pos402_H,0.0,1.6130974160916592e-08,Pos160-Pos162-Pos402
160,162,402,Pos160_A-Pos162_V-Pos402_S,0.0,8.170233665918794e-09,Pos160-Pos162-Pos402
160,162,402,Pos160_A-Pos162_V-Pos402_V,0.0,5.8658087857878506e-09,Pos160-Pos162-Pos402
160,162,402,Pos160_A-Pos162_V-Pos402_L,0.0,4.1898634184198936e-10,Pos160-Pos162-Pos402
160,162,402,Pos160_A-Pos162_V-Pos402_E,0.0,2.0949317092099468e-10,Pos160-Pos162-Pos402
160,162,402,Pos160_A-Pos162_V-Pos402_K,0.0,2.0949317092099468e-10,Pos160-Pos162-Pos402
160,162,402,Pos160_A-Pos162_T-Pos402_C,0.0,5.742017366607262e-08,Pos160-Pos162-Pos402
160,162,402,Pos160_A-Pos162_T-Pos402_H,0.0,7.332260982234813e-09,Pos160-Pos162-Pos402
160,162,402,Pos160_A-Pos162_T-Pos402_S,0.0,3.7137425754176328e-09,Pos160-Pos162-Pos402
160,162,402,Pos160_A-Pos162_T-Pos402_V,0.0,2.666276720812659e-09,Pos160-Pos162-Pos402
160,162,402,Pos160_A-Pos162_T-Pos402_L,0.0,1.9044833720090422e-10,Pos160-Pos162-Pos402
160,162,402,Pos160_A-Pos162_T-Pos402_E,0.0,9.522416860045211e-11,Pos160-Pos162-Pos402
160,162,402,Pos160_A-Pos162_T-Pos402_K,0.0,9.522416860045211e-11,Pos160-Pos162-Pos402
160,162,402,Pos160_A-Pos162_C-Pos402_C,0.0,1.722605209982179e-08,Pos160-Pos162-Pos402
160,162,402,Pos160_A-Pos162_C-Pos402_H,0.0,2.1996782946704437e-09,Pos160-Pos162-Pos402
160,162,402,Pos160_A-Pos162_C-Pos402_S,0.0,1.11412277262529e-09,Pos160-Pos162-Pos402
160,162,402,Pos160_A-Pos162_C-Pos402_V,0.0,7.998830162437977e-10,Pos160-Pos162-Pos402
160,162,402,Pos160_A-Pos162_C-Pos402_L,0.0,5.713450116027127e-11,Pos160-Pos162-Pos402
160,162,402,Pos160_A-Pos162_C-Pos402_E,0.0,2.8567250580135636e-11,Pos160-Pos162-Pos402
160,162,402,Pos160_A-Pos162_C-Pos402_K,0.0,2.8567250580135636e-11,Pos160-Pos162-Pos402
160,162,402,Pos160_M-Pos162_I-Pos402_C,0.0,3.1579349405795717e-06,Pos160-Pos162-Pos402
160,162,402,Pos160_M-Pos162_I-Pos402_H,0.0,4.032520570889337e-07,Pos160-Pos162-Pos402
160,162,402,Pos160_M-Pos162_I-Pos402_S,0.0,2.042445483956937e-07,Pos160-Pos162-Pos402
160,162,402,Pos160_M-Pos162_I-Pos402_V,0.0,1.4663711166870315e-07,Pos160-Pos162-Pos402
160,162,402,Pos160_M-Pos162_I-Pos402_L,0.0,1.0474079404907369e-08,Pos160-Pos162-Pos402
160,162,402,Pos160_M-Pos162_I-Pos402_E,0.0,5.237039702453684e-09,Pos160-Pos162-Pos402
160,162,402,Pos160_M-Pos162_I-Pos402_K,0.0,5.237039702453684e-09,Pos160-Pos162-Pos402
160,162,402,Pos160_M-Pos162_N-Pos402_C,0.0,4.0531255217483217e-07,Pos160-Pos162-Pos402
160,162,402,Pos160_M-Pos162_N-Pos402_H,0.0,5.1756329216355024e-08,Pos160-Pos162-Pos402
160,162,402,Pos160_M-Pos162_N-Pos402_S,0.0,2.6214244668023973e-08,Pos160-Pos162-Pos402
160,162,402,Pos160_M-Pos162_N-Pos402_V,0.0,1.8820483351401823e-08,Pos160-Pos162-Pos402
160,162,402,Pos160_M-Pos162_N-Pos402_L,0.0,1.3443202393858447e-09,Pos160-Pos162-Pos402
160,162,402,Pos160_M-Pos162_N-Pos402_E,0.0,6.721601196929223e-10,Pos160-Pos162-Pos402
160,162,402,Pos160_M-Pos162_N-Pos402_K,0.0,6.721601196929223e-10,Pos160-Pos162-Pos402
160,162,402,Pos160_M-Pos162_V-Pos402_C,0.0,1.1819825222489806e-09,Pos160-Pos162-Pos402
160,162,402,Pos160_M-Pos162_V-Pos402_H,0.0,1.5093309156413182e-10,Pos160-Pos162-Pos402
160,162,402,Pos160_M-Pos162_V-Pos402_S,0.0,7.644663079222263e-11,Pos160-Pos162-Pos402
160,162,402,Pos160_M-Pos162_V-Pos402_V,0.0,5.488476056877521e-11,Pos160-Pos162-Pos402
160,162,402,Pos160_M-Pos162_V-Pos402_L,0.0,3.920340040626801e-12,Pos160-Pos162-Pos402
160,162,402,Pos160_M-Pos162_V-Pos402_E,0.0,1.9601700203134004e-12,Pos160-Pos162-Pos402
160,162,402,Pos160_M-Pos162_V-Pos402_K,0.0,1.9601700203134004e-12,Pos160-Pos162-Pos402
160,162,402,Pos160_M-Pos162_T-Pos402_C,0.0,5.372647828404456e-10,Pos160-Pos162-Pos402
160,162,402,Pos160_M-Pos162_T-Pos402_H,0.0,6.860595071096901e-11,Pos160-Pos162-Pos402
160,162,402,Pos160_M-Pos162_T-Pos402_S,0.0,3.474846854191937e-11,Pos160-Pos162-Pos402
160,162,402,Pos160_M-Pos162_T-Pos402_V,0.0,2.4947618440352365e-11,Pos160-Pos162-Pos402
160,162,402,Pos160_M-Pos162_T-Pos402_L,0.0,1.7819727457394549e-12,Pos160-Pos162-Pos402
160,162,402,Pos160_M-Pos162_T-Pos402_E,0.0,8.909863728697274e-13,Pos160-Pos162-Pos402
160,162,402,Pos160_M-Pos162_T-Pos402_K,0.0,8.909863728697274e-13,Pos160-Pos162-Pos402
160,162,402,Pos160_M-Pos162_C-Pos402_C,0.0,1.611794348521337e-10,Pos160-Pos162-Pos402
160,162,402,Pos160_M-Pos162_C-Pos402_H,0.0,2.0581785213290706e-11,Pos160-Pos162-Pos402
160,162,402,Pos160_M-Pos162_C-Pos402_S,0.0,1.0424540562575813e-11,Pos160-Pos162-Pos402
160,162,402,Pos160_M-Pos162_C-Pos402_V,0.0,7.48428553210571e-12,Pos160-Pos162-Pos402
160,162,402,Pos160_M-Pos162_C-Pos402_L,0.0,5.345918237218365e-13,Pos160-Pos162-Pos402
160,162,402,Pos160_M-Pos162_C-Pos402_E,0.0,2.6729591186091825e-13,Pos160-Pos162-Pos402
160,162,402,Pos160_M-Pos162_C-Pos402_K,0.0,2.6729591186091825e-13,Pos160-Pos162-Pos402
160,162,402,Pos160_K-Pos162_I-Pos402_C,0.0,6.907982682517813e-07,Pos160-Pos162-Pos402
160,162,402,Pos160_K-Pos162_I-Pos402_H,0.0,8.821138748820424e-08,Pos160-Pos162-Pos402
160,162,402,Pos160_K-Pos162_I-Pos402_S,0.0,4.467849496155799e-08,Pos160-Pos162-Pos402
160,162,402,Pos160_K-Pos162_I-Pos402_V,0.0,3.2076868177528816e-08,Pos160-Pos162-Pos402
160,162,402,Pos160_K-Pos162_I-Pos402_L,0.0,2.2912048698234868e-09,Pos160-Pos162-Pos402
160,162,402,Pos160_K-Pos162_I-Pos402_E,0.0,1.1456024349117434e-09,Pos160-Pos162-Pos402
160,162,402,Pos160_K-Pos162_I-Pos402_K,0.0,1.1456024349117434e-09,Pos160-Pos162-Pos402
160,162,402,Pos160_K-Pos162_N-Pos402_C,0.0,8.866212078824453e-08,Pos160-Pos162-Pos402
160,162,402,Pos160_K-Pos162_N-Pos402_H,0.0,1.1321697016077661e-08,Pos160-Pos162-Pos402
160,162,402,Pos160_K-Pos162_N-Pos402_S,0.0,5.734366021130244e-09,Pos160-Pos162-Pos402
160,162,402,Pos160_K-Pos162_N-Pos402_V,0.0,4.116980733119149e-09,Pos160-Pos162-Pos402
160,162,402,Pos160_K-Pos162_N-Pos402_L,0.0,2.9407005236565354e-10,Pos160-Pos162-Pos402
160,162,402,Pos160_K-Pos162_N-Pos402_E,0.0,1.4703502618282677e-10,Pos160-Pos162-Pos402
160,162,402,Pos160_K-Pos162_N-Pos402_K,0.0,1.4703502618282677e-10,Pos160-Pos162-Pos402
160,162,402,Pos160_K-Pos162_V-Pos402_C,0.0,2.5855867674196444e-10,Pos160-Pos162-Pos402
160,162,402,Pos160_K-Pos162_V-Pos402_H,0.0,3.3016613779653835e-11,Pos160-Pos162-Pos402
160,162,402,Pos160_K-Pos162_V-Pos402_S,0.0,1.6722700485798698e-11,Pos160-Pos162-Pos402
160,162,402,Pos160_K-Pos162_V-Pos402_V,0.0,1.2006041374419575e-11,Pos160-Pos162-Pos402
160,162,402,Pos160_K-Pos162_V-Pos402_L,0.0,8.575743838871126e-13,Pos160-Pos162-Pos402
160,162,402,Pos160_K-Pos162_V-Pos402_E,0.0,4.287871919435563e-13,Pos160-Pos162-Pos402
160,162,402,Pos160_K-Pos162_V-Pos402_K,0.0,4.287871919435563e-13,Pos160-Pos162-Pos402
160,162,402,Pos160_K-Pos162_T-Pos402_C,0.0,1.1752667124634747e-10,Pos160-Pos162-Pos402
160,162,402,Pos160_K-Pos162_T-Pos402_H,0.0,1.500755171802447e-11,Pos160-Pos162-Pos402
160,162,402,Pos160_K-Pos162_T-Pos402_S,0.0,7.601227493544863e-12,Pos160-Pos162-Pos402
160,162,402,Pos160_K-Pos162_T-Pos402_V,0.0,5.45729153382708e-12,Pos160-Pos162-Pos402
160,162,402,Pos160_K-Pos162_T-Pos402_L,0.0,3.8980653813050575e-13,Pos160-Pos162-Pos402
160,162,402,Pos160_K-Pos162_T-Pos402_E,0.0,1.9490326906525288e-13,Pos160-Pos162-Pos402
160,162,402,Pos160_K-Pos162_T-Pos402_K,0.0,1.9490326906525288e-13,Pos160-Pos162-Pos402
160,162,402,Pos160_K-Pos162_C-Pos402_C,0.0,3.525800137390425e-11,Pos160-Pos162-Pos402
160,162,402,Pos160_K-Pos162_C-Pos402_H,0.0,4.502265515407342e-12,Pos160-Pos162-Pos402
160,162,402,Pos160_K-Pos162_C-Pos402_S,0.0,2.2803682480634592e-12,Pos160-Pos162-Pos402
160,162,402,Pos160_K-Pos162_C-Pos402_V,0.0,1.6371874601481243e-12,Pos160-Pos162-Pos402
160,162,402,Pos160_K-Pos162_C-Pos402_L,0.0,1.1694196143915175e-13,Pos160-Pos162-Pos402
160,162,402,Pos160_K-Pos162_C-Pos402_E,0.0,5.847098071957587e-14,Pos160-Pos162-Pos402
160,162,402,Pos160_K-Pos162_C-Pos402_K,0.0,5.847098071957587e-14,Pos160-Pos162-Pos402
160,162,402,Pos160_E-Pos162_I-Pos402_C,0.0,1.9737093378622323e-07,Pos160-Pos162-Pos402
160,162,402,Pos160_E-Pos162_I-Pos402_H,0.0,2.5203253568058357e-08,Pos160-Pos162-Pos402
160,162,402,Pos160_E-Pos162_I-Pos402_S,0.0,1.2765284274730857e-08,Pos160-Pos162-Pos402
160,162,402,Pos160_E-Pos162_I-Pos402_V,0.0,9.164819479293947e-09,Pos160-Pos162-Pos402
160,162,402,Pos160_E-Pos162_I-Pos402_L,0.0,6.546299628067105e-10,Pos160-Pos162-Pos402
160,162,402,Pos160_E-Pos162_I-Pos402_E,0.0,3.2731498140335527e-10,Pos160-Pos162-Pos402
160,162,402,Pos160_E-Pos162_I-Pos402_K,0.0,3.2731498140335527e-10,Pos160-Pos162-Pos402
160,162,402,Pos160_E-Pos162_N-Pos402_C,0.0,2.533203451092701e-08,Pos160-Pos162-Pos402
160,162,402,Pos160_E-Pos162_N-Pos402_H,0.0,3.234770576022189e-09,Pos160-Pos162-Pos402
160,162,402,Pos160_E-Pos162_N-Pos402_S,0.0,1.6383902917514983e-09,Pos160-Pos162-Pos402
160,162,402,Pos160_E-Pos162_N-Pos402_V,0.0,1.176280209462614e-09,Pos160-Pos162-Pos402
160,162,402,Pos160_E-Pos162_N-Pos402_L,0.0,8.402001496161529e-11,Pos160-Pos162-Pos402
160,162,402,Pos160_E-Pos162_N-Pos402_E,0.0,4.2010007480807646e-11,Pos160-Pos162-Pos402
160,162,402,Pos160_E-Pos162_N-Pos402_K,0.0,4.2010007480807646e-11,Pos160-Pos162-Pos402
160,162,402,Pos160_E-Pos162_V-Pos402_C,0.0,7.387390764056129e-11,Pos160-Pos162-Pos402
160,162,402,Pos160_E-Pos162_V-Pos402_H,0.0,9.433318222758239e-12,Pos160-Pos162-Pos402
160,162,402,Pos160_E-Pos162_V-Pos402_S,0.0,4.777914424513914e-12,Pos160-Pos162-Pos402
160,162,402,Pos160_E-Pos162_V-Pos402_V,0.0,3.4302975355484505e-12,Pos160-Pos162-Pos402
160,162,402,Pos160_E-Pos162_V-Pos402_L,0.0,2.4502125253917505e-13,Pos160-Pos162-Pos402
160,162,402,Pos160_E-Pos162_V-Pos402_E,0.0,1.2251062626958752e-13,Pos160-Pos162-Pos402
160,162,402,Pos160_E-Pos162_V-Pos402_K,0.0,1.2251062626958752e-13,Pos160-Pos162-Pos402
160,162,402,Pos160_E-Pos162_T-Pos402_C,0.0,3.357904892752785e-11,Pos160-Pos162-Pos402
160,162,402,Pos160_E-Pos162_T-Pos402_H,0.0,4.287871919435563e-12,Pos160-Pos162-Pos402
160,162,402,Pos160_E-Pos162_T-Pos402_S,0.0,2.1717792838699605e-12,Pos160-Pos162-Pos402
160,162,402,Pos160_E-Pos162_T-Pos402_V,0.0,1.5592261525220228e-12,Pos160-Pos162-Pos402
160,162,402,Pos160_E-Pos162_T-Pos402_L,0.0,1.1137329660871593e-13,Pos160-Pos162-Pos402
160,162,402,Pos160_E-Pos162_T-Pos402_E,0.0,5.5686648304357966e-14,Pos160-Pos162-Pos402
160,162,402,Pos160_E-Pos162_T-Pos402_K,0.0,5.5686648304357966e-14,Pos160-Pos162-Pos402
160,162,402,Pos160_E-Pos162_C-Pos402_C,0.0,1.0073714678258357e-11,Pos160-Pos162-Pos402
160,162,402,Pos160_E-Pos162_C-Pos402_H,0.0,1.2863615758306692e-12,Pos160-Pos162-Pos402
160,162,402,Pos160_E-Pos162_C-Pos402_S,0.0,6.515337851609883e-13,Pos160-Pos162-Pos402
160,162,402,Pos160_E-Pos162_C-Pos402_V,0.0,4.677678457566069e-13,Pos160-Pos162-Pos402
160,162,402,Pos160_E-Pos162_C-Pos402_L,0.0,3.341198898261478e-14,Pos160-Pos162-Pos402
160,162,402,Pos160_E-Pos162_C-Pos402_E,0.0,1.670599449130739e-14,Pos160-Pos162-Pos402
160,162,402,Pos160_E-Pos162_C-Pos402_K,0.0,1.670599449130739e-14,Pos160-Pos162-Pos402
160,162,402,Pos160_S-Pos162_I-Pos402_C,0.0,2.9605640067933486e-07,Pos160-Pos162-Pos402
160,162,402,Pos160_S-Pos162_I-Pos402_H,0.0,3.7804880352087537e-08,Pos160-Pos162-Pos402
160,162,402,Pos160_S-Pos162_I-Pos402_S,0.0,1.9147926412096286e-08,Pos160-Pos162-Pos402
160,162,402,Pos160_S-Pos162_I-Pos402_V,0.0,1.3747229218940922e-08,Pos160-Pos162-Pos402
160,162,402,Pos160_S-Pos162_I-Pos402_L,0.0,9.81944944210066e-10,Pos160-Pos162-Pos402
160,162,402,Pos160_S-Pos162_I-Pos402_E,0.0,4.90972472105033e-10,Pos160-Pos162-Pos402
160,162,402,Pos160_S-Pos162_I-Pos402_K,0.0,4.90972472105033e-10,Pos160-Pos162-Pos402
160,162,402,Pos160_S-Pos162_N-Pos402_C,0.0,3.7998051766390514e-08,Pos160-Pos162-Pos402
160,162,402,Pos160_S-Pos162_N-Pos402_H,0.0,4.852155864033283e-09,Pos160-Pos162-Pos402
160,162,402,Pos160_S-Pos162_N-Pos402_S,0.0,2.4575854376272477e-09,Pos160-Pos162-Pos402
160,162,402,Pos160_S-Pos162_N-Pos402_V,0.0,1.764420314193921e-09,Pos160-Pos162-Pos402
160,162,402,Pos160_S-Pos162_N-Pos402_L,0.0,1.2603002244242293e-10,Pos160-Pos162-Pos402
160,162,402,Pos160_S-Pos162_N-Pos402_E,0.0,6.301501122121147e-11,Pos160-Pos162-Pos402
160,162,402,Pos160_S-Pos162_N-Pos402_K,0.0,6.301501122121147e-11,Pos160-Pos162-Pos402
160,162,402,Pos160_S-Pos162_V-Pos402_C,0.0,1.1081086146084192e-10,Pos160-Pos162-Pos402
160,162,402,Pos160_S-Pos162_V-Pos402_H,0.0,1.414997733413736e-11,Pos160-Pos162-Pos402
160,162,402,Pos160_S-Pos162_V-Pos402_S,0.0,7.1668716367708705e-12,Pos160-Pos162-Pos402
160,162,402,Pos160_S-Pos162_V-Pos402_V,0.0,5.145446303322676e-12,Pos160-Pos162-Pos402
160,162,402,Pos160_S-Pos162_V-Pos402_L,0.0,3.675318788087626e-13,Pos160-Pos162-Pos402
160,162,402,Pos160_S-Pos162_V-Pos402_E,0.0,1.837659394043813e-13,Pos160-Pos162-Pos402
160,162,402,Pos160_S-Pos162_V-Pos402_K,0.0,1.837659394043813e-13,Pos160-Pos162-Pos402
160,162,402,Pos160_S-Pos162_T-Pos402_C,0.0,5.0368573391291785e-11,Pos160-Pos162-Pos402
160,162,402,Pos160_S-Pos162_T-Pos402_H,0.0,6.4318078791533456e-12,Pos160-Pos162-Pos402
160,162,402,Pos160_S-Pos162_T-Pos402_S,0.0,3.2576689258049412e-12,Pos160-Pos162-Pos402
160,162,402,Pos160_S-Pos162_T-Pos402_V,0.0,2.3388392287830343e-12,Pos160-Pos162-Pos402
160,162,402,Pos160_S-Pos162_T-Pos402_L,0.0,1.670599449130739e-13,Pos160-Pos162-Pos402
160,162,402,Pos160_S-Pos162_T-Pos402_E,0.0,8.352997245653695e-14,Pos160-Pos162-Pos402
160,162,402,Pos160_S-Pos162_T-Pos402_K,0.0,8.352997245653695e-14,Pos160-Pos162-Pos402
160,162,402,Pos160_S-Pos162_C-Pos402_C,0.0,1.5110572017387537e-11,Pos160-Pos162-Pos402
160,162,402,Pos160_S-Pos162_C-Pos402_H,0.0,1.929542363746004e-12,Pos160-Pos162-Pos402
160,162,402,Pos160_S-Pos162_C-Pos402_S,0.0,9.773006777414824e-13,Pos160-Pos162-Pos402
160,162,402,Pos160_S-Pos162_C-Pos402_V,0.0,7.016517686349104e-13,Pos160-Pos162-Pos402
160,162,402,Pos160_S-Pos162_C-Pos402_L,0.0,5.0117983473922176e-14,Pos160-Pos162-Pos402
160,162,402,Pos160_S-Pos162_C-Pos402_E,0.0,2.5058991736961088e-14,Pos160-Pos162-Pos402
160,162,402,Pos160_S-Pos162_C-Pos402_K,0.0,2.5058991736961088e-14,Pos160-Pos162-Pos402
160,162,402,Pos160_R-Pos162_I-Pos402_C,0.0,9.868546689311162e-08,Pos160-Pos162-Pos402
160,162,402,Pos160_R-Pos162_I-Pos402_H,0.0,1.2601626784029178e-08,Pos160-Pos162-Pos402
160,162,402,Pos160_R-Pos162_I-Pos402_S,0.0,6.382642137365428e-09,Pos160-Pos162-Pos402
160,162,402,Pos160_R-Pos162_I-Pos402_V,0.0,4.5824097396469736e-09,Pos160-Pos162-Pos402
160,162,402,Pos160_R-Pos162_I-Pos402_L,0.0,3.2731498140335527e-10,Pos160-Pos162-Pos402
160,162,402,Pos160_R-Pos162_I-Pos402_E,0.0,1.6365749070167763e-10,Pos160-Pos162-Pos402
160,162,402,Pos160_R-Pos162_I-Pos402_K,0.0,1.6365749070167763e-10,Pos160-Pos162-Pos402
160,162,402,Pos160_R-Pos162_N-Pos402_C,0.0,1.2666017255463505e-08,Pos160-Pos162-Pos402
160,162,402,Pos160_R-Pos162_N-Pos402_H,0.0,1.6173852880110945e-09,Pos160-Pos162-Pos402
160,162,402,Pos160_R-Pos162_N-Pos402_S,0.0,8.191951458757492e-10,Pos160-Pos162-Pos402
160,162,402,Pos160_R-Pos162_N-Pos402_V,0.0,5.88140104731307e-10,Pos160-Pos162-Pos402
160,162,402,Pos160_R-Pos162_N-Pos402_L,0.0,4.2010007480807646e-11,Pos160-Pos162-Pos402
160,162,402,Pos160_R-Pos162_N-Pos402_E,0.0,2.1005003740403823e-11,Pos160-Pos162-Pos402
160,162,402,Pos160_R-Pos162_N-Pos402_K,0.0,2.1005003740403823e-11,Pos160-Pos162-Pos402
160,162,402,Pos160_R-Pos162_V-Pos402_C,0.0,3.693695382028064e-11,Pos160-Pos162-Pos402
160,162,402,Pos160_R-Pos162_V-Pos402_H,0.0,4.7166591113791195e-12,Pos160-Pos162-Pos402
160,162,402,Pos160_R-Pos162_V-Pos402_S,0.0,2.388957212256957e-12,Pos160-Pos162-Pos402
160,162,402,Pos160_R-Pos162_V-Pos402_V,0.0,1.7151487677742253e-12,Pos160-Pos162-Pos402
160,162,402,Pos160_R-Pos162_V-Pos402_L,0.0,1.2251062626958752e-13,Pos160-Pos162-Pos402
160,162,402,Pos160_R-Pos162_V-Pos402_E,0.0,6.125531313479376e-14,Pos160-Pos162-Pos402
160,162,402,Pos160_R-Pos162_V-Pos402_K,0.0,6.125531313479376e-14,Pos160-Pos162-Pos402
160,162,402,Pos160_R-Pos162_T-Pos402_C,0.0,1.6789524463763926e-11,Pos160-Pos162-Pos402
160,162,402,Pos160_R-Pos162_T-Pos402_H,0.0,2.1439359597177816e-12,Pos160-Pos162-Pos402
160,162,402,Pos160_R-Pos162_T-Pos402_S,0.0,1.0858896419349803e-12,Pos160-Pos162-Pos402
160,162,402,Pos160_R-Pos162_T-Pos402_V,0.0,7.796130762610114e-13,Pos160-Pos162-Pos402
160,162,402,Pos160_R-Pos162_T-Pos402_L,0.0,5.5686648304357966e-14,Pos160-Pos162-Pos402
160,162,402,Pos160_R-Pos162_T-Pos402_E,0.0,2.7843324152178983e-14,Pos160-Pos162-Pos402
160,162,402,Pos160_R-Pos162_T-Pos402_K,0.0,2.7843324152178983e-14,Pos160-Pos162-Pos402
160,162,402,Pos160_R-Pos162_C-Pos402_C,0.0,5.036857339129178e-12,Pos160-Pos162-Pos402
160,162,402,Pos160_R-Pos162_C-Pos402_H,0.0,6.431807879153346e-13,Pos160-Pos162-Pos402
160,162,402,Pos160_R-Pos162_C-Pos402_S,0.0,3.2576689258049415e-13,Pos160-Pos162-Pos402
160,162,402,Pos160_R-Pos162_C-Pos402_V,0.0,2.3388392287830344e-13,Pos160-Pos162-Pos402
160,162,402,Pos160_R-Pos162_C-Pos402_L,0.0,1.670599449130739e-14,Pos160-Pos162-Pos402
160,162,402,Pos160_R-Pos162_C-Pos402_E,0.0,8.352997245653695e-15,Pos160-Pos162-Pos402
160,162,402,Pos160_R-Pos162_C-Pos402_K,0.0,8.352997245653695e-15,Pos160-Pos162-Pos402
160,163,225,Pos160_A-Pos163_F-Pos225_E,8.44095551616443e-05,0.008617124498127458,Pos160-Pos163-Pos225
160,163,225,Pos160_A-Pos163_F-Pos225_I,0.0,0.006212403810176404,Pos160-Pos163-Pos225
160,163,225,Pos160_A-Pos163_F-Pos225_N,0.0,0.002045089474881098,Pos160-Pos163-Pos225
160,163,225,Pos160_A-Pos163_F-Pos225_M,0.0,0.00019434110121329076,Pos160-Pos163-Pos225
160,163,225,Pos160_A-Pos163_F-Pos225_T,0.0,0.00020185428811586643,Pos160-Pos163-Pos225
160,163,225,Pos160_A-Pos163_F-Pos225_L,0.0,2.3541318961403775e-05,Pos160-Pos163-Pos225
160,163,225,Pos160_A-Pos163_F-Pos225_R,0.0,5.50967039522216e-06,Pos160-Pos163-Pos225
160,163,225,Pos160_A-Pos163_F-Pos225_G,0.0,5.50967039522216e-06,Pos160-Pos163-Pos225
160,163,225,Pos160_A-Pos163_F-Pos225_Q,0.0,4.007033014707026e-06,Pos160-Pos163-Pos225
160,163,225,Pos160_A-Pos163_F-Pos225_*,0.0,1.0017582536767564e-06,Pos160-Pos163-Pos225
160,163,225,Pos160_A-Pos163_F-Pos225_S,0.0,3.0052747610302692e-06,Pos160-Pos163-Pos225
160,163,225,Pos160_A-Pos163_F-Pos225_V,0.0,1.0017582536767564e-06,Pos160-Pos163-Pos225
160,163,225,Pos160_A-Pos163_Y-Pos225_E,0.0,1.802060256262396e-06,Pos160-Pos163-Pos225
160,163,225,Pos160_A-Pos163_Y-Pos225_I,0.0,1.2991718994665485e-06,Pos160-Pos163-Pos225
160,163,225,Pos160_A-Pos163_Y-Pos225_N,0.0,4.2768030843521064e-07,Pos160-Pos163-Pos225
160,163,225,Pos160_A-Pos163_Y-Pos225_M,0.0,4.064167515867297e-08,Pos160-Pos163-Pos225
160,163,225,Pos160_A-Pos163_Y-Pos225_T,0.0,4.221287394058043e-08,Pos160-Pos163-Pos225
160,163,225,Pos160_A-Pos163_Y-Pos225_L,0.0,4.9230895166433744e-09,Pos160-Pos163-Pos225
160,163,225,Pos160_A-Pos163_Y-Pos225_R,0.0,1.1522124400654707e-09,Pos160-Pos163-Pos225
160,163,225,Pos160_A-Pos163_Y-Pos225_G,0.0,1.1522124400654707e-09,Pos160-Pos163-Pos225
160,163,225,Pos160_A-Pos163_Y-Pos225_Q,0.0,8.379726836839787e-10,Pos160-Pos163-Pos225
160,163,225,Pos160_A-Pos163_Y-Pos225_*,0.0,2.0949317092099468e-10,Pos160-Pos163-Pos225
160,163,225,Pos160_A-Pos163_Y-Pos225_S,0.0,6.28479512762984e-10,Pos160-Pos163-Pos225
160,163,225,Pos160_A-Pos163_Y-Pos225_V,0.0,2.0949317092099468e-10,Pos160-Pos163-Pos225
160,163,225,Pos160_A-Pos163_A-Pos225_E,0.0,1.6382365966021782e-07,Pos160-Pos163-Pos225
160,163,225,Pos160_A-Pos163_A-Pos225_I,0.0,1.1810653631514076e-07,Pos160-Pos163-Pos225
160,163,225,Pos160_A-Pos163_A-Pos225_N,0.0,3.88800280395646e-08,Pos160-Pos163-Pos225
160,163,225,Pos160_A-Pos163_A-Pos225_M,0.0,3.6946977416975425e-09,Pos160-Pos163-Pos225
160,163,225,Pos160_A-Pos163_A-Pos225_T,0.0,3.837533994598221e-09,Pos160-Pos163-Pos225
160,163,225,Pos160_A-Pos163_A-Pos225_L,0.0,4.47553592422125e-10,Pos160-Pos163-Pos225
160,163,225,Pos160_A-Pos163_A-Pos225_R,0.0,1.0474658546049734e-10,Pos160-Pos163-Pos225
160,163,225,Pos160_A-Pos163_A-Pos225_G,0.0,1.0474658546049734e-10,Pos160-Pos163-Pos225
160,163,225,Pos160_A-Pos163_A-Pos225_Q,0.0,7.61793348803617e-11,Pos160-Pos163-Pos225
160,163,225,Pos160_A-Pos163_A-Pos225_*,0.0,1.9044833720090425e-11,Pos160-Pos163-Pos225
160,163,225,Pos160_A-Pos163_A-Pos225_S,0.0,5.713450116027127e-11,Pos160-Pos163-Pos225
160,163,225,Pos160_A-Pos163_A-Pos225_V,0.0,1.9044833720090425e-11,Pos160-Pos163-Pos225
160,163,225,Pos160_A-Pos163_L-Pos225_E,0.0,8.19118298301089e-07,Pos160-Pos163-Pos225
160,163,225,Pos160_A-Pos163_L-Pos225_I,0.0,5.905326815757038e-07,Pos160-Pos163-Pos225
160,163,225,Pos160_A-Pos163_L-Pos225_N,0.0,1.9440014019782298e-07,Pos160-Pos163-Pos225
160,163,225,Pos160_A-Pos163_L-Pos225_M,0.0,1.847348870848771e-08,Pos160-Pos163-Pos225
160,163,225,Pos160_A-Pos163_L-Pos225_T,0.0,1.9187669972991104e-08,Pos160-Pos163-Pos225
160,163,225,Pos160_A-Pos163_L-Pos225_L,0.0,2.2377679621106244e-09,Pos160-Pos163-Pos225
160,163,225,Pos160_A-Pos163_L-Pos225_R,0.0,5.237329273024866e-10,Pos160-Pos163-Pos225
160,163,225,Pos160_A-Pos163_L-Pos225_G,0.0,5.237329273024866e-10,Pos160-Pos163-Pos225
160,163,225,Pos160_A-Pos163_L-Pos225_Q,0.0,3.8089667440180844e-10,Pos160-Pos163-Pos225
160,163,225,Pos160_A-Pos163_L-Pos225_*,0.0,9.522416860045211e-11,Pos160-Pos163-Pos225
160,163,225,Pos160_A-Pos163_L-Pos225_S,0.0,2.8567250580135634e-10,Pos160-Pos163-Pos225
160,163,225,Pos160_A-Pos163_L-Pos225_V,0.0,9.522416860045211e-11,Pos160-Pos163-Pos225
160,163,225,Pos160_A-Pos163_P-Pos225_E,0.0,4.914709789806534e-07,Pos160-Pos163-Pos225
160,163,225,Pos160_A-Pos163_P-Pos225_I,0.0,3.543196089454223e-07,Pos160-Pos163-Pos225
160,163,225,Pos160_A-Pos163_P-Pos225_N,0.0,1.1664008411869379e-07,Pos160-Pos163-Pos225
160,163,225,Pos160_A-Pos163_P-Pos225_M,0.0,1.1084093225092627e-08,Pos160-Pos163-Pos225
160,163,225,Pos160_A-Pos163_P-Pos225_T,0.0,1.1512601983794662e-08,Pos160-Pos163-Pos225
160,163,225,Pos160_A-Pos163_P-Pos225_L,0.0,1.3426607772663748e-09,Pos160-Pos163-Pos225
160,163,225,Pos160_A-Pos163_P-Pos225_R,0.0,3.14239756381492e-10,Pos160-Pos163-Pos225
160,163,225,Pos160_A-Pos163_P-Pos225_G,0.0,3.14239756381492e-10,Pos160-Pos163-Pos225
160,163,225,Pos160_A-Pos163_P-Pos225_Q,0.0,2.285380046410851e-10,Pos160-Pos163-Pos225
160,163,225,Pos160_A-Pos163_P-Pos225_*,0.0,5.713450116027127e-11,Pos160-Pos163-Pos225
160,163,225,Pos160_A-Pos163_P-Pos225_S,0.0,1.714035034808138e-10,Pos160-Pos163-Pos225
160,163,225,Pos160_A-Pos163_P-Pos225_V,0.0,5.713450116027127e-11,Pos160-Pos163-Pos225
160,163,225,Pos160_A-Pos163_V-Pos225_E,0.0,1.6382365966021782e-07,Pos160-Pos163-Pos225
160,163,225,Pos160_A-Pos163_V-Pos225_I,0.0,1.1810653631514076e-07,Pos160-Pos163-Pos225
160,163,225,Pos160_A-Pos163_V-Pos225_N,0.0,3.88800280395646e-08,Pos160-Pos163-Pos225
160,163,225,Pos160_A-Pos163_V-Pos225_M,0.0,3.6946977416975425e-09,Pos160-Pos163-Pos225
160,163,225,Pos160_A-Pos163_V-Pos225_T,0.0,3.837533994598221e-09,Pos160-Pos163-Pos225
160,163,225,Pos160_A-Pos163_V-Pos225_L,0.0,4.47553592422125e-10,Pos160-Pos163-Pos225
160,163,225,Pos160_A-Pos163_V-Pos225_R,0.0,1.0474658546049734e-10,Pos160-Pos163-Pos225
160,163,225,Pos160_A-Pos163_V-Pos225_G,0.0,1.0474658546049734e-10,Pos160-Pos163-Pos225
160,163,225,Pos160_A-Pos163_V-Pos225_Q,0.0,7.61793348803617e-11,Pos160-Pos163-Pos225
160,163,225,Pos160_A-Pos163_V-Pos225_*,0.0,1.9044833720090425e-11,Pos160-Pos163-Pos225
160,163,225,Pos160_A-Pos163_V-Pos225_S,0.0,5.713450116027127e-11,Pos160-Pos163-Pos225
160,163,225,Pos160_A-Pos163_V-Pos225_V,0.0,1.9044833720090425e-11,Pos160-Pos163-Pos225
160,163,225,Pos160_M-Pos163_F-Pos225_E,7.034129596803691e-05,8.062806547955517e-05,Pos160-Pos163-Pos225
160,163,225,Pos160_M-Pos163_F-Pos225_I,0.0,5.8127754949019e-05,Pos160-Pos163-Pos225
160,163,225,Pos160_M-Pos163_F-Pos225_N,0.0,1.9135340115846534e-05,Pos160-Pos163-Pos225
160,163,225,Pos160_M-Pos163_F-Pos225_M,0.0,1.8183962686623699e-06,Pos160-Pos163-Pos225
160,163,225,Pos160_M-Pos163_F-Pos225_T,0.0,1.8886950934817914e-06,Pos160-Pos163-Pos225
160,163,225,Pos160_M-Pos163_F-Pos225_L,0.0,2.2026965110085405e-07,Pos160-Pos163-Pos225
160,163,225,Pos160_M-Pos163_F-Pos225_R,0.0,5.155247153424244e-08,Pos160-Pos163-Pos225
160,163,225,Pos160_M-Pos163_F-Pos225_G,0.0,5.155247153424244e-08,Pos160-Pos163-Pos225
160,163,225,Pos160_M-Pos163_F-Pos225_Q,0.0,3.7492706570358134e-08,Pos160-Pos163-Pos225
160,163,225,Pos160_M-Pos163_F-Pos225_*,0.0,9.373176642589534e-09,Pos160-Pos163-Pos225
160,163,225,Pos160_M-Pos163_F-Pos225_S,0.0,2.8119529927768602e-08,Pos160-Pos163-Pos225
160,163,225,Pos160_M-Pos163_F-Pos225_V,0.0,9.373176642589534e-09,Pos160-Pos163-Pos225
160,163,225,Pos160_M-Pos163_Y-Pos225_E,0.0,1.686138251473587e-08,Pos160-Pos163-Pos225
160,163,225,Pos160_M-Pos163_Y-Pos225_I,0.0,1.2155994380973554e-08,Pos160-Pos163-Pos225
160,163,225,Pos160_M-Pos163_Y-Pos225_N,0.0,4.001687096469807e-09,Pos160-Pos163-Pos225
160,163,225,Pos160_M-Pos163_Y-Pos225_M,0.0,3.802729839407997e-10,Pos160-Pos163-Pos225
160,163,225,Pos160_M-Pos163_Y-Pos225_T,0.0,3.949742590931502e-10,Pos160-Pos163-Pos225
160,163,225,Pos160_M-Pos163_Y-Pos225_L,0.0,4.606399547736491e-11,Pos160-Pos163-Pos225
160,163,225,Pos160_M-Pos163_Y-Pos225_R,0.0,1.0780935111723703e-11,Pos160-Pos163-Pos225
160,163,225,Pos160_M-Pos163_Y-Pos225_G,0.0,1.0780935111723703e-11,Pos160-Pos163-Pos225
160,163,225,Pos160_M-Pos163_Y-Pos225_Q,0.0,7.840680081253601e-12,Pos160-Pos163-Pos225
160,163,225,Pos160_M-Pos163_Y-Pos225_*,0.0,1.9601700203134004e-12,Pos160-Pos163-Pos225
160,163,225,Pos160_M-Pos163_Y-Pos225_S,0.0,5.8805100609402015e-12,Pos160-Pos163-Pos225
160,163,225,Pos160_M-Pos163_Y-Pos225_V,0.0,1.9601700203134004e-12,Pos160-Pos163-Pos225
160,163,225,Pos160_M-Pos163_A-Pos225_E,0.0,1.532852955885079e-09,Pos160-Pos163-Pos225
160,163,225,Pos160_M-Pos163_A-Pos225_I,0.0,1.105090398270323e-09,Pos160-Pos163-Pos225
160,163,225,Pos160_M-Pos163_A-Pos225_N,0.0,3.6378973604270976e-10,Pos160-Pos163-Pos225
160,163,225,Pos160_M-Pos163_A-Pos225_M,0.0,3.457027126734543e-11,Pos160-Pos163-Pos225
160,163,225,Pos160_M-Pos163_A-Pos225_T,0.0,3.590675082665002e-11,Pos160-Pos163-Pos225
160,163,225,Pos160_M-Pos163_A-Pos225_L,0.0,4.187635952487719e-12,Pos160-Pos163-Pos225
160,163,225,Pos160_M-Pos163_A-Pos225_R,0.0,9.800850101567002e-13,Pos160-Pos163-Pos225
160,163,225,Pos160_M-Pos163_A-Pos225_G,0.0,9.800850101567002e-13,Pos160-Pos163-Pos225
160,163,225,Pos160_M-Pos163_A-Pos225_Q,0.0,7.12789098295782e-13,Pos160-Pos163-Pos225
160,163,225,Pos160_M-Pos163_A-Pos225_*,0.0,1.781972745739455e-13,Pos160-Pos163-Pos225
160,163,225,Pos160_M-Pos163_A-Pos225_S,0.0,5.345918237218365e-13,Pos160-Pos163-Pos225
160,163,225,Pos160_M-Pos163_A-Pos225_V,0.0,1.781972745739455e-13,Pos160-Pos163-Pos225
160,163,225,Pos160_M-Pos163_L-Pos225_E,0.0,7.664264779425394e-09,Pos160-Pos163-Pos225
160,163,225,Pos160_M-Pos163_L-Pos225_I,0.0,5.525451991351615e-09,Pos160-Pos163-Pos225
160,163,225,Pos160_M-Pos163_L-Pos225_N,0.0,1.8189486802135486e-09,Pos160-Pos163-Pos225
160,163,225,Pos160_M-Pos163_L-Pos225_M,0.0,1.7285135633672714e-10,Pos160-Pos163-Pos225
160,163,225,Pos160_M-Pos163_L-Pos225_T,0.0,1.795337541332501e-10,Pos160-Pos163-Pos225
160,163,225,Pos160_M-Pos163_L-Pos225_L,0.0,2.0938179762438595e-11,Pos160-Pos163-Pos225
160,163,225,Pos160_M-Pos163_L-Pos225_R,0.0,4.900425050783501e-12,Pos160-Pos163-Pos225
160,163,225,Pos160_M-Pos163_L-Pos225_G,0.0,4.900425050783501e-12,Pos160-Pos163-Pos225
160,163,225,Pos160_M-Pos163_L-Pos225_Q,0.0,3.5639454914789098e-12,Pos160-Pos163-Pos225
160,163,225,Pos160_M-Pos163_L-Pos225_*,0.0,8.909863728697274e-13,Pos160-Pos163-Pos225
160,163,225,Pos160_M-Pos163_L-Pos225_S,0.0,2.6729591186091822e-12,Pos160-Pos163-Pos225
160,163,225,Pos160_M-Pos163_L-Pos225_V,0.0,8.909863728697274e-13,Pos160-Pos163-Pos225
160,163,225,Pos160_M-Pos163_P-Pos225_E,0.0,4.5985588676552375e-09,Pos160-Pos163-Pos225
160,163,225,Pos160_M-Pos163_P-Pos225_I,0.0,3.315271194810969e-09,Pos160-Pos163-Pos225
160,163,225,Pos160_M-Pos163_P-Pos225_N,0.0,1.0913692081281293e-09,Pos160-Pos163-Pos225
160,163,225,Pos160_M-Pos163_P-Pos225_M,0.0,1.0371081380203629e-10,Pos160-Pos163-Pos225
160,163,225,Pos160_M-Pos163_P-Pos225_T,0.0,1.0772025247995006e-10,Pos160-Pos163-Pos225
160,163,225,Pos160_M-Pos163_P-Pos225_L,0.0,1.2562907857463158e-11,Pos160-Pos163-Pos225
160,163,225,Pos160_M-Pos163_P-Pos225_R,0.0,2.9402550304701008e-12,Pos160-Pos163-Pos225
160,163,225,Pos160_M-Pos163_P-Pos225_G,0.0,2.9402550304701008e-12,Pos160-Pos163-Pos225
160,163,225,Pos160_M-Pos163_P-Pos225_Q,0.0,2.138367294887346e-12,Pos160-Pos163-Pos225
160,163,225,Pos160_M-Pos163_P-Pos225_*,0.0,5.345918237218365e-13,Pos160-Pos163-Pos225
160,163,225,Pos160_M-Pos163_P-Pos225_S,0.0,1.6037754711655096e-12,Pos160-Pos163-Pos225
160,163,225,Pos160_M-Pos163_P-Pos225_V,0.0,5.345918237218365e-13,Pos160-Pos163-Pos225
160,163,225,Pos160_M-Pos163_V-Pos225_E,0.0,1.532852955885079e-09,Pos160-Pos163-Pos225
160,163,225,Pos160_M-Pos163_V-Pos225_I,0.0,1.105090398270323e-09,Pos160-Pos163-Pos225
160,163,225,Pos160_M-Pos163_V-Pos225_N,0.0,3.6378973604270976e-10,Pos160-Pos163-Pos225
160,163,225,Pos160_M-Pos163_V-Pos225_M,0.0,3.457027126734543e-11,Pos160-Pos163-Pos225
160,163,225,Pos160_M-Pos163_V-Pos225_T,0.0,3.590675082665002e-11,Pos160-Pos163-Pos225
160,163,225,Pos160_M-Pos163_V-Pos225_L,0.0,4.187635952487719e-12,Pos160-Pos163-Pos225
160,163,225,Pos160_M-Pos163_V-Pos225_R,0.0,9.800850101567002e-13,Pos160-Pos163-Pos225
160,163,225,Pos160_M-Pos163_V-Pos225_G,0.0,9.800850101567002e-13,Pos160-Pos163-Pos225
160,163,225,Pos160_M-Pos163_V-Pos225_Q,0.0,7.12789098295782e-13,Pos160-Pos163-Pos225
160,163,225,Pos160_M-Pos163_V-Pos225_*,0.0,1.781972745739455e-13,Pos160-Pos163-Pos225
160,163,225,Pos160_M-Pos163_V-Pos225_S,0.0,5.345918237218365e-13,Pos160-Pos163-Pos225
160,163,225,Pos160_M-Pos163_V-Pos225_V,0.0,1.781972745739455e-13,Pos160-Pos163-Pos225
160,163,225,Pos160_K-Pos163_F-Pos225_E,4.220477758082215e-05,1.7637389323652693e-05,Pos160-Pos163-Pos225
160,163,225,Pos160_K-Pos163_F-Pos225_I,0.0,1.2715446395097904e-05,Pos160-Pos163-Pos225
160,163,225,Pos160_K-Pos163_F-Pos225_N,0.0,4.1858556503414295e-06,Pos160-Pos163-Pos225
160,163,225,Pos160_K-Pos163_F-Pos225_M,0.0,3.9777418376989337e-07,Pos160-Pos163-Pos225
160,163,225,Pos160_K-Pos163_F-Pos225_T,0.0,4.1315205169914183e-07,Pos160-Pos163-Pos225
160,163,225,Pos160_K-Pos163_F-Pos225_L,0.0,4.818398617831182e-08,Pos160-Pos163-Pos225
160,163,225,Pos160_K-Pos163_F-Pos225_R,0.0,1.1277103148115533e-08,Pos160-Pos163-Pos225
160,163,225,Pos160_K-Pos163_F-Pos225_G,0.0,1.1277103148115533e-08,Pos160-Pos163-Pos225
160,163,225,Pos160_K-Pos163_F-Pos225_Q,0.0,8.201529562265842e-09,Pos160-Pos163-Pos225
160,163,225,Pos160_K-Pos163_F-Pos225_*,0.0,2.0503823905664605e-09,Pos160-Pos163-Pos225
160,163,225,Pos160_K-Pos163_F-Pos225_S,0.0,6.1511471716993816e-09,Pos160-Pos163-Pos225
160,163,225,Pos160_K-Pos163_F-Pos225_V,0.0,2.0503823905664605e-09,Pos160-Pos163-Pos225
160,163,225,Pos160_K-Pos163_Y-Pos225_E,0.0,3.688427425098471e-09,Pos160-Pos163-Pos225
160,163,225,Pos160_K-Pos163_Y-Pos225_I,0.0,2.6591237708379644e-09,Pos160-Pos163-Pos225
160,163,225,Pos160_K-Pos163_Y-Pos225_N,0.0,8.753690523527701e-10,Pos160-Pos163-Pos225
160,163,225,Pos160_K-Pos163_Y-Pos225_M,0.0,8.318471523704992e-11,Pos160-Pos163-Pos225
160,163,225,Pos160_K-Pos163_Y-Pos225_T,0.0,8.64006191766266e-11,Pos160-Pos163-Pos225
160,163,225,Pos160_K-Pos163_Y-Pos225_L,0.0,1.0076499010673573e-11,Pos160-Pos163-Pos225
160,163,225,Pos160_K-Pos163_Y-Pos225_R,0.0,2.3583295556895597e-12,Pos160-Pos163-Pos225
160,163,225,Pos160_K-Pos163_Y-Pos225_G,0.0,2.3583295556895597e-12,Pos160-Pos163-Pos225
160,163,225,Pos160_K-Pos163_Y-Pos225_Q,0.0,1.7151487677742253e-12,Pos160-Pos163-Pos225
160,163,225,Pos160_K-Pos163_Y-Pos225_*,0.0,4.287871919435563e-13,Pos160-Pos163-Pos225
160,163,225,Pos160_K-Pos163_Y-Pos225_S,0.0,1.286361575830669e-12,Pos160-Pos163-Pos225
160,163,225,Pos160_K-Pos163_Y-Pos225_V,0.0,4.287871919435563e-13,Pos160-Pos163-Pos225
160,163,225,Pos160_K-Pos163_A-Pos225_E,0.0,3.3531158409986106e-10,Pos160-Pos163-Pos225
160,163,225,Pos160_K-Pos163_A-Pos225_I,0.0,2.4173852462163314e-10,Pos160-Pos163-Pos225
160,163,225,Pos160_K-Pos163_A-Pos225_N,0.0,7.957900475934275e-11,Pos160-Pos163-Pos225
160,163,225,Pos160_K-Pos163_A-Pos225_M,0.0,7.562246839731812e-12,Pos160-Pos163-Pos225
160,163,225,Pos160_K-Pos163_A-Pos225_T,0.0,7.854601743329691e-12,Pos160-Pos163-Pos225
160,163,225,Pos160_K-Pos163_A-Pos225_L,0.0,9.160453646066885e-13,Pos160-Pos163-Pos225
160,163,225,Pos160_K-Pos163_A-Pos225_R,0.0,2.1439359597177816e-13,Pos160-Pos163-Pos225
160,163,225,Pos160_K-Pos163_A-Pos225_G,0.0,2.1439359597177816e-13,Pos160-Pos163-Pos225
160,163,225,Pos160_K-Pos163_A-Pos225_Q,0.0,1.559226152522023e-13,Pos160-Pos163-Pos225
160,163,225,Pos160_K-Pos163_A-Pos225_*,0.0,3.898065381305058e-14,Pos160-Pos163-Pos225
160,163,225,Pos160_K-Pos163_A-Pos225_S,0.0,1.1694196143915172e-13,Pos160-Pos163-Pos225
160,163,225,Pos160_K-Pos163_A-Pos225_V,0.0,3.898065381305058e-14,Pos160-Pos163-Pos225
160,163,225,Pos160_K-Pos163_L-Pos225_E,0.0,1.6765579204993051e-09,Pos160-Pos163-Pos225
160,163,225,Pos160_K-Pos163_L-Pos225_I,0.0,1.2086926231081657e-09,Pos160-Pos163-Pos225
160,163,225,Pos160_K-Pos163_L-Pos225_N,0.0,3.978950237967137e-10,Pos160-Pos163-Pos225
160,163,225,Pos160_K-Pos163_L-Pos225_M,0.0,3.781123419865906e-11,Pos160-Pos163-Pos225
160,163,225,Pos160_K-Pos163_L-Pos225_T,0.0,3.9273008716648456e-11,Pos160-Pos163-Pos225
160,163,225,Pos160_K-Pos163_L-Pos225_L,0.0,4.580226823033442e-12,Pos160-Pos163-Pos225
160,163,225,Pos160_K-Pos163_L-Pos225_R,0.0,1.0719679798588908e-12,Pos160-Pos163-Pos225
160,163,225,Pos160_K-Pos163_L-Pos225_G,0.0,1.0719679798588908e-12,Pos160-Pos163-Pos225
160,163,225,Pos160_K-Pos163_L-Pos225_Q,0.0,7.796130762610115e-13,Pos160-Pos163-Pos225
160,163,225,Pos160_K-Pos163_L-Pos225_*,0.0,1.9490326906525288e-13,Pos160-Pos163-Pos225
160,163,225,Pos160_K-Pos163_L-Pos225_S,0.0,5.847098071957586e-13,Pos160-Pos163-Pos225
160,163,225,Pos160_K-Pos163_L-Pos225_V,0.0,1.9490326906525288e-13,Pos160-Pos163-Pos225
160,163,225,Pos160_K-Pos163_P-Pos225_E,0.0,1.0059347522995831e-09,Pos160-Pos163-Pos225
160,163,225,Pos160_K-Pos163_P-Pos225_I,0.0,7.252155738648995e-10,Pos160-Pos163-Pos225
160,163,225,Pos160_K-Pos163_P-Pos225_N,0.0,2.3873701427802827e-10,Pos160-Pos163-Pos225
160,163,225,Pos160_K-Pos163_P-Pos225_M,0.0,2.268674051919544e-11,Pos160-Pos163-Pos225
160,163,225,Pos160_K-Pos163_P-Pos225_T,0.0,2.3563805229989078e-11,Pos160-Pos163-Pos225
160,163,225,Pos160_K-Pos163_P-Pos225_L,0.0,2.7481360938200656e-12,Pos160-Pos163-Pos225
160,163,225,Pos160_K-Pos163_P-Pos225_R,0.0,6.431807879153346e-13,Pos160-Pos163-Pos225
160,163,225,Pos160_K-Pos163_P-Pos225_G,0.0,6.431807879153346e-13,Pos160-Pos163-Pos225
160,163,225,Pos160_K-Pos163_P-Pos225_Q,0.0,4.67767845756607e-13,Pos160-Pos163-Pos225
160,163,225,Pos160_K-Pos163_P-Pos225_*,0.0,1.1694196143915175e-13,Pos160-Pos163-Pos225
160,163,225,Pos160_K-Pos163_P-Pos225_S,0.0,3.5082588431745524e-13,Pos160-Pos163-Pos225
160,163,225,Pos160_K-Pos163_P-Pos225_V,0.0,1.1694196143915175e-13,Pos160-Pos163-Pos225
160,163,225,Pos160_K-Pos163_V-Pos225_E,0.0,3.3531158409986106e-10,Pos160-Pos163-Pos225
160,163,225,Pos160_K-Pos163_V-Pos225_I,0.0,2.4173852462163314e-10,Pos160-Pos163-Pos225
160,163,225,Pos160_K-Pos163_V-Pos225_N,0.0,7.957900475934275e-11,Pos160-Pos163-Pos225
160,163,225,Pos160_K-Pos163_V-Pos225_M,0.0,7.562246839731812e-12,Pos160-Pos163-Pos225
160,163,225,Pos160_K-Pos163_V-Pos225_T,0.0,7.854601743329691e-12,Pos160-Pos163-Pos225
160,163,225,Pos160_K-Pos163_V-Pos225_L,0.0,9.160453646066885e-13,Pos160-Pos163-Pos225
160,163,225,Pos160_K-Pos163_V-Pos225_R,0.0,2.1439359597177816e-13,Pos160-Pos163-Pos225
160,163,225,Pos160_K-Pos163_V-Pos225_G,0.0,2.1439359597177816e-13,Pos160-Pos163-Pos225
160,163,225,Pos160_K-Pos163_V-Pos225_Q,0.0,1.559226152522023e-13,Pos160-Pos163-Pos225
160,163,225,Pos160_K-Pos163_V-Pos225_*,0.0,3.898065381305058e-14,Pos160-Pos163-Pos225
160,163,225,Pos160_K-Pos163_V-Pos225_S,0.0,1.1694196143915172e-13,Pos160-Pos163-Pos225
160,163,225,Pos160_K-Pos163_V-Pos225_V,0.0,3.898065381305058e-14,Pos160-Pos163-Pos225
160,163,225,Pos160_E-Pos163_F-Pos225_E,0.0,5.039254092472198e-06,Pos160-Pos163-Pos225
160,163,225,Pos160_E-Pos163_F-Pos225_I,0.0,3.6329846843136873e-06,Pos160-Pos163-Pos225
160,163,225,Pos160_E-Pos163_F-Pos225_N,0.0,1.1959587572404083e-06,Pos160-Pos163-Pos225
160,163,225,Pos160_E-Pos163_F-Pos225_M,0.0,1.1364976679139812e-07,Pos160-Pos163-Pos225
160,163,225,Pos160_E-Pos163_F-Pos225_T,0.0,1.1804344334261196e-07,Pos160-Pos163-Pos225
160,163,225,Pos160_E-Pos163_F-Pos225_L,0.0,1.3766853193803378e-08,Pos160-Pos163-Pos225
160,163,225,Pos160_E-Pos163_F-Pos225_R,0.0,3.2220294708901524e-09,Pos160-Pos163-Pos225
160,163,225,Pos160_E-Pos163_F-Pos225_G,0.0,3.2220294708901524e-09,Pos160-Pos163-Pos225
160,163,225,Pos160_E-Pos163_F-Pos225_Q,0.0,2.3432941606473834e-09,Pos160-Pos163-Pos225
160,163,225,Pos160_E-Pos163_F-Pos225_*,0.0,5.858235401618458e-10,Pos160-Pos163-Pos225
160,163,225,Pos160_E-Pos163_F-Pos225_S,0.0,1.7574706204855377e-09,Pos160-Pos163-Pos225
160,163,225,Pos160_E-Pos163_F-Pos225_V,0.0,5.858235401618458e-10,Pos160-Pos163-Pos225
160,163,225,Pos160_E-Pos163_Y-Pos225_E,0.0,1.053836407170992e-09,Pos160-Pos163-Pos225
160,163,225,Pos160_E-Pos163_Y-Pos225_I,0.0,7.597496488108471e-10,Pos160-Pos163-Pos225
160,163,225,Pos160_E-Pos163_Y-Pos225_N,0.0,2.5010544352936293e-10,Pos160-Pos163-Pos225
160,163,225,Pos160_E-Pos163_Y-Pos225_M,0.0,2.376706149629998e-11,Pos160-Pos163-Pos225
160,163,225,Pos160_E-Pos163_Y-Pos225_T,0.0,2.4685891193321887e-11,Pos160-Pos163-Pos225
160,163,225,Pos160_E-Pos163_Y-Pos225_L,0.0,2.878999717335307e-12,Pos160-Pos163-Pos225
160,163,225,Pos160_E-Pos163_Y-Pos225_R,0.0,6.738084444827314e-13,Pos160-Pos163-Pos225
160,163,225,Pos160_E-Pos163_Y-Pos225_G,0.0,6.738084444827314e-13,Pos160-Pos163-Pos225
160,163,225,Pos160_E-Pos163_Y-Pos225_Q,0.0,4.900425050783501e-13,Pos160-Pos163-Pos225
160,163,225,Pos160_E-Pos163_Y-Pos225_*,0.0,1.2251062626958752e-13,Pos160-Pos163-Pos225
160,163,225,Pos160_E-Pos163_Y-Pos225_S,0.0,3.675318788087626e-13,Pos160-Pos163-Pos225
160,163,225,Pos160_E-Pos163_Y-Pos225_V,0.0,1.2251062626958752e-13,Pos160-Pos163-Pos225
160,163,225,Pos160_E-Pos163_A-Pos225_E,0.0,9.580330974281744e-11,Pos160-Pos163-Pos225
160,163,225,Pos160_E-Pos163_A-Pos225_I,0.0,6.906814989189519e-11,Pos160-Pos163-Pos225
160,163,225,Pos160_E-Pos163_A-Pos225_N,0.0,2.273685850266936e-11,Pos160-Pos163-Pos225
160,163,225,Pos160_E-Pos163_A-Pos225_M,0.0,2.1606419542090894e-12,Pos160-Pos163-Pos225
160,163,225,Pos160_E-Pos163_A-Pos225_T,0.0,2.2441719266656263e-12,Pos160-Pos163-Pos225
160,163,225,Pos160_E-Pos163_A-Pos225_L,0.0,2.6172724703048245e-13,Pos160-Pos163-Pos225
160,163,225,Pos160_E-Pos163_A-Pos225_R,0.0,6.125531313479376e-14,Pos160-Pos163-Pos225
160,163,225,Pos160_E-Pos163_A-Pos225_G,0.0,6.125531313479376e-14,Pos160-Pos163-Pos225
160,163,225,Pos160_E-Pos163_A-Pos225_Q,0.0,4.4549318643486374e-14,Pos160-Pos163-Pos225
160,163,225,Pos160_E-Pos163_A-Pos225_*,0.0,1.1137329660871593e-14,Pos160-Pos163-Pos225
160,163,225,Pos160_E-Pos163_A-Pos225_S,0.0,3.341198898261478e-14,Pos160-Pos163-Pos225
160,163,225,Pos160_E-Pos163_A-Pos225_V,0.0,1.1137329660871593e-14,Pos160-Pos163-Pos225
160,163,225,Pos160_E-Pos163_L-Pos225_E,0.0,4.790165487140871e-10,Pos160-Pos163-Pos225
160,163,225,Pos160_E-Pos163_L-Pos225_I,0.0,3.4534074945947593e-10,Pos160-Pos163-Pos225
160,163,225,Pos160_E-Pos163_L-Pos225_N,0.0,1.1368429251334679e-10,Pos160-Pos163-Pos225
160,163,225,Pos160_E-Pos163_L-Pos225_M,0.0,1.0803209771045446e-11,Pos160-Pos163-Pos225
160,163,225,Pos160_E-Pos163_L-Pos225_T,0.0,1.1220859633328131e-11,Pos160-Pos163-Pos225
160,163,225,Pos160_E-Pos163_L-Pos225_L,0.0,1.3086362351524122e-12,Pos160-Pos163-Pos225
160,163,225,Pos160_E-Pos163_L-Pos225_R,0.0,3.062765656739688e-13,Pos160-Pos163-Pos225
160,163,225,Pos160_E-Pos163_L-Pos225_G,0.0,3.062765656739688e-13,Pos160-Pos163-Pos225
160,163,225,Pos160_E-Pos163_L-Pos225_Q,0.0,2.2274659321743186e-13,Pos160-Pos163-Pos225
160,163,225,Pos160_E-Pos163_L-Pos225_*,0.0,5.5686648304357966e-14,Pos160-Pos163-Pos225
160,163,225,Pos160_E-Pos163_L-Pos225_S,0.0,1.670599449130739e-13,Pos160-Pos163-Pos225
160,163,225,Pos160_E-Pos163_L-Pos225_V,0.0,5.5686648304357966e-14,Pos160-Pos163-Pos225
160,163,225,Pos160_E-Pos163_P-Pos225_E,0.0,2.8740992922845234e-10,Pos160-Pos163-Pos225
160,163,225,Pos160_E-Pos163_P-Pos225_I,0.0,2.0720444967568555e-10,Pos160-Pos163-Pos225
160,163,225,Pos160_E-Pos163_P-Pos225_N,0.0,6.821057550800808e-11,Pos160-Pos163-Pos225
160,163,225,Pos160_E-Pos163_P-Pos225_M,0.0,6.481925862627268e-12,Pos160-Pos163-Pos225
160,163,225,Pos160_E-Pos163_P-Pos225_T,0.0,6.732515779996879e-12,Pos160-Pos163-Pos225
160,163,225,Pos160_E-Pos163_P-Pos225_L,0.0,7.851817410914474e-13,Pos160-Pos163-Pos225
160,163,225,Pos160_E-Pos163_P-Pos225_R,0.0,1.837659394043813e-13,Pos160-Pos163-Pos225
160,163,225,Pos160_E-Pos163_P-Pos225_G,0.0,1.837659394043813e-13,Pos160-Pos163-Pos225
160,163,225,Pos160_E-Pos163_P-Pos225_Q,0.0,1.3364795593045913e-13,Pos160-Pos163-Pos225
160,163,225,Pos160_E-Pos163_P-Pos225_*,0.0,3.341198898261478e-14,Pos160-Pos163-Pos225
160,163,225,Pos160_E-Pos163_P-Pos225_S,0.0,1.0023596694784435e-13,Pos160-Pos163-Pos225
160,163,225,Pos160_E-Pos163_P-Pos225_V,0.0,3.341198898261478e-14,Pos160-Pos163-Pos225
160,163,225,Pos160_E-Pos163_V-Pos225_E,0.0,9.580330974281744e-11,Pos160-Pos163-Pos225
160,163,225,Pos160_E-Pos163_V-Pos225_I,0.0,6.906814989189519e-11,Pos160-Pos163-Pos225
160,163,225,Pos160_E-Pos163_V-Pos225_N,0.0,2.273685850266936e-11,Pos160-Pos163-Pos225
160,163,225,Pos160_E-Pos163_V-Pos225_M,0.0,2.1606419542090894e-12,Pos160-Pos163-Pos225
160,163,225,Pos160_E-Pos163_V-Pos225_T,0.0,2.2441719266656263e-12,Pos160-Pos163-Pos225
160,163,225,Pos160_E-Pos163_V-Pos225_L,0.0,2.6172724703048245e-13,Pos160-Pos163-Pos225
160,163,225,Pos160_E-Pos163_V-Pos225_R,0.0,6.125531313479376e-14,Pos160-Pos163-Pos225
160,163,225,Pos160_E-Pos163_V-Pos225_G,0.0,6.125531313479376e-14,Pos160-Pos163-Pos225
160,163,225,Pos160_E-Pos163_V-Pos225_Q,0.0,4.4549318643486374e-14,Pos160-Pos163-Pos225
160,163,225,Pos160_E-Pos163_V-Pos225_*,0.0,1.1137329660871593e-14,Pos160-Pos163-Pos225
160,163,225,Pos160_E-Pos163_V-Pos225_S,0.0,3.341198898261478e-14,Pos160-Pos163-Pos225
160,163,225,Pos160_E-Pos163_V-Pos225_V,0.0,1.1137329660871593e-14,Pos160-Pos163-Pos225
160,163,225,Pos160_S-Pos163_F-Pos225_E,0.0,7.558881138708296e-06,Pos160-Pos163-Pos225
160,163,225,Pos160_S-Pos163_F-Pos225_I,0.0,5.449477026470531e-06,Pos160-Pos163-Pos225
160,163,225,Pos160_S-Pos163_F-Pos225_N,0.0,1.7939381358606124e-06,Pos160-Pos163-Pos225
160,163,225,Pos160_S-Pos163_F-Pos225_M,0.0,1.7047465018709716e-07,Pos160-Pos163-Pos225
160,163,225,Pos160_S-Pos163_F-Pos225_T,0.0,1.770651650139179e-07,Pos160-Pos163-Pos225
160,163,225,Pos160_S-Pos163_F-Pos225_L,0.0,2.0650279790705064e-08,Pos160-Pos163-Pos225
160,163,225,Pos160_S-Pos163_F-Pos225_R,0.0,4.8330442063352284e-09,Pos160-Pos163-Pos225
160,163,225,Pos160_S-Pos163_F-Pos225_G,0.0,4.8330442063352284e-09,Pos160-Pos163-Pos225
160,163,225,Pos160_S-Pos163_F-Pos225_Q,0.0,3.514941240971075e-09,Pos160-Pos163-Pos225
160,163,225,Pos160_S-Pos163_F-Pos225_*,0.0,8.787353102427687e-10,Pos160-Pos163-Pos225
160,163,225,Pos160_S-Pos163_F-Pos225_S,0.0,2.6362059307283063e-09,Pos160-Pos163-Pos225
160,163,225,Pos160_S-Pos163_F-Pos225_V,0.0,8.787353102427687e-10,Pos160-Pos163-Pos225
160,163,225,Pos160_S-Pos163_Y-Pos225_E,0.0,1.5807546107564877e-09,Pos160-Pos163-Pos225
160,163,225,Pos160_S-Pos163_Y-Pos225_I,0.0,1.1396244732162706e-09,Pos160-Pos163-Pos225
160,163,225,Pos160_S-Pos163_Y-Pos225_N,0.0,3.7515816529404443e-10,Pos160-Pos163-Pos225
160,163,225,Pos160_S-Pos163_Y-Pos225_M,0.0,3.565059224444997e-11,Pos160-Pos163-Pos225
160,163,225,Pos160_S-Pos163_Y-Pos225_T,0.0,3.702883678998283e-11,Pos160-Pos163-Pos225
160,163,225,Pos160_S-Pos163_Y-Pos225_L,0.0,4.31849957600296e-12,Pos160-Pos163-Pos225
160,163,225,Pos160_S-Pos163_Y-Pos225_R,0.0,1.0107126667240971e-12,Pos160-Pos163-Pos225
160,163,225,Pos160_S-Pos163_Y-Pos225_G,0.0,1.0107126667240971e-12,Pos160-Pos163-Pos225
160,163,225,Pos160_S-Pos163_Y-Pos225_Q,0.0,7.350637576175252e-13,Pos160-Pos163-Pos225
160,163,225,Pos160_S-Pos163_Y-Pos225_*,0.0,1.837659394043813e-13,Pos160-Pos163-Pos225
160,163,225,Pos160_S-Pos163_Y-Pos225_S,0.0,5.512978182131439e-13,Pos160-Pos163-Pos225
160,163,225,Pos160_S-Pos163_Y-Pos225_V,0.0,1.837659394043813e-13,Pos160-Pos163-Pos225
160,163,225,Pos160_S-Pos163_A-Pos225_E,0.0,1.4370496461422617e-10,Pos160-Pos163-Pos225
160,163,225,Pos160_S-Pos163_A-Pos225_I,0.0,1.0360222483784278e-10,Pos160-Pos163-Pos225
160,163,225,Pos160_S-Pos163_A-Pos225_N,0.0,3.410528775400404e-11,Pos160-Pos163-Pos225
160,163,225,Pos160_S-Pos163_A-Pos225_M,0.0,3.240962931313634e-12,Pos160-Pos163-Pos225
160,163,225,Pos160_S-Pos163_A-Pos225_T,0.0,3.3662578899984395e-12,Pos160-Pos163-Pos225
160,163,225,Pos160_S-Pos163_A-Pos225_L,0.0,3.925908705457237e-13,Pos160-Pos163-Pos225
160,163,225,Pos160_S-Pos163_A-Pos225_R,0.0,9.188296970219065e-14,Pos160-Pos163-Pos225
160,163,225,Pos160_S-Pos163_A-Pos225_G,0.0,9.188296970219065e-14,Pos160-Pos163-Pos225
160,163,225,Pos160_S-Pos163_A-Pos225_Q,0.0,6.682397796522956e-14,Pos160-Pos163-Pos225
160,163,225,Pos160_S-Pos163_A-Pos225_*,0.0,1.670599449130739e-14,Pos160-Pos163-Pos225
160,163,225,Pos160_S-Pos163_A-Pos225_S,0.0,5.0117983473922176e-14,Pos160-Pos163-Pos225
160,163,225,Pos160_S-Pos163_A-Pos225_V,0.0,1.670599449130739e-14,Pos160-Pos163-Pos225
160,163,225,Pos160_S-Pos163_L-Pos225_E,0.0,7.185248230711308e-10,Pos160-Pos163-Pos225
160,163,225,Pos160_S-Pos163_L-Pos225_I,0.0,5.180111241892139e-10,Pos160-Pos163-Pos225
160,163,225,Pos160_S-Pos163_L-Pos225_N,0.0,1.7052643877002019e-10,Pos160-Pos163-Pos225
160,163,225,Pos160_S-Pos163_L-Pos225_M,0.0,1.620481465656817e-11,Pos160-Pos163-Pos225
160,163,225,Pos160_S-Pos163_L-Pos225_T,0.0,1.6831289449992198e-11,Pos160-Pos163-Pos225
160,163,225,Pos160_S-Pos163_L-Pos225_L,0.0,1.9629543527286183e-12,Pos160-Pos163-Pos225
160,163,225,Pos160_S-Pos163_L-Pos225_R,0.0,4.594148485109533e-13,Pos160-Pos163-Pos225
160,163,225,Pos160_S-Pos163_L-Pos225_G,0.0,4.594148485109533e-13,Pos160-Pos163-Pos225
160,163,225,Pos160_S-Pos163_L-Pos225_Q,0.0,3.341198898261478e-13,Pos160-Pos163-Pos225
160,163,225,Pos160_S-Pos163_L-Pos225_*,0.0,8.352997245653695e-14,Pos160-Pos163-Pos225
160,163,225,Pos160_S-Pos163_L-Pos225_S,0.0,2.5058991736961085e-13,Pos160-Pos163-Pos225
160,163,225,Pos160_S-Pos163_L-Pos225_V,0.0,8.352997245653695e-14,Pos160-Pos163-Pos225
160,163,225,Pos160_S-Pos163_P-Pos225_E,0.0,4.3111489384267854e-10,Pos160-Pos163-Pos225
160,163,225,Pos160_S-Pos163_P-Pos225_I,0.0,3.1080667451352837e-10,Pos160-Pos163-Pos225
160,163,225,Pos160_S-Pos163_P-Pos225_N,0.0,1.0231586326201212e-10,Pos160-Pos163-Pos225
160,163,225,Pos160_S-Pos163_P-Pos225_M,0.0,9.722888793940902e-12,Pos160-Pos163-Pos225
160,163,225,Pos160_S-Pos163_P-Pos225_T,0.0,1.009877366999532e-11,Pos160-Pos163-Pos225
160,163,225,Pos160_S-Pos163_P-Pos225_L,0.0,1.177772611637171e-12,Pos160-Pos163-Pos225
160,163,225,Pos160_S-Pos163_P-Pos225_R,0.0,2.75648909106572e-13,Pos160-Pos163-Pos225
160,163,225,Pos160_S-Pos163_P-Pos225_G,0.0,2.75648909106572e-13,Pos160-Pos163-Pos225
160,163,225,Pos160_S-Pos163_P-Pos225_Q,0.0,2.004719338956887e-13,Pos160-Pos163-Pos225
160,163,225,Pos160_S-Pos163_P-Pos225_*,0.0,5.0117983473922176e-14,Pos160-Pos163-Pos225
160,163,225,Pos160_S-Pos163_P-Pos225_S,0.0,1.5035395042176653e-13,Pos160-Pos163-Pos225
160,163,225,Pos160_S-Pos163_P-Pos225_V,0.0,5.0117983473922176e-14,Pos160-Pos163-Pos225
160,163,225,Pos160_S-Pos163_V-Pos225_E,0.0,1.4370496461422617e-10,Pos160-Pos163-Pos225
160,163,225,Pos160_S-Pos163_V-Pos225_I,0.0,1.0360222483784278e-10,Pos160-Pos163-Pos225
160,163,225,Pos160_S-Pos163_V-Pos225_N,0.0,3.410528775400404e-11,Pos160-Pos163-Pos225
160,163,225,Pos160_S-Pos163_V-Pos225_M,0.0,3.240962931313634e-12,Pos160-Pos163-Pos225
160,163,225,Pos160_S-Pos163_V-Pos225_T,0.0,3.3662578899984395e-12,Pos160-Pos163-Pos225
160,163,225,Pos160_S-Pos163_V-Pos225_L,0.0,3.925908705457237e-13,Pos160-Pos163-Pos225
160,163,225,Pos160_S-Pos163_V-Pos225_R,0.0,9.188296970219065e-14,Pos160-Pos163-Pos225
160,163,225,Pos160_S-Pos163_V-Pos225_G,0.0,9.188296970219065e-14,Pos160-Pos163-Pos225
160,163,225,Pos160_S-Pos163_V-Pos225_Q,0.0,6.682397796522956e-14,Pos160-Pos163-Pos225
160,163,225,Pos160_S-Pos163_V-Pos225_*,0.0,1.670599449130739e-14,Pos160-Pos163-Pos225
160,163,225,Pos160_S-Pos163_V-Pos225_S,0.0,5.0117983473922176e-14,Pos160-Pos163-Pos225
160,163,225,Pos160_S-Pos163_V-Pos225_V,0.0,1.670599449130739e-14,Pos160-Pos163-Pos225
160,163,225,Pos160_R-Pos163_F-Pos225_E,1.4068259193607383e-05,2.519627046236099e-06,Pos160-Pos163-Pos225
160,163,225,Pos160_R-Pos163_F-Pos225_I,0.0,1.8164923421568437e-06,Pos160-Pos163-Pos225
160,163,225,Pos160_R-Pos163_F-Pos225_N,0.0,5.979793786202042e-07,Pos160-Pos163-Pos225
160,163,225,Pos160_R-Pos163_F-Pos225_M,0.0,5.682488339569906e-08,Pos160-Pos163-Pos225
160,163,225,Pos160_R-Pos163_F-Pos225_T,0.0,5.902172167130598e-08,Pos160-Pos163-Pos225
160,163,225,Pos160_R-Pos163_F-Pos225_L,0.0,6.883426596901689e-09,Pos160-Pos163-Pos225
160,163,225,Pos160_R-Pos163_F-Pos225_R,0.0,1.6110147354450762e-09,Pos160-Pos163-Pos225
160,163,225,Pos160_R-Pos163_F-Pos225_G,0.0,1.6110147354450762e-09,Pos160-Pos163-Pos225
160,163,225,Pos160_R-Pos163_F-Pos225_Q,0.0,1.1716470803236917e-09,Pos160-Pos163-Pos225
160,163,225,Pos160_R-Pos163_F-Pos225_*,0.0,2.929117700809229e-10,Pos160-Pos163-Pos225
160,163,225,Pos160_R-Pos163_F-Pos225_S,0.0,8.787353102427688e-10,Pos160-Pos163-Pos225
160,163,225,Pos160_R-Pos163_F-Pos225_V,0.0,2.929117700809229e-10,Pos160-Pos163-Pos225
160,163,225,Pos160_R-Pos163_Y-Pos225_E,0.0,5.26918203585496e-10,Pos160-Pos163-Pos225
160,163,225,Pos160_R-Pos163_Y-Pos225_I,0.0,3.7987482440542355e-10,Pos160-Pos163-Pos225
160,163,225,Pos160_R-Pos163_Y-Pos225_N,0.0,1.2505272176468147e-10,Pos160-Pos163-Pos225
160,163,225,Pos160_R-Pos163_Y-Pos225_M,0.0,1.188353074814999e-11,Pos160-Pos163-Pos225
160,163,225,Pos160_R-Pos163_Y-Pos225_T,0.0,1.2342945596660944e-11,Pos160-Pos163-Pos225
160,163,225,Pos160_R-Pos163_Y-Pos225_L,0.0,1.4394998586676534e-12,Pos160-Pos163-Pos225
160,163,225,Pos160_R-Pos163_Y-Pos225_R,0.0,3.369042222413657e-13,Pos160-Pos163-Pos225
160,163,225,Pos160_R-Pos163_Y-Pos225_G,0.0,3.369042222413657e-13,Pos160-Pos163-Pos225
160,163,225,Pos160_R-Pos163_Y-Pos225_Q,0.0,2.4502125253917505e-13,Pos160-Pos163-Pos225
160,163,225,Pos160_R-Pos163_Y-Pos225_*,0.0,6.125531313479376e-14,Pos160-Pos163-Pos225
160,163,225,Pos160_R-Pos163_Y-Pos225_S,0.0,1.837659394043813e-13,Pos160-Pos163-Pos225
160,163,225,Pos160_R-Pos163_Y-Pos225_V,0.0,6.125531313479376e-14,Pos160-Pos163-Pos225
160,163,225,Pos160_R-Pos163_A-Pos225_E,0.0,4.790165487140872e-11,Pos160-Pos163-Pos225
160,163,225,Pos160_R-Pos163_A-Pos225_I,0.0,3.4534074945947595e-11,Pos160-Pos163-Pos225
160,163,225,Pos160_R-Pos163_A-Pos225_N,0.0,1.136842925133468e-11,Pos160-Pos163-Pos225
160,163,225,Pos160_R-Pos163_A-Pos225_M,0.0,1.0803209771045447e-12,Pos160-Pos163-Pos225
160,163,225,Pos160_R-Pos163_A-Pos225_T,0.0,1.1220859633328132e-12,Pos160-Pos163-Pos225
160,163,225,Pos160_R-Pos163_A-Pos225_L,0.0,1.3086362351524123e-13,Pos160-Pos163-Pos225
160,163,225,Pos160_R-Pos163_A-Pos225_R,0.0,3.062765656739688e-14,Pos160-Pos163-Pos225
160,163,225,Pos160_R-Pos163_A-Pos225_G,0.0,3.062765656739688e-14,Pos160-Pos163-Pos225
160,163,225,Pos160_R-Pos163_A-Pos225_Q,0.0,2.2274659321743187e-14,Pos160-Pos163-Pos225
160,163,225,Pos160_R-Pos163_A-Pos225_*,0.0,5.568664830435797e-15,Pos160-Pos163-Pos225
160,163,225,Pos160_R-Pos163_A-Pos225_S,0.0,1.670599449130739e-14,Pos160-Pos163-Pos225
160,163,225,Pos160_R-Pos163_A-Pos225_V,0.0,5.568664830435797e-15,Pos160-Pos163-Pos225
160,163,225,Pos160_R-Pos163_L-Pos225_E,0.0,2.395082743570436e-10,Pos160-Pos163-Pos225
160,163,225,Pos160_R-Pos163_L-Pos225_I,0.0,1.7267037472973797e-10,Pos160-Pos163-Pos225
160,163,225,Pos160_R-Pos163_L-Pos225_N,0.0,5.6842146256673393e-11,Pos160-Pos163-Pos225
160,163,225,Pos160_R-Pos163_L-Pos225_M,0.0,5.401604885522723e-12,Pos160-Pos163-Pos225
160,163,225,Pos160_R-Pos163_L-Pos225_T,0.0,5.6104298166640654e-12,Pos160-Pos163-Pos225
160,163,225,Pos160_R-Pos163_L-Pos225_L,0.0,6.543181175762061e-13,Pos160-Pos163-Pos225
160,163,225,Pos160_R-Pos163_L-Pos225_R,0.0,1.531382828369844e-13,Pos160-Pos163-Pos225
160,163,225,Pos160_R-Pos163_L-Pos225_G,0.0,1.531382828369844e-13,Pos160-Pos163-Pos225
160,163,225,Pos160_R-Pos163_L-Pos225_Q,0.0,1.1137329660871593e-13,Pos160-Pos163-Pos225
160,163,225,Pos160_R-Pos163_L-Pos225_*,0.0,2.7843324152178983e-14,Pos160-Pos163-Pos225
160,163,225,Pos160_R-Pos163_L-Pos225_S,0.0,8.352997245653695e-14,Pos160-Pos163-Pos225
160,163,225,Pos160_R-Pos163_L-Pos225_V,0.0,2.7843324152178983e-14,Pos160-Pos163-Pos225
160,163,225,Pos160_R-Pos163_P-Pos225_E,0.0,1.4370496461422617e-10,Pos160-Pos163-Pos225
160,163,225,Pos160_R-Pos163_P-Pos225_I,0.0,1.0360222483784278e-10,Pos160-Pos163-Pos225
160,163,225,Pos160_R-Pos163_P-Pos225_N,0.0,3.410528775400404e-11,Pos160-Pos163-Pos225
160,163,225,Pos160_R-Pos163_P-Pos225_M,0.0,3.240962931313634e-12,Pos160-Pos163-Pos225
160,163,225,Pos160_R-Pos163_P-Pos225_T,0.0,3.3662578899984395e-12,Pos160-Pos163-Pos225
160,163,225,Pos160_R-Pos163_P-Pos225_L,0.0,3.925908705457237e-13,Pos160-Pos163-Pos225
160,163,225,Pos160_R-Pos163_P-Pos225_R,0.0,9.188296970219065e-14,Pos160-Pos163-Pos225
160,163,225,Pos160_R-Pos163_P-Pos225_G,0.0,9.188296970219065e-14,Pos160-Pos163-Pos225
160,163,225,Pos160_R-Pos163_P-Pos225_Q,0.0,6.682397796522956e-14,Pos160-Pos163-Pos225
160,163,225,Pos160_R-Pos163_P-Pos225_*,0.0,1.670599449130739e-14,Pos160-Pos163-Pos225
160,163,225,Pos160_R-Pos163_P-Pos225_S,0.0,5.0117983473922176e-14,Pos160-Pos163-Pos225
160,163,225,Pos160_R-Pos163_P-Pos225_V,0.0,1.670599449130739e-14,Pos160-Pos163-Pos225
160,163,225,Pos160_R-Pos163_V-Pos225_E,0.0,4.790165487140872e-11,Pos160-Pos163-Pos225
160,163,225,Pos160_R-Pos163_V-Pos225_I,0.0,3.4534074945947595e-11,Pos160-Pos163-Pos225
160,163,225,Pos160_R-Pos163_V-Pos225_N,0.0,1.136842925133468e-11,Pos160-Pos163-Pos225
160,163,225,Pos160_R-Pos163_V-Pos225_M,0.0,1.0803209771045447e-12,Pos160-Pos163-Pos225
160,163,225,Pos160_R-Pos163_V-Pos225_T,0.0,1.1220859633328132e-12,Pos160-Pos163-Pos225
160,163,225,Pos160_R-Pos163_V-Pos225_L,0.0,1.3086362351524123e-13,Pos160-Pos163-Pos225
160,163,225,Pos160_R-Pos163_V-Pos225_R,0.0,3.062765656739688e-14,Pos160-Pos163-Pos225
160,163,225,Pos160_R-Pos163_V-Pos225_G,0.0,3.062765656739688e-14,Pos160-Pos163-Pos225
160,163,225,Pos160_R-Pos163_V-Pos225_Q,0.0,2.2274659321743187e-14,Pos160-Pos163-Pos225
160,163,225,Pos160_R-Pos163_V-Pos225_*,0.0,5.568664830435797e-15,Pos160-Pos163-Pos225
160,163,225,Pos160_R-Pos163_V-Pos225_S,0.0,1.670599449130739e-14,Pos160-Pos163-Pos225
160,163,225,Pos160_R-Pos163_V-Pos225_V,0.0,5.568664830435797e-15,Pos160-Pos163-Pos225
160,163,402,Pos160_A-Pos163_F-Pos402_C,0.0,0.00030203011348354207,Pos160-Pos163-Pos402
160,163,402,Pos160_A-Pos163_F-Pos402_H,0.0,3.856769276655512e-05,Pos160-Pos163-Pos402
160,163,402,Pos160_A-Pos163_F-Pos402_S,0.0,1.953428594669675e-05,Pos160-Pos163-Pos402
160,163,402,Pos160_A-Pos163_F-Pos402_V,0.0,1.4024615551474589e-05,Pos160-Pos163-Pos402
160,163,402,Pos160_A-Pos163_F-Pos402_L,0.0,1.0017582536767564e-06,Pos160-Pos163-Pos402
160,163,402,Pos160_A-Pos163_F-Pos402_E,0.0,5.008791268383782e-07,Pos160-Pos163-Pos402
160,163,402,Pos160_A-Pos163_F-Pos402_K,0.0,5.008791268383782e-07,Pos160-Pos163-Pos402
160,163,402,Pos160_A-Pos163_Y-Pos402_C,0.0,6.316219103267989e-08,Pos160-Pos163-Pos402
160,163,402,Pos160_A-Pos163_Y-Pos402_H,0.0,8.065487080458296e-09,Pos160-Pos163-Pos402
160,163,402,Pos160_A-Pos163_Y-Pos402_S,0.0,4.085116832959397e-09,Pos160-Pos163-Pos402
160,163,402,Pos160_A-Pos163_Y-Pos402_V,0.0,2.9329043928939253e-09,Pos160-Pos163-Pos402
160,163,402,Pos160_A-Pos163_Y-Pos402_L,0.0,2.0949317092099468e-10,Pos160-Pos163-Pos402
160,163,402,Pos160_A-Pos163_Y-Pos402_E,0.0,1.0474658546049734e-10,Pos160-Pos163-Pos402
160,163,402,Pos160_A-Pos163_Y-Pos402_K,0.0,1.0474658546049734e-10,Pos160-Pos163-Pos402
160,163,402,Pos160_A-Pos163_A-Pos402_C,0.0,5.742017366607263e-09,Pos160-Pos163-Pos402
160,163,402,Pos160_A-Pos163_A-Pos402_H,0.0,7.332260982234813e-10,Pos160-Pos163-Pos402
160,163,402,Pos160_A-Pos163_A-Pos402_S,0.0,3.713742575417633e-10,Pos160-Pos163-Pos402
160,163,402,Pos160_A-Pos163_A-Pos402_V,0.0,2.6662767208126593e-10,Pos160-Pos163-Pos402
160,163,402,Pos160_A-Pos163_A-Pos402_L,0.0,1.9044833720090425e-11,Pos160-Pos163-Pos402
160,163,402,Pos160_A-Pos163_A-Pos402_E,0.0,9.522416860045213e-12,Pos160-Pos163-Pos402
160,163,402,Pos160_A-Pos163_A-Pos402_K,0.0,9.522416860045213e-12,Pos160-Pos163-Pos402
160,163,402,Pos160_A-Pos163_L-Pos402_C,0.0,2.871008683303631e-08,Pos160-Pos163-Pos402
160,163,402,Pos160_A-Pos163_L-Pos402_H,0.0,3.6661304911174064e-09,Pos160-Pos163-Pos402
160,163,402,Pos160_A-Pos163_L-Pos402_S,0.0,1.8568712877088164e-09,Pos160-Pos163-Pos402
160,163,402,Pos160_A-Pos163_L-Pos402_V,0.0,1.3331383604063295e-09,Pos160-Pos163-Pos402
160,163,402,Pos160_A-Pos163_L-Pos402_L,0.0,9.522416860045211e-11,Pos160-Pos163-Pos402
160,163,402,Pos160_A-Pos163_L-Pos402_E,0.0,4.7612084300226055e-11,Pos160-Pos163-Pos402
160,163,402,Pos160_A-Pos163_L-Pos402_K,0.0,4.7612084300226055e-11,Pos160-Pos163-Pos402
160,163,402,Pos160_A-Pos163_P-Pos402_C,0.0,1.722605209982179e-08,Pos160-Pos163-Pos402
160,163,402,Pos160_A-Pos163_P-Pos402_H,0.0,2.1996782946704437e-09,Pos160-Pos163-Pos402
160,163,402,Pos160_A-Pos163_P-Pos402_S,0.0,1.11412277262529e-09,Pos160-Pos163-Pos402
160,163,402,Pos160_A-Pos163_P-Pos402_V,0.0,7.998830162437977e-10,Pos160-Pos163-Pos402
160,163,402,Pos160_A-Pos163_P-Pos402_L,0.0,5.713450116027127e-11,Pos160-Pos163-Pos402
160,163,402,Pos160_A-Pos163_P-Pos402_E,0.0,2.8567250580135636e-11,Pos160-Pos163-Pos402
160,163,402,Pos160_A-Pos163_P-Pos402_K,0.0,2.8567250580135636e-11,Pos160-Pos163-Pos402
160,163,402,Pos160_A-Pos163_V-Pos402_C,0.0,5.742017366607263e-09,Pos160-Pos163-Pos402
160,163,402,Pos160_A-Pos163_V-Pos402_H,0.0,7.332260982234813e-10,Pos160-Pos163-Pos402
160,163,402,Pos160_A-Pos163_V-Pos402_S,0.0,3.713742575417633e-10,Pos160-Pos163-Pos402
160,163,402,Pos160_A-Pos163_V-Pos402_V,0.0,2.6662767208126593e-10,Pos160-Pos163-Pos402
160,163,402,Pos160_A-Pos163_V-Pos402_L,0.0,1.9044833720090425e-11,Pos160-Pos163-Pos402
160,163,402,Pos160_A-Pos163_V-Pos402_E,0.0,9.522416860045213e-12,Pos160-Pos163-Pos402
160,163,402,Pos160_A-Pos163_V-Pos402_K,0.0,9.522416860045213e-12,Pos160-Pos163-Pos402
160,163,402,Pos160_M-Pos163_F-Pos402_C,0.0,2.826012757740745e-06,Pos160-Pos163-Pos402
160,163,402,Pos160_M-Pos163_F-Pos402_H,0.0,3.6086730073969707e-07,Pos160-Pos163-Pos402
160,163,402,Pos160_M-Pos163_F-Pos402_S,0.0,1.8277694453049592e-07,Pos160-Pos163-Pos402
160,163,402,Pos160_M-Pos163_F-Pos402_V,0.0,1.3122447299625347e-07,Pos160-Pos163-Pos402
160,163,402,Pos160_M-Pos163_F-Pos402_L,0.0,9.373176642589534e-09,Pos160-Pos163-Pos402
160,163,402,Pos160_M-Pos163_F-Pos402_E,0.0,4.686588321294767e-09,Pos160-Pos163-Pos402
160,163,402,Pos160_M-Pos163_F-Pos402_K,0.0,4.686588321294767e-09,Pos160-Pos163-Pos402
160,163,402,Pos160_M-Pos163_Y-Pos402_C,0.0,5.909912611244903e-10,Pos160-Pos163-Pos402
160,163,402,Pos160_M-Pos163_Y-Pos402_H,0.0,7.546654578206591e-11,Pos160-Pos163-Pos402
160,163,402,Pos160_M-Pos163_Y-Pos402_S,0.0,3.8223315396111313e-11,Pos160-Pos163-Pos402
160,163,402,Pos160_M-Pos163_Y-Pos402_V,0.0,2.7442380284387604e-11,Pos160-Pos163-Pos402
160,163,402,Pos160_M-Pos163_Y-Pos402_L,0.0,1.9601700203134004e-12,Pos160-Pos163-Pos402
160,163,402,Pos160_M-Pos163_Y-Pos402_E,0.0,9.800850101567002e-13,Pos160-Pos163-Pos402
160,163,402,Pos160_M-Pos163_Y-Pos402_K,0.0,9.800850101567002e-13,Pos160-Pos163-Pos402
160,163,402,Pos160_M-Pos163_A-Pos402_C,0.0,5.372647828404457e-11,Pos160-Pos163-Pos402
160,163,402,Pos160_M-Pos163_A-Pos402_H,0.0,6.860595071096902e-12,Pos160-Pos163-Pos402
160,163,402,Pos160_M-Pos163_A-Pos402_S,0.0,3.4748468541919374e-12,Pos160-Pos163-Pos402
160,163,402,Pos160_M-Pos163_A-Pos402_V,0.0,2.494761844035237e-12,Pos160-Pos163-Pos402
160,163,402,Pos160_M-Pos163_A-Pos402_L,0.0,1.781972745739455e-13,Pos160-Pos163-Pos402
160,163,402,Pos160_M-Pos163_A-Pos402_E,0.0,8.909863728697275e-14,Pos160-Pos163-Pos402
160,163,402,Pos160_M-Pos163_A-Pos402_K,0.0,8.909863728697275e-14,Pos160-Pos163-Pos402
160,163,402,Pos160_M-Pos163_L-Pos402_C,0.0,2.686323914202228e-10,Pos160-Pos163-Pos402
160,163,402,Pos160_M-Pos163_L-Pos402_H,0.0,3.4302975355484505e-11,Pos160-Pos163-Pos402
160,163,402,Pos160_M-Pos163_L-Pos402_S,0.0,1.7374234270959684e-11,Pos160-Pos163-Pos402
160,163,402,Pos160_M-Pos163_L-Pos402_V,0.0,1.2473809220176182e-11,Pos160-Pos163-Pos402
160,163,402,Pos160_M-Pos163_L-Pos402_L,0.0,8.909863728697274e-13,Pos160-Pos163-Pos402
160,163,402,Pos160_M-Pos163_L-Pos402_E,0.0,4.454931864348637e-13,Pos160-Pos163-Pos402
160,163,402,Pos160_M-Pos163_L-Pos402_K,0.0,4.454931864348637e-13,Pos160-Pos163-Pos402
160,163,402,Pos160_M-Pos163_P-Pos402_C,0.0,1.611794348521337e-10,Pos160-Pos163-Pos402
160,163,402,Pos160_M-Pos163_P-Pos402_H,0.0,2.0581785213290706e-11,Pos160-Pos163-Pos402
160,163,402,Pos160_M-Pos163_P-Pos402_S,0.0,1.0424540562575813e-11,Pos160-Pos163-Pos402
160,163,402,Pos160_M-Pos163_P-Pos402_V,0.0,7.48428553210571e-12,Pos160-Pos163-Pos402
160,163,402,Pos160_M-Pos163_P-Pos402_L,0.0,5.345918237218365e-13,Pos160-Pos163-Pos402
160,163,402,Pos160_M-Pos163_P-Pos402_E,0.0,2.6729591186091825e-13,Pos160-Pos163-Pos402
160,163,402,Pos160_M-Pos163_P-Pos402_K,0.0,2.6729591186091825e-13,Pos160-Pos163-Pos402
160,163,402,Pos160_M-Pos163_V-Pos402_C,0.0,5.372647828404457e-11,Pos160-Pos163-Pos402
160,163,402,Pos160_M-Pos163_V-Pos402_H,0.0,6.860595071096902e-12,Pos160-Pos163-Pos402
160,163,402,Pos160_M-Pos163_V-Pos402_S,0.0,3.4748468541919374e-12,Pos160-Pos163-Pos402
160,163,402,Pos160_M-Pos163_V-Pos402_V,0.0,2.494761844035237e-12,Pos160-Pos163-Pos402
160,163,402,Pos160_M-Pos163_V-Pos402_L,0.0,1.781972745739455e-13,Pos160-Pos163-Pos402
160,163,402,Pos160_M-Pos163_V-Pos402_E,0.0,8.909863728697275e-14,Pos160-Pos163-Pos402
160,163,402,Pos160_M-Pos163_V-Pos402_K,0.0,8.909863728697275e-14,Pos160-Pos163-Pos402
160,163,402,Pos160_K-Pos163_F-Pos402_C,0.0,6.181902907557879e-07,Pos160-Pos163-Pos402
160,163,402,Pos160_K-Pos163_F-Pos402_H,0.0,7.893972203680873e-08,Pos160-Pos163-Pos402
160,163,402,Pos160_K-Pos163_F-Pos402_S,0.0,3.9982456616045984e-08,Pos160-Pos163-Pos402
160,163,402,Pos160_K-Pos163_F-Pos402_V,0.0,2.8705353467930446e-08,Pos160-Pos163-Pos402
160,163,402,Pos160_K-Pos163_F-Pos402_L,0.0,2.0503823905664605e-09,Pos160-Pos163-Pos402
160,163,402,Pos160_K-Pos163_F-Pos402_E,0.0,1.0251911952832303e-09,Pos160-Pos163-Pos402
160,163,402,Pos160_K-Pos163_F-Pos402_K,0.0,1.0251911952832303e-09,Pos160-Pos163-Pos402
160,163,402,Pos160_K-Pos163_Y-Pos402_C,0.0,1.2927933837098222e-10,Pos160-Pos163-Pos402
160,163,402,Pos160_K-Pos163_Y-Pos402_H,0.0,1.6508306889826917e-11,Pos160-Pos163-Pos402
160,163,402,Pos160_K-Pos163_Y-Pos402_S,0.0,8.361350242899349e-12,Pos160-Pos163-Pos402
160,163,402,Pos160_K-Pos163_Y-Pos402_V,0.0,6.003020687209788e-12,Pos160-Pos163-Pos402
160,163,402,Pos160_K-Pos163_Y-Pos402_L,0.0,4.287871919435563e-13,Pos160-Pos163-Pos402
160,163,402,Pos160_K-Pos163_Y-Pos402_E,0.0,2.1439359597177816e-13,Pos160-Pos163-Pos402
160,163,402,Pos160_K-Pos163_Y-Pos402_K,0.0,2.1439359597177816e-13,Pos160-Pos163-Pos402
160,163,402,Pos160_K-Pos163_A-Pos402_C,0.0,1.1752667124634749e-11,Pos160-Pos163-Pos402
160,163,402,Pos160_K-Pos163_A-Pos402_H,0.0,1.5007551718024471e-12,Pos160-Pos163-Pos402
160,163,402,Pos160_K-Pos163_A-Pos402_S,0.0,7.601227493544863e-13,Pos160-Pos163-Pos402
160,163,402,Pos160_K-Pos163_A-Pos402_V,0.0,5.45729153382708e-13,Pos160-Pos163-Pos402
160,163,402,Pos160_K-Pos163_A-Pos402_L,0.0,3.898065381305058e-14,Pos160-Pos163-Pos402
160,163,402,Pos160_K-Pos163_A-Pos402_E,0.0,1.949032690652529e-14,Pos160-Pos163-Pos402
160,163,402,Pos160_K-Pos163_A-Pos402_K,0.0,1.949032690652529e-14,Pos160-Pos163-Pos402
160,163,402,Pos160_K-Pos163_L-Pos402_C,0.0,5.876333562317374e-11,Pos160-Pos163-Pos402
160,163,402,Pos160_K-Pos163_L-Pos402_H,0.0,7.503775859012235e-12,Pos160-Pos163-Pos402
160,163,402,Pos160_K-Pos163_L-Pos402_S,0.0,3.800613746772431e-12,Pos160-Pos163-Pos402
160,163,402,Pos160_K-Pos163_L-Pos402_V,0.0,2.72864576691354e-12,Pos160-Pos163-Pos402
160,163,402,Pos160_K-Pos163_L-Pos402_L,0.0,1.9490326906525288e-13,Pos160-Pos163-Pos402
160,163,402,Pos160_K-Pos163_L-Pos402_E,0.0,9.745163453262644e-14,Pos160-Pos163-Pos402
160,163,402,Pos160_K-Pos163_L-Pos402_K,0.0,9.745163453262644e-14,Pos160-Pos163-Pos402
160,163,402,Pos160_K-Pos163_P-Pos402_C,0.0,3.525800137390425e-11,Pos160-Pos163-Pos402
160,163,402,Pos160_K-Pos163_P-Pos402_H,0.0,4.502265515407342e-12,Pos160-Pos163-Pos402
160,163,402,Pos160_K-Pos163_P-Pos402_S,0.0,2.2803682480634592e-12,Pos160-Pos163-Pos402
160,163,402,Pos160_K-Pos163_P-Pos402_V,0.0,1.6371874601481243e-12,Pos160-Pos163-Pos402
160,163,402,Pos160_K-Pos163_P-Pos402_L,0.0,1.1694196143915175e-13,Pos160-Pos163-Pos402
160,163,402,Pos160_K-Pos163_P-Pos402_E,0.0,5.847098071957587e-14,Pos160-Pos163-Pos402
160,163,402,Pos160_K-Pos163_P-Pos402_K,0.0,5.847098071957587e-14,Pos160-Pos163-Pos402
160,163,402,Pos160_K-Pos163_V-Pos402_C,0.0,1.1752667124634749e-11,Pos160-Pos163-Pos402
160,163,402,Pos160_K-Pos163_V-Pos402_H,0.0,1.5007551718024471e-12,Pos160-Pos163-Pos402
160,163,402,Pos160_K-Pos163_V-Pos402_S,0.0,7.601227493544863e-13,Pos160-Pos163-Pos402
160,163,402,Pos160_K-Pos163_V-Pos402_V,0.0,5.45729153382708e-13,Pos160-Pos163-Pos402
160,163,402,Pos160_K-Pos163_V-Pos402_L,0.0,3.898065381305058e-14,Pos160-Pos163-Pos402
160,163,402,Pos160_K-Pos163_V-Pos402_E,0.0,1.949032690652529e-14,Pos160-Pos163-Pos402
160,163,402,Pos160_K-Pos163_V-Pos402_K,0.0,1.949032690652529e-14,Pos160-Pos163-Pos402
160,163,402,Pos160_E-Pos163_F-Pos402_C,0.0,1.7662579735879655e-07,Pos160-Pos163-Pos402
160,163,402,Pos160_E-Pos163_F-Pos402_H,0.0,2.2554206296231067e-08,Pos160-Pos163-Pos402
160,163,402,Pos160_E-Pos163_F-Pos402_S,0.0,1.1423559033155995e-08,Pos160-Pos163-Pos402
160,163,402,Pos160_E-Pos163_F-Pos402_V,0.0,8.201529562265842e-09,Pos160-Pos163-Pos402
160,163,402,Pos160_E-Pos163_F-Pos402_L,0.0,5.858235401618458e-10,Pos160-Pos163-Pos402
160,163,402,Pos160_E-Pos163_F-Pos402_E,0.0,2.929117700809229e-10,Pos160-Pos163-Pos402
160,163,402,Pos160_E-Pos163_F-Pos402_K,0.0,2.929117700809229e-10,Pos160-Pos163-Pos402
160,163,402,Pos160_E-Pos163_Y-Pos402_C,0.0,3.693695382028064e-11,Pos160-Pos163-Pos402
160,163,402,Pos160_E-Pos163_Y-Pos402_H,0.0,4.7166591113791195e-12,Pos160-Pos163-Pos402
160,163,402,Pos160_E-Pos163_Y-Pos402_S,0.0,2.388957212256957e-12,Pos160-Pos163-Pos402
160,163,402,Pos160_E-Pos163_Y-Pos402_V,0.0,1.7151487677742253e-12,Pos160-Pos163-Pos402
160,163,402,Pos160_E-Pos163_Y-Pos402_L,0.0,1.2251062626958752e-13,Pos160-Pos163-Pos402
160,163,402,Pos160_E-Pos163_Y-Pos402_E,0.0,6.125531313479376e-14,Pos160-Pos163-Pos402
160,163,402,Pos160_E-Pos163_Y-Pos402_K,0.0,6.125531313479376e-14,Pos160-Pos163-Pos402
160,163,402,Pos160_E-Pos163_A-Pos402_C,0.0,3.3579048927527856e-12,Pos160-Pos163-Pos402
160,163,402,Pos160_E-Pos163_A-Pos402_H,0.0,4.2878719194355637e-13,Pos160-Pos163-Pos402
160,163,402,Pos160_E-Pos163_A-Pos402_S,0.0,2.1717792838699609e-13,Pos160-Pos163-Pos402
160,163,402,Pos160_E-Pos163_A-Pos402_V,0.0,1.559226152522023e-13,Pos160-Pos163-Pos402
160,163,402,Pos160_E-Pos163_A-Pos402_L,0.0,1.1137329660871593e-14,Pos160-Pos163-Pos402
160,163,402,Pos160_E-Pos163_A-Pos402_E,0.0,5.568664830435797e-15,Pos160-Pos163-Pos402
160,163,402,Pos160_E-Pos163_A-Pos402_K,0.0,5.568664830435797e-15,Pos160-Pos163-Pos402
160,163,402,Pos160_E-Pos163_L-Pos402_C,0.0,1.6789524463763926e-11,Pos160-Pos163-Pos402
160,163,402,Pos160_E-Pos163_L-Pos402_H,0.0,2.1439359597177816e-12,Pos160-Pos163-Pos402
160,163,402,Pos160_E-Pos163_L-Pos402_S,0.0,1.0858896419349803e-12,Pos160-Pos163-Pos402
160,163,402,Pos160_E-Pos163_L-Pos402_V,0.0,7.796130762610114e-13,Pos160-Pos163-Pos402
160,163,402,Pos160_E-Pos163_L-Pos402_L,0.0,5.5686648304357966e-14,Pos160-Pos163-Pos402
160,163,402,Pos160_E-Pos163_L-Pos402_E,0.0,2.7843324152178983e-14,Pos160-Pos163-Pos402
160,163,402,Pos160_E-Pos163_L-Pos402_K,0.0,2.7843324152178983e-14,Pos160-Pos163-Pos402
160,163,402,Pos160_E-Pos163_P-Pos402_C,0.0,1.0073714678258357e-11,Pos160-Pos163-Pos402
160,163,402,Pos160_E-Pos163_P-Pos402_H,0.0,1.2863615758306692e-12,Pos160-Pos163-Pos402
160,163,402,Pos160_E-Pos163_P-Pos402_S,0.0,6.515337851609883e-13,Pos160-Pos163-Pos402
160,163,402,Pos160_E-Pos163_P-Pos402_V,0.0,4.677678457566069e-13,Pos160-Pos163-Pos402
160,163,402,Pos160_E-Pos163_P-Pos402_L,0.0,3.341198898261478e-14,Pos160-Pos163-Pos402
160,163,402,Pos160_E-Pos163_P-Pos402_E,0.0,1.670599449130739e-14,Pos160-Pos163-Pos402
160,163,402,Pos160_E-Pos163_P-Pos402_K,0.0,1.670599449130739e-14,Pos160-Pos163-Pos402
160,163,402,Pos160_E-Pos163_V-Pos402_C,0.0,3.3579048927527856e-12,Pos160-Pos163-Pos402
160,163,402,Pos160_E-Pos163_V-Pos402_H,0.0,4.2878719194355637e-13,Pos160-Pos163-Pos402
160,163,402,Pos160_E-Pos163_V-Pos402_S,0.0,2.1717792838699609e-13,Pos160-Pos163-Pos402
160,163,402,Pos160_E-Pos163_V-Pos402_V,0.0,1.559226152522023e-13,Pos160-Pos163-Pos402
160,163,402,Pos160_E-Pos163_V-Pos402_L,0.0,1.1137329660871593e-14,Pos160-Pos163-Pos402
160,163,402,Pos160_E-Pos163_V-Pos402_E,0.0,5.568664830435797e-15,Pos160-Pos163-Pos402
160,163,402,Pos160_E-Pos163_V-Pos402_K,0.0,5.568664830435797e-15,Pos160-Pos163-Pos402
160,163,402,Pos160_S-Pos163_F-Pos402_C,0.0,2.649386960381948e-07,Pos160-Pos163-Pos402
160,163,402,Pos160_S-Pos163_F-Pos402_H,0.0,3.38313094443466e-08,Pos160-Pos163-Pos402
160,163,402,Pos160_S-Pos163_F-Pos402_S,0.0,1.713533854973399e-08,Pos160-Pos163-Pos402
160,163,402,Pos160_S-Pos163_F-Pos402_V,0.0,1.2302294343398761e-08,Pos160-Pos163-Pos402
160,163,402,Pos160_S-Pos163_F-Pos402_L,0.0,8.787353102427687e-10,Pos160-Pos163-Pos402
160,163,402,Pos160_S-Pos163_F-Pos402_E,0.0,4.3936765512138436e-10,Pos160-Pos163-Pos402
160,163,402,Pos160_S-Pos163_F-Pos402_K,0.0,4.3936765512138436e-10,Pos160-Pos163-Pos402
160,163,402,Pos160_S-Pos163_Y-Pos402_C,0.0,5.540543073042096e-11,Pos160-Pos163-Pos402
160,163,402,Pos160_S-Pos163_Y-Pos402_H,0.0,7.07498866706868e-12,Pos160-Pos163-Pos402
160,163,402,Pos160_S-Pos163_Y-Pos402_S,0.0,3.5834358183854352e-12,Pos160-Pos163-Pos402
160,163,402,Pos160_S-Pos163_Y-Pos402_V,0.0,2.572723151661338e-12,Pos160-Pos163-Pos402
160,163,402,Pos160_S-Pos163_Y-Pos402_L,0.0,1.837659394043813e-13,Pos160-Pos163-Pos402
160,163,402,Pos160_S-Pos163_Y-Pos402_E,0.0,9.188296970219065e-14,Pos160-Pos163-Pos402
160,163,402,Pos160_S-Pos163_Y-Pos402_K,0.0,9.188296970219065e-14,Pos160-Pos163-Pos402
160,163,402,Pos160_S-Pos163_A-Pos402_C,0.0,5.036857339129178e-12,Pos160-Pos163-Pos402
160,163,402,Pos160_S-Pos163_A-Pos402_H,0.0,6.431807879153346e-13,Pos160-Pos163-Pos402
160,163,402,Pos160_S-Pos163_A-Pos402_S,0.0,3.2576689258049415e-13,Pos160-Pos163-Pos402
160,163,402,Pos160_S-Pos163_A-Pos402_V,0.0,2.3388392287830344e-13,Pos160-Pos163-Pos402
160,163,402,Pos160_S-Pos163_A-Pos402_L,0.0,1.670599449130739e-14,Pos160-Pos163-Pos402
160,163,402,Pos160_S-Pos163_A-Pos402_E,0.0,8.352997245653695e-15,Pos160-Pos163-Pos402
160,163,402,Pos160_S-Pos163_A-Pos402_K,0.0,8.352997245653695e-15,Pos160-Pos163-Pos402
160,163,402,Pos160_S-Pos163_L-Pos402_C,0.0,2.5184286695645893e-11,Pos160-Pos163-Pos402
160,163,402,Pos160_S-Pos163_L-Pos402_H,0.0,3.2159039395766728e-12,Pos160-Pos163-Pos402
160,163,402,Pos160_S-Pos163_L-Pos402_S,0.0,1.6288344629024706e-12,Pos160-Pos163-Pos402
160,163,402,Pos160_S-Pos163_L-Pos402_V,0.0,1.1694196143915172e-12,Pos160-Pos163-Pos402
160,163,402,Pos160_S-Pos163_L-Pos402_L,0.0,8.352997245653695e-14,Pos160-Pos163-Pos402
160,163,402,Pos160_S-Pos163_L-Pos402_E,0.0,4.176498622826847e-14,Pos160-Pos163-Pos402
160,163,402,Pos160_S-Pos163_L-Pos402_K,0.0,4.176498622826847e-14,Pos160-Pos163-Pos402
160,163,402,Pos160_S-Pos163_P-Pos402_C,0.0,1.5110572017387537e-11,Pos160-Pos163-Pos402
160,163,402,Pos160_S-Pos163_P-Pos402_H,0.0,1.929542363746004e-12,Pos160-Pos163-Pos402
160,163,402,Pos160_S-Pos163_P-Pos402_S,0.0,9.773006777414824e-13,Pos160-Pos163-Pos402
160,163,402,Pos160_S-Pos163_P-Pos402_V,0.0,7.016517686349104e-13,Pos160-Pos163-Pos402
160,163,402,Pos160_S-Pos163_P-Pos402_L,0.0,5.0117983473922176e-14,Pos160-Pos163-Pos402
160,163,402,Pos160_S-Pos163_P-Pos402_E,0.0,2.5058991736961088e-14,Pos160-Pos163-Pos402
160,163,402,Pos160_S-Pos163_P-Pos402_K,0.0,2.5058991736961088e-14,Pos160-Pos163-Pos402
160,163,402,Pos160_S-Pos163_V-Pos402_C,0.0,5.036857339129178e-12,Pos160-Pos163-Pos402
160,163,402,Pos160_S-Pos163_V-Pos402_H,0.0,6.431807879153346e-13,Pos160-Pos163-Pos402
160,163,402,Pos160_S-Pos163_V-Pos402_S,0.0,3.2576689258049415e-13,Pos160-Pos163-Pos402
160,163,402,Pos160_S-Pos163_V-Pos402_V,0.0,2.3388392287830344e-13,Pos160-Pos163-Pos402
160,163,402,Pos160_S-Pos163_V-Pos402_L,0.0,1.670599449130739e-14,Pos160-Pos163-Pos402
160,163,402,Pos160_S-Pos163_V-Pos402_E,0.0,8.352997245653695e-15,Pos160-Pos163-Pos402
160,163,402,Pos160_S-Pos163_V-Pos402_K,0.0,8.352997245653695e-15,Pos160-Pos163-Pos402
160,163,402,Pos160_R-Pos163_F-Pos402_C,0.0,8.831289867939828e-08,Pos160-Pos163-Pos402
160,163,402,Pos160_R-Pos163_F-Pos402_H,0.0,1.1277103148115533e-08,Pos160-Pos163-Pos402
160,163,402,Pos160_R-Pos163_F-Pos402_S,0.0,5.7117795165779975e-09,Pos160-Pos163-Pos402
160,163,402,Pos160_R-Pos163_F-Pos402_V,0.0,4.100764781132921e-09,Pos160-Pos163-Pos402
160,163,402,Pos160_R-Pos163_F-Pos402_L,0.0,2.929117700809229e-10,Pos160-Pos163-Pos402
160,163,402,Pos160_R-Pos163_F-Pos402_E,0.0,1.4645588504046146e-10,Pos160-Pos163-Pos402
160,163,402,Pos160_R-Pos163_F-Pos402_K,0.0,1.4645588504046146e-10,Pos160-Pos163-Pos402
160,163,402,Pos160_R-Pos163_Y-Pos402_C,0.0,1.846847691014032e-11,Pos160-Pos163-Pos402
160,163,402,Pos160_R-Pos163_Y-Pos402_H,0.0,2.3583295556895597e-12,Pos160-Pos163-Pos402
160,163,402,Pos160_R-Pos163_Y-Pos402_S,0.0,1.1944786061284785e-12,Pos160-Pos163-Pos402
160,163,402,Pos160_R-Pos163_Y-Pos402_V,0.0,8.575743838871126e-13,Pos160-Pos163-Pos402
160,163,402,Pos160_R-Pos163_Y-Pos402_L,0.0,6.125531313479376e-14,Pos160-Pos163-Pos402
160,163,402,Pos160_R-Pos163_Y-Pos402_E,0.0,3.062765656739688e-14,Pos160-Pos163-Pos402
160,163,402,Pos160_R-Pos163_Y-Pos402_K,0.0,3.062765656739688e-14,Pos160-Pos163-Pos402
160,163,402,Pos160_R-Pos163_A-Pos402_C,0.0,1.6789524463763928e-12,Pos160-Pos163-Pos402
160,163,402,Pos160_R-Pos163_A-Pos402_H,0.0,2.1439359597177818e-13,Pos160-Pos163-Pos402
160,163,402,Pos160_R-Pos163_A-Pos402_S,0.0,1.0858896419349804e-13,Pos160-Pos163-Pos402
160,163,402,Pos160_R-Pos163_A-Pos402_V,0.0,7.796130762610116e-14,Pos160-Pos163-Pos402
160,163,402,Pos160_R-Pos163_A-Pos402_L,0.0,5.568664830435797e-15,Pos160-Pos163-Pos402
160,163,402,Pos160_R-Pos163_A-Pos402_E,0.0,2.7843324152178984e-15,Pos160-Pos163-Pos402
160,163,402,Pos160_R-Pos163_A-Pos402_K,0.0,2.7843324152178984e-15,Pos160-Pos163-Pos402
160,163,402,Pos160_R-Pos163_L-Pos402_C,0.0,8.394762231881963e-12,Pos160-Pos163-Pos402
160,163,402,Pos160_R-Pos163_L-Pos402_H,0.0,1.0719679798588908e-12,Pos160-Pos163-Pos402
160,163,402,Pos160_R-Pos163_L-Pos402_S,0.0,5.429448209674901e-13,Pos160-Pos163-Pos402
160,163,402,Pos160_R-Pos163_L-Pos402_V,0.0,3.898065381305057e-13,Pos160-Pos163-Pos402
160,163,402,Pos160_R-Pos163_L-Pos402_L,0.0,2.7843324152178983e-14,Pos160-Pos163-Pos402
160,163,402,Pos160_R-Pos163_L-Pos402_E,0.0,1.3921662076089491e-14,Pos160-Pos163-Pos402
160,163,402,Pos160_R-Pos163_L-Pos402_K,0.0,1.3921662076089491e-14,Pos160-Pos163-Pos402
160,163,402,Pos160_R-Pos163_P-Pos402_C,0.0,5.036857339129178e-12,Pos160-Pos163-Pos402
160,163,402,Pos160_R-Pos163_P-Pos402_H,0.0,6.431807879153346e-13,Pos160-Pos163-Pos402
160,163,402,Pos160_R-Pos163_P-Pos402_S,0.0,3.2576689258049415e-13,Pos160-Pos163-Pos402
160,163,402,Pos160_R-Pos163_P-Pos402_V,0.0,2.3388392287830344e-13,Pos160-Pos163-Pos402
160,163,402,Pos160_R-Pos163_P-Pos402_L,0.0,1.670599449130739e-14,Pos160-Pos163-Pos402
160,163,402,Pos160_R-Pos163_P-Pos402_E,0.0,8.352997245653695e-15,Pos160-Pos163-Pos402
160,163,402,Pos160_R-Pos163_P-Pos402_K,0.0,8.352997245653695e-15,Pos160-Pos163-Pos402
160,163,402,Pos160_R-Pos163_V-Pos402_C,0.0,1.6789524463763928e-12,Pos160-Pos163-Pos402
160,163,402,Pos160_R-Pos163_V-Pos402_H,0.0,2.1439359597177818e-13,Pos160-Pos163-Pos402
160,163,402,Pos160_R-Pos163_V-Pos402_S,0.0,1.0858896419349804e-13,Pos160-Pos163-Pos402
160,163,402,Pos160_R-Pos163_V-Pos402_V,0.0,7.796130762610116e-14,Pos160-Pos163-Pos402
160,163,402,Pos160_R-Pos163_V-Pos402_L,0.0,5.568664830435797e-15,Pos160-Pos163-Pos402
160,163,402,Pos160_R-Pos163_V-Pos402_E,0.0,2.7843324152178984e-15,Pos160-Pos163-Pos402
160,163,402,Pos160_R-Pos163_V-Pos402_K,0.0,2.7843324152178984e-15,Pos160-Pos163-Pos402
160,225,402,Pos160_A-Pos225_E-Pos402_C,0.0,9.878566677511134e-05,Pos160-Pos225-Pos402
160,225,402,Pos160_A-Pos225_E-Pos402_H,0.0,1.261442179383677e-05,Pos160-Pos225-Pos402
160,225,402,Pos160_A-Pos225_E-Pos402_S,0.0,6.389122726748495e-06,Pos160-Pos225-Pos402
160,225,402,Pos160_A-Pos225_E-Pos402_V,0.0,4.587062470486099e-06,Pos160-Pos225-Pos402
160,225,402,Pos160_A-Pos225_E-Pos402_L,0.0,3.276473193204356e-07,Pos160-Pos225-Pos402
160,225,402,Pos160_A-Pos225_E-Pos402_E,0.0,1.638236596602178e-07,Pos160-Pos225-Pos402
160,225,402,Pos160_A-Pos225_E-Pos402_K,0.0,1.638236596602178e-07,Pos160-Pos225-Pos402
160,225,402,Pos160_A-Pos225_I-Pos402_C,5.627303677442953e-05,7.121824139802988e-05,Pos160-Pos225-Pos402
160,225,402,Pos160_A-Pos225_I-Pos402_H,0.0,9.09420329626584e-06,Pos160-Pos225-Pos402
160,225,402,Pos160_A-Pos225_I-Pos402_S,0.0,4.60615491629049e-06,Pos160-Pos225-Pos402
160,225,402,Pos160_A-Pos225_I-Pos402_V,0.0,3.306983016823941e-06,Pos160-Pos225-Pos402
160,225,402,Pos160_A-Pos225_I-Pos402_L,0.0,2.3621307263028153e-07,Pos160-Pos225-Pos402
160,225,402,Pos160_A-Pos225_I-Pos402_E,0.0,1.1810653631514076e-07,Pos160-Pos225-Pos402
160,225,402,Pos160_A-Pos225_I-Pos402_K,0.0,1.1810653631514076e-07,Pos160-Pos225-Pos402
160,225,402,Pos160_A-Pos225_N-Pos402_C,0.0,2.3444656907857454e-05,Pos160-Pos225-Pos402
160,225,402,Pos160_A-Pos225_N-Pos402_H,0.0,2.9937621590464742e-06,Pos160-Pos225-Pos402
160,225,402,Pos160_A-Pos225_N-Pos402_S,0.0,1.5163210935430194e-06,Pos160-Pos225-Pos402
160,225,402,Pos160_A-Pos225_N-Pos402_V,0.0,1.0886407851078087e-06,Pos160-Pos225-Pos402
160,225,402,Pos160_A-Pos225_N-Pos402_L,0.0,7.77600560791292e-08,Pos160-Pos225-Pos402
160,225,402,Pos160_A-Pos225_N-Pos402_E,0.0,3.88800280395646e-08,Pos160-Pos225-Pos402
160,225,402,Pos160_A-Pos225_N-Pos402_K,0.0,3.88800280395646e-08,Pos160-Pos225-Pos402
160,225,402,Pos160_A-Pos225_M-Pos402_C,0.0,2.2279027382436184e-06,Pos160-Pos225-Pos402
160,225,402,Pos160_A-Pos225_M-Pos402_H,0.0,2.844917261107108e-07,Pos160-Pos225-Pos402
160,225,402,Pos160_A-Pos225_M-Pos402_S,0.0,1.4409321192620418e-07,Pos160-Pos225-Pos402
160,225,402,Pos160_A-Pos225_M-Pos402_V,0.0,1.0345153676753119e-07,Pos160-Pos225-Pos402
160,225,402,Pos160_A-Pos225_M-Pos402_L,0.0,7.389395483395085e-09,Pos160-Pos225-Pos402
160,225,402,Pos160_A-Pos225_M-Pos402_E,0.0,3.6946977416975425e-09,Pos160-Pos225-Pos402
160,225,402,Pos160_A-Pos225_M-Pos402_K,0.0,3.6946977416975425e-09,Pos160-Pos225-Pos402
160,225,402,Pos160_A-Pos225_T-Pos402_C,0.0,2.3140329987427275e-06,Pos160-Pos225-Pos402
160,225,402,Pos160_A-Pos225_T-Pos402_H,0.0,2.95490117584063e-07,Pos160-Pos225-Pos402
160,225,402,Pos160_A-Pos225_T-Pos402_S,0.0,1.4966382578933064e-07,Pos160-Pos225-Pos402
160,225,402,Pos160_A-Pos225_T-Pos402_V,0.0,1.0745095184875018e-07,Pos160-Pos225-Pos402
160,225,402,Pos160_A-Pos225_T-Pos402_L,0.0,7.675067989196442e-09,Pos160-Pos225-Pos402
160,225,402,Pos160_A-Pos225_T-Pos402_E,0.0,3.837533994598221e-09,Pos160-Pos225-Pos402
160,225,402,Pos160_A-Pos225_T-Pos402_K,0.0,3.837533994598221e-09,Pos160-Pos225-Pos402
160,225,402,Pos160_A-Pos225_L-Pos402_C,0.0,2.698748162305413e-07,Pos160-Pos225-Pos402
160,225,402,Pos160_A-Pos225_L-Pos402_H,0.0,3.446162661650362e-08,Pos160-Pos225-Pos402
160,225,402,Pos160_A-Pos225_L-Pos402_S,0.0,1.7454590104462874e-08,Pos160-Pos225-Pos402
160,225,402,Pos160_A-Pos225_L-Pos402_V,0.0,1.2531500587819496e-08,Pos160-Pos225-Pos402
160,225,402,Pos160_A-Pos225_L-Pos402_L,0.0,8.951071848442498e-10,Pos160-Pos225-Pos402
160,225,402,Pos160_A-Pos225_L-Pos402_E,0.0,4.475535924221249e-10,Pos160-Pos225-Pos402
160,225,402,Pos160_A-Pos225_L-Pos402_K,0.0,4.475535924221249e-10,Pos160-Pos225-Pos402
160,225,402,Pos160_A-Pos225_R-Pos402_C,0.0,6.316219103267989e-08,Pos160-Pos225-Pos402
160,225,402,Pos160_A-Pos225_R-Pos402_H,0.0,8.065487080458296e-09,Pos160-Pos225-Pos402
160,225,402,Pos160_A-Pos225_R-Pos402_S,0.0,4.085116832959397e-09,Pos160-Pos225-Pos402
160,225,402,Pos160_A-Pos225_R-Pos402_V,0.0,2.9329043928939253e-09,Pos160-Pos225-Pos402
160,225,402,Pos160_A-Pos225_R-Pos402_L,0.0,2.0949317092099468e-10,Pos160-Pos225-Pos402
160,225,402,Pos160_A-Pos225_R-Pos402_E,0.0,1.0474658546049734e-10,Pos160-Pos225-Pos402
160,225,402,Pos160_A-Pos225_R-Pos402_K,0.0,1.0474658546049734e-10,Pos160-Pos225-Pos402
160,225,402,Pos160_A-Pos225_G-Pos402_C,0.0,6.316219103267989e-08,Pos160-Pos225-Pos402
160,225,402,Pos160_A-Pos225_G-Pos402_H,0.0,8.065487080458296e-09,Pos160-Pos225-Pos402
160,225,402,Pos160_A-Pos225_G-Pos402_S,0.0,4.085116832959397e-09,Pos160-Pos225-Pos402
160,225,402,Pos160_A-Pos225_G-Pos402_V,0.0,2.9329043928939253e-09,Pos160-Pos225-Pos402
160,225,402,Pos160_A-Pos225_G-Pos402_L,0.0,2.0949317092099468e-10,Pos160-Pos225-Pos402
160,225,402,Pos160_A-Pos225_G-Pos402_E,0.0,1.0474658546049734e-10,Pos160-Pos225-Pos402
160,225,402,Pos160_A-Pos225_G-Pos402_K,0.0,1.0474658546049734e-10,Pos160-Pos225-Pos402
160,225,402,Pos160_A-Pos225_Q-Pos402_C,0.0,4.5936138932858104e-08,Pos160-Pos225-Pos402
160,225,402,Pos160_A-Pos225_Q-Pos402_H,0.0,5.8658087857878506e-09,Pos160-Pos225-Pos402
160,225,402,Pos160_A-Pos225_Q-Pos402_S,0.0,2.9709940603341063e-09,Pos160-Pos225-Pos402
160,225,402,Pos160_A-Pos225_Q-Pos402_V,0.0,2.1330213766501275e-09,Pos160-Pos225-Pos402
160,225,402,Pos160_A-Pos225_Q-Pos402_L,0.0,1.523586697607234e-10,Pos160-Pos225-Pos402
160,225,402,Pos160_A-Pos225_Q-Pos402_E,0.0,7.61793348803617e-11,Pos160-Pos225-Pos402
160,225,402,Pos160_A-Pos225_Q-Pos402_K,0.0,7.61793348803617e-11,Pos160-Pos225-Pos402
160,225,402,Pos160_A-Pos225_*-Pos402_C,0.0,1.1484034733214526e-08,Pos160-Pos225-Pos402
160,225,402,Pos160_A-Pos225_*-Pos402_H,0.0,1.4664521964469626e-09,Pos160-Pos225-Pos402
160,225,402,Pos160_A-Pos225_*-Pos402_S,0.0,7.427485150835266e-10,Pos160-Pos225-Pos402
160,225,402,Pos160_A-Pos225_*-Pos402_V,0.0,5.332553441625319e-10,Pos160-Pos225-Pos402
160,225,402,Pos160_A-Pos225_*-Pos402_L,0.0,3.808966744018085e-11,Pos160-Pos225-Pos402
160,225,402,Pos160_A-Pos225_*-Pos402_E,0.0,1.9044833720090425e-11,Pos160-Pos225-Pos402
160,225,402,Pos160_A-Pos225_*-Pos402_K,0.0,1.9044833720090425e-11,Pos160-Pos225-Pos402
160,225,402,Pos160_A-Pos225_S-Pos402_C,0.0,3.445210419964358e-08,Pos160-Pos225-Pos402
160,225,402,Pos160_A-Pos225_S-Pos402_H,0.0,4.3993565893408875e-09,Pos160-Pos225-Pos402
160,225,402,Pos160_A-Pos225_S-Pos402_S,0.0,2.22824554525058e-09,Pos160-Pos225-Pos402
160,225,402,Pos160_A-Pos225_S-Pos402_V,0.0,1.5997660324875954e-09,Pos160-Pos225-Pos402
160,225,402,Pos160_A-Pos225_S-Pos402_L,0.0,1.1426900232054255e-10,Pos160-Pos225-Pos402
160,225,402,Pos160_A-Pos225_S-Pos402_E,0.0,5.713450116027127e-11,Pos160-Pos225-Pos402
160,225,402,Pos160_A-Pos225_S-Pos402_K,0.0,5.713450116027127e-11,Pos160-Pos225-Pos402
160,225,402,Pos160_A-Pos225_V-Pos402_C,0.0,1.1484034733214526e-08,Pos160-Pos225-Pos402
160,225,402,Pos160_A-Pos225_V-Pos402_H,0.0,1.4664521964469626e-09,Pos160-Pos225-Pos402
160,225,402,Pos160_A-Pos225_V-Pos402_S,0.0,7.427485150835266e-10,Pos160-Pos225-Pos402
160,225,402,Pos160_A-Pos225_V-Pos402_V,0.0,5.332553441625319e-10,Pos160-Pos225-Pos402
160,225,402,Pos160_A-Pos225_V-Pos402_L,0.0,3.808966744018085e-11,Pos160-Pos225-Pos402
160,225,402,Pos160_A-Pos225_V-Pos402_E,0.0,1.9044833720090425e-11,Pos160-Pos225-Pos402
160,225,402,Pos160_A-Pos225_V-Pos402_K,0.0,1.9044833720090425e-11,Pos160-Pos225-Pos402
160,225,402,Pos160_M-Pos225_E-Pos402_C,0.0,9.243103323987026e-07,Pos160-Pos225-Pos402
160,225,402,Pos160_M-Pos225_E-Pos402_H,0.0,1.1802967760315109e-07,Pos160-Pos225-Pos402
160,225,402,Pos160_M-Pos225_E-Pos402_S,0.0,5.978126527951809e-08,Pos160-Pos225-Pos402
160,225,402,Pos160_M-Pos225_E-Pos402_V,0.0,4.291988276478221e-08,Pos160-Pos225-Pos402
160,225,402,Pos160_M-Pos225_E-Pos402_L,0.0,3.065705911770158e-09,Pos160-Pos225-Pos402
160,225,402,Pos160_M-Pos225_E-Pos402_E,0.0,1.532852955885079e-09,Pos160-Pos225-Pos402
160,225,402,Pos160_M-Pos225_E-Pos402_K,0.0,1.532852955885079e-09,Pos160-Pos225-Pos402
160,225,402,Pos160_M-Pos225_I-Pos402_C,0.0,6.663695101570048e-07,Pos160-Pos225-Pos402
160,225,402,Pos160_M-Pos225_I-Pos402_H,0.0,8.509196066681487e-08,Pos160-Pos225-Pos402
160,225,402,Pos160_M-Pos225_I-Pos402_S,0.0,4.30985255325426e-08,Pos160-Pos225-Pos402
160,225,402,Pos160_M-Pos225_I-Pos402_V,0.0,3.094253115156904e-08,Pos160-Pos225-Pos402
160,225,402,Pos160_M-Pos225_I-Pos402_L,0.0,2.210180796540646e-09,Pos160-Pos225-Pos402
160,225,402,Pos160_M-Pos225_I-Pos402_E,0.0,1.105090398270323e-09,Pos160-Pos225-Pos402
160,225,402,Pos160_M-Pos225_I-Pos402_K,0.0,1.105090398270323e-09,Pos160-Pos225-Pos402
160,225,402,Pos160_M-Pos225_N-Pos402_C,0.0,2.1936521083375396e-07,Pos160-Pos225-Pos402
160,225,402,Pos160_M-Pos225_N-Pos402_H,0.0,2.8011809675288648e-08,Pos160-Pos225-Pos402
160,225,402,Pos160_M-Pos225_N-Pos402_S,0.0,1.418779970566568e-08,Pos160-Pos225-Pos402
160,225,402,Pos160_M-Pos225_N-Pos402_V,0.0,1.0186112609195872e-08,Pos160-Pos225-Pos402
160,225,402,Pos160_M-Pos225_N-Pos402_L,0.0,7.275794720854194e-10,Pos160-Pos225-Pos402
160,225,402,Pos160_M-Pos225_N-Pos402_E,0.0,3.637897360427097e-10,Pos160-Pos225-Pos402
160,225,402,Pos160_M-Pos225_N-Pos402_K,0.0,3.637897360427097e-10,Pos160-Pos225-Pos402
160,225,402,Pos160_M-Pos225_M-Pos402_C,0.0,2.0845873574209296e-08,Pos160-Pos225-Pos402
160,225,402,Pos160_M-Pos225_M-Pos402_H,0.0,2.661910887585598e-09,Pos160-Pos225-Pos402
160,225,402,Pos160_M-Pos225_M-Pos402_S,0.0,1.3482405794264718e-09,Pos160-Pos225-Pos402
160,225,402,Pos160_M-Pos225_M-Pos402_V,0.0,9.67967595485672e-10,Pos160-Pos225-Pos402
160,225,402,Pos160_M-Pos225_M-Pos402_L,0.0,6.914054253469086e-11,Pos160-Pos225-Pos402
160,225,402,Pos160_M-Pos225_M-Pos402_E,0.0,3.457027126734543e-11,Pos160-Pos225-Pos402
160,225,402,Pos160_M-Pos225_M-Pos402_K,0.0,3.457027126734543e-11,Pos160-Pos225-Pos402
160,225,402,Pos160_M-Pos225_T-Pos402_C,0.0,2.1651770748469964e-08,Pos160-Pos225-Pos402
160,225,402,Pos160_M-Pos225_T-Pos402_H,0.0,2.7648198136520518e-09,Pos160-Pos225-Pos402
160,225,402,Pos160_M-Pos225_T-Pos402_S,0.0,1.4003632822393508e-09,Pos160-Pos225-Pos402
160,225,402,Pos160_M-Pos225_T-Pos402_V,0.0,1.0053890231462004e-09,Pos160-Pos225-Pos402
160,225,402,Pos160_M-Pos225_T-Pos402_L,0.0,7.181350165330004e-11,Pos160-Pos225-Pos402
160,225,402,Pos160_M-Pos225_T-Pos402_E,0.0,3.590675082665002e-11,Pos160-Pos225-Pos402
160,225,402,Pos160_M-Pos225_T-Pos402_K,0.0,3.590675082665002e-11,Pos160-Pos225-Pos402
160,225,402,Pos160_M-Pos225_L-Pos402_C,0.0,2.5251444793500945e-09,Pos160-Pos225-Pos402
160,225,402,Pos160_M-Pos225_L-Pos402_H,0.0,3.224479683415543e-10,Pos160-Pos225-Pos402
160,225,402,Pos160_M-Pos225_L-Pos402_S,0.0,1.6331780214702104e-10,Pos160-Pos225-Pos402
160,225,402,Pos160_M-Pos225_L-Pos402_V,0.0,1.172538066696561e-10,Pos160-Pos225-Pos402
160,225,402,Pos160_M-Pos225_L-Pos402_L,0.0,8.375271904975437e-12,Pos160-Pos225-Pos402
160,225,402,Pos160_M-Pos225_L-Pos402_E,0.0,4.1876359524877184e-12,Pos160-Pos225-Pos402
160,225,402,Pos160_M-Pos225_L-Pos402_K,0.0,4.1876359524877184e-12,Pos160-Pos225-Pos402
160,225,402,Pos160_M-Pos225_R-Pos402_C,0.0,5.909912611244903e-10,Pos160-Pos225-Pos402
160,225,402,Pos160_M-Pos225_R-Pos402_H,0.0,7.546654578206591e-11,Pos160-Pos225-Pos402
160,225,402,Pos160_M-Pos225_R-Pos402_S,0.0,3.8223315396111313e-11,Pos160-Pos225-Pos402
160,225,402,Pos160_M-Pos225_R-Pos402_V,0.0,2.7442380284387604e-11,Pos160-Pos225-Pos402
160,225,402,Pos160_M-Pos225_R-Pos402_L,0.0,1.9601700203134004e-12,Pos160-Pos225-Pos402
160,225,402,Pos160_M-Pos225_R-Pos402_E,0.0,9.800850101567002e-13,Pos160-Pos225-Pos402
160,225,402,Pos160_M-Pos225_R-Pos402_K,0.0,9.800850101567002e-13,Pos160-Pos225-Pos402
160,225,402,Pos160_M-Pos225_G-Pos402_C,0.0,5.909912611244903e-10,Pos160-Pos225-Pos402
160,225,402,Pos160_M-Pos225_G-Pos402_H,0.0,7.546654578206591e-11,Pos160-Pos225-Pos402
160,225,402,Pos160_M-Pos225_G-Pos402_S,0.0,3.8223315396111313e-11,Pos160-Pos225-Pos402
160,225,402,Pos160_M-Pos225_G-Pos402_V,0.0,2.7442380284387604e-11,Pos160-Pos225-Pos402
160,225,402,Pos160_M-Pos225_G-Pos402_L,0.0,1.9601700203134004e-12,Pos160-Pos225-Pos402
160,225,402,Pos160_M-Pos225_G-Pos402_E,0.0,9.800850101567002e-13,Pos160-Pos225-Pos402
160,225,402,Pos160_M-Pos225_G-Pos402_K,0.0,9.800850101567002e-13,Pos160-Pos225-Pos402
160,225,402,Pos160_M-Pos225_Q-Pos402_C,0.0,4.2981182627235655e-10,Pos160-Pos225-Pos402
160,225,402,Pos160_M-Pos225_Q-Pos402_H,0.0,5.4884760568775215e-11,Pos160-Pos225-Pos402
160,225,402,Pos160_M-Pos225_Q-Pos402_S,0.0,2.77987748335355e-11,Pos160-Pos225-Pos402
160,225,402,Pos160_M-Pos225_Q-Pos402_V,0.0,1.9958094752281896e-11,Pos160-Pos225-Pos402
160,225,402,Pos160_M-Pos225_Q-Pos402_L,0.0,1.425578196591564e-12,Pos160-Pos225-Pos402
160,225,402,Pos160_M-Pos225_Q-Pos402_E,0.0,7.12789098295782e-13,Pos160-Pos225-Pos402
160,225,402,Pos160_M-Pos225_Q-Pos402_K,0.0,7.12789098295782e-13,Pos160-Pos225-Pos402
160,225,402,Pos160_M-Pos225_*-Pos402_C,0.0,1.0745295656808914e-10,Pos160-Pos225-Pos402
160,225,402,Pos160_M-Pos225_*-Pos402_H,0.0,1.3721190142193804e-11,Pos160-Pos225-Pos402
160,225,402,Pos160_M-Pos225_*-Pos402_S,0.0,6.949693708383875e-12,Pos160-Pos225-Pos402
160,225,402,Pos160_M-Pos225_*-Pos402_V,0.0,4.989523688070474e-12,Pos160-Pos225-Pos402
160,225,402,Pos160_M-Pos225_*-Pos402_L,0.0,3.56394549147891e-13,Pos160-Pos225-Pos402
160,225,402,Pos160_M-Pos225_*-Pos402_E,0.0,1.781972745739455e-13,Pos160-Pos225-Pos402
160,225,402,Pos160_M-Pos225_*-Pos402_K,0.0,1.781972745739455e-13,Pos160-Pos225-Pos402
160,225,402,Pos160_M-Pos225_S-Pos402_C,0.0,3.223588697042674e-10,Pos160-Pos225-Pos402
160,225,402,Pos160_M-Pos225_S-Pos402_H,0.0,4.116357042658141e-11,Pos160-Pos225-Pos402
160,225,402,Pos160_M-Pos225_S-Pos402_S,0.0,2.0849081125151626e-11,Pos160-Pos225-Pos402
160,225,402,Pos160_M-Pos225_S-Pos402_V,0.0,1.496857106421142e-11,Pos160-Pos225-Pos402
160,225,402,Pos160_M-Pos225_S-Pos402_L,0.0,1.069183647443673e-12,Pos160-Pos225-Pos402
160,225,402,Pos160_M-Pos225_S-Pos402_E,0.0,5.345918237218365e-13,Pos160-Pos225-Pos402
160,225,402,Pos160_M-Pos225_S-Pos402_K,0.0,5.345918237218365e-13,Pos160-Pos225-Pos402
160,225,402,Pos160_M-Pos225_V-Pos402_C,0.0,1.0745295656808914e-10,Pos160-Pos225-Pos402
160,225,402,Pos160_M-Pos225_V-Pos402_H,0.0,1.3721190142193804e-11,Pos160-Pos225-Pos402
160,225,402,Pos160_M-Pos225_V-Pos402_S,0.0,6.949693708383875e-12,Pos160-Pos225-Pos402
160,225,402,Pos160_M-Pos225_V-Pos402_V,0.0,4.989523688070474e-12,Pos160-Pos225-Pos402
160,225,402,Pos160_M-Pos225_V-Pos402_L,0.0,3.56394549147891e-13,Pos160-Pos225-Pos402
160,225,402,Pos160_M-Pos225_V-Pos402_E,0.0,1.781972745739455e-13,Pos160-Pos225-Pos402
160,225,402,Pos160_M-Pos225_V-Pos402_K,0.0,1.781972745739455e-13,Pos160-Pos225-Pos402
160,225,402,Pos160_K-Pos225_E-Pos402_C,0.0,2.021928852122162e-07,Pos160-Pos225-Pos402
160,225,402,Pos160_K-Pos225_E-Pos402_H,0.0,2.58189919756893e-08,Pos160-Pos225-Pos402
160,225,402,Pos160_K-Pos225_E-Pos402_S,0.0,1.307715177989458e-08,Pos160-Pos225-Pos402
160,225,402,Pos160_K-Pos225_E-Pos402_V,0.0,9.388724354796109e-09,Pos160-Pos225-Pos402
160,225,402,Pos160_K-Pos225_E-Pos402_L,0.0,6.70623168199722e-10,Pos160-Pos225-Pos402
160,225,402,Pos160_K-Pos225_E-Pos402_E,0.0,3.35311584099861e-10,Pos160-Pos225-Pos402
160,225,402,Pos160_K-Pos225_E-Pos402_K,0.0,3.35311584099861e-10,Pos160-Pos225-Pos402
160,225,402,Pos160_K-Pos225_I-Pos402_C,0.0,1.457683303468448e-07,Pos160-Pos225-Pos402
160,225,402,Pos160_K-Pos225_I-Pos402_H,0.0,1.8613866395865752e-08,Pos160-Pos225-Pos402
160,225,402,Pos160_K-Pos225_I-Pos402_S,0.0,9.427802460243695e-09,Pos160-Pos225-Pos402
160,225,402,Pos160_K-Pos225_I-Pos402_V,0.0,6.768678689405728e-09,Pos160-Pos225-Pos402
160,225,402,Pos160_K-Pos225_I-Pos402_L,0.0,4.834770492432663e-10,Pos160-Pos225-Pos402
160,225,402,Pos160_K-Pos225_I-Pos402_E,0.0,2.4173852462163314e-10,Pos160-Pos225-Pos402
160,225,402,Pos160_K-Pos225_I-Pos402_K,0.0,2.4173852462163314e-10,Pos160-Pos225-Pos402
160,225,402,Pos160_K-Pos225_N-Pos402_C,0.0,4.798613986988368e-08,Pos160-Pos225-Pos402
160,225,402,Pos160_K-Pos225_N-Pos402_H,0.0,6.127583366469392e-09,Pos160-Pos225-Pos402
160,225,402,Pos160_K-Pos225_N-Pos402_S,0.0,3.1035811856143677e-09,Pos160-Pos225-Pos402
160,225,402,Pos160_K-Pos225_N-Pos402_V,0.0,2.228212133261597e-09,Pos160-Pos225-Pos402
160,225,402,Pos160_K-Pos225_N-Pos402_L,0.0,1.591580095186855e-10,Pos160-Pos225-Pos402
160,225,402,Pos160_K-Pos225_N-Pos402_E,0.0,7.957900475934275e-11,Pos160-Pos225-Pos402
160,225,402,Pos160_K-Pos225_N-Pos402_K,0.0,7.957900475934275e-11,Pos160-Pos225-Pos402
160,225,402,Pos160_K-Pos225_M-Pos402_C,0.0,4.560034844358283e-09,Pos160-Pos225-Pos402
160,225,402,Pos160_K-Pos225_M-Pos402_H,0.0,5.822930066593495e-10,Pos160-Pos225-Pos402
160,225,402,Pos160_K-Pos225_M-Pos402_S,0.0,2.9492762674954066e-10,Pos160-Pos225-Pos402
160,225,402,Pos160_K-Pos225_M-Pos402_V,0.0,2.1174291151249073e-10,Pos160-Pos225-Pos402
160,225,402,Pos160_K-Pos225_M-Pos402_L,0.0,1.5124493679463624e-11,Pos160-Pos225-Pos402
160,225,402,Pos160_K-Pos225_M-Pos402_E,0.0,7.562246839731812e-12,Pos160-Pos225-Pos402
160,225,402,Pos160_K-Pos225_M-Pos402_K,0.0,7.562246839731812e-12,Pos160-Pos225-Pos402
160,225,402,Pos160_K-Pos225_T-Pos402_C,0.0,4.7363248512278036e-09,Pos160-Pos225-Pos402
160,225,402,Pos160_K-Pos225_T-Pos402_H,0.0,6.048043342363862e-10,Pos160-Pos225-Pos402
160,225,402,Pos160_K-Pos225_T-Pos402_S,0.0,3.06329467989858e-10,Pos160-Pos225-Pos402
160,225,402,Pos160_K-Pos225_T-Pos402_V,0.0,2.1992884881323134e-10,Pos160-Pos225-Pos402
160,225,402,Pos160_K-Pos225_T-Pos402_L,0.0,1.5709203486659382e-11,Pos160-Pos225-Pos402
160,225,402,Pos160_K-Pos225_T-Pos402_E,0.0,7.854601743329691e-12,Pos160-Pos225-Pos402
160,225,402,Pos160_K-Pos225_T-Pos402_K,0.0,7.854601743329691e-12,Pos160-Pos225-Pos402
160,225,402,Pos160_K-Pos225_L-Pos402_C,0.0,5.523753548578331e-10,Pos160-Pos225-Pos402
160,225,402,Pos160_K-Pos225_L-Pos402_H,0.0,7.053549307471501e-11,Pos160-Pos225-Pos402
160,225,402,Pos160_K-Pos225_L-Pos402_S,0.0,3.572576921966085e-11,Pos160-Pos225-Pos402
160,225,402,Pos160_K-Pos225_L-Pos402_V,0.0,2.5649270208987274e-11,Pos160-Pos225-Pos402
160,225,402,Pos160_K-Pos225_L-Pos402_L,0.0,1.8320907292133767e-12,Pos160-Pos225-Pos402
160,225,402,Pos160_K-Pos225_L-Pos402_E,0.0,9.160453646066883e-13,Pos160-Pos225-Pos402
160,225,402,Pos160_K-Pos225_L-Pos402_K,0.0,9.160453646066883e-13,Pos160-Pos225-Pos402
160,225,402,Pos160_K-Pos225_R-Pos402_C,0.0,1.2927933837098222e-10,Pos160-Pos225-Pos402
160,225,402,Pos160_K-Pos225_R-Pos402_H,0.0,1.6508306889826917e-11,Pos160-Pos225-Pos402
160,225,402,Pos160_K-Pos225_R-Pos402_S,0.0,8.361350242899349e-12,Pos160-Pos225-Pos402
160,225,402,Pos160_K-Pos225_R-Pos402_V,0.0,6.003020687209788e-12,Pos160-Pos225-Pos402
160,225,402,Pos160_K-Pos225_R-Pos402_L,0.0,4.287871919435563e-13,Pos160-Pos225-Pos402
160,225,402,Pos160_K-Pos225_R-Pos402_E,0.0,2.1439359597177816e-13,Pos160-Pos225-Pos402
160,225,402,Pos160_K-Pos225_R-Pos402_K,0.0,2.1439359597177816e-13,Pos160-Pos225-Pos402
160,225,402,Pos160_K-Pos225_G-Pos402_C,0.0,1.2927933837098222e-10,Pos160-Pos225-Pos402
160,225,402,Pos160_K-Pos225_G-Pos402_H,0.0,1.6508306889826917e-11,Pos160-Pos225-Pos402
160,225,402,Pos160_K-Pos225_G-Pos402_S,0.0,8.361350242899349e-12,Pos160-Pos225-Pos402
160,225,402,Pos160_K-Pos225_G-Pos402_V,0.0,6.003020687209788e-12,Pos160-Pos225-Pos402
160,225,402,Pos160_K-Pos225_G-Pos402_L,0.0,4.287871919435563e-13,Pos160-Pos225-Pos402
160,225,402,Pos160_K-Pos225_G-Pos402_E,0.0,2.1439359597177816e-13,Pos160-Pos225-Pos402
160,225,402,Pos160_K-Pos225_G-Pos402_K,0.0,2.1439359597177816e-13,Pos160-Pos225-Pos402
160,225,402,Pos160_K-Pos225_Q-Pos402_C,0.0,9.402133699707799e-11,Pos160-Pos225-Pos402
160,225,402,Pos160_K-Pos225_Q-Pos402_H,0.0,1.2006041374419577e-11,Pos160-Pos225-Pos402
160,225,402,Pos160_K-Pos225_Q-Pos402_S,0.0,6.08098199483589e-12,Pos160-Pos225-Pos402
160,225,402,Pos160_K-Pos225_Q-Pos402_V,0.0,4.365833227061664e-12,Pos160-Pos225-Pos402
160,225,402,Pos160_K-Pos225_Q-Pos402_L,0.0,3.118452305044046e-13,Pos160-Pos225-Pos402
160,225,402,Pos160_K-Pos225_Q-Pos402_E,0.0,1.559226152522023e-13,Pos160-Pos225-Pos402
160,225,402,Pos160_K-Pos225_Q-Pos402_K,0.0,1.559226152522023e-13,Pos160-Pos225-Pos402
160,225,402,Pos160_K-Pos225_*-Pos402_C,0.0,2.3505334249269497e-11,Pos160-Pos225-Pos402
160,225,402,Pos160_K-Pos225_*-Pos402_H,0.0,3.0015103436048942e-12,Pos160-Pos225-Pos402
160,225,402,Pos160_K-Pos225_*-Pos402_S,0.0,1.5202454987089725e-12,Pos160-Pos225-Pos402
160,225,402,Pos160_K-Pos225_*-Pos402_V,0.0,1.091458306765416e-12,Pos160-Pos225-Pos402
160,225,402,Pos160_K-Pos225_*-Pos402_L,0.0,7.796130762610116e-14,Pos160-Pos225-Pos402
160,225,402,Pos160_K-Pos225_*-Pos402_E,0.0,3.898065381305058e-14,Pos160-Pos225-Pos402
160,225,402,Pos160_K-Pos225_*-Pos402_K,0.0,3.898065381305058e-14,Pos160-Pos225-Pos402
160,225,402,Pos160_K-Pos225_S-Pos402_C,0.0,7.05160027478085e-11,Pos160-Pos225-Pos402
160,225,402,Pos160_K-Pos225_S-Pos402_H,0.0,9.004531030814684e-12,Pos160-Pos225-Pos402
160,225,402,Pos160_K-Pos225_S-Pos402_S,0.0,4.5607364961269184e-12,Pos160-Pos225-Pos402
160,225,402,Pos160_K-Pos225_S-Pos402_V,0.0,3.2743749202962487e-12,Pos160-Pos225-Pos402
160,225,402,Pos160_K-Pos225_S-Pos402_L,0.0,2.338839228783035e-13,Pos160-Pos225-Pos402
160,225,402,Pos160_K-Pos225_S-Pos402_E,0.0,1.1694196143915175e-13,Pos160-Pos225-Pos402
160,225,402,Pos160_K-Pos225_S-Pos402_K,0.0,1.1694196143915175e-13,Pos160-Pos225-Pos402
160,225,402,Pos160_K-Pos225_V-Pos402_C,0.0,2.3505334249269497e-11,Pos160-Pos225-Pos402
160,225,402,Pos160_K-Pos225_V-Pos402_H,0.0,3.0015103436048942e-12,Pos160-Pos225-Pos402
160,225,402,Pos160_K-Pos225_V-Pos402_S,0.0,1.5202454987089725e-12,Pos160-Pos225-Pos402
160,225,402,Pos160_K-Pos225_V-Pos402_V,0.0,1.091458306765416e-12,Pos160-Pos225-Pos402
160,225,402,Pos160_K-Pos225_V-Pos402_L,0.0,7.796130762610116e-14,Pos160-Pos225-Pos402
160,225,402,Pos160_K-Pos225_V-Pos402_E,0.0,3.898065381305058e-14,Pos160-Pos225-Pos402
160,225,402,Pos160_K-Pos225_V-Pos402_K,0.0,3.898065381305058e-14,Pos160-Pos225-Pos402
160,225,402,Pos160_E-Pos225_E-Pos402_C,0.0,5.7769395774918914e-08,Pos160-Pos225-Pos402
160,225,402,Pos160_E-Pos225_E-Pos402_H,0.0,7.376854850196943e-09,Pos160-Pos225-Pos402
160,225,402,Pos160_E-Pos225_E-Pos402_S,0.0,3.73632907996988e-09,Pos160-Pos225-Pos402
160,225,402,Pos160_E-Pos225_E-Pos402_V,0.0,2.682492672798888e-09,Pos160-Pos225-Pos402
160,225,402,Pos160_E-Pos225_E-Pos402_L,0.0,1.9160661948563489e-10,Pos160-Pos225-Pos402
160,225,402,Pos160_E-Pos225_E-Pos402_E,0.0,9.580330974281744e-11,Pos160-Pos225-Pos402
160,225,402,Pos160_E-Pos225_E-Pos402_K,0.0,9.580330974281744e-11,Pos160-Pos225-Pos402
160,225,402,Pos160_E-Pos225_I-Pos402_C,0.0,4.16480943848128e-08,Pos160-Pos225-Pos402
160,225,402,Pos160_E-Pos225_I-Pos402_H,0.0,5.31824754167593e-09,Pos160-Pos225-Pos402
160,225,402,Pos160_E-Pos225_I-Pos402_S,0.0,2.6936578457839127e-09,Pos160-Pos225-Pos402
160,225,402,Pos160_E-Pos225_I-Pos402_V,0.0,1.933908196973065e-09,Pos160-Pos225-Pos402
160,225,402,Pos160_E-Pos225_I-Pos402_L,0.0,1.3813629978379038e-10,Pos160-Pos225-Pos402
160,225,402,Pos160_E-Pos225_I-Pos402_E,0.0,6.906814989189519e-11,Pos160-Pos225-Pos402
160,225,402,Pos160_E-Pos225_I-Pos402_K,0.0,6.906814989189519e-11,Pos160-Pos225-Pos402
160,225,402,Pos160_E-Pos225_N-Pos402_C,0.0,1.3710325677109622e-08,Pos160-Pos225-Pos402
160,225,402,Pos160_E-Pos225_N-Pos402_H,0.0,1.7507381047055405e-09,Pos160-Pos225-Pos402
160,225,402,Pos160_E-Pos225_N-Pos402_S,0.0,8.86737481604105e-10,Pos160-Pos225-Pos402
160,225,402,Pos160_E-Pos225_N-Pos402_V,0.0,6.36632038074742e-10,Pos160-Pos225-Pos402
160,225,402,Pos160_E-Pos225_N-Pos402_L,0.0,4.5473717005338713e-11,Pos160-Pos225-Pos402
160,225,402,Pos160_E-Pos225_N-Pos402_E,0.0,2.2736858502669357e-11,Pos160-Pos225-Pos402
160,225,402,Pos160_E-Pos225_N-Pos402_K,0.0,2.2736858502669357e-11,Pos160-Pos225-Pos402
160,225,402,Pos160_E-Pos225_M-Pos402_C,0.0,1.302867098388081e-09,Pos160-Pos225-Pos402
160,225,402,Pos160_E-Pos225_M-Pos402_H,0.0,1.6636943047409987e-10,Pos160-Pos225-Pos402
160,225,402,Pos160_E-Pos225_M-Pos402_S,0.0,8.426503621415449e-11,Pos160-Pos225-Pos402
160,225,402,Pos160_E-Pos225_M-Pos402_V,0.0,6.04979747178545e-11,Pos160-Pos225-Pos402
160,225,402,Pos160_E-Pos225_M-Pos402_L,0.0,4.321283908418179e-12,Pos160-Pos225-Pos402
160,225,402,Pos160_E-Pos225_M-Pos402_E,0.0,2.1606419542090894e-12,Pos160-Pos225-Pos402
160,225,402,Pos160_E-Pos225_M-Pos402_K,0.0,2.1606419542090894e-12,Pos160-Pos225-Pos402
160,225,402,Pos160_E-Pos225_T-Pos402_C,0.0,1.3532356717793727e-09,Pos160-Pos225-Pos402
160,225,402,Pos160_E-Pos225_T-Pos402_H,0.0,1.7280123835325324e-10,Pos160-Pos225-Pos402
160,225,402,Pos160_E-Pos225_T-Pos402_S,0.0,8.752270513995943e-11,Pos160-Pos225-Pos402
160,225,402,Pos160_E-Pos225_T-Pos402_V,0.0,6.283681394663753e-11,Pos160-Pos225-Pos402
160,225,402,Pos160_E-Pos225_T-Pos402_L,0.0,4.488343853331253e-12,Pos160-Pos225-Pos402
160,225,402,Pos160_E-Pos225_T-Pos402_E,0.0,2.2441719266656263e-12,Pos160-Pos225-Pos402
160,225,402,Pos160_E-Pos225_T-Pos402_K,0.0,2.2441719266656263e-12,Pos160-Pos225-Pos402
160,225,402,Pos160_E-Pos225_L-Pos402_C,0.0,1.578215299593809e-10,Pos160-Pos225-Pos402
160,225,402,Pos160_E-Pos225_L-Pos402_H,0.0,2.0152998021347145e-11,Pos160-Pos225-Pos402
160,225,402,Pos160_E-Pos225_L-Pos402_S,0.0,1.0207362634188815e-11,Pos160-Pos225-Pos402
160,225,402,Pos160_E-Pos225_L-Pos402_V,0.0,7.328362916853507e-12,Pos160-Pos225-Pos402
160,225,402,Pos160_E-Pos225_L-Pos402_L,0.0,5.234544940609648e-13,Pos160-Pos225-Pos402
160,225,402,Pos160_E-Pos225_L-Pos402_E,0.0,2.617272470304824e-13,Pos160-Pos225-Pos402
160,225,402,Pos160_E-Pos225_L-Pos402_K,0.0,2.617272470304824e-13,Pos160-Pos225-Pos402
160,225,402,Pos160_E-Pos225_R-Pos402_C,0.0,3.693695382028064e-11,Pos160-Pos225-Pos402
160,225,402,Pos160_E-Pos225_R-Pos402_H,0.0,4.7166591113791195e-12,Pos160-Pos225-Pos402
160,225,402,Pos160_E-Pos225_R-Pos402_S,0.0,2.388957212256957e-12,Pos160-Pos225-Pos402
160,225,402,Pos160_E-Pos225_R-Pos402_V,0.0,1.7151487677742253e-12,Pos160-Pos225-Pos402
160,225,402,Pos160_E-Pos225_R-Pos402_L,0.0,1.2251062626958752e-13,Pos160-Pos225-Pos402
160,225,402,Pos160_E-Pos225_R-Pos402_E,0.0,6.125531313479376e-14,Pos160-Pos225-Pos402
160,225,402,Pos160_E-Pos225_R-Pos402_K,0.0,6.125531313479376e-14,Pos160-Pos225-Pos402
160,225,402,Pos160_E-Pos225_G-Pos402_C,0.0,3.693695382028064e-11,Pos160-Pos225-Pos402
160,225,402,Pos160_E-Pos225_G-Pos402_H,0.0,4.7166591113791195e-12,Pos160-Pos225-Pos402
160,225,402,Pos160_E-Pos225_G-Pos402_S,0.0,2.388957212256957e-12,Pos160-Pos225-Pos402
160,225,402,Pos160_E-Pos225_G-Pos402_V,0.0,1.7151487677742253e-12,Pos160-Pos225-Pos402
160,225,402,Pos160_E-Pos225_G-Pos402_L,0.0,1.2251062626958752e-13,Pos160-Pos225-Pos402
160,225,402,Pos160_E-Pos225_G-Pos402_E,0.0,6.125531313479376e-14,Pos160-Pos225-Pos402
160,225,402,Pos160_E-Pos225_G-Pos402_K,0.0,6.125531313479376e-14,Pos160-Pos225-Pos402
160,225,402,Pos160_E-Pos225_Q-Pos402_C,0.0,2.6863239142022285e-11,Pos160-Pos225-Pos402
160,225,402,Pos160_E-Pos225_Q-Pos402_H,0.0,3.430297535548451e-12,Pos160-Pos225-Pos402
160,225,402,Pos160_E-Pos225_Q-Pos402_S,0.0,1.7374234270959687e-12,Pos160-Pos225-Pos402
160,225,402,Pos160_E-Pos225_Q-Pos402_V,0.0,1.2473809220176185e-12,Pos160-Pos225-Pos402
160,225,402,Pos160_E-Pos225_Q-Pos402_L,0.0,8.909863728697275e-14,Pos160-Pos225-Pos402
160,225,402,Pos160_E-Pos225_Q-Pos402_E,0.0,4.4549318643486374e-14,Pos160-Pos225-Pos402
160,225,402,Pos160_E-Pos225_Q-Pos402_K,0.0,4.4549318643486374e-14,Pos160-Pos225-Pos402
160,225,402,Pos160_E-Pos225_*-Pos402_C,0.0,6.715809785505571e-12,Pos160-Pos225-Pos402
160,225,402,Pos160_E-Pos225_*-Pos402_H,0.0,8.575743838871127e-13,Pos160-Pos225-Pos402
160,225,402,Pos160_E-Pos225_*-Pos402_S,0.0,4.3435585677399217e-13,Pos160-Pos225-Pos402
160,225,402,Pos160_E-Pos225_*-Pos402_V,0.0,3.118452305044046e-13,Pos160-Pos225-Pos402
160,225,402,Pos160_E-Pos225_*-Pos402_L,0.0,2.2274659321743187e-14,Pos160-Pos225-Pos402
160,225,402,Pos160_E-Pos225_*-Pos402_E,0.0,1.1137329660871593e-14,Pos160-Pos225-Pos402
160,225,402,Pos160_E-Pos225_*-Pos402_K,0.0,1.1137329660871593e-14,Pos160-Pos225-Pos402
160,225,402,Pos160_E-Pos225_S-Pos402_C,0.0,2.0147429356516713e-11,Pos160-Pos225-Pos402
160,225,402,Pos160_E-Pos225_S-Pos402_H,0.0,2.5727231516613383e-12,Pos160-Pos225-Pos402
160,225,402,Pos160_E-Pos225_S-Pos402_S,0.0,1.3030675703219766e-12,Pos160-Pos225-Pos402
160,225,402,Pos160_E-Pos225_S-Pos402_V,0.0,9.355356915132138e-13,Pos160-Pos225-Pos402
160,225,402,Pos160_E-Pos225_S-Pos402_L,0.0,6.682397796522956e-14,Pos160-Pos225-Pos402
160,225,402,Pos160_E-Pos225_S-Pos402_E,0.0,3.341198898261478e-14,Pos160-Pos225-Pos402
160,225,402,Pos160_E-Pos225_S-Pos402_K,0.0,3.341198898261478e-14,Pos160-Pos225-Pos402
160,225,402,Pos160_E-Pos225_V-Pos402_C,0.0,6.715809785505571e-12,Pos160-Pos225-Pos402
160,225,402,Pos160_E-Pos225_V-Pos402_H,0.0,8.575743838871127e-13,Pos160-Pos225-Pos402
160,225,402,Pos160_E-Pos225_V-Pos402_S,0.0,4.3435585677399217e-13,Pos160-Pos225-Pos402
160,225,402,Pos160_E-Pos225_V-Pos402_V,0.0,3.118452305044046e-13,Pos160-Pos225-Pos402
160,225,402,Pos160_E-Pos225_V-Pos402_L,0.0,2.2274659321743187e-14,Pos160-Pos225-Pos402
160,225,402,Pos160_E-Pos225_V-Pos402_E,0.0,1.1137329660871593e-14,Pos160-Pos225-Pos402
160,225,402,Pos160_E-Pos225_V-Pos402_K,0.0,1.1137329660871593e-14,Pos160-Pos225-Pos402
160,225,402,Pos160_S-Pos225_E-Pos402_C,0.0,8.665409366237838e-08,Pos160-Pos225-Pos402
160,225,402,Pos160_S-Pos225_E-Pos402_H,0.0,1.1065282275295416e-08,Pos160-Pos225-Pos402
160,225,402,Pos160_S-Pos225_E-Pos402_S,0.0,5.604493619954821e-09,Pos160-Pos225-Pos402
160,225,402,Pos160_S-Pos225_E-Pos402_V,0.0,4.0237390091983325e-09,Pos160-Pos225-Pos402
160,225,402,Pos160_S-Pos225_E-Pos402_L,0.0,2.8740992922845234e-10,Pos160-Pos225-Pos402
160,225,402,Pos160_S-Pos225_E-Pos402_E,0.0,1.4370496461422617e-10,Pos160-Pos225-Pos402
160,225,402,Pos160_S-Pos225_E-Pos402_K,0.0,1.4370496461422617e-10,Pos160-Pos225-Pos402
160,225,402,Pos160_S-Pos225_I-Pos402_C,0.0,6.24721415772192e-08,Pos160-Pos225-Pos402
160,225,402,Pos160_S-Pos225_I-Pos402_H,0.0,7.977371312513894e-09,Pos160-Pos225-Pos402
160,225,402,Pos160_S-Pos225_I-Pos402_S,0.0,4.0404867686758686e-09,Pos160-Pos225-Pos402
160,225,402,Pos160_S-Pos225_I-Pos402_V,0.0,2.900862295459598e-09,Pos160-Pos225-Pos402
160,225,402,Pos160_S-Pos225_I-Pos402_L,0.0,2.0720444967568555e-10,Pos160-Pos225-Pos402
160,225,402,Pos160_S-Pos225_I-Pos402_E,0.0,1.0360222483784278e-10,Pos160-Pos225-Pos402
160,225,402,Pos160_S-Pos225_I-Pos402_K,0.0,1.0360222483784278e-10,Pos160-Pos225-Pos402
160,225,402,Pos160_S-Pos225_N-Pos402_C,0.0,2.0565488515664436e-08,Pos160-Pos225-Pos402
160,225,402,Pos160_S-Pos225_N-Pos402_H,0.0,2.6261071570583107e-09,Pos160-Pos225-Pos402
160,225,402,Pos160_S-Pos225_N-Pos402_S,0.0,1.3301062224061575e-09,Pos160-Pos225-Pos402
160,225,402,Pos160_S-Pos225_N-Pos402_V,0.0,9.54948057112113e-10,Pos160-Pos225-Pos402
160,225,402,Pos160_S-Pos225_N-Pos402_L,0.0,6.821057550800808e-11,Pos160-Pos225-Pos402
160,225,402,Pos160_S-Pos225_N-Pos402_E,0.0,3.410528775400404e-11,Pos160-Pos225-Pos402
160,225,402,Pos160_S-Pos225_N-Pos402_K,0.0,3.410528775400404e-11,Pos160-Pos225-Pos402
160,225,402,Pos160_S-Pos225_M-Pos402_C,0.0,1.9543006475821217e-09,Pos160-Pos225-Pos402
160,225,402,Pos160_S-Pos225_M-Pos402_H,0.0,2.4955414571114986e-10,Pos160-Pos225-Pos402
160,225,402,Pos160_S-Pos225_M-Pos402_S,0.0,1.2639755432123173e-10,Pos160-Pos225-Pos402
160,225,402,Pos160_S-Pos225_M-Pos402_V,0.0,9.074696207678175e-11,Pos160-Pos225-Pos402
160,225,402,Pos160_S-Pos225_M-Pos402_L,0.0,6.481925862627268e-12,Pos160-Pos225-Pos402
160,225,402,Pos160_S-Pos225_M-Pos402_E,0.0,3.240962931313634e-12,Pos160-Pos225-Pos402
160,225,402,Pos160_S-Pos225_M-Pos402_K,0.0,3.240962931313634e-12,Pos160-Pos225-Pos402
160,225,402,Pos160_S-Pos225_T-Pos402_C,0.0,2.029853507669059e-09,Pos160-Pos225-Pos402
160,225,402,Pos160_S-Pos225_T-Pos402_H,0.0,2.5920185752987983e-10,Pos160-Pos225-Pos402
160,225,402,Pos160_S-Pos225_T-Pos402_S,0.0,1.3128405770993913e-10,Pos160-Pos225-Pos402
160,225,402,Pos160_S-Pos225_T-Pos402_V,0.0,9.42552209199563e-11,Pos160-Pos225-Pos402
160,225,402,Pos160_S-Pos225_T-Pos402_L,0.0,6.732515779996878e-12,Pos160-Pos225-Pos402
160,225,402,Pos160_S-Pos225_T-Pos402_E,0.0,3.366257889998439e-12,Pos160-Pos225-Pos402
160,225,402,Pos160_S-Pos225_T-Pos402_K,0.0,3.366257889998439e-12,Pos160-Pos225-Pos402
160,225,402,Pos160_S-Pos225_L-Pos402_C,0.0,2.367322949390714e-10,Pos160-Pos225-Pos402
160,225,402,Pos160_S-Pos225_L-Pos402_H,0.0,3.022949703202072e-11,Pos160-Pos225-Pos402
160,225,402,Pos160_S-Pos225_L-Pos402_S,0.0,1.5311043951283222e-11,Pos160-Pos225-Pos402
160,225,402,Pos160_S-Pos225_L-Pos402_V,0.0,1.099254437528026e-11,Pos160-Pos225-Pos402
160,225,402,Pos160_S-Pos225_L-Pos402_L,0.0,7.851817410914473e-13,Pos160-Pos225-Pos402
160,225,402,Pos160_S-Pos225_L-Pos402_E,0.0,3.9259087054572363e-13,Pos160-Pos225-Pos402
160,225,402,Pos160_S-Pos225_L-Pos402_K,0.0,3.9259087054572363e-13,Pos160-Pos225-Pos402
160,225,402,Pos160_S-Pos225_R-Pos402_C,0.0,5.540543073042096e-11,Pos160-Pos225-Pos402
160,225,402,Pos160_S-Pos225_R-Pos402_H,0.0,7.07498866706868e-12,Pos160-Pos225-Pos402
160,225,402,Pos160_S-Pos225_R-Pos402_S,0.0,3.5834358183854352e-12,Pos160-Pos225-Pos402
160,225,402,Pos160_S-Pos225_R-Pos402_V,0.0,2.572723151661338e-12,Pos160-Pos225-Pos402
160,225,402,Pos160_S-Pos225_R-Pos402_L,0.0,1.837659394043813e-13,Pos160-Pos225-Pos402
160,225,402,Pos160_S-Pos225_R-Pos402_E,0.0,9.188296970219065e-14,Pos160-Pos225-Pos402
160,225,402,Pos160_S-Pos225_R-Pos402_K,0.0,9.188296970219065e-14,Pos160-Pos225-Pos402
160,225,402,Pos160_S-Pos225_G-Pos402_C,0.0,5.540543073042096e-11,Pos160-Pos225-Pos402
160,225,402,Pos160_S-Pos225_G-Pos402_H,0.0,7.07498866706868e-12,Pos160-Pos225-Pos402
160,225,402,Pos160_S-Pos225_G-Pos402_S,0.0,3.5834358183854352e-12,Pos160-Pos225-Pos402
160,225,402,Pos160_S-Pos225_G-Pos402_V,0.0,2.572723151661338e-12,Pos160-Pos225-Pos402
160,225,402,Pos160_S-Pos225_G-Pos402_L,0.0,1.837659394043813e-13,Pos160-Pos225-Pos402
160,225,402,Pos160_S-Pos225_G-Pos402_E,0.0,9.188296970219065e-14,Pos160-Pos225-Pos402
160,225,402,Pos160_S-Pos225_G-Pos402_K,0.0,9.188296970219065e-14,Pos160-Pos225-Pos402
160,225,402,Pos160_S-Pos225_Q-Pos402_C,0.0,4.029485871303343e-11,Pos160-Pos225-Pos402
160,225,402,Pos160_S-Pos225_Q-Pos402_H,0.0,5.145446303322677e-12,Pos160-Pos225-Pos402
160,225,402,Pos160_S-Pos225_Q-Pos402_S,0.0,2.6061351406439532e-12,Pos160-Pos225-Pos402
160,225,402,Pos160_S-Pos225_Q-Pos402_V,0.0,1.8710713830264275e-12,Pos160-Pos225-Pos402
160,225,402,Pos160_S-Pos225_Q-Pos402_L,0.0,1.3364795593045913e-13,Pos160-Pos225-Pos402
160,225,402,Pos160_S-Pos225_Q-Pos402_E,0.0,6.682397796522956e-14,Pos160-Pos225-Pos402
160,225,402,Pos160_S-Pos225_Q-Pos402_K,0.0,6.682397796522956e-14,Pos160-Pos225-Pos402
160,225,402,Pos160_S-Pos225_*-Pos402_C,0.0,1.0073714678258357e-11,Pos160-Pos225-Pos402
160,225,402,Pos160_S-Pos225_*-Pos402_H,0.0,1.2863615758306692e-12,Pos160-Pos225-Pos402
160,225,402,Pos160_S-Pos225_*-Pos402_S,0.0,6.515337851609883e-13,Pos160-Pos225-Pos402
160,225,402,Pos160_S-Pos225_*-Pos402_V,0.0,4.677678457566069e-13,Pos160-Pos225-Pos402
160,225,402,Pos160_S-Pos225_*-Pos402_L,0.0,3.341198898261478e-14,Pos160-Pos225-Pos402
160,225,402,Pos160_S-Pos225_*-Pos402_E,0.0,1.670599449130739e-14,Pos160-Pos225-Pos402
160,225,402,Pos160_S-Pos225_*-Pos402_K,0.0,1.670599449130739e-14,Pos160-Pos225-Pos402
160,225,402,Pos160_S-Pos225_S-Pos402_C,0.0,3.0221144034775075e-11,Pos160-Pos225-Pos402
160,225,402,Pos160_S-Pos225_S-Pos402_H,0.0,3.859084727492008e-12,Pos160-Pos225-Pos402
160,225,402,Pos160_S-Pos225_S-Pos402_S,0.0,1.954601355482965e-12,Pos160-Pos225-Pos402
160,225,402,Pos160_S-Pos225_S-Pos402_V,0.0,1.4033035372698207e-12,Pos160-Pos225-Pos402
160,225,402,Pos160_S-Pos225_S-Pos402_L,0.0,1.0023596694784435e-13,Pos160-Pos225-Pos402
160,225,402,Pos160_S-Pos225_S-Pos402_E,0.0,5.0117983473922176e-14,Pos160-Pos225-Pos402
160,225,402,Pos160_S-Pos225_S-Pos402_K,0.0,5.0117983473922176e-14,Pos160-Pos225-Pos402
160,225,402,Pos160_S-Pos225_V-Pos402_C,0.0,1.0073714678258357e-11,Pos160-Pos225-Pos402
160,225,402,Pos160_S-Pos225_V-Pos402_H,0.0,1.2863615758306692e-12,Pos160-Pos225-Pos402
160,225,402,Pos160_S-Pos225_V-Pos402_S,0.0,6.515337851609883e-13,Pos160-Pos225-Pos402
160,225,402,Pos160_S-Pos225_V-Pos402_V,0.0,4.677678457566069e-13,Pos160-Pos225-Pos402
160,225,402,Pos160_S-Pos225_V-Pos402_L,0.0,3.341198898261478e-14,Pos160-Pos225-Pos402
160,225,402,Pos160_S-Pos225_V-Pos402_E,0.0,1.670599449130739e-14,Pos160-Pos225-Pos402
160,225,402,Pos160_S-Pos225_V-Pos402_K,0.0,1.670599449130739e-14,Pos160-Pos225-Pos402
160,225,402,Pos160_R-Pos225_E-Pos402_C,0.0,2.8884697887459457e-08,Pos160-Pos225-Pos402
160,225,402,Pos160_R-Pos225_E-Pos402_H,0.0,3.6884274250984716e-09,Pos160-Pos225-Pos402
160,225,402,Pos160_R-Pos225_E-Pos402_S,0.0,1.86816453998494e-09,Pos160-Pos225-Pos402
160,225,402,Pos160_R-Pos225_E-Pos402_V,0.0,1.341246336399444e-09,Pos160-Pos225-Pos402
160,225,402,Pos160_R-Pos225_E-Pos402_L,0.0,9.580330974281744e-11,Pos160-Pos225-Pos402
160,225,402,Pos160_R-Pos225_E-Pos402_E,0.0,4.790165487140872e-11,Pos160-Pos225-Pos402
160,225,402,Pos160_R-Pos225_E-Pos402_K,0.0,4.790165487140872e-11,Pos160-Pos225-Pos402
160,225,402,Pos160_R-Pos225_I-Pos402_C,0.0,2.08240471924064e-08,Pos160-Pos225-Pos402
160,225,402,Pos160_R-Pos225_I-Pos402_H,0.0,2.659123770837965e-09,Pos160-Pos225-Pos402
160,225,402,Pos160_R-Pos225_I-Pos402_S,0.0,1.3468289228919563e-09,Pos160-Pos225-Pos402
160,225,402,Pos160_R-Pos225_I-Pos402_V,0.0,9.669540984865326e-10,Pos160-Pos225-Pos402
160,225,402,Pos160_R-Pos225_I-Pos402_L,0.0,6.906814989189519e-11,Pos160-Pos225-Pos402
160,225,402,Pos160_R-Pos225_I-Pos402_E,0.0,3.4534074945947595e-11,Pos160-Pos225-Pos402
160,225,402,Pos160_R-Pos225_I-Pos402_K,0.0,3.4534074945947595e-11,Pos160-Pos225-Pos402
160,225,402,Pos160_R-Pos225_N-Pos402_C,0.0,6.855162838554811e-09,Pos160-Pos225-Pos402
160,225,402,Pos160_R-Pos225_N-Pos402_H,0.0,8.753690523527702e-10,Pos160-Pos225-Pos402
160,225,402,Pos160_R-Pos225_N-Pos402_S,0.0,4.433687408020525e-10,Pos160-Pos225-Pos402
160,225,402,Pos160_R-Pos225_N-Pos402_V,0.0,3.18316019037371e-10,Pos160-Pos225-Pos402
160,225,402,Pos160_R-Pos225_N-Pos402_L,0.0,2.2736858502669357e-11,Pos160-Pos225-Pos402
160,225,402,Pos160_R-Pos225_N-Pos402_E,0.0,1.1368429251334678e-11,Pos160-Pos225-Pos402
160,225,402,Pos160_R-Pos225_N-Pos402_K,0.0,1.1368429251334678e-11,Pos160-Pos225-Pos402
160,225,402,Pos160_R-Pos225_M-Pos402_C,0.0,6.514335491940405e-10,Pos160-Pos225-Pos402
160,225,402,Pos160_R-Pos225_M-Pos402_H,0.0,8.318471523704994e-11,Pos160-Pos225-Pos402
160,225,402,Pos160_R-Pos225_M-Pos402_S,0.0,4.2132518107077245e-11,Pos160-Pos225-Pos402
160,225,402,Pos160_R-Pos225_M-Pos402_V,0.0,3.024898735892725e-11,Pos160-Pos225-Pos402
160,225,402,Pos160_R-Pos225_M-Pos402_L,0.0,2.1606419542090894e-12,Pos160-Pos225-Pos402
160,225,402,Pos160_R-Pos225_M-Pos402_E,0.0,1.0803209771045447e-12,Pos160-Pos225-Pos402
160,225,402,Pos160_R-Pos225_M-Pos402_K,0.0,1.0803209771045447e-12,Pos160-Pos225-Pos402
160,225,402,Pos160_R-Pos225_T-Pos402_C,0.0,6.766178358896864e-10,Pos160-Pos225-Pos402
160,225,402,Pos160_R-Pos225_T-Pos402_H,0.0,8.640061917662662e-11,Pos160-Pos225-Pos402
160,225,402,Pos160_R-Pos225_T-Pos402_S,0.0,4.3761352569979714e-11,Pos160-Pos225-Pos402
160,225,402,Pos160_R-Pos225_T-Pos402_V,0.0,3.1418406973318764e-11,Pos160-Pos225-Pos402
160,225,402,Pos160_R-Pos225_T-Pos402_L,0.0,2.2441719266656263e-12,Pos160-Pos225-Pos402
160,225,402,Pos160_R-Pos225_T-Pos402_E,0.0,1.1220859633328132e-12,Pos160-Pos225-Pos402
160,225,402,Pos160_R-Pos225_T-Pos402_K,0.0,1.1220859633328132e-12,Pos160-Pos225-Pos402
160,225,402,Pos160_R-Pos225_L-Pos402_C,0.0,7.891076497969045e-11,Pos160-Pos225-Pos402
160,225,402,Pos160_R-Pos225_L-Pos402_H,0.0,1.0076499010673573e-11,Pos160-Pos225-Pos402
160,225,402,Pos160_R-Pos225_L-Pos402_S,0.0,5.103681317094407e-12,Pos160-Pos225-Pos402
160,225,402,Pos160_R-Pos225_L-Pos402_V,0.0,3.664181458426753e-12,Pos160-Pos225-Pos402
160,225,402,Pos160_R-Pos225_L-Pos402_L,0.0,2.617272470304824e-13,Pos160-Pos225-Pos402
160,225,402,Pos160_R-Pos225_L-Pos402_E,0.0,1.308636235152412e-13,Pos160-Pos225-Pos402
160,225,402,Pos160_R-Pos225_L-Pos402_K,0.0,1.308636235152412e-13,Pos160-Pos225-Pos402
160,225,402,Pos160_R-Pos225_R-Pos402_C,0.0,1.846847691014032e-11,Pos160-Pos225-Pos402
160,225,402,Pos160_R-Pos225_R-Pos402_H,0.0,2.3583295556895597e-12,Pos160-Pos225-Pos402
160,225,402,Pos160_R-Pos225_R-Pos402_S,0.0,1.1944786061284785e-12,Pos160-Pos225-Pos402
160,225,402,Pos160_R-Pos225_R-Pos402_V,0.0,8.575743838871126e-13,Pos160-Pos225-Pos402
160,225,402,Pos160_R-Pos225_R-Pos402_L,0.0,6.125531313479376e-14,Pos160-Pos225-Pos402
160,225,402,Pos160_R-Pos225_R-Pos402_E,0.0,3.062765656739688e-14,Pos160-Pos225-Pos402
160,225,402,Pos160_R-Pos225_R-Pos402_K,0.0,3.062765656739688e-14,Pos160-Pos225-Pos402
160,225,402,Pos160_R-Pos225_G-Pos402_C,0.0,1.846847691014032e-11,Pos160-Pos225-Pos402
160,225,402,Pos160_R-Pos225_G-Pos402_H,0.0,2.3583295556895597e-12,Pos160-Pos225-Pos402
160,225,402,Pos160_R-Pos225_G-Pos402_S,0.0,1.1944786061284785e-12,Pos160-Pos225-Pos402
160,225,402,Pos160_R-Pos225_G-Pos402_V,0.0,8.575743838871126e-13,Pos160-Pos225-Pos402
160,225,402,Pos160_R-Pos225_G-Pos402_L,0.0,6.125531313479376e-14,Pos160-Pos225-Pos402
160,225,402,Pos160_R-Pos225_G-Pos402_E,0.0,3.062765656739688e-14,Pos160-Pos225-Pos402
160,225,402,Pos160_R-Pos225_G-Pos402_K,0.0,3.062765656739688e-14,Pos160-Pos225-Pos402
160,225,402,Pos160_R-Pos225_Q-Pos402_C,0.0,1.3431619571011142e-11,Pos160-Pos225-Pos402
160,225,402,Pos160_R-Pos225_Q-Pos402_H,0.0,1.7151487677742255e-12,Pos160-Pos225-Pos402
160,225,402,Pos160_R-Pos225_Q-Pos402_S,0.0,8.687117135479843e-13,Pos160-Pos225-Pos402
160,225,402,Pos160_R-Pos225_Q-Pos402_V,0.0,6.236904610088092e-13,Pos160-Pos225-Pos402
160,225,402,Pos160_R-Pos225_Q-Pos402_L,0.0,4.4549318643486374e-14,Pos160-Pos225-Pos402
160,225,402,Pos160_R-Pos225_Q-Pos402_E,0.0,2.2274659321743187e-14,Pos160-Pos225-Pos402
160,225,402,Pos160_R-Pos225_Q-Pos402_K,0.0,2.2274659321743187e-14,Pos160-Pos225-Pos402
160,225,402,Pos160_R-Pos225_*-Pos402_C,0.0,3.3579048927527856e-12,Pos160-Pos225-Pos402
160,225,402,Pos160_R-Pos225_*-Pos402_H,0.0,4.2878719194355637e-13,Pos160-Pos225-Pos402
160,225,402,Pos160_R-Pos225_*-Pos402_S,0.0,2.1717792838699609e-13,Pos160-Pos225-Pos402
160,225,402,Pos160_R-Pos225_*-Pos402_V,0.0,1.559226152522023e-13,Pos160-Pos225-Pos402
160,225,402,Pos160_R-Pos225_*-Pos402_L,0.0,1.1137329660871593e-14,Pos160-Pos225-Pos402
160,225,402,Pos160_R-Pos225_*-Pos402_E,0.0,5.568664830435797e-15,Pos160-Pos225-Pos402
160,225,402,Pos160_R-Pos225_*-Pos402_K,0.0,5.568664830435797e-15,Pos160-Pos225-Pos402
160,225,402,Pos160_R-Pos225_S-Pos402_C,0.0,1.0073714678258357e-11,Pos160-Pos225-Pos402
160,225,402,Pos160_R-Pos225_S-Pos402_H,0.0,1.2863615758306692e-12,Pos160-Pos225-Pos402
160,225,402,Pos160_R-Pos225_S-Pos402_S,0.0,6.515337851609883e-13,Pos160-Pos225-Pos402
160,225,402,Pos160_R-Pos225_S-Pos402_V,0.0,4.677678457566069e-13,Pos160-Pos225-Pos402
160,225,402,Pos160_R-Pos225_S-Pos402_L,0.0,3.341198898261478e-14,Pos160-Pos225-Pos402
160,225,402,Pos160_R-Pos225_S-Pos402_E,0.0,1.670599449130739e-14,Pos160-Pos225-Pos402
160,225,402,Pos160_R-Pos225_S-Pos402_K,0.0,1.670599449130739e-14,Pos160-Pos225-Pos402
160,225,402,Pos160_R-Pos225_V-Pos402_C,0.0,3.3579048927527856e-12,Pos160-Pos225-Pos402
160,225,402,Pos160_R-Pos225_V-Pos402_H,0.0,4.2878719194355637e-13,Pos160-Pos225-Pos402
160,225,402,Pos160_R-Pos225_V-Pos402_S,0.0,2.1717792838699609e-13,Pos160-Pos225-Pos402
160,225,402,Pos160_R-Pos225_V-Pos402_V,0.0,1.559226152522023e-13,Pos160-Pos225-Pos402
160,225,402,Pos160_R-Pos225_V-Pos402_L,0.0,1.1137329660871593e-14,Pos160-Pos225-Pos402
160,225,402,Pos160_R-Pos225_V-Pos402_E,0.0,5.568664830435797e-15,Pos160-Pos225-Pos402
160,225,402,Pos160_R-Pos225_V-Pos402_K,0.0,5.568664830435797e-15,Pos160-Pos225-Pos402
162,163,225,Pos162_I-Pos163_F-Pos225_E,0.21583523254832446,0.14809863852366542,Pos162-Pos163-Pos225
162,163,225,Pos162_I-Pos163_F-Pos225_I,0.004853549421794547,0.10676978688729495,Pos162-Pos163-Pos225
162,163,225,Pos162_I-Pos163_F-Pos225_N,0.007878225148420135,0.03514803191653836,Pos162-Pos163-Pos225
162,163,225,Pos162_I-Pos163_F-Pos225_M,0.00365774739033792,0.003340052996232399,Pos162-Pos163-Pos225
162,163,225,Pos162_I-Pos163_F-Pos225_T,0.0005627303677442953,0.003469178756396023,Pos162-Pos163-Pos225
162,163,225,Pos162_I-Pos163_F-Pos225_L,0.0,0.00040459404851268745,Pos162-Pos163-Pos225
162,163,225,Pos162_I-Pos163_F-Pos225_R,0.00015475085112968121,9.46922241199907e-05,Pos162-Pos163-Pos225
162,163,225,Pos162_I-Pos163_F-Pos225_G,0.00015475085112968121,9.46922241199907e-05,Pos162-Pos163-Pos225
162,163,225,Pos162_I-Pos163_F-Pos225_Q,7.034129596803691e-05,6.886707208726596e-05,Pos162-Pos163-Pos225
162,163,225,Pos162_I-Pos163_F-Pos225_*,2.8136518387214766e-05,1.721676802181649e-05,Pos162-Pos163-Pos225
162,163,225,Pos162_I-Pos163_F-Pos225_S,0.0,5.165030406544947e-05,Pos162-Pos163-Pos225
162,163,225,Pos162_I-Pos163_F-Pos225_V,0.0,1.721676802181649e-05,Pos162-Pos163-Pos225
162,163,225,Pos162_I-Pos163_Y-Pos225_E,0.0,3.097119817034828e-05,Pos162-Pos163-Pos225
162,163,225,Pos162_I-Pos163_Y-Pos225_I,0.0,2.2328282428901982e-05,Pos162-Pos163-Pos225
162,163,225,Pos162_I-Pos163_Y-Pos225_N,1.4068259193607383e-05,7.350348879884447e-06,Pos162-Pos163-Pos225
162,163,225,Pos162_I-Pos163_Y-Pos225_M,0.0,6.984901703147602e-07,Pos162-Pos163-Pos225
162,163,225,Pos162_I-Pos163_Y-Pos225_T,0.0,7.254936562805369e-07,Pos162-Pos163-Pos225
162,163,225,Pos162_I-Pos163_Y-Pos225_L,0.0,8.461092269276733e-08,Pos162-Pos163-Pos225
162,163,225,Pos162_I-Pos163_Y-Pos225_R,0.0,1.9802556374902992e-08,Pos162-Pos163-Pos225
162,163,225,Pos162_I-Pos163_Y-Pos225_G,0.0,1.9802556374902992e-08,Pos162-Pos163-Pos225
162,163,225,Pos162_I-Pos163_Y-Pos225_Q,0.0,1.4401859181747631e-08,Pos162-Pos163-Pos225
162,163,225,Pos162_I-Pos163_Y-Pos225_*,0.0,3.600464795436908e-09,Pos162-Pos163-Pos225
162,163,225,Pos162_I-Pos163_Y-Pos225_S,0.0,1.0801394386310724e-08,Pos162-Pos163-Pos225
162,163,225,Pos162_I-Pos163_Y-Pos225_V,0.0,3.600464795436908e-09,Pos162-Pos163-Pos225
162,163,225,Pos162_I-Pos163_A-Pos225_E,0.0,2.8155634700316617e-06,Pos162-Pos163-Pos225
162,163,225,Pos162_I-Pos163_A-Pos225_I,0.0,2.0298438571729076e-06,Pos162-Pos163-Pos225
162,163,225,Pos162_I-Pos163_A-Pos225_N,1.4068259193607383e-05,6.682135345349498e-07,Pos162-Pos163-Pos225
162,163,225,Pos162_I-Pos163_A-Pos225_M,0.0,6.349910639225093e-08,Pos162-Pos163-Pos225
162,163,225,Pos162_I-Pos163_A-Pos225_T,0.0,6.595396875277609e-08,Pos162-Pos163-Pos225
162,163,225,Pos162_I-Pos163_A-Pos225_L,0.0,7.691902062978849e-09,Pos162-Pos163-Pos225
162,163,225,Pos162_I-Pos163_A-Pos225_R,0.0,1.800232397718454e-09,Pos162-Pos163-Pos225
162,163,225,Pos162_I-Pos163_A-Pos225_G,0.0,1.800232397718454e-09,Pos162-Pos163-Pos225
162,163,225,Pos162_I-Pos163_A-Pos225_Q,0.0,1.309259925613421e-09,Pos162-Pos163-Pos225
162,163,225,Pos162_I-Pos163_A-Pos225_*,0.0,3.2731498140335527e-10,Pos162-Pos163-Pos225
162,163,225,Pos162_I-Pos163_A-Pos225_S,0.0,9.81944944210066e-10,Pos162-Pos163-Pos225
162,163,225,Pos162_I-Pos163_A-Pos225_V,0.0,3.2731498140335527e-10,Pos162-Pos163-Pos225
162,163,225,Pos162_I-Pos163_L-Pos225_E,2.8136518387214766e-05,1.4077817350158309e-05,Pos162-Pos163-Pos225
162,163,225,Pos162_I-Pos163_L-Pos225_I,1.4068259193607383e-05,1.0149219285864537e-05,Pos162-Pos163-Pos225
162,163,225,Pos162_I-Pos163_L-Pos225_N,0.0,3.3410676726747487e-06,Pos162-Pos163-Pos225
162,163,225,Pos162_I-Pos163_L-Pos225_M,0.0,3.174955319612546e-07,Pos162-Pos163-Pos225
162,163,225,Pos162_I-Pos163_L-Pos225_T,0.0,3.2976984376388044e-07,Pos162-Pos163-Pos225
162,163,225,Pos162_I-Pos163_L-Pos225_L,0.0,3.8459510314894237e-08,Pos162-Pos163-Pos225
162,163,225,Pos162_I-Pos163_L-Pos225_R,0.0,9.001161988592269e-09,Pos162-Pos163-Pos225
162,163,225,Pos162_I-Pos163_L-Pos225_G,0.0,9.001161988592269e-09,Pos162-Pos163-Pos225
162,163,225,Pos162_I-Pos163_L-Pos225_Q,0.0,6.546299628067105e-09,Pos162-Pos163-Pos225
162,163,225,Pos162_I-Pos163_L-Pos225_*,0.0,1.6365749070167762e-09,Pos162-Pos163-Pos225
162,163,225,Pos162_I-Pos163_L-Pos225_S,0.0,4.9097247210503285e-09,Pos162-Pos163-Pos225
162,163,225,Pos162_I-Pos163_L-Pos225_V,0.0,1.6365749070167762e-09,Pos162-Pos163-Pos225
162,163,225,Pos162_I-Pos163_P-Pos225_E,0.0,8.446690410094987e-06,Pos162-Pos163-Pos225
162,163,225,Pos162_I-Pos163_P-Pos225_I,0.0,6.089531571518723e-06,Pos162-Pos163-Pos225
162,163,225,Pos162_I-Pos163_P-Pos225_N,2.8136518387214766e-05,2.0046406036048496e-06,Pos162-Pos163-Pos225
162,163,225,Pos162_I-Pos163_P-Pos225_M,0.0,1.904973191767528e-07,Pos162-Pos163-Pos225
162,163,225,Pos162_I-Pos163_P-Pos225_T,0.0,1.978619062583283e-07,Pos162-Pos163-Pos225
162,163,225,Pos162_I-Pos163_P-Pos225_L,0.0,2.307570618893655e-08,Pos162-Pos163-Pos225
162,163,225,Pos162_I-Pos163_P-Pos225_R,0.0,5.400697193155363e-09,Pos162-Pos163-Pos225
162,163,225,Pos162_I-Pos163_P-Pos225_G,0.0,5.400697193155363e-09,Pos162-Pos163-Pos225
162,163,225,Pos162_I-Pos163_P-Pos225_Q,0.0,3.927779776840264e-09,Pos162-Pos163-Pos225
162,163,225,Pos162_I-Pos163_P-Pos225_*,0.0,9.81944944210066e-10,Pos162-Pos163-Pos225
162,163,225,Pos162_I-Pos163_P-Pos225_S,0.0,2.945834832630198e-09,Pos162-Pos163-Pos225
162,163,225,Pos162_I-Pos163_P-Pos225_V,0.0,9.81944944210066e-10,Pos162-Pos163-Pos225
162,163,225,Pos162_I-Pos163_V-Pos225_E,0.0,2.8155634700316617e-06,Pos162-Pos163-Pos225
162,163,225,Pos162_I-Pos163_V-Pos225_I,0.0,2.0298438571729076e-06,Pos162-Pos163-Pos225
162,163,225,Pos162_I-Pos163_V-Pos225_N,0.0,6.682135345349498e-07,Pos162-Pos163-Pos225
162,163,225,Pos162_I-Pos163_V-Pos225_M,0.0,6.349910639225093e-08,Pos162-Pos163-Pos225
162,163,225,Pos162_I-Pos163_V-Pos225_T,0.0,6.595396875277609e-08,Pos162-Pos163-Pos225
162,163,225,Pos162_I-Pos163_V-Pos225_L,0.0,7.691902062978849e-09,Pos162-Pos163-Pos225
162,163,225,Pos162_I-Pos163_V-Pos225_R,0.0,1.800232397718454e-09,Pos162-Pos163-Pos225
162,163,225,Pos162_I-Pos163_V-Pos225_G,0.0,1.800232397718454e-09,Pos162-Pos163-Pos225
162,163,225,Pos162_I-Pos163_V-Pos225_Q,0.0,1.309259925613421e-09,Pos162-Pos163-Pos225
162,163,225,Pos162_I-Pos163_V-Pos225_*,0.0,3.2731498140335527e-10,Pos162-Pos163-Pos225
162,163,225,Pos162_I-Pos163_V-Pos225_S,0.0,9.81944944210066e-10,Pos162-Pos163-Pos225
162,163,225,Pos162_I-Pos163_V-Pos225_V,0.0,3.2731498140335527e-10,Pos162-Pos163-Pos225
162,163,225,Pos162_N-Pos163_F-Pos225_E,1.4068259193607383e-05,0.01900806643680513,Pos162-Pos163-Pos225
162,163,225,Pos162_N-Pos163_F-Pos225_I,5.627303677442953e-05,0.013703618229231227,Pos162-Pos163-Pos225
162,163,225,Pos162_N-Pos163_F-Pos225_N,0.0,0.00451115643231082,Pos162-Pos163-Pos225
162,163,225,Pos162_N-Pos163_F-Pos225_M,0.0,0.00042868692033715366,Pos162-Pos163-Pos225
162,163,225,Pos162_N-Pos163_F-Pos225_T,0.0,0.0004452598682883323,Pos162-Pos163-Pos225
162,163,225,Pos162_N-Pos163_F-Pos225_L,0.0,5.192857024702634e-05,Pos162-Pos163-Pos225
162,163,225,Pos162_N-Pos163_F-Pos225_R,0.0,1.2153495164197655e-05,Pos162-Pos163-Pos225
162,163,225,Pos162_N-Pos163_F-Pos225_G,0.0,1.2153495164197655e-05,Pos162-Pos163-Pos225
162,163,225,Pos162_N-Pos163_F-Pos225_Q,0.0,8.83890557396193e-06,Pos162-Pos163-Pos225
162,163,225,Pos162_N-Pos163_F-Pos225_*,0.0,2.2097263934904826e-06,Pos162-Pos163-Pos225
162,163,225,Pos162_N-Pos163_F-Pos225_S,0.0,6.629179180471448e-06,Pos162-Pos163-Pos225
162,163,225,Pos162_N-Pos163_F-Pos225_V,0.0,2.2097263934904826e-06,Pos162-Pos163-Pos225
162,163,225,Pos162_N-Pos163_Y-Pos225_E,0.0,3.9750709278489815e-06,Pos162-Pos163-Pos225
162,163,225,Pos162_N-Pos163_Y-Pos225_I,1.4068259193607383e-05,2.8657756753145153e-06,Pos162-Pos163-Pos225
162,163,225,Pos162_N-Pos163_Y-Pos225_N,0.0,9.43397732992757e-07,Pos162-Pos163-Pos225
162,163,225,Pos162_N-Pos163_Y-Pos225_M,0.0,8.964935596404354e-08,Pos162-Pos163-Pos225
162,163,225,Pos162_N-Pos163_Y-Pos225_T,0.0,9.311518158121016e-08,Pos162-Pos163-Pos225
162,163,225,Pos162_N-Pos163_Y-Pos225_L,0.0,1.0859586933788778e-08,Pos162-Pos163-Pos225
162,163,225,Pos162_N-Pos163_Y-Pos225_R,0.0,2.541605452588863e-09,Pos162-Pos163-Pos225
162,163,225,Pos162_N-Pos163_Y-Pos225_G,0.0,2.541605452588863e-09,Pos162-Pos163-Pos225
162,163,225,Pos162_N-Pos163_Y-Pos225_Q,0.0,1.8484403291555366e-09,Pos162-Pos163-Pos225
162,163,225,Pos162_N-Pos163_Y-Pos225_*,0.0,4.6211008228888415e-10,Pos162-Pos163-Pos225
162,163,225,Pos162_N-Pos163_Y-Pos225_S,0.0,1.3863302468666524e-09,Pos162-Pos163-Pos225
162,163,225,Pos162_N-Pos163_Y-Pos225_V,0.0,4.6211008228888415e-10,Pos162-Pos163-Pos225
162,163,225,Pos162_N-Pos163_A-Pos225_E,0.0,3.6137008434990735e-07,Pos162-Pos163-Pos225
162,163,225,Pos162_N-Pos163_A-Pos225_I,0.0,2.605250613922286e-07,Pos162-Pos163-Pos225
162,163,225,Pos162_N-Pos163_A-Pos225_N,0.0,8.57634302720688e-08,Pos162-Pos163-Pos225
162,163,225,Pos162_N-Pos163_A-Pos225_M,0.0,8.149941451276684e-09,Pos162-Pos163-Pos225
162,163,225,Pos162_N-Pos163_A-Pos225_T,0.0,8.465016507382741e-09,Pos162-Pos163-Pos225
162,163,225,Pos162_N-Pos163_A-Pos225_L,0.0,9.872351757989797e-10,Pos162-Pos163-Pos225
162,163,225,Pos162_N-Pos163_A-Pos225_R,0.0,2.3105504114444205e-10,Pos162-Pos163-Pos225
162,163,225,Pos162_N-Pos163_A-Pos225_G,0.0,2.3105504114444205e-10,Pos162-Pos163-Pos225
162,163,225,Pos162_N-Pos163_A-Pos225_Q,0.0,1.6804002992323058e-10,Pos162-Pos163-Pos225
162,163,225,Pos162_N-Pos163_A-Pos225_*,0.0,4.2010007480807646e-11,Pos162-Pos163-Pos225
162,163,225,Pos162_N-Pos163_A-Pos225_S,0.0,1.2603002244242296e-10,Pos162-Pos163-Pos225
162,163,225,Pos162_N-Pos163_A-Pos225_V,0.0,4.2010007480807646e-11,Pos162-Pos163-Pos225
162,163,225,Pos162_N-Pos163_L-Pos225_E,0.0,1.8068504217495368e-06,Pos162-Pos163-Pos225
162,163,225,Pos162_N-Pos163_L-Pos225_I,0.0,1.302625306961143e-06,Pos162-Pos163-Pos225
162,163,225,Pos162_N-Pos163_L-Pos225_N,0.0,4.2881715136034405e-07,Pos162-Pos163-Pos225
162,163,225,Pos162_N-Pos163_L-Pos225_M,0.0,4.074970725638342e-08,Pos162-Pos163-Pos225
162,163,225,Pos162_N-Pos163_L-Pos225_T,0.0,4.232508253691371e-08,Pos162-Pos163-Pos225
162,163,225,Pos162_N-Pos163_L-Pos225_L,0.0,4.936175878994898e-09,Pos162-Pos163-Pos225
162,163,225,Pos162_N-Pos163_L-Pos225_R,0.0,1.1552752057222104e-09,Pos162-Pos163-Pos225
162,163,225,Pos162_N-Pos163_L-Pos225_G,0.0,1.1552752057222104e-09,Pos162-Pos163-Pos225
162,163,225,Pos162_N-Pos163_L-Pos225_Q,0.0,8.402001496161529e-10,Pos162-Pos163-Pos225
162,163,225,Pos162_N-Pos163_L-Pos225_*,0.0,2.1005003740403823e-10,Pos162-Pos163-Pos225
162,163,225,Pos162_N-Pos163_L-Pos225_S,0.0,6.301501122121148e-10,Pos162-Pos163-Pos225
162,163,225,Pos162_N-Pos163_L-Pos225_V,0.0,2.1005003740403823e-10,Pos162-Pos163-Pos225
162,163,225,Pos162_N-Pos163_P-Pos225_E,0.0,1.084110253049722e-06,Pos162-Pos163-Pos225
162,163,225,Pos162_N-Pos163_P-Pos225_I,1.4068259193607383e-05,7.815751841766858e-07,Pos162-Pos163-Pos225
162,163,225,Pos162_N-Pos163_P-Pos225_N,0.0,2.5729029081620644e-07,Pos162-Pos163-Pos225
162,163,225,Pos162_N-Pos163_P-Pos225_M,0.0,2.444982435383005e-08,Pos162-Pos163-Pos225
162,163,225,Pos162_N-Pos163_P-Pos225_T,0.0,2.5395049522148225e-08,Pos162-Pos163-Pos225
162,163,225,Pos162_N-Pos163_P-Pos225_L,0.0,2.961705527396939e-09,Pos162-Pos163-Pos225
162,163,225,Pos162_N-Pos163_P-Pos225_R,0.0,6.931651234333262e-10,Pos162-Pos163-Pos225
162,163,225,Pos162_N-Pos163_P-Pos225_G,0.0,6.931651234333262e-10,Pos162-Pos163-Pos225
162,163,225,Pos162_N-Pos163_P-Pos225_Q,0.0,5.041200897696917e-10,Pos162-Pos163-Pos225
162,163,225,Pos162_N-Pos163_P-Pos225_*,0.0,1.2603002244242293e-10,Pos162-Pos163-Pos225
162,163,225,Pos162_N-Pos163_P-Pos225_S,0.0,3.7809006732726884e-10,Pos162-Pos163-Pos225
162,163,225,Pos162_N-Pos163_P-Pos225_V,0.0,1.2603002244242293e-10,Pos162-Pos163-Pos225
162,163,225,Pos162_N-Pos163_V-Pos225_E,0.0,3.6137008434990735e-07,Pos162-Pos163-Pos225
162,163,225,Pos162_N-Pos163_V-Pos225_I,0.0,2.605250613922286e-07,Pos162-Pos163-Pos225
162,163,225,Pos162_N-Pos163_V-Pos225_N,0.0,8.57634302720688e-08,Pos162-Pos163-Pos225
162,163,225,Pos162_N-Pos163_V-Pos225_M,0.0,8.149941451276684e-09,Pos162-Pos163-Pos225
162,163,225,Pos162_N-Pos163_V-Pos225_T,0.0,8.465016507382741e-09,Pos162-Pos163-Pos225
162,163,225,Pos162_N-Pos163_V-Pos225_L,0.0,9.872351757989797e-10,Pos162-Pos163-Pos225
162,163,225,Pos162_N-Pos163_V-Pos225_R,0.0,2.3105504114444205e-10,Pos162-Pos163-Pos225
162,163,225,Pos162_N-Pos163_V-Pos225_G,0.0,2.3105504114444205e-10,Pos162-Pos163-Pos225
162,163,225,Pos162_N-Pos163_V-Pos225_Q,0.0,1.6804002992323058e-10,Pos162-Pos163-Pos225
162,163,225,Pos162_N-Pos163_V-Pos225_*,0.0,4.2010007480807646e-11,Pos162-Pos163-Pos225
162,163,225,Pos162_N-Pos163_V-Pos225_S,0.0,1.2603002244242296e-10,Pos162-Pos163-Pos225
162,163,225,Pos162_N-Pos163_V-Pos225_V,0.0,4.2010007480807646e-11,Pos162-Pos163-Pos225
162,163,225,Pos162_V-Pos163_F-Pos225_E,4.220477758082215e-05,5.543179501719418e-05,Pos162-Pos163-Pos225
162,163,225,Pos162_V-Pos163_F-Pos225_I,0.0,3.996283152745056e-05,Pos162-Pos163-Pos225
162,163,225,Pos162_V-Pos163_F-Pos225_N,0.0,1.3155546329644492e-05,Pos162-Pos163-Pos225
162,163,225,Pos162_V-Pos163_F-Pos225_M,0.0,1.2501474347053792e-06,Pos162-Pos163-Pos225
162,163,225,Pos162_V-Pos163_F-Pos225_T,1.4068259193607383e-05,1.2984778767687315e-06,Pos162-Pos163-Pos225
162,163,225,Pos162_V-Pos163_F-Pos225_L,0.0,1.5143538513183716e-07,Pos162-Pos163-Pos225
162,163,225,Pos162_V-Pos163_F-Pos225_R,0.0,3.5442324179791675e-08,Pos162-Pos163-Pos225
162,163,225,Pos162_V-Pos163_F-Pos225_G,0.0,3.5442324179791675e-08,Pos162-Pos163-Pos225
162,163,225,Pos162_V-Pos163_F-Pos225_Q,0.0,2.577623576712122e-08,Pos162-Pos163-Pos225
162,163,225,Pos162_V-Pos163_F-Pos225_*,0.0,6.444058941780305e-09,Pos162-Pos163-Pos225
162,163,225,Pos162_V-Pos163_F-Pos225_S,0.0,1.9332176825340914e-08,Pos162-Pos163-Pos225
162,163,225,Pos162_V-Pos163_F-Pos225_V,0.0,6.444058941780305e-09,Pos162-Pos163-Pos225
162,163,225,Pos162_V-Pos163_Y-Pos225_E,0.0,1.1592200478880911e-08,Pos162-Pos163-Pos225
162,163,225,Pos162_V-Pos163_Y-Pos225_I,0.0,8.357246136919318e-09,Pos162-Pos163-Pos225
162,163,225,Pos162_V-Pos163_Y-Pos225_N,0.0,2.7511598788229924e-09,Pos162-Pos163-Pos225
162,163,225,Pos162_V-Pos163_Y-Pos225_M,0.0,2.614376764592998e-10,Pos162-Pos163-Pos225
162,163,225,Pos162_V-Pos163_Y-Pos225_T,0.0,2.715448031265408e-10,Pos162-Pos163-Pos225
162,163,225,Pos162_V-Pos163_Y-Pos225_L,0.0,3.1668996890688374e-11,Pos162-Pos163-Pos225
162,163,225,Pos162_V-Pos163_Y-Pos225_R,0.0,7.411892889310045e-12,Pos162-Pos163-Pos225
162,163,225,Pos162_V-Pos163_Y-Pos225_G,0.0,7.411892889310045e-12,Pos162-Pos163-Pos225
162,163,225,Pos162_V-Pos163_Y-Pos225_Q,0.0,5.390467555861851e-12,Pos162-Pos163-Pos225
162,163,225,Pos162_V-Pos163_Y-Pos225_*,0.0,1.3476168889654628e-12,Pos162-Pos163-Pos225
162,163,225,Pos162_V-Pos163_Y-Pos225_S,0.0,4.0428506668963885e-12,Pos162-Pos163-Pos225
162,163,225,Pos162_V-Pos163_Y-Pos225_V,0.0,1.3476168889654628e-12,Pos162-Pos163-Pos225
162,163,225,Pos162_V-Pos163_A-Pos225_E,0.0,1.053836407170992e-09,Pos162-Pos163-Pos225
162,163,225,Pos162_V-Pos163_A-Pos225_I,0.0,7.597496488108471e-10,Pos162-Pos163-Pos225
162,163,225,Pos162_V-Pos163_A-Pos225_N,0.0,2.5010544352936293e-10,Pos162-Pos163-Pos225
162,163,225,Pos162_V-Pos163_A-Pos225_M,0.0,2.376706149629998e-11,Pos162-Pos163-Pos225
162,163,225,Pos162_V-Pos163_A-Pos225_T,0.0,2.4685891193321887e-11,Pos162-Pos163-Pos225
162,163,225,Pos162_V-Pos163_A-Pos225_L,0.0,2.878999717335307e-12,Pos162-Pos163-Pos225
162,163,225,Pos162_V-Pos163_A-Pos225_R,0.0,6.738084444827314e-13,Pos162-Pos163-Pos225
162,163,225,Pos162_V-Pos163_A-Pos225_G,0.0,6.738084444827314e-13,Pos162-Pos163-Pos225
162,163,225,Pos162_V-Pos163_A-Pos225_Q,0.0,4.900425050783501e-13,Pos162-Pos163-Pos225
162,163,225,Pos162_V-Pos163_A-Pos225_*,0.0,1.2251062626958752e-13,Pos162-Pos163-Pos225
162,163,225,Pos162_V-Pos163_A-Pos225_S,0.0,3.675318788087626e-13,Pos162-Pos163-Pos225
162,163,225,Pos162_V-Pos163_A-Pos225_V,0.0,1.2251062626958752e-13,Pos162-Pos163-Pos225
162,163,225,Pos162_V-Pos163_L-Pos225_E,0.0,5.269182035854959e-09,Pos162-Pos163-Pos225
162,163,225,Pos162_V-Pos163_L-Pos225_I,0.0,3.7987482440542355e-09,Pos162-Pos163-Pos225
162,163,225,Pos162_V-Pos163_L-Pos225_N,0.0,1.2505272176468147e-09,Pos162-Pos163-Pos225
162,163,225,Pos162_V-Pos163_L-Pos225_M,0.0,1.188353074814999e-10,Pos162-Pos163-Pos225
162,163,225,Pos162_V-Pos163_L-Pos225_T,0.0,1.2342945596660944e-10,Pos162-Pos163-Pos225
162,163,225,Pos162_V-Pos163_L-Pos225_L,0.0,1.4394998586676534e-11,Pos162-Pos163-Pos225
162,163,225,Pos162_V-Pos163_L-Pos225_R,0.0,3.369042222413657e-12,Pos162-Pos163-Pos225
162,163,225,Pos162_V-Pos163_L-Pos225_G,0.0,3.369042222413657e-12,Pos162-Pos163-Pos225
162,163,225,Pos162_V-Pos163_L-Pos225_Q,0.0,2.4502125253917506e-12,Pos162-Pos163-Pos225
162,163,225,Pos162_V-Pos163_L-Pos225_*,0.0,6.125531313479376e-13,Pos162-Pos163-Pos225
162,163,225,Pos162_V-Pos163_L-Pos225_S,0.0,1.837659394043813e-12,Pos162-Pos163-Pos225
162,163,225,Pos162_V-Pos163_L-Pos225_V,0.0,6.125531313479376e-13,Pos162-Pos163-Pos225
162,163,225,Pos162_V-Pos163_P-Pos225_E,0.0,3.1615092215129754e-09,Pos162-Pos163-Pos225
162,163,225,Pos162_V-Pos163_P-Pos225_I,0.0,2.2792489464325413e-09,Pos162-Pos163-Pos225
162,163,225,Pos162_V-Pos163_P-Pos225_N,0.0,7.503163305880889e-10,Pos162-Pos163-Pos225
162,163,225,Pos162_V-Pos163_P-Pos225_M,0.0,7.130118448889994e-11,Pos162-Pos163-Pos225
162,163,225,Pos162_V-Pos163_P-Pos225_T,0.0,7.405767357996566e-11,Pos162-Pos163-Pos225
162,163,225,Pos162_V-Pos163_P-Pos225_L,0.0,8.63699915200592e-12,Pos162-Pos163-Pos225
162,163,225,Pos162_V-Pos163_P-Pos225_R,0.0,2.0214253334481942e-12,Pos162-Pos163-Pos225
162,163,225,Pos162_V-Pos163_P-Pos225_G,0.0,2.0214253334481942e-12,Pos162-Pos163-Pos225
162,163,225,Pos162_V-Pos163_P-Pos225_Q,0.0,1.4701275152350504e-12,Pos162-Pos163-Pos225
162,163,225,Pos162_V-Pos163_P-Pos225_*,0.0,3.675318788087626e-13,Pos162-Pos163-Pos225
162,163,225,Pos162_V-Pos163_P-Pos225_S,0.0,1.1025956364262877e-12,Pos162-Pos163-Pos225
162,163,225,Pos162_V-Pos163_P-Pos225_V,0.0,3.675318788087626e-13,Pos162-Pos163-Pos225
162,163,225,Pos162_V-Pos163_V-Pos225_E,0.0,1.053836407170992e-09,Pos162-Pos163-Pos225
162,163,225,Pos162_V-Pos163_V-Pos225_I,0.0,7.597496488108471e-10,Pos162-Pos163-Pos225
162,163,225,Pos162_V-Pos163_V-Pos225_N,0.0,2.5010544352936293e-10,Pos162-Pos163-Pos225
162,163,225,Pos162_V-Pos163_V-Pos225_M,0.0,2.376706149629998e-11,Pos162-Pos163-Pos225
162,163,225,Pos162_V-Pos163_V-Pos225_T,0.0,2.4685891193321887e-11,Pos162-Pos163-Pos225
162,163,225,Pos162_V-Pos163_V-Pos225_L,0.0,2.878999717335307e-12,Pos162-Pos163-Pos225
162,163,225,Pos162_V-Pos163_V-Pos225_R,0.0,6.738084444827314e-13,Pos162-Pos163-Pos225
162,163,225,Pos162_V-Pos163_V-Pos225_G,0.0,6.738084444827314e-13,Pos162-Pos163-Pos225
162,163,225,Pos162_V-Pos163_V-Pos225_Q,0.0,4.900425050783501e-13,Pos162-Pos163-Pos225
162,163,225,Pos162_V-Pos163_V-Pos225_*,0.0,1.2251062626958752e-13,Pos162-Pos163-Pos225
162,163,225,Pos162_V-Pos163_V-Pos225_S,0.0,3.675318788087626e-13,Pos162-Pos163-Pos225
162,163,225,Pos162_V-Pos163_V-Pos225_V,0.0,1.2251062626958752e-13,Pos162-Pos163-Pos225
162,163,225,Pos162_T-Pos163_F-Pos225_E,0.0,2.519627046236099e-05,Pos162-Pos163-Pos225
162,163,225,Pos162_T-Pos163_F-Pos225_I,0.0,1.8164923421568436e-05,Pos162-Pos163-Pos225
162,163,225,Pos162_T-Pos163_F-Pos225_N,0.0,5.979793786202042e-06,Pos162-Pos163-Pos225
162,163,225,Pos162_T-Pos163_F-Pos225_M,0.0,5.682488339569906e-07,Pos162-Pos163-Pos225
162,163,225,Pos162_T-Pos163_F-Pos225_T,0.0,5.902172167130597e-07,Pos162-Pos163-Pos225
162,163,225,Pos162_T-Pos163_F-Pos225_L,0.0,6.883426596901689e-08,Pos162-Pos163-Pos225
162,163,225,Pos162_T-Pos163_F-Pos225_R,0.0,1.611014735445076e-08,Pos162-Pos163-Pos225
162,163,225,Pos162_T-Pos163_F-Pos225_G,0.0,1.611014735445076e-08,Pos162-Pos163-Pos225
162,163,225,Pos162_T-Pos163_F-Pos225_Q,0.0,1.1716470803236917e-08,Pos162-Pos163-Pos225
162,163,225,Pos162_T-Pos163_F-Pos225_*,0.0,2.929117700809229e-09,Pos162-Pos163-Pos225
162,163,225,Pos162_T-Pos163_F-Pos225_S,0.0,8.787353102427689e-09,Pos162-Pos163-Pos225
162,163,225,Pos162_T-Pos163_F-Pos225_V,0.0,2.929117700809229e-09,Pos162-Pos163-Pos225
162,163,225,Pos162_T-Pos163_Y-Pos225_E,0.0,5.269182035854959e-09,Pos162-Pos163-Pos225
162,163,225,Pos162_T-Pos163_Y-Pos225_I,0.0,3.7987482440542355e-09,Pos162-Pos163-Pos225
162,163,225,Pos162_T-Pos163_Y-Pos225_N,0.0,1.2505272176468147e-09,Pos162-Pos163-Pos225
162,163,225,Pos162_T-Pos163_Y-Pos225_M,0.0,1.188353074814999e-10,Pos162-Pos163-Pos225
162,163,225,Pos162_T-Pos163_Y-Pos225_T,0.0,1.2342945596660944e-10,Pos162-Pos163-Pos225
162,163,225,Pos162_T-Pos163_Y-Pos225_L,0.0,1.4394998586676534e-11,Pos162-Pos163-Pos225
162,163,225,Pos162_T-Pos163_Y-Pos225_R,0.0,3.369042222413657e-12,Pos162-Pos163-Pos225
162,163,225,Pos162_T-Pos163_Y-Pos225_G,0.0,3.369042222413657e-12,Pos162-Pos163-Pos225
162,163,225,Pos162_T-Pos163_Y-Pos225_Q,0.0,2.4502125253917506e-12,Pos162-Pos163-Pos225
162,163,225,Pos162_T-Pos163_Y-Pos225_*,0.0,6.125531313479376e-13,Pos162-Pos163-Pos225
162,163,225,Pos162_T-Pos163_Y-Pos225_S,0.0,1.837659394043813e-12,Pos162-Pos163-Pos225
162,163,225,Pos162_T-Pos163_Y-Pos225_V,0.0,6.125531313479376e-13,Pos162-Pos163-Pos225
162,163,225,Pos162_T-Pos163_A-Pos225_E,0.0,4.790165487140871e-10,Pos162-Pos163-Pos225
162,163,225,Pos162_T-Pos163_A-Pos225_I,0.0,3.4534074945947593e-10,Pos162-Pos163-Pos225
162,163,225,Pos162_T-Pos163_A-Pos225_N,0.0,1.1368429251334679e-10,Pos162-Pos163-Pos225
162,163,225,Pos162_T-Pos163_A-Pos225_M,0.0,1.0803209771045446e-11,Pos162-Pos163-Pos225
162,163,225,Pos162_T-Pos163_A-Pos225_T,0.0,1.1220859633328131e-11,Pos162-Pos163-Pos225
162,163,225,Pos162_T-Pos163_A-Pos225_L,0.0,1.3086362351524122e-12,Pos162-Pos163-Pos225
162,163,225,Pos162_T-Pos163_A-Pos225_R,0.0,3.062765656739688e-13,Pos162-Pos163-Pos225
162,163,225,Pos162_T-Pos163_A-Pos225_G,0.0,3.062765656739688e-13,Pos162-Pos163-Pos225
162,163,225,Pos162_T-Pos163_A-Pos225_Q,0.0,2.2274659321743186e-13,Pos162-Pos163-Pos225
162,163,225,Pos162_T-Pos163_A-Pos225_*,0.0,5.5686648304357966e-14,Pos162-Pos163-Pos225
162,163,225,Pos162_T-Pos163_A-Pos225_S,0.0,1.670599449130739e-13,Pos162-Pos163-Pos225
162,163,225,Pos162_T-Pos163_A-Pos225_V,0.0,5.5686648304357966e-14,Pos162-Pos163-Pos225
162,163,225,Pos162_T-Pos163_L-Pos225_E,0.0,2.395082743570436e-09,Pos162-Pos163-Pos225
162,163,225,Pos162_T-Pos163_L-Pos225_I,0.0,1.7267037472973797e-09,Pos162-Pos163-Pos225
162,163,225,Pos162_T-Pos163_L-Pos225_N,0.0,5.68421462566734e-10,Pos162-Pos163-Pos225
162,163,225,Pos162_T-Pos163_L-Pos225_M,0.0,5.401604885522723e-11,Pos162-Pos163-Pos225
162,163,225,Pos162_T-Pos163_L-Pos225_T,0.0,5.610429816664066e-11,Pos162-Pos163-Pos225
162,163,225,Pos162_T-Pos163_L-Pos225_L,0.0,6.543181175762061e-12,Pos162-Pos163-Pos225
162,163,225,Pos162_T-Pos163_L-Pos225_R,0.0,1.531382828369844e-12,Pos162-Pos163-Pos225
162,163,225,Pos162_T-Pos163_L-Pos225_G,0.0,1.531382828369844e-12,Pos162-Pos163-Pos225
162,163,225,Pos162_T-Pos163_L-Pos225_Q,0.0,1.1137329660871592e-12,Pos162-Pos163-Pos225
162,163,225,Pos162_T-Pos163_L-Pos225_*,0.0,2.784332415217898e-13,Pos162-Pos163-Pos225
162,163,225,Pos162_T-Pos163_L-Pos225_S,0.0,8.352997245653695e-13,Pos162-Pos163-Pos225
162,163,225,Pos162_T-Pos163_L-Pos225_V,0.0,2.784332415217898e-13,Pos162-Pos163-Pos225
162,163,225,Pos162_T-Pos163_P-Pos225_E,0.0,1.4370496461422617e-09,Pos162-Pos163-Pos225
162,163,225,Pos162_T-Pos163_P-Pos225_I,0.0,1.0360222483784278e-09,Pos162-Pos163-Pos225
162,163,225,Pos162_T-Pos163_P-Pos225_N,0.0,3.4105287754004037e-10,Pos162-Pos163-Pos225
162,163,225,Pos162_T-Pos163_P-Pos225_M,0.0,3.240962931313634e-11,Pos162-Pos163-Pos225
162,163,225,Pos162_T-Pos163_P-Pos225_T,0.0,3.3662578899984396e-11,Pos162-Pos163-Pos225
162,163,225,Pos162_T-Pos163_P-Pos225_L,0.0,3.925908705457237e-12,Pos162-Pos163-Pos225
162,163,225,Pos162_T-Pos163_P-Pos225_R,0.0,9.188296970219065e-13,Pos162-Pos163-Pos225
162,163,225,Pos162_T-Pos163_P-Pos225_G,0.0,9.188296970219065e-13,Pos162-Pos163-Pos225
162,163,225,Pos162_T-Pos163_P-Pos225_Q,0.0,6.682397796522956e-13,Pos162-Pos163-Pos225
162,163,225,Pos162_T-Pos163_P-Pos225_*,0.0,1.670599449130739e-13,Pos162-Pos163-Pos225
162,163,225,Pos162_T-Pos163_P-Pos225_S,0.0,5.011798347392217e-13,Pos162-Pos163-Pos225
162,163,225,Pos162_T-Pos163_P-Pos225_V,0.0,1.670599449130739e-13,Pos162-Pos163-Pos225
162,163,225,Pos162_T-Pos163_V-Pos225_E,0.0,4.790165487140871e-10,Pos162-Pos163-Pos225
162,163,225,Pos162_T-Pos163_V-Pos225_I,0.0,3.4534074945947593e-10,Pos162-Pos163-Pos225
162,163,225,Pos162_T-Pos163_V-Pos225_N,0.0,1.1368429251334679e-10,Pos162-Pos163-Pos225
162,163,225,Pos162_T-Pos163_V-Pos225_M,0.0,1.0803209771045446e-11,Pos162-Pos163-Pos225
162,163,225,Pos162_T-Pos163_V-Pos225_T,0.0,1.1220859633328131e-11,Pos162-Pos163-Pos225
162,163,225,Pos162_T-Pos163_V-Pos225_L,0.0,1.3086362351524122e-12,Pos162-Pos163-Pos225
162,163,225,Pos162_T-Pos163_V-Pos225_R,0.0,3.062765656739688e-13,Pos162-Pos163-Pos225
162,163,225,Pos162_T-Pos163_V-Pos225_G,0.0,3.062765656739688e-13,Pos162-Pos163-Pos225
162,163,225,Pos162_T-Pos163_V-Pos225_Q,0.0,2.2274659321743186e-13,Pos162-Pos163-Pos225
162,163,225,Pos162_T-Pos163_V-Pos225_*,0.0,5.5686648304357966e-14,Pos162-Pos163-Pos225
162,163,225,Pos162_T-Pos163_V-Pos225_S,0.0,1.670599449130739e-13,Pos162-Pos163-Pos225
162,163,225,Pos162_T-Pos163_V-Pos225_V,0.0,5.5686648304357966e-14,Pos162-Pos163-Pos225
162,163,225,Pos162_C-Pos163_F-Pos225_E,0.0,7.558881138708296e-06,Pos162-Pos163-Pos225
162,163,225,Pos162_C-Pos163_F-Pos225_I,0.0,5.449477026470531e-06,Pos162-Pos163-Pos225
162,163,225,Pos162_C-Pos163_F-Pos225_N,0.0,1.7939381358606124e-06,Pos162-Pos163-Pos225
162,163,225,Pos162_C-Pos163_F-Pos225_M,0.0,1.7047465018709716e-07,Pos162-Pos163-Pos225
162,163,225,Pos162_C-Pos163_F-Pos225_T,0.0,1.770651650139179e-07,Pos162-Pos163-Pos225
162,163,225,Pos162_C-Pos163_F-Pos225_L,0.0,2.0650279790705064e-08,Pos162-Pos163-Pos225
162,163,225,Pos162_C-Pos163_F-Pos225_R,0.0,4.8330442063352284e-09,Pos162-Pos163-Pos225
162,163,225,Pos162_C-Pos163_F-Pos225_G,0.0,4.8330442063352284e-09,Pos162-Pos163-Pos225
162,163,225,Pos162_C-Pos163_F-Pos225_Q,0.0,3.514941240971075e-09,Pos162-Pos163-Pos225
162,163,225,Pos162_C-Pos163_F-Pos225_*,0.0,8.787353102427687e-10,Pos162-Pos163-Pos225
162,163,225,Pos162_C-Pos163_F-Pos225_S,0.0,2.6362059307283063e-09,Pos162-Pos163-Pos225
162,163,225,Pos162_C-Pos163_F-Pos225_V,0.0,8.787353102427687e-10,Pos162-Pos163-Pos225
162,163,225,Pos162_C-Pos163_Y-Pos225_E,0.0,1.5807546107564877e-09,Pos162-Pos163-Pos225
162,163,225,Pos162_C-Pos163_Y-Pos225_I,0.0,1.1396244732162706e-09,Pos162-Pos163-Pos225
162,163,225,Pos162_C-Pos163_Y-Pos225_N,0.0,3.7515816529404443e-10,Pos162-Pos163-Pos225
162,163,225,Pos162_C-Pos163_Y-Pos225_M,0.0,3.565059224444997e-11,Pos162-Pos163-Pos225
162,163,225,Pos162_C-Pos163_Y-Pos225_T,0.0,3.702883678998283e-11,Pos162-Pos163-Pos225
162,163,225,Pos162_C-Pos163_Y-Pos225_L,0.0,4.31849957600296e-12,Pos162-Pos163-Pos225
162,163,225,Pos162_C-Pos163_Y-Pos225_R,0.0,1.0107126667240971e-12,Pos162-Pos163-Pos225
162,163,225,Pos162_C-Pos163_Y-Pos225_G,0.0,1.0107126667240971e-12,Pos162-Pos163-Pos225
162,163,225,Pos162_C-Pos163_Y-Pos225_Q,0.0,7.350637576175252e-13,Pos162-Pos163-Pos225
162,163,225,Pos162_C-Pos163_Y-Pos225_*,0.0,1.837659394043813e-13,Pos162-Pos163-Pos225
162,163,225,Pos162_C-Pos163_Y-Pos225_S,0.0,5.512978182131439e-13,Pos162-Pos163-Pos225
162,163,225,Pos162_C-Pos163_Y-Pos225_V,0.0,1.837659394043813e-13,Pos162-Pos163-Pos225
162,163,225,Pos162_C-Pos163_A-Pos225_E,0.0,1.4370496461422617e-10,Pos162-Pos163-Pos225
162,163,225,Pos162_C-Pos163_A-Pos225_I,0.0,1.0360222483784278e-10,Pos162-Pos163-Pos225
162,163,225,Pos162_C-Pos163_A-Pos225_N,0.0,3.410528775400404e-11,Pos162-Pos163-Pos225
162,163,225,Pos162_C-Pos163_A-Pos225_M,0.0,3.240962931313634e-12,Pos162-Pos163-Pos225
162,163,225,Pos162_C-Pos163_A-Pos225_T,0.0,3.3662578899984395e-12,Pos162-Pos163-Pos225
162,163,225,Pos162_C-Pos163_A-Pos225_L,0.0,3.925908705457237e-13,Pos162-Pos163-Pos225
162,163,225,Pos162_C-Pos163_A-Pos225_R,0.0,9.188296970219065e-14,Pos162-Pos163-Pos225
162,163,225,Pos162_C-Pos163_A-Pos225_G,0.0,9.188296970219065e-14,Pos162-Pos163-Pos225
162,163,225,Pos162_C-Pos163_A-Pos225_Q,0.0,6.682397796522956e-14,Pos162-Pos163-Pos225
162,163,225,Pos162_C-Pos163_A-Pos225_*,0.0,1.670599449130739e-14,Pos162-Pos163-Pos225
162,163,225,Pos162_C-Pos163_A-Pos225_S,0.0,5.0117983473922176e-14,Pos162-Pos163-Pos225
162,163,225,Pos162_C-Pos163_A-Pos225_V,0.0,1.670599449130739e-14,Pos162-Pos163-Pos225
162,163,225,Pos162_C-Pos163_L-Pos225_E,0.0,7.185248230711308e-10,Pos162-Pos163-Pos225
162,163,225,Pos162_C-Pos163_L-Pos225_I,0.0,5.180111241892139e-10,Pos162-Pos163-Pos225
162,163,225,Pos162_C-Pos163_L-Pos225_N,0.0,1.7052643877002019e-10,Pos162-Pos163-Pos225
162,163,225,Pos162_C-Pos163_L-Pos225_M,0.0,1.620481465656817e-11,Pos162-Pos163-Pos225
162,163,225,Pos162_C-Pos163_L-Pos225_T,0.0,1.6831289449992198e-11,Pos162-Pos163-Pos225
162,163,225,Pos162_C-Pos163_L-Pos225_L,0.0,1.9629543527286183e-12,Pos162-Pos163-Pos225
162,163,225,Pos162_C-Pos163_L-Pos225_R,0.0,4.594148485109533e-13,Pos162-Pos163-Pos225
162,163,225,Pos162_C-Pos163_L-Pos225_G,0.0,4.594148485109533e-13,Pos162-Pos163-Pos225
162,163,225,Pos162_C-Pos163_L-Pos225_Q,0.0,3.341198898261478e-13,Pos162-Pos163-Pos225
162,163,225,Pos162_C-Pos163_L-Pos225_*,0.0,8.352997245653695e-14,Pos162-Pos163-Pos225
162,163,225,Pos162_C-Pos163_L-Pos225_S,0.0,2.5058991736961085e-13,Pos162-Pos163-Pos225
162,163,225,Pos162_C-Pos163_L-Pos225_V,0.0,8.352997245653695e-14,Pos162-Pos163-Pos225
162,163,225,Pos162_C-Pos163_P-Pos225_E,0.0,4.3111489384267854e-10,Pos162-Pos163-Pos225
162,163,225,Pos162_C-Pos163_P-Pos225_I,0.0,3.1080667451352837e-10,Pos162-Pos163-Pos225
162,163,225,Pos162_C-Pos163_P-Pos225_N,0.0,1.0231586326201212e-10,Pos162-Pos163-Pos225
162,163,225,Pos162_C-Pos163_P-Pos225_M,0.0,9.722888793940902e-12,Pos162-Pos163-Pos225
162,163,225,Pos162_C-Pos163_P-Pos225_T,0.0,1.009877366999532e-11,Pos162-Pos163-Pos225
162,163,225,Pos162_C-Pos163_P-Pos225_L,0.0,1.177772611637171e-12,Pos162-Pos163-Pos225
162,163,225,Pos162_C-Pos163_P-Pos225_R,0.0,2.75648909106572e-13,Pos162-Pos163-Pos225
162,163,225,Pos162_C-Pos163_P-Pos225_G,0.0,2.75648909106572e-13,Pos162-Pos163-Pos225
162,163,225,Pos162_C-Pos163_P-Pos225_Q,0.0,2.004719338956887e-13,Pos162-Pos163-Pos225
162,163,225,Pos162_C-Pos163_P-Pos225_*,0.0,5.0117983473922176e-14,Pos162-Pos163-Pos225
162,163,225,Pos162_C-Pos163_P-Pos225_S,0.0,1.5035395042176653e-13,Pos162-Pos163-Pos225
162,163,225,Pos162_C-Pos163_P-Pos225_V,0.0,5.0117983473922176e-14,Pos162-Pos163-Pos225
162,163,225,Pos162_C-Pos163_V-Pos225_E,0.0,1.4370496461422617e-10,Pos162-Pos163-Pos225
162,163,225,Pos162_C-Pos163_V-Pos225_I,0.0,1.0360222483784278e-10,Pos162-Pos163-Pos225
162,163,225,Pos162_C-Pos163_V-Pos225_N,0.0,3.410528775400404e-11,Pos162-Pos163-Pos225
162,163,225,Pos162_C-Pos163_V-Pos225_M,0.0,3.240962931313634e-12,Pos162-Pos163-Pos225
162,163,225,Pos162_C-Pos163_V-Pos225_T,0.0,3.3662578899984395e-12,Pos162-Pos163-Pos225
162,163,225,Pos162_C-Pos163_V-Pos225_L,0.0,3.925908705457237e-13,Pos162-Pos163-Pos225
162,163,225,Pos162_C-Pos163_V-Pos225_R,0.0,9.188296970219065e-14,Pos162-Pos163-Pos225
162,163,225,Pos162_C-Pos163_V-Pos225_G,0.0,9.188296970219065e-14,Pos162-Pos163-Pos225
162,163,225,Pos162_C-Pos163_V-Pos225_Q,0.0,6.682397796522956e-14,Pos162-Pos163-Pos225
162,163,225,Pos162_C-Pos163_V-Pos225_*,0.0,1.670599449130739e-14,Pos162-Pos163-Pos225
162,163,225,Pos162_C-Pos163_V-Pos225_S,0.0,5.0117983473922176e-14,Pos162-Pos163-Pos225
162,163,225,Pos162_C-Pos163_V-Pos225_V,0.0,1.670599449130739e-14,Pos162-Pos163-Pos225
162,163,402,Pos162_I-Pos163_F-Pos402_C,0.00806111251793703,0.005190855558577671,Pos162-Pos163-Pos402
162,163,402,Pos162_I-Pos163_F-Pos402_H,0.0009707098843589094,0.0006628455688399348,Pos162-Pos163-Pos402
162,163,402,Pos162_I-Pos163_F-Pos402_S,0.0003376382206465772,0.00033572697642542153,Pos162-Pos163-Pos402
162,163,402,Pos162_I-Pos163_F-Pos402_V,0.00030950170225936243,0.00024103475230543084,Pos162-Pos163-Pos402
162,163,402,Pos162_I-Pos163_F-Pos402_L,2.8136518387214766e-05,1.721676802181649e-05,Pos162-Pos163-Pos402
162,163,402,Pos162_I-Pos163_F-Pos402_E,0.0,8.608384010908244e-06,Pos162-Pos163-Pos402
162,163,402,Pos162_I-Pos163_F-Pos402_K,1.4068259193607383e-05,8.608384010908244e-06,Pos162-Pos163-Pos402
162,163,402,Pos162_I-Pos163_Y-Pos402_C,0.0,1.0855401358242277e-06,Pos162-Pos163-Pos402
162,163,402,Pos162_I-Pos163_Y-Pos402_H,0.0,1.3861789462432095e-07,Pos162-Pos163-Pos402
162,163,402,Pos162_I-Pos163_Y-Pos402_S,0.0,7.020906351101971e-08,Pos162-Pos163-Pos402
162,163,402,Pos162_I-Pos163_Y-Pos402_V,0.0,5.040650713611671e-08,Pos162-Pos163-Pos402
162,163,402,Pos162_I-Pos163_Y-Pos402_L,0.0,3.600464795436908e-09,Pos162-Pos163-Pos402
162,163,402,Pos162_I-Pos163_Y-Pos402_E,0.0,1.800232397718454e-09,Pos162-Pos163-Pos402
162,163,402,Pos162_I-Pos163_Y-Pos402_K,0.0,1.800232397718454e-09,Pos162-Pos163-Pos402
162,163,402,Pos162_I-Pos163_A-Pos402_C,0.0,9.868546689311162e-08,Pos162-Pos163-Pos402
162,163,402,Pos162_I-Pos163_A-Pos402_H,0.0,1.2601626784029178e-08,Pos162-Pos163-Pos402
162,163,402,Pos162_I-Pos163_A-Pos402_S,0.0,6.382642137365428e-09,Pos162-Pos163-Pos402
162,163,402,Pos162_I-Pos163_A-Pos402_V,0.0,4.5824097396469736e-09,Pos162-Pos163-Pos402
162,163,402,Pos162_I-Pos163_A-Pos402_L,0.0,3.2731498140335527e-10,Pos162-Pos163-Pos402
162,163,402,Pos162_I-Pos163_A-Pos402_E,0.0,1.6365749070167763e-10,Pos162-Pos163-Pos402
162,163,402,Pos162_I-Pos163_A-Pos402_K,0.0,1.6365749070167763e-10,Pos162-Pos163-Pos402
162,163,402,Pos162_I-Pos163_L-Pos402_C,0.0,4.934273344655581e-07,Pos162-Pos163-Pos402
162,163,402,Pos162_I-Pos163_L-Pos402_H,0.0,6.300813392014589e-08,Pos162-Pos163-Pos402
162,163,402,Pos162_I-Pos163_L-Pos402_S,0.0,3.191321068682714e-08,Pos162-Pos163-Pos402
162,163,402,Pos162_I-Pos163_L-Pos402_V,0.0,2.2912048698234867e-08,Pos162-Pos163-Pos402
162,163,402,Pos162_I-Pos163_L-Pos402_L,0.0,1.6365749070167762e-09,Pos162-Pos163-Pos402
162,163,402,Pos162_I-Pos163_L-Pos402_E,0.0,8.182874535083881e-10,Pos162-Pos163-Pos402
162,163,402,Pos162_I-Pos163_L-Pos402_K,0.0,8.182874535083881e-10,Pos162-Pos163-Pos402
162,163,402,Pos162_I-Pos163_P-Pos402_C,0.0,2.9605640067933486e-07,Pos162-Pos163-Pos402
162,163,402,Pos162_I-Pos163_P-Pos402_H,0.0,3.7804880352087537e-08,Pos162-Pos163-Pos402
162,163,402,Pos162_I-Pos163_P-Pos402_S,0.0,1.9147926412096286e-08,Pos162-Pos163-Pos402
162,163,402,Pos162_I-Pos163_P-Pos402_V,0.0,1.3747229218940922e-08,Pos162-Pos163-Pos402
162,163,402,Pos162_I-Pos163_P-Pos402_L,0.0,9.81944944210066e-10,Pos162-Pos163-Pos402
162,163,402,Pos162_I-Pos163_P-Pos402_E,0.0,4.90972472105033e-10,Pos162-Pos163-Pos402
162,163,402,Pos162_I-Pos163_P-Pos402_K,0.0,4.90972472105033e-10,Pos162-Pos163-Pos402
162,163,402,Pos162_I-Pos163_V-Pos402_C,0.0,9.868546689311162e-08,Pos162-Pos163-Pos402
162,163,402,Pos162_I-Pos163_V-Pos402_H,0.0,1.2601626784029178e-08,Pos162-Pos163-Pos402
162,163,402,Pos162_I-Pos163_V-Pos402_S,0.0,6.382642137365428e-09,Pos162-Pos163-Pos402
162,163,402,Pos162_I-Pos163_V-Pos402_V,0.0,4.5824097396469736e-09,Pos162-Pos163-Pos402
162,163,402,Pos162_I-Pos163_V-Pos402_L,0.0,3.2731498140335527e-10,Pos162-Pos163-Pos402
162,163,402,Pos162_I-Pos163_V-Pos402_E,0.0,1.6365749070167763e-10,Pos162-Pos163-Pos402
162,163,402,Pos162_I-Pos163_V-Pos402_K,0.0,1.6365749070167763e-10,Pos162-Pos163-Pos402
162,163,402,Pos162_N-Pos163_F-Pos402_C,0.0,0.0006662325076373805,Pos162-Pos163-Pos402
162,163,402,Pos162_N-Pos163_F-Pos402_H,0.0,8.507446614938357e-05,Pos162-Pos163-Pos402
162,163,402,Pos162_N-Pos163_F-Pos402_S,0.0,4.308966467306441e-05,Pos162-Pos163-Pos402
162,163,402,Pos162_N-Pos163_F-Pos402_V,0.0,3.093616950886675e-05,Pos162-Pos163-Pos402
162,163,402,Pos162_N-Pos163_F-Pos402_L,0.0,2.2097263934904826e-06,Pos162-Pos163-Pos402
162,163,402,Pos162_N-Pos163_F-Pos402_E,0.0,1.1048631967452413e-06,Pos162-Pos163-Pos402
162,163,402,Pos162_N-Pos163_F-Pos402_K,0.0,1.1048631967452413e-06,Pos162-Pos163-Pos402
162,163,402,Pos162_N-Pos163_Y-Pos402_C,0.0,1.393261898100986e-07,Pos162-Pos163-Pos402
162,163,402,Pos162_N-Pos163_Y-Pos402_H,0.0,1.779123816812204e-08,Pos162-Pos163-Pos402
162,163,402,Pos162_N-Pos163_Y-Pos402_S,0.0,9.011146604633241e-09,Pos162-Pos163-Pos402
162,163,402,Pos162_N-Pos163_Y-Pos402_V,0.0,6.469541152044378e-09,Pos162-Pos163-Pos402
162,163,402,Pos162_N-Pos163_Y-Pos402_L,0.0,4.6211008228888415e-10,Pos162-Pos163-Pos402
162,163,402,Pos162_N-Pos163_Y-Pos402_E,0.0,2.3105504114444207e-10,Pos162-Pos163-Pos402
162,163,402,Pos162_N-Pos163_Y-Pos402_K,0.0,2.3105504114444207e-10,Pos162-Pos163-Pos402
162,163,402,Pos162_N-Pos163_A-Pos402_C,0.0,1.2666017255463505e-08,Pos162-Pos163-Pos402
162,163,402,Pos162_N-Pos163_A-Pos402_H,0.0,1.6173852880110945e-09,Pos162-Pos163-Pos402
162,163,402,Pos162_N-Pos163_A-Pos402_S,0.0,8.191951458757492e-10,Pos162-Pos163-Pos402
162,163,402,Pos162_N-Pos163_A-Pos402_V,0.0,5.88140104731307e-10,Pos162-Pos163-Pos402
162,163,402,Pos162_N-Pos163_A-Pos402_L,0.0,4.2010007480807646e-11,Pos162-Pos163-Pos402
162,163,402,Pos162_N-Pos163_A-Pos402_E,0.0,2.1005003740403823e-11,Pos162-Pos163-Pos402
162,163,402,Pos162_N-Pos163_A-Pos402_K,0.0,2.1005003740403823e-11,Pos162-Pos163-Pos402
162,163,402,Pos162_N-Pos163_L-Pos402_C,0.0,6.333008627731753e-08,Pos162-Pos163-Pos402
162,163,402,Pos162_N-Pos163_L-Pos402_H,0.0,8.086926440055471e-09,Pos162-Pos163-Pos402
162,163,402,Pos162_N-Pos163_L-Pos402_S,0.0,4.095975729378746e-09,Pos162-Pos163-Pos402
162,163,402,Pos162_N-Pos163_L-Pos402_V,0.0,2.940700523656535e-09,Pos162-Pos163-Pos402
162,163,402,Pos162_N-Pos163_L-Pos402_L,0.0,2.1005003740403823e-10,Pos162-Pos163-Pos402
162,163,402,Pos162_N-Pos163_L-Pos402_E,0.0,1.0502501870201912e-10,Pos162-Pos163-Pos402
162,163,402,Pos162_N-Pos163_L-Pos402_K,0.0,1.0502501870201912e-10,Pos162-Pos163-Pos402
162,163,402,Pos162_N-Pos163_P-Pos402_C,0.0,3.7998051766390514e-08,Pos162-Pos163-Pos402
162,163,402,Pos162_N-Pos163_P-Pos402_H,0.0,4.852155864033283e-09,Pos162-Pos163-Pos402
162,163,402,Pos162_N-Pos163_P-Pos402_S,0.0,2.4575854376272477e-09,Pos162-Pos163-Pos402
162,163,402,Pos162_N-Pos163_P-Pos402_V,0.0,1.764420314193921e-09,Pos162-Pos163-Pos402
162,163,402,Pos162_N-Pos163_P-Pos402_L,0.0,1.2603002244242293e-10,Pos162-Pos163-Pos402
162,163,402,Pos162_N-Pos163_P-Pos402_E,0.0,6.301501122121147e-11,Pos162-Pos163-Pos402
162,163,402,Pos162_N-Pos163_P-Pos402_K,0.0,6.301501122121147e-11,Pos162-Pos163-Pos402
162,163,402,Pos162_N-Pos163_V-Pos402_C,0.0,1.2666017255463505e-08,Pos162-Pos163-Pos402
162,163,402,Pos162_N-Pos163_V-Pos402_H,0.0,1.6173852880110945e-09,Pos162-Pos163-Pos402
162,163,402,Pos162_N-Pos163_V-Pos402_S,0.0,8.191951458757492e-10,Pos162-Pos163-Pos402
162,163,402,Pos162_N-Pos163_V-Pos402_V,0.0,5.88140104731307e-10,Pos162-Pos163-Pos402
162,163,402,Pos162_N-Pos163_V-Pos402_L,0.0,4.2010007480807646e-11,Pos162-Pos163-Pos402
162,163,402,Pos162_N-Pos163_V-Pos402_E,0.0,2.1005003740403823e-11,Pos162-Pos163-Pos402
162,163,402,Pos162_N-Pos163_V-Pos402_K,0.0,2.1005003740403823e-11,Pos162-Pos163-Pos402
162,163,402,Pos162_V-Pos163_F-Pos402_C,0.0,1.942883770946762e-06,Pos162-Pos163-Pos402
162,163,402,Pos162_V-Pos163_F-Pos402_H,0.0,2.4809626925854174e-07,Pos162-Pos163-Pos402
162,163,402,Pos162_V-Pos163_F-Pos402_S,0.0,1.2565914936471596e-07,Pos162-Pos163-Pos402
162,163,402,Pos162_V-Pos163_F-Pos402_V,0.0,9.021682518492427e-08,Pos162-Pos163-Pos402
162,163,402,Pos162_V-Pos163_F-Pos402_L,0.0,6.444058941780305e-09,Pos162-Pos163-Pos402
162,163,402,Pos162_V-Pos163_F-Pos402_E,0.0,3.2220294708901524e-09,Pos162-Pos163-Pos402
162,163,402,Pos162_V-Pos163_F-Pos402_K,0.0,3.2220294708901524e-09,Pos162-Pos163-Pos402
162,163,402,Pos162_V-Pos163_Y-Pos402_C,0.0,4.0630649202308706e-10,Pos162-Pos163-Pos402
162,163,402,Pos162_V-Pos163_Y-Pos402_H,0.0,5.188325022517032e-11,Pos162-Pos163-Pos402
162,163,402,Pos162_V-Pos163_Y-Pos402_S,0.0,2.6278529334826526e-11,Pos162-Pos163-Pos402
162,163,402,Pos162_V-Pos163_Y-Pos402_V,0.0,1.8866636445516478e-11,Pos162-Pos163-Pos402
162,163,402,Pos162_V-Pos163_Y-Pos402_L,0.0,1.3476168889654628e-12,Pos162-Pos163-Pos402
162,163,402,Pos162_V-Pos163_Y-Pos402_E,0.0,6.738084444827314e-13,Pos162-Pos163-Pos402
162,163,402,Pos162_V-Pos163_Y-Pos402_K,0.0,6.738084444827314e-13,Pos162-Pos163-Pos402
162,163,402,Pos162_V-Pos163_A-Pos402_C,0.0,3.693695382028064e-11,Pos162-Pos163-Pos402
162,163,402,Pos162_V-Pos163_A-Pos402_H,0.0,4.7166591113791195e-12,Pos162-Pos163-Pos402
162,163,402,Pos162_V-Pos163_A-Pos402_S,0.0,2.388957212256957e-12,Pos162-Pos163-Pos402
162,163,402,Pos162_V-Pos163_A-Pos402_V,0.0,1.7151487677742253e-12,Pos162-Pos163-Pos402
162,163,402,Pos162_V-Pos163_A-Pos402_L,0.0,1.2251062626958752e-13,Pos162-Pos163-Pos402
162,163,402,Pos162_V-Pos163_A-Pos402_E,0.0,6.125531313479376e-14,Pos162-Pos163-Pos402
162,163,402,Pos162_V-Pos163_A-Pos402_K,0.0,6.125531313479376e-14,Pos162-Pos163-Pos402
162,163,402,Pos162_V-Pos163_L-Pos402_C,0.0,1.846847691014032e-10,Pos162-Pos163-Pos402
162,163,402,Pos162_V-Pos163_L-Pos402_H,0.0,2.35832955568956e-11,Pos162-Pos163-Pos402
162,163,402,Pos162_V-Pos163_L-Pos402_S,0.0,1.1944786061284784e-11,Pos162-Pos163-Pos402
162,163,402,Pos162_V-Pos163_L-Pos402_V,0.0,8.575743838871126e-12,Pos162-Pos163-Pos402
162,163,402,Pos162_V-Pos163_L-Pos402_L,0.0,6.125531313479376e-13,Pos162-Pos163-Pos402
162,163,402,Pos162_V-Pos163_L-Pos402_E,0.0,3.062765656739688e-13,Pos162-Pos163-Pos402
162,163,402,Pos162_V-Pos163_L-Pos402_K,0.0,3.062765656739688e-13,Pos162-Pos163-Pos402
162,163,402,Pos162_V-Pos163_P-Pos402_C,0.0,1.1081086146084192e-10,Pos162-Pos163-Pos402
162,163,402,Pos162_V-Pos163_P-Pos402_H,0.0,1.414997733413736e-11,Pos162-Pos163-Pos402
162,163,402,Pos162_V-Pos163_P-Pos402_S,0.0,7.1668716367708705e-12,Pos162-Pos163-Pos402
162,163,402,Pos162_V-Pos163_P-Pos402_V,0.0,5.145446303322676e-12,Pos162-Pos163-Pos402
162,163,402,Pos162_V-Pos163_P-Pos402_L,0.0,3.675318788087626e-13,Pos162-Pos163-Pos402
162,163,402,Pos162_V-Pos163_P-Pos402_E,0.0,1.837659394043813e-13,Pos162-Pos163-Pos402
162,163,402,Pos162_V-Pos163_P-Pos402_K,0.0,1.837659394043813e-13,Pos162-Pos163-Pos402
162,163,402,Pos162_V-Pos163_V-Pos402_C,0.0,3.693695382028064e-11,Pos162-Pos163-Pos402
162,163,402,Pos162_V-Pos163_V-Pos402_H,0.0,4.7166591113791195e-12,Pos162-Pos163-Pos402
162,163,402,Pos162_V-Pos163_V-Pos402_S,0.0,2.388957212256957e-12,Pos162-Pos163-Pos402
162,163,402,Pos162_V-Pos163_V-Pos402_V,0.0,1.7151487677742253e-12,Pos162-Pos163-Pos402
162,163,402,Pos162_V-Pos163_V-Pos402_L,0.0,1.2251062626958752e-13,Pos162-Pos163-Pos402
162,163,402,Pos162_V-Pos163_V-Pos402_E,0.0,6.125531313479376e-14,Pos162-Pos163-Pos402
162,163,402,Pos162_V-Pos163_V-Pos402_K,0.0,6.125531313479376e-14,Pos162-Pos163-Pos402
162,163,402,Pos162_T-Pos163_F-Pos402_C,0.0,8.831289867939826e-07,Pos162-Pos163-Pos402
162,163,402,Pos162_T-Pos163_F-Pos402_H,0.0,1.1277103148115532e-07,Pos162-Pos163-Pos402
162,163,402,Pos162_T-Pos163_F-Pos402_S,0.0,5.711779516577997e-08,Pos162-Pos163-Pos402
162,163,402,Pos162_T-Pos163_F-Pos402_V,0.0,4.100764781132921e-08,Pos162-Pos163-Pos402
162,163,402,Pos162_T-Pos163_F-Pos402_L,0.0,2.929117700809229e-09,Pos162-Pos163-Pos402
162,163,402,Pos162_T-Pos163_F-Pos402_E,0.0,1.4645588504046146e-09,Pos162-Pos163-Pos402
162,163,402,Pos162_T-Pos163_F-Pos402_K,0.0,1.4645588504046146e-09,Pos162-Pos163-Pos402
162,163,402,Pos162_T-Pos163_Y-Pos402_C,0.0,1.846847691014032e-10,Pos162-Pos163-Pos402
162,163,402,Pos162_T-Pos163_Y-Pos402_H,0.0,2.35832955568956e-11,Pos162-Pos163-Pos402
162,163,402,Pos162_T-Pos163_Y-Pos402_S,0.0,1.1944786061284784e-11,Pos162-Pos163-Pos402
162,163,402,Pos162_T-Pos163_Y-Pos402_V,0.0,8.575743838871126e-12,Pos162-Pos163-Pos402
162,163,402,Pos162_T-Pos163_Y-Pos402_L,0.0,6.125531313479376e-13,Pos162-Pos163-Pos402
162,163,402,Pos162_T-Pos163_Y-Pos402_E,0.0,3.062765656739688e-13,Pos162-Pos163-Pos402
162,163,402,Pos162_T-Pos163_Y-Pos402_K,0.0,3.062765656739688e-13,Pos162-Pos163-Pos402
162,163,402,Pos162_T-Pos163_A-Pos402_C,0.0,1.6789524463763926e-11,Pos162-Pos163-Pos402
162,163,402,Pos162_T-Pos163_A-Pos402_H,0.0,2.1439359597177816e-12,Pos162-Pos163-Pos402
162,163,402,Pos162_T-Pos163_A-Pos402_S,0.0,1.0858896419349803e-12,Pos162-Pos163-Pos402
162,163,402,Pos162_T-Pos163_A-Pos402_V,0.0,7.796130762610114e-13,Pos162-Pos163-Pos402
162,163,402,Pos162_T-Pos163_A-Pos402_L,0.0,5.5686648304357966e-14,Pos162-Pos163-Pos402
162,163,402,Pos162_T-Pos163_A-Pos402_E,0.0,2.7843324152178983e-14,Pos162-Pos163-Pos402
162,163,402,Pos162_T-Pos163_A-Pos402_K,0.0,2.7843324152178983e-14,Pos162-Pos163-Pos402
162,163,402,Pos162_T-Pos163_L-Pos402_C,0.0,8.394762231881963e-11,Pos162-Pos163-Pos402
162,163,402,Pos162_T-Pos163_L-Pos402_H,0.0,1.0719679798588908e-11,Pos162-Pos163-Pos402
162,163,402,Pos162_T-Pos163_L-Pos402_S,0.0,5.429448209674902e-12,Pos162-Pos163-Pos402
162,163,402,Pos162_T-Pos163_L-Pos402_V,0.0,3.898065381305058e-12,Pos162-Pos163-Pos402
162,163,402,Pos162_T-Pos163_L-Pos402_L,0.0,2.784332415217898e-13,Pos162-Pos163-Pos402
162,163,402,Pos162_T-Pos163_L-Pos402_E,0.0,1.392166207608949e-13,Pos162-Pos163-Pos402
162,163,402,Pos162_T-Pos163_L-Pos402_K,0.0,1.392166207608949e-13,Pos162-Pos163-Pos402
162,163,402,Pos162_T-Pos163_P-Pos402_C,0.0,5.0368573391291785e-11,Pos162-Pos163-Pos402
162,163,402,Pos162_T-Pos163_P-Pos402_H,0.0,6.4318078791533456e-12,Pos162-Pos163-Pos402
162,163,402,Pos162_T-Pos163_P-Pos402_S,0.0,3.2576689258049412e-12,Pos162-Pos163-Pos402
162,163,402,Pos162_T-Pos163_P-Pos402_V,0.0,2.3388392287830343e-12,Pos162-Pos163-Pos402
162,163,402,Pos162_T-Pos163_P-Pos402_L,0.0,1.670599449130739e-13,Pos162-Pos163-Pos402
162,163,402,Pos162_T-Pos163_P-Pos402_E,0.0,8.352997245653695e-14,Pos162-Pos163-Pos402
162,163,402,Pos162_T-Pos163_P-Pos402_K,0.0,8.352997245653695e-14,Pos162-Pos163-Pos402
162,163,402,Pos162_T-Pos163_V-Pos402_C,0.0,1.6789524463763926e-11,Pos162-Pos163-Pos402
162,163,402,Pos162_T-Pos163_V-Pos402_H,0.0,2.1439359597177816e-12,Pos162-Pos163-Pos402
162,163,402,Pos162_T-Pos163_V-Pos402_S,0.0,1.0858896419349803e-12,Pos162-Pos163-Pos402
162,163,402,Pos162_T-Pos163_V-Pos402_V,0.0,7.796130762610114e-13,Pos162-Pos163-Pos402
162,163,402,Pos162_T-Pos163_V-Pos402_L,0.0,5.5686648304357966e-14,Pos162-Pos163-Pos402
162,163,402,Pos162_T-Pos163_V-Pos402_E,0.0,2.7843324152178983e-14,Pos162-Pos163-Pos402
162,163,402,Pos162_T-Pos163_V-Pos402_K,0.0,2.7843324152178983e-14,Pos162-Pos163-Pos402
162,163,402,Pos162_C-Pos163_F-Pos402_C,0.0,2.649386960381948e-07,Pos162-Pos163-Pos402
162,163,402,Pos162_C-Pos163_F-Pos402_H,0.0,3.38313094443466e-08,Pos162-Pos163-Pos402
162,163,402,Pos162_C-Pos163_F-Pos402_S,0.0,1.713533854973399e-08,Pos162-Pos163-Pos402
162,163,402,Pos162_C-Pos163_F-Pos402_V,0.0,1.2302294343398761e-08,Pos162-Pos163-Pos402
162,163,402,Pos162_C-Pos163_F-Pos402_L,0.0,8.787353102427687e-10,Pos162-Pos163-Pos402
162,163,402,Pos162_C-Pos163_F-Pos402_E,0.0,4.3936765512138436e-10,Pos162-Pos163-Pos402
162,163,402,Pos162_C-Pos163_F-Pos402_K,0.0,4.3936765512138436e-10,Pos162-Pos163-Pos402
162,163,402,Pos162_C-Pos163_Y-Pos402_C,0.0,5.540543073042096e-11,Pos162-Pos163-Pos402
162,163,402,Pos162_C-Pos163_Y-Pos402_H,0.0,7.07498866706868e-12,Pos162-Pos163-Pos402
162,163,402,Pos162_C-Pos163_Y-Pos402_S,0.0,3.5834358183854352e-12,Pos162-Pos163-Pos402
162,163,402,Pos162_C-Pos163_Y-Pos402_V,0.0,2.572723151661338e-12,Pos162-Pos163-Pos402
162,163,402,Pos162_C-Pos163_Y-Pos402_L,0.0,1.837659394043813e-13,Pos162-Pos163-Pos402
162,163,402,Pos162_C-Pos163_Y-Pos402_E,0.0,9.188296970219065e-14,Pos162-Pos163-Pos402
162,163,402,Pos162_C-Pos163_Y-Pos402_K,0.0,9.188296970219065e-14,Pos162-Pos163-Pos402
162,163,402,Pos162_C-Pos163_A-Pos402_C,0.0,5.036857339129178e-12,Pos162-Pos163-Pos402
162,163,402,Pos162_C-Pos163_A-Pos402_H,0.0,6.431807879153346e-13,Pos162-Pos163-Pos402
162,163,402,Pos162_C-Pos163_A-Pos402_S,0.0,3.2576689258049415e-13,Pos162-Pos163-Pos402
162,163,402,Pos162_C-Pos163_A-Pos402_V,0.0,2.3388392287830344e-13,Pos162-Pos163-Pos402
162,163,402,Pos162_C-Pos163_A-Pos402_L,0.0,1.670599449130739e-14,Pos162-Pos163-Pos402
162,163,402,Pos162_C-Pos163_A-Pos402_E,0.0,8.352997245653695e-15,Pos162-Pos163-Pos402
162,163,402,Pos162_C-Pos163_A-Pos402_K,0.0,8.352997245653695e-15,Pos162-Pos163-Pos402
162,163,402,Pos162_C-Pos163_L-Pos402_C,0.0,2.5184286695645893e-11,Pos162-Pos163-Pos402
162,163,402,Pos162_C-Pos163_L-Pos402_H,0.0,3.2159039395766728e-12,Pos162-Pos163-Pos402
162,163,402,Pos162_C-Pos163_L-Pos402_S,0.0,1.6288344629024706e-12,Pos162-Pos163-Pos402
162,163,402,Pos162_C-Pos163_L-Pos402_V,0.0,1.1694196143915172e-12,Pos162-Pos163-Pos402
162,163,402,Pos162_C-Pos163_L-Pos402_L,0.0,8.352997245653695e-14,Pos162-Pos163-Pos402
162,163,402,Pos162_C-Pos163_L-Pos402_E,0.0,4.176498622826847e-14,Pos162-Pos163-Pos402
162,163,402,Pos162_C-Pos163_L-Pos402_K,0.0,4.176498622826847e-14,Pos162-Pos163-Pos402
162,163,402,Pos162_C-Pos163_P-Pos402_C,0.0,1.5110572017387537e-11,Pos162-Pos163-Pos402
162,163,402,Pos162_C-Pos163_P-Pos402_H,0.0,1.929542363746004e-12,Pos162-Pos163-Pos402
162,163,402,Pos162_C-Pos163_P-Pos402_S,0.0,9.773006777414824e-13,Pos162-Pos163-Pos402
162,163,402,Pos162_C-Pos163_P-Pos402_V,0.0,7.016517686349104e-13,Pos162-Pos163-Pos402
162,163,402,Pos162_C-Pos163_P-Pos402_L,0.0,5.0117983473922176e-14,Pos162-Pos163-Pos402
162,163,402,Pos162_C-Pos163_P-Pos402_E,0.0,2.5058991736961088e-14,Pos162-Pos163-Pos402
162,163,402,Pos162_C-Pos163_P-Pos402_K,0.0,2.5058991736961088e-14,Pos162-Pos163-Pos402
162,163,402,Pos162_C-Pos163_V-Pos402_C,0.0,5.036857339129178e-12,Pos162-Pos163-Pos402
162,163,402,Pos162_C-Pos163_V-Pos402_H,0.0,6.431807879153346e-13,Pos162-Pos163-Pos402
162,163,402,Pos162_C-Pos163_V-Pos402_S,0.0,3.2576689258049415e-13,Pos162-Pos163-Pos402
162,163,402,Pos162_C-Pos163_V-Pos402_V,0.0,2.3388392287830344e-13,Pos162-Pos163-Pos402
162,163,402,Pos162_C-Pos163_V-Pos402_L,0.0,1.670599449130739e-14,Pos162-Pos163-Pos402
162,163,402,Pos162_C-Pos163_V-Pos402_E,0.0,8.352997245653695e-15,Pos162-Pos163-Pos402
162,163,402,Pos162_C-Pos163_V-Pos402_K,0.0,8.352997245653695e-15,Pos162-Pos163-Pos402
162,225,402,Pos162_I-Pos225_E-Pos402_C,0.00043611603500182887,0.0016977847724290922,Pos162-Pos225-Pos402
162,225,402,Pos162_I-Pos225_E-Pos402_H,0.00022509214709771813,0.00021679838719243798,Pos162-Pos225-Pos402
162,225,402,Pos162_I-Pos225_E-Pos402_S,0.00015475085112968121,0.00010980697533123483,Pos162-Pos225-Pos402
162,225,402,Pos162_I-Pos225_E-Pos402_V,5.627303677442953e-05,7.883577716088653e-05,Pos162-Pos225-Pos402
162,225,402,Pos162_I-Pos225_E-Pos402_L,0.0,5.631126940063324e-06,Pos162-Pos225-Pos402
162,225,402,Pos162_I-Pos225_E-Pos402_E,0.0,2.815563470031662e-06,Pos162-Pos225-Pos402
162,225,402,Pos162_I-Pos225_E-Pos402_K,1.4068259193607383e-05,2.815563470031662e-06,Pos162-Pos225-Pos402
162,225,402,Pos162_I-Pos225_I-Pos402_C,2.8136518387214766e-05,0.0012239958458752636,Pos162-Pos225-Pos402
162,225,402,Pos162_I-Pos225_I-Pos402_H,0.0,0.00015629797700231391,Pos162-Pos225-Pos402
162,225,402,Pos162_I-Pos225_I-Pos402_S,1.4068259193607383e-05,7.916391042974341e-05,Pos162-Pos225-Pos402
162,225,402,Pos162_I-Pos225_I-Pos402_V,0.0,5.6835628000841414e-05,Pos162-Pos225-Pos402
162,225,402,Pos162_I-Pos225_I-Pos402_L,0.0,4.059687714345816e-06,Pos162-Pos225-Pos402
162,225,402,Pos162_I-Pos225_I-Pos402_E,0.0,2.029843857172908e-06,Pos162-Pos225-Pos402
162,225,402,Pos162_I-Pos225_I-Pos402_K,0.0,2.029843857172908e-06,Pos162-Pos225-Pos402
162,225,402,Pos162_I-Pos225_N-Pos402_C,7.034129596803691e-05,0.0004029327613245747,Pos162-Pos225-Pos402
162,225,402,Pos162_I-Pos225_N-Pos402_H,0.0,5.145244215919113e-05,Pos162-Pos225-Pos402
162,225,402,Pos162_I-Pos225_N-Pos402_S,4.220477758082215e-05,2.606032784686304e-05,Pos162-Pos225-Pos402
162,225,402,Pos162_I-Pos225_N-Pos402_V,0.0,1.870997896697859e-05,Pos162-Pos225-Pos402
162,225,402,Pos162_I-Pos225_N-Pos402_L,0.0,1.3364270690698996e-06,Pos162-Pos225-Pos402
162,225,402,Pos162_I-Pos225_N-Pos402_E,0.0,6.682135345349498e-07,Pos162-Pos225-Pos402
162,225,402,Pos162_I-Pos225_N-Pos402_K,0.0,6.682135345349498e-07,Pos162-Pos225-Pos402
162,225,402,Pos162_I-Pos225_M-Pos402_C,0.0,3.828996115452731e-05,Pos162-Pos225-Pos402
162,225,402,Pos162_I-Pos225_M-Pos402_H,0.0,4.889431192203322e-06,Pos162-Pos225-Pos402
162,225,402,Pos162_I-Pos225_M-Pos402_S,0.0,2.4764651492977863e-06,Pos162-Pos225-Pos402
162,225,402,Pos162_I-Pos225_M-Pos402_V,0.0,1.7779749789830258e-06,Pos162-Pos225-Pos402
162,225,402,Pos162_I-Pos225_M-Pos402_L,0.0,1.2699821278450184e-07,Pos162-Pos225-Pos402
162,225,402,Pos162_I-Pos225_M-Pos402_E,0.0,6.349910639225092e-08,Pos162-Pos225-Pos402
162,225,402,Pos162_I-Pos225_M-Pos402_K,0.0,6.349910639225092e-08,Pos162-Pos225-Pos402
162,225,402,Pos162_I-Pos225_T-Pos402_C,1.4068259193607383e-05,3.977024315792398e-05,Pos162-Pos225-Pos402
162,225,402,Pos162_I-Pos225_T-Pos402_H,0.0,5.078455593963759e-06,Pos162-Pos225-Pos402
162,225,402,Pos162_I-Pos225_T-Pos402_S,0.0,2.5722047813582674e-06,Pos162-Pos225-Pos402
162,225,402,Pos162_I-Pos225_T-Pos402_V,0.0,1.8467111250777304e-06,Pos162-Pos225-Pos402
162,225,402,Pos162_I-Pos225_T-Pos402_L,0.0,1.3190793750555217e-07,Pos162-Pos225-Pos402
162,225,402,Pos162_I-Pos225_T-Pos402_E,0.0,6.595396875277609e-08,Pos162-Pos225-Pos402
162,225,402,Pos162_I-Pos225_T-Pos402_K,0.0,6.595396875277609e-08,Pos162-Pos225-Pos402
162,225,402,Pos162_I-Pos225_L-Pos402_C,0.0,4.638216943976245e-06,Pos162-Pos225-Pos402
162,225,402,Pos162_I-Pos225_L-Pos402_H,0.0,5.922764588493714e-07,Pos162-Pos225-Pos402
162,225,402,Pos162_I-Pos225_L-Pos402_S,0.0,2.999841804561751e-07,Pos162-Pos225-Pos402
162,225,402,Pos162_I-Pos225_L-Pos402_V,0.0,2.1537325776340775e-07,Pos162-Pos225-Pos402
162,225,402,Pos162_I-Pos225_L-Pos402_L,0.0,1.5383804125957698e-08,Pos162-Pos225-Pos402
162,225,402,Pos162_I-Pos225_L-Pos402_E,0.0,7.691902062978849e-09,Pos162-Pos225-Pos402
162,225,402,Pos162_I-Pos225_L-Pos402_K,0.0,7.691902062978849e-09,Pos162-Pos225-Pos402
162,225,402,Pos162_I-Pos225_R-Pos402_C,0.0,1.0855401358242277e-06,Pos162-Pos225-Pos402
162,225,402,Pos162_I-Pos225_R-Pos402_H,0.0,1.3861789462432095e-07,Pos162-Pos225-Pos402
162,225,402,Pos162_I-Pos225_R-Pos402_S,0.0,7.020906351101971e-08,Pos162-Pos225-Pos402
162,225,402,Pos162_I-Pos225_R-Pos402_V,0.0,5.040650713611671e-08,Pos162-Pos225-Pos402
162,225,402,Pos162_I-Pos225_R-Pos402_L,0.0,3.600464795436908e-09,Pos162-Pos225-Pos402
162,225,402,Pos162_I-Pos225_R-Pos402_E,0.0,1.800232397718454e-09,Pos162-Pos225-Pos402
162,225,402,Pos162_I-Pos225_R-Pos402_K,0.0,1.800232397718454e-09,Pos162-Pos225-Pos402
162,225,402,Pos162_I-Pos225_G-Pos402_C,0.0,1.0855401358242277e-06,Pos162-Pos225-Pos402
162,225,402,Pos162_I-Pos225_G-Pos402_H,0.0,1.3861789462432095e-07,Pos162-Pos225-Pos402
162,225,402,Pos162_I-Pos225_G-Pos402_S,0.0,7.020906351101971e-08,Pos162-Pos225-Pos402
162,225,402,Pos162_I-Pos225_G-Pos402_V,0.0,5.040650713611671e-08,Pos162-Pos225-Pos402
162,225,402,Pos162_I-Pos225_G-Pos402_L,0.0,3.600464795436908e-09,Pos162-Pos225-Pos402
162,225,402,Pos162_I-Pos225_G-Pos402_E,0.0,1.800232397718454e-09,Pos162-Pos225-Pos402
162,225,402,Pos162_I-Pos225_G-Pos402_K,0.0,1.800232397718454e-09,Pos162-Pos225-Pos402
162,225,402,Pos162_I-Pos225_Q-Pos402_C,0.0,7.894837351448929e-07,Pos162-Pos225-Pos402
162,225,402,Pos162_I-Pos225_Q-Pos402_H,0.0,1.0081301427223343e-07,Pos162-Pos225-Pos402
162,225,402,Pos162_I-Pos225_Q-Pos402_S,0.0,5.1061137098923427e-08,Pos162-Pos225-Pos402
162,225,402,Pos162_I-Pos225_Q-Pos402_V,0.0,3.665927791717579e-08,Pos162-Pos225-Pos402
162,225,402,Pos162_I-Pos225_Q-Pos402_L,0.0,2.618519851226842e-09,Pos162-Pos225-Pos402
162,225,402,Pos162_I-Pos225_Q-Pos402_E,0.0,1.309259925613421e-09,Pos162-Pos225-Pos402
162,225,402,Pos162_I-Pos225_Q-Pos402_K,0.0,1.309259925613421e-09,Pos162-Pos225-Pos402
162,225,402,Pos162_I-Pos225_*-Pos402_C,0.0,1.9737093378622323e-07,Pos162-Pos225-Pos402
162,225,402,Pos162_I-Pos225_*-Pos402_H,0.0,2.5203253568058357e-08,Pos162-Pos225-Pos402
162,225,402,Pos162_I-Pos225_*-Pos402_S,0.0,1.2765284274730857e-08,Pos162-Pos225-Pos402
162,225,402,Pos162_I-Pos225_*-Pos402_V,0.0,9.164819479293947e-09,Pos162-Pos225-Pos402
162,225,402,Pos162_I-Pos225_*-Pos402_L,0.0,6.546299628067105e-10,Pos162-Pos225-Pos402
162,225,402,Pos162_I-Pos225_*-Pos402_E,0.0,3.2731498140335527e-10,Pos162-Pos225-Pos402
162,225,402,Pos162_I-Pos225_*-Pos402_K,0.0,3.2731498140335527e-10,Pos162-Pos225-Pos402
162,225,402,Pos162_I-Pos225_S-Pos402_C,0.0,5.921128013586697e-07,Pos162-Pos225-Pos402
162,225,402,Pos162_I-Pos225_S-Pos402_H,0.0,7.560976070417507e-08,Pos162-Pos225-Pos402
162,225,402,Pos162_I-Pos225_S-Pos402_S,0.0,3.829585282419257e-08,Pos162-Pos225-Pos402
162,225,402,Pos162_I-Pos225_S-Pos402_V,0.0,2.7494458437881843e-08,Pos162-Pos225-Pos402
162,225,402,Pos162_I-Pos225_S-Pos402_L,0.0,1.963889888420132e-09,Pos162-Pos225-Pos402
162,225,402,Pos162_I-Pos225_S-Pos402_E,0.0,9.81944944210066e-10,Pos162-Pos225-Pos402
162,225,402,Pos162_I-Pos225_S-Pos402_K,0.0,9.81944944210066e-10,Pos162-Pos225-Pos402
162,225,402,Pos162_I-Pos225_V-Pos402_C,0.0,1.9737093378622323e-07,Pos162-Pos225-Pos402
162,225,402,Pos162_I-Pos225_V-Pos402_H,0.0,2.5203253568058357e-08,Pos162-Pos225-Pos402
162,225,402,Pos162_I-Pos225_V-Pos402_S,0.0,1.2765284274730857e-08,Pos162-Pos225-Pos402
162,225,402,Pos162_I-Pos225_V-Pos402_V,0.0,9.164819479293947e-09,Pos162-Pos225-Pos402
162,225,402,Pos162_I-Pos225_V-Pos402_L,0.0,6.546299628067105e-10,Pos162-Pos225-Pos402
162,225,402,Pos162_I-Pos225_V-Pos402_E,0.0,3.2731498140335527e-10,Pos162-Pos225-Pos402
162,225,402,Pos162_I-Pos225_V-Pos402_K,0.0,3.2731498140335527e-10,Pos162-Pos225-Pos402
162,225,402,Pos162_N-Pos225_E-Pos402_C,0.0,0.00021790616086299415,Pos162-Pos225-Pos402
162,225,402,Pos162_N-Pos225_E-Pos402_H,1.4068259193607383e-05,2.7825496494942868e-05,Pos162-Pos225-Pos402
162,225,402,Pos162_N-Pos225_E-Pos402_S,0.0,1.4093433289646387e-05,Pos162-Pos225-Pos402
162,225,402,Pos162_N-Pos225_E-Pos402_V,0.0,1.0118362361797405e-05,Pos162-Pos225-Pos402
162,225,402,Pos162_N-Pos225_E-Pos402_L,0.0,7.227401686998147e-07,Pos162-Pos225-Pos402
162,225,402,Pos162_N-Pos225_E-Pos402_E,0.0,3.6137008434990735e-07,Pos162-Pos225-Pos402
162,225,402,Pos162_N-Pos225_E-Pos402_K,0.0,3.6137008434990735e-07,Pos162-Pos225-Pos402
162,225,402,Pos162_N-Pos225_I-Pos402_C,7.034129596803691e-05,0.00015709661201951386,Pos162-Pos225-Pos402
162,225,402,Pos162_N-Pos225_I-Pos402_H,7.034129596803691e-05,2.0060429727201605e-05,Pos162-Pos225-Pos402
162,225,402,Pos162_N-Pos225_I-Pos402_S,7.034129596803691e-05,1.0160477394296918e-05,Pos162-Pos225-Pos402
162,225,402,Pos162_N-Pos225_I-Pos402_V,7.034129596803691e-05,7.294701718982401e-06,Pos162-Pos225-Pos402
162,225,402,Pos162_N-Pos225_I-Pos402_L,0.0,5.210501227844572e-07,Pos162-Pos225-Pos402
162,225,402,Pos162_N-Pos225_I-Pos402_E,1.4068259193607383e-05,2.605250613922286e-07,Pos162-Pos225-Pos402
162,225,402,Pos162_N-Pos225_I-Pos402_K,0.0,2.605250613922286e-07,Pos162-Pos225-Pos402
162,225,402,Pos162_N-Pos225_N-Pos402_C,0.0,5.17153484540575e-05,Pos162-Pos225-Pos402
162,225,402,Pos162_N-Pos225_N-Pos402_H,0.0,6.6037841309492995e-06,Pos162-Pos225-Pos402
162,225,402,Pos162_N-Pos225_N-Pos402_S,0.0,3.3447737806106844e-06,Pos162-Pos225-Pos402
162,225,402,Pos162_N-Pos225_N-Pos402_V,0.0,2.4013760476179267e-06,Pos162-Pos225-Pos402
162,225,402,Pos162_N-Pos225_N-Pos402_L,0.0,1.7152686054413764e-07,Pos162-Pos225-Pos402
162,225,402,Pos162_N-Pos225_N-Pos402_E,0.0,8.576343027206882e-08,Pos162-Pos225-Pos402
162,225,402,Pos162_N-Pos225_N-Pos402_K,0.0,8.576343027206882e-08,Pos162-Pos225-Pos402
162,225,402,Pos162_N-Pos225_M-Pos402_C,1.4068259193607383e-05,4.91441469511984e-06,Pos162-Pos225-Pos402
162,225,402,Pos162_N-Pos225_M-Pos402_H,0.0,6.275454917483047e-07,Pos162-Pos225-Pos402
162,225,402,Pos162_N-Pos225_M-Pos402_S,0.0,3.178477165997907e-07,Pos162-Pos225-Pos402
162,225,402,Pos162_N-Pos225_M-Pos402_V,0.0,2.2819836063574714e-07,Pos162-Pos225-Pos402
162,225,402,Pos162_N-Pos225_M-Pos402_L,0.0,1.629988290255337e-08,Pos162-Pos225-Pos402
162,225,402,Pos162_N-Pos225_M-Pos402_E,0.0,8.149941451276684e-09,Pos162-Pos225-Pos402
162,225,402,Pos162_N-Pos225_M-Pos402_K,0.0,8.149941451276684e-09,Pos162-Pos225-Pos402
162,225,402,Pos162_N-Pos225_T-Pos402_C,0.0,5.104404953951793e-06,Pos162-Pos225-Pos402
162,225,402,Pos162_N-Pos225_T-Pos402_H,0.0,6.518062710684711e-07,Pos162-Pos225-Pos402
162,225,402,Pos162_N-Pos225_T-Pos402_S,0.0,3.301356437879269e-07,Pos162-Pos225-Pos402
162,225,402,Pos162_N-Pos225_T-Pos402_V,0.0,2.3702046220671675e-07,Pos162-Pos225-Pos402
162,225,402,Pos162_N-Pos225_T-Pos402_L,0.0,1.6930033014765482e-08,Pos162-Pos225-Pos402
162,225,402,Pos162_N-Pos225_T-Pos402_E,0.0,8.465016507382741e-09,Pos162-Pos225-Pos402
162,225,402,Pos162_N-Pos225_T-Pos402_K,0.0,8.465016507382741e-09,Pos162-Pos225-Pos402
162,225,402,Pos162_N-Pos225_L-Pos402_C,0.0,5.953028110067848e-07,Pos162-Pos225-Pos402
162,225,402,Pos162_N-Pos225_L-Pos402_H,0.0,7.601710853652144e-08,Pos162-Pos225-Pos402
162,225,402,Pos162_N-Pos225_L-Pos402_S,0.0,3.850217185616021e-08,Pos162-Pos225-Pos402
162,225,402,Pos162_N-Pos225_L-Pos402_V,0.0,2.764258492237143e-08,Pos162-Pos225-Pos402
162,225,402,Pos162_N-Pos225_L-Pos402_L,0.0,1.9744703515979593e-09,Pos162-Pos225-Pos402
162,225,402,Pos162_N-Pos225_L-Pos402_E,0.0,9.872351757989797e-10,Pos162-Pos225-Pos402
162,225,402,Pos162_N-Pos225_L-Pos402_K,0.0,9.872351757989797e-10,Pos162-Pos225-Pos402
162,225,402,Pos162_N-Pos225_R-Pos402_C,0.0,1.393261898100986e-07,Pos162-Pos225-Pos402
162,225,402,Pos162_N-Pos225_R-Pos402_H,0.0,1.779123816812204e-08,Pos162-Pos225-Pos402
162,225,402,Pos162_N-Pos225_R-Pos402_S,0.0,9.011146604633241e-09,Pos162-Pos225-Pos402
162,225,402,Pos162_N-Pos225_R-Pos402_V,0.0,6.469541152044378e-09,Pos162-Pos225-Pos402
162,225,402,Pos162_N-Pos225_R-Pos402_L,0.0,4.6211008228888415e-10,Pos162-Pos225-Pos402
162,225,402,Pos162_N-Pos225_R-Pos402_E,0.0,2.3105504114444207e-10,Pos162-Pos225-Pos402
162,225,402,Pos162_N-Pos225_R-Pos402_K,0.0,2.3105504114444207e-10,Pos162-Pos225-Pos402
162,225,402,Pos162_N-Pos225_G-Pos402_C,0.0,1.393261898100986e-07,Pos162-Pos225-Pos402
162,225,402,Pos162_N-Pos225_G-Pos402_H,0.0,1.779123816812204e-08,Pos162-Pos225-Pos402
162,225,402,Pos162_N-Pos225_G-Pos402_S,0.0,9.011146604633241e-09,Pos162-Pos225-Pos402
162,225,402,Pos162_N-Pos225_G-Pos402_V,0.0,6.469541152044378e-09,Pos162-Pos225-Pos402
162,225,402,Pos162_N-Pos225_G-Pos402_L,0.0,4.6211008228888415e-10,Pos162-Pos225-Pos402
162,225,402,Pos162_N-Pos225_G-Pos402_E,0.0,2.3105504114444207e-10,Pos162-Pos225-Pos402
162,225,402,Pos162_N-Pos225_G-Pos402_K,0.0,2.3105504114444207e-10,Pos162-Pos225-Pos402
162,225,402,Pos162_N-Pos225_Q-Pos402_C,0.0,1.0132813804370804e-07,Pos162-Pos225-Pos402
162,225,402,Pos162_N-Pos225_Q-Pos402_H,0.0,1.2939082304088756e-08,Pos162-Pos225-Pos402
162,225,402,Pos162_N-Pos225_Q-Pos402_S,0.0,6.553561167005993e-09,Pos162-Pos225-Pos402
162,225,402,Pos162_N-Pos225_Q-Pos402_V,0.0,4.705120837850456e-09,Pos162-Pos225-Pos402
162,225,402,Pos162_N-Pos225_Q-Pos402_L,0.0,3.3608005984646116e-10,Pos162-Pos225-Pos402
162,225,402,Pos162_N-Pos225_Q-Pos402_E,0.0,1.6804002992323058e-10,Pos162-Pos225-Pos402
162,225,402,Pos162_N-Pos225_Q-Pos402_K,0.0,1.6804002992323058e-10,Pos162-Pos225-Pos402
162,225,402,Pos162_N-Pos225_*-Pos402_C,0.0,2.533203451092701e-08,Pos162-Pos225-Pos402
162,225,402,Pos162_N-Pos225_*-Pos402_H,0.0,3.234770576022189e-09,Pos162-Pos225-Pos402
162,225,402,Pos162_N-Pos225_*-Pos402_S,0.0,1.6383902917514983e-09,Pos162-Pos225-Pos402
162,225,402,Pos162_N-Pos225_*-Pos402_V,0.0,1.176280209462614e-09,Pos162-Pos225-Pos402
162,225,402,Pos162_N-Pos225_*-Pos402_L,0.0,8.402001496161529e-11,Pos162-Pos225-Pos402
162,225,402,Pos162_N-Pos225_*-Pos402_E,0.0,4.2010007480807646e-11,Pos162-Pos225-Pos402
162,225,402,Pos162_N-Pos225_*-Pos402_K,0.0,4.2010007480807646e-11,Pos162-Pos225-Pos402
162,225,402,Pos162_N-Pos225_S-Pos402_C,0.0,7.599610353278103e-08,Pos162-Pos225-Pos402
162,225,402,Pos162_N-Pos225_S-Pos402_H,0.0,9.704311728066566e-09,Pos162-Pos225-Pos402
162,225,402,Pos162_N-Pos225_S-Pos402_S,0.0,4.915170875254495e-09,Pos162-Pos225-Pos402
162,225,402,Pos162_N-Pos225_S-Pos402_V,0.0,3.528840628387842e-09,Pos162-Pos225-Pos402
162,225,402,Pos162_N-Pos225_S-Pos402_L,0.0,2.5206004488484586e-10,Pos162-Pos225-Pos402
162,225,402,Pos162_N-Pos225_S-Pos402_E,0.0,1.2603002244242293e-10,Pos162-Pos225-Pos402
162,225,402,Pos162_N-Pos225_S-Pos402_K,0.0,1.2603002244242293e-10,Pos162-Pos225-Pos402
162,225,402,Pos162_N-Pos225_V-Pos402_C,0.0,2.533203451092701e-08,Pos162-Pos225-Pos402
162,225,402,Pos162_N-Pos225_V-Pos402_H,0.0,3.234770576022189e-09,Pos162-Pos225-Pos402
162,225,402,Pos162_N-Pos225_V-Pos402_S,0.0,1.6383902917514983e-09,Pos162-Pos225-Pos402
162,225,402,Pos162_N-Pos225_V-Pos402_V,0.0,1.176280209462614e-09,Pos162-Pos225-Pos402
162,225,402,Pos162_N-Pos225_V-Pos402_L,0.0,8.402001496161529e-11,Pos162-Pos225-Pos402
162,225,402,Pos162_N-Pos225_V-Pos402_E,0.0,4.2010007480807646e-11,Pos162-Pos225-Pos402
162,225,402,Pos162_N-Pos225_V-Pos402_K,0.0,4.2010007480807646e-11,Pos162-Pos225-Pos402
162,225,402,Pos162_V-Pos225_E-Pos402_C,0.0,6.354633535241081e-07,Pos162-Pos225-Pos402
162,225,402,Pos162_V-Pos225_E-Pos402_H,0.0,8.114540335216638e-08,Pos162-Pos225-Pos402
162,225,402,Pos162_V-Pos225_E-Pos402_S,0.0,4.109961987966869e-08,Pos162-Pos225-Pos402
162,225,402,Pos162_V-Pos225_E-Pos402_V,0.0,2.9507419400787773e-08,Pos162-Pos225-Pos402
162,225,402,Pos162_V-Pos225_E-Pos402_L,0.0,2.107672814341984e-09,Pos162-Pos225-Pos402
162,225,402,Pos162_V-Pos225_E-Pos402_E,0.0,1.053836407170992e-09,Pos162-Pos225-Pos402
162,225,402,Pos162_V-Pos225_E-Pos402_K,0.0,1.053836407170992e-09,Pos162-Pos225-Pos402
162,225,402,Pos162_V-Pos225_I-Pos402_C,0.0,4.581290382329408e-07,Pos162-Pos225-Pos402
162,225,402,Pos162_V-Pos225_I-Pos402_H,0.0,5.850072295843522e-08,Pos162-Pos225-Pos402
162,225,402,Pos162_V-Pos225_I-Pos402_S,0.0,2.9630236303623037e-08,Pos162-Pos225-Pos402
162,225,402,Pos162_V-Pos225_I-Pos402_V,0.0,2.127299016670372e-08,Pos162-Pos225-Pos402
162,225,402,Pos162_V-Pos225_I-Pos402_L,0.0,1.5194992976216942e-09,Pos162-Pos225-Pos402
162,225,402,Pos162_V-Pos225_I-Pos402_E,0.0,7.597496488108471e-10,Pos162-Pos225-Pos402
162,225,402,Pos162_V-Pos225_I-Pos402_K,0.0,7.597496488108471e-10,Pos162-Pos225-Pos402
162,225,402,Pos162_V-Pos225_N-Pos402_C,0.0,1.5081358244820585e-07,Pos162-Pos225-Pos402
162,225,402,Pos162_V-Pos225_N-Pos402_H,0.0,1.9258119151760945e-08,Pos162-Pos225-Pos402
162,225,402,Pos162_V-Pos225_N-Pos402_S,0.0,9.754112297645156e-09,Pos162-Pos225-Pos402
162,225,402,Pos162_V-Pos225_N-Pos402_V,0.0,7.002952418822162e-09,Pos162-Pos225-Pos402
162,225,402,Pos162_V-Pos225_N-Pos402_L,0.0,5.002108870587259e-10,Pos162-Pos225-Pos402
162,225,402,Pos162_V-Pos225_N-Pos402_E,0.0,2.5010544352936293e-10,Pos162-Pos225-Pos402
162,225,402,Pos162_V-Pos225_N-Pos402_K,0.0,2.5010544352936293e-10,Pos162-Pos225-Pos402
162,225,402,Pos162_V-Pos225_M-Pos402_C,0.0,1.433153808226889e-08,Pos162-Pos225-Pos402
162,225,402,Pos162_V-Pos225_M-Pos402_H,0.0,1.8300637352150986e-09,Pos162-Pos225-Pos402
162,225,402,Pos162_V-Pos225_M-Pos402_S,0.0,9.269153983556994e-10,Pos162-Pos225-Pos402
162,225,402,Pos162_V-Pos225_M-Pos402_V,0.0,6.654777218963995e-10,Pos162-Pos225-Pos402
162,225,402,Pos162_V-Pos225_M-Pos402_L,0.0,4.753412299259996e-11,Pos162-Pos225-Pos402
162,225,402,Pos162_V-Pos225_M-Pos402_E,0.0,2.376706149629998e-11,Pos162-Pos225-Pos402
162,225,402,Pos162_V-Pos225_M-Pos402_K,0.0,2.376706149629998e-11,Pos162-Pos225-Pos402
162,225,402,Pos162_V-Pos225_T-Pos402_C,0.0,1.48855923895731e-08,Pos162-Pos225-Pos402
162,225,402,Pos162_V-Pos225_T-Pos402_H,0.0,1.9008136218857854e-09,Pos162-Pos225-Pos402
162,225,402,Pos162_V-Pos225_T-Pos402_S,0.0,9.627497565395538e-10,Pos162-Pos225-Pos402
162,225,402,Pos162_V-Pos225_T-Pos402_V,0.0,6.912049534130128e-10,Pos162-Pos225-Pos402
162,225,402,Pos162_V-Pos225_T-Pos402_L,0.0,4.937178238664378e-11,Pos162-Pos225-Pos402
162,225,402,Pos162_V-Pos225_T-Pos402_E,0.0,2.468589119332189e-11,Pos162-Pos225-Pos402
162,225,402,Pos162_V-Pos225_T-Pos402_K,0.0,2.468589119332189e-11,Pos162-Pos225-Pos402
162,225,402,Pos162_V-Pos225_L-Pos402_C,0.0,1.73603682955319e-09,Pos162-Pos225-Pos402
162,225,402,Pos162_V-Pos225_L-Pos402_H,0.0,2.2168297823481861e-10,Pos162-Pos225-Pos402
162,225,402,Pos162_V-Pos225_L-Pos402_S,0.0,1.1228098897607696e-10,Pos162-Pos225-Pos402
162,225,402,Pos162_V-Pos225_L-Pos402_V,0.0,8.061199208538858e-11,Pos162-Pos225-Pos402
162,225,402,Pos162_V-Pos225_L-Pos402_L,0.0,5.757999434670613e-12,Pos162-Pos225-Pos402
162,225,402,Pos162_V-Pos225_L-Pos402_E,0.0,2.8789997173353065e-12,Pos162-Pos225-Pos402
162,225,402,Pos162_V-Pos225_L-Pos402_K,0.0,2.8789997173353065e-12,Pos162-Pos225-Pos402
162,225,402,Pos162_V-Pos225_R-Pos402_C,0.0,4.0630649202308706e-10,Pos162-Pos225-Pos402
162,225,402,Pos162_V-Pos225_R-Pos402_H,0.0,5.188325022517032e-11,Pos162-Pos225-Pos402
162,225,402,Pos162_V-Pos225_R-Pos402_S,0.0,2.6278529334826526e-11,Pos162-Pos225-Pos402
162,225,402,Pos162_V-Pos225_R-Pos402_V,0.0,1.8866636445516478e-11,Pos162-Pos225-Pos402
162,225,402,Pos162_V-Pos225_R-Pos402_L,0.0,1.3476168889654628e-12,Pos162-Pos225-Pos402
162,225,402,Pos162_V-Pos225_R-Pos402_E,0.0,6.738084444827314e-13,Pos162-Pos225-Pos402
162,225,402,Pos162_V-Pos225_R-Pos402_K,0.0,6.738084444827314e-13,Pos162-Pos225-Pos402
162,225,402,Pos162_V-Pos225_G-Pos402_C,0.0,4.0630649202308706e-10,Pos162-Pos225-Pos402
162,225,402,Pos162_V-Pos225_G-Pos402_H,0.0,5.188325022517032e-11,Pos162-Pos225-Pos402
162,225,402,Pos162_V-Pos225_G-Pos402_S,0.0,2.6278529334826526e-11,Pos162-Pos225-Pos402
162,225,402,Pos162_V-Pos225_G-Pos402_V,0.0,1.8866636445516478e-11,Pos162-Pos225-Pos402
162,225,402,Pos162_V-Pos225_G-Pos402_L,0.0,1.3476168889654628e-12,Pos162-Pos225-Pos402
162,225,402,Pos162_V-Pos225_G-Pos402_E,0.0,6.738084444827314e-13,Pos162-Pos225-Pos402
162,225,402,Pos162_V-Pos225_G-Pos402_K,0.0,6.738084444827314e-13,Pos162-Pos225-Pos402
162,225,402,Pos162_V-Pos225_Q-Pos402_C,0.0,2.9549563056224514e-10,Pos162-Pos225-Pos402
162,225,402,Pos162_V-Pos225_Q-Pos402_H,0.0,3.7733272891032956e-11,Pos162-Pos225-Pos402
162,225,402,Pos162_V-Pos225_Q-Pos402_S,0.0,1.9111657698055657e-11,Pos162-Pos225-Pos402
162,225,402,Pos162_V-Pos225_Q-Pos402_V,0.0,1.3721190142193802e-11,Pos162-Pos225-Pos402
162,225,402,Pos162_V-Pos225_Q-Pos402_L,0.0,9.800850101567002e-13,Pos162-Pos225-Pos402
162,225,402,Pos162_V-Pos225_Q-Pos402_E,0.0,4.900425050783501e-13,Pos162-Pos225-Pos402
162,225,402,Pos162_V-Pos225_Q-Pos402_K,0.0,4.900425050783501e-13,Pos162-Pos225-Pos402
162,225,402,Pos162_V-Pos225_*-Pos402_C,0.0,7.387390764056129e-11,Pos162-Pos225-Pos402
162,225,402,Pos162_V-Pos225_*-Pos402_H,0.0,9.433318222758239e-12,Pos162-Pos225-Pos402
162,225,402,Pos162_V-Pos225_*-Pos402_S,0.0,4.777914424513914e-12,Pos162-Pos225-Pos402
162,225,402,Pos162_V-Pos225_*-Pos402_V,0.0,3.4302975355484505e-12,Pos162-Pos225-Pos402
162,225,402,Pos162_V-Pos225_*-Pos402_L,0.0,2.4502125253917505e-13,Pos162-Pos225-Pos402
162,225,402,Pos162_V-Pos225_*-Pos402_E,0.0,1.2251062626958752e-13,Pos162-Pos225-Pos402
162,225,402,Pos162_V-Pos225_*-Pos402_K,0.0,1.2251062626958752e-13,Pos162-Pos225-Pos402
162,225,402,Pos162_V-Pos225_S-Pos402_C,0.0,2.2162172292168383e-10,Pos162-Pos225-Pos402
162,225,402,Pos162_V-Pos225_S-Pos402_H,0.0,2.829995466827472e-11,Pos162-Pos225-Pos402
162,225,402,Pos162_V-Pos225_S-Pos402_S,0.0,1.4333743273541741e-11,Pos162-Pos225-Pos402
162,225,402,Pos162_V-Pos225_S-Pos402_V,0.0,1.0290892606645352e-11,Pos162-Pos225-Pos402
162,225,402,Pos162_V-Pos225_S-Pos402_L,0.0,7.350637576175252e-13,Pos162-Pos225-Pos402
162,225,402,Pos162_V-Pos225_S-Pos402_E,0.0,3.675318788087626e-13,Pos162-Pos225-Pos402
162,225,402,Pos162_V-Pos225_S-Pos402_K,0.0,3.675318788087626e-13,Pos162-Pos225-Pos402
162,225,402,Pos162_V-Pos225_V-Pos402_C,0.0,7.387390764056129e-11,Pos162-Pos225-Pos402
162,225,402,Pos162_V-Pos225_V-Pos402_H,0.0,9.433318222758239e-12,Pos162-Pos225-Pos402
162,225,402,Pos162_V-Pos225_V-Pos402_S,0.0,4.777914424513914e-12,Pos162-Pos225-Pos402
162,225,402,Pos162_V-Pos225_V-Pos402_V,0.0,3.4302975355484505e-12,Pos162-Pos225-Pos402
162,225,402,Pos162_V-Pos225_V-Pos402_L,0.0,2.4502125253917505e-13,Pos162-Pos225-Pos402
162,225,402,Pos162_V-Pos225_V-Pos402_E,0.0,1.2251062626958752e-13,Pos162-Pos225-Pos402
162,225,402,Pos162_V-Pos225_V-Pos402_K,0.0,1.2251062626958752e-13,Pos162-Pos225-Pos402
162,225,402,Pos162_T-Pos225_E-Pos402_C,0.0,2.8884697887459454e-07,Pos162-Pos225-Pos402
162,225,402,Pos162_T-Pos225_E-Pos402_H,0.0,3.688427425098471e-08,Pos162-Pos225-Pos402
162,225,402,Pos162_T-Pos225_E-Pos402_S,0.0,1.86816453998494e-08,Pos162-Pos225-Pos402
162,225,402,Pos162_T-Pos225_E-Pos402_V,0.0,1.341246336399444e-08,Pos162-Pos225-Pos402
162,225,402,Pos162_T-Pos225_E-Pos402_L,0.0,9.580330974281743e-10,Pos162-Pos225-Pos402
162,225,402,Pos162_T-Pos225_E-Pos402_E,0.0,4.790165487140871e-10,Pos162-Pos225-Pos402
162,225,402,Pos162_T-Pos225_E-Pos402_K,0.0,4.790165487140871e-10,Pos162-Pos225-Pos402
162,225,402,Pos162_T-Pos225_I-Pos402_C,0.0,2.08240471924064e-07,Pos162-Pos225-Pos402
162,225,402,Pos162_T-Pos225_I-Pos402_H,0.0,2.6591237708379648e-08,Pos162-Pos225-Pos402
162,225,402,Pos162_T-Pos225_I-Pos402_S,0.0,1.3468289228919562e-08,Pos162-Pos225-Pos402
162,225,402,Pos162_T-Pos225_I-Pos402_V,0.0,9.669540984865325e-09,Pos162-Pos225-Pos402
162,225,402,Pos162_T-Pos225_I-Pos402_L,0.0,6.906814989189519e-10,Pos162-Pos225-Pos402
162,225,402,Pos162_T-Pos225_I-Pos402_E,0.0,3.4534074945947593e-10,Pos162-Pos225-Pos402
162,225,402,Pos162_T-Pos225_I-Pos402_K,0.0,3.4534074945947593e-10,Pos162-Pos225-Pos402
162,225,402,Pos162_T-Pos225_N-Pos402_C,0.0,6.855162838554812e-08,Pos162-Pos225-Pos402
162,225,402,Pos162_T-Pos225_N-Pos402_H,0.0,8.753690523527702e-09,Pos162-Pos225-Pos402
162,225,402,Pos162_T-Pos225_N-Pos402_S,0.0,4.433687408020525e-09,Pos162-Pos225-Pos402
162,225,402,Pos162_T-Pos225_N-Pos402_V,0.0,3.18316019037371e-09,Pos162-Pos225-Pos402
162,225,402,Pos162_T-Pos225_N-Pos402_L,0.0,2.273685850266936e-10,Pos162-Pos225-Pos402
162,225,402,Pos162_T-Pos225_N-Pos402_E,0.0,1.136842925133468e-10,Pos162-Pos225-Pos402
162,225,402,Pos162_T-Pos225_N-Pos402_K,0.0,1.136842925133468e-10,Pos162-Pos225-Pos402
162,225,402,Pos162_T-Pos225_M-Pos402_C,0.0,6.514335491940404e-09,Pos162-Pos225-Pos402
162,225,402,Pos162_T-Pos225_M-Pos402_H,0.0,8.318471523704994e-10,Pos162-Pos225-Pos402
162,225,402,Pos162_T-Pos225_M-Pos402_S,0.0,4.213251810707724e-10,Pos162-Pos225-Pos402
162,225,402,Pos162_T-Pos225_M-Pos402_V,0.0,3.024898735892725e-10,Pos162-Pos225-Pos402
162,225,402,Pos162_T-Pos225_M-Pos402_L,0.0,2.160641954209089e-11,Pos162-Pos225-Pos402
162,225,402,Pos162_T-Pos225_M-Pos402_E,0.0,1.0803209771045445e-11,Pos162-Pos225-Pos402
162,225,402,Pos162_T-Pos225_M-Pos402_K,0.0,1.0803209771045445e-11,Pos162-Pos225-Pos402
162,225,402,Pos162_T-Pos225_T-Pos402_C,0.0,6.7661783588968625e-09,Pos162-Pos225-Pos402
162,225,402,Pos162_T-Pos225_T-Pos402_H,0.0,8.64006191766266e-10,Pos162-Pos225-Pos402
162,225,402,Pos162_T-Pos225_T-Pos402_S,0.0,4.376135256997971e-10,Pos162-Pos225-Pos402
162,225,402,Pos162_T-Pos225_T-Pos402_V,0.0,3.1418406973318765e-10,Pos162-Pos225-Pos402
162,225,402,Pos162_T-Pos225_T-Pos402_L,0.0,2.2441719266656262e-11,Pos162-Pos225-Pos402
162,225,402,Pos162_T-Pos225_T-Pos402_E,0.0,1.1220859633328131e-11,Pos162-Pos225-Pos402
162,225,402,Pos162_T-Pos225_T-Pos402_K,0.0,1.1220859633328131e-11,Pos162-Pos225-Pos402
162,225,402,Pos162_T-Pos225_L-Pos402_C,0.0,7.891076497969046e-10,Pos162-Pos225-Pos402
162,225,402,Pos162_T-Pos225_L-Pos402_H,0.0,1.0076499010673574e-10,Pos162-Pos225-Pos402
162,225,402,Pos162_T-Pos225_L-Pos402_S,0.0,5.103681317094408e-11,Pos162-Pos225-Pos402
162,225,402,Pos162_T-Pos225_L-Pos402_V,0.0,3.664181458426754e-11,Pos162-Pos225-Pos402
162,225,402,Pos162_T-Pos225_L-Pos402_L,0.0,2.6172724703048243e-12,Pos162-Pos225-Pos402
162,225,402,Pos162_T-Pos225_L-Pos402_E,0.0,1.3086362351524122e-12,Pos162-Pos225-Pos402
162,225,402,Pos162_T-Pos225_L-Pos402_K,0.0,1.3086362351524122e-12,Pos162-Pos225-Pos402
162,225,402,Pos162_T-Pos225_R-Pos402_C,0.0,1.846847691014032e-10,Pos162-Pos225-Pos402
162,225,402,Pos162_T-Pos225_R-Pos402_H,0.0,2.35832955568956e-11,Pos162-Pos225-Pos402
162,225,402,Pos162_T-Pos225_R-Pos402_S,0.0,1.1944786061284784e-11,Pos162-Pos225-Pos402
162,225,402,Pos162_T-Pos225_R-Pos402_V,0.0,8.575743838871126e-12,Pos162-Pos225-Pos402
162,225,402,Pos162_T-Pos225_R-Pos402_L,0.0,6.125531313479376e-13,Pos162-Pos225-Pos402
162,225,402,Pos162_T-Pos225_R-Pos402_E,0.0,3.062765656739688e-13,Pos162-Pos225-Pos402
162,225,402,Pos162_T-Pos225_R-Pos402_K,0.0,3.062765656739688e-13,Pos162-Pos225-Pos402
162,225,402,Pos162_T-Pos225_G-Pos402_C,0.0,1.846847691014032e-10,Pos162-Pos225-Pos402
162,225,402,Pos162_T-Pos225_G-Pos402_H,0.0,2.35832955568956e-11,Pos162-Pos225-Pos402
162,225,402,Pos162_T-Pos225_G-Pos402_S,0.0,1.1944786061284784e-11,Pos162-Pos225-Pos402
162,225,402,Pos162_T-Pos225_G-Pos402_V,0.0,8.575743838871126e-12,Pos162-Pos225-Pos402
162,225,402,Pos162_T-Pos225_G-Pos402_L,0.0,6.125531313479376e-13,Pos162-Pos225-Pos402
162,225,402,Pos162_T-Pos225_G-Pos402_E,0.0,3.062765656739688e-13,Pos162-Pos225-Pos402
162,225,402,Pos162_T-Pos225_G-Pos402_K,0.0,3.062765656739688e-13,Pos162-Pos225-Pos402
162,225,402,Pos162_T-Pos225_Q-Pos402_C,0.0,1.343161957101114e-10,Pos162-Pos225-Pos402
162,225,402,Pos162_T-Pos225_Q-Pos402_H,0.0,1.7151487677742253e-11,Pos162-Pos225-Pos402
162,225,402,Pos162_T-Pos225_Q-Pos402_S,0.0,8.687117135479842e-12,Pos162-Pos225-Pos402
162,225,402,Pos162_T-Pos225_Q-Pos402_V,0.0,6.236904610088091e-12,Pos162-Pos225-Pos402
162,225,402,Pos162_T-Pos225_Q-Pos402_L,0.0,4.454931864348637e-13,Pos162-Pos225-Pos402
162,225,402,Pos162_T-Pos225_Q-Pos402_E,0.0,2.2274659321743186e-13,Pos162-Pos225-Pos402
162,225,402,Pos162_T-Pos225_Q-Pos402_K,0.0,2.2274659321743186e-13,Pos162-Pos225-Pos402
162,225,402,Pos162_T-Pos225_*-Pos402_C,0.0,3.357904892752785e-11,Pos162-Pos225-Pos402
162,225,402,Pos162_T-Pos225_*-Pos402_H,0.0,4.287871919435563e-12,Pos162-Pos225-Pos402
162,225,402,Pos162_T-Pos225_*-Pos402_S,0.0,2.1717792838699605e-12,Pos162-Pos225-Pos402
162,225,402,Pos162_T-Pos225_*-Pos402_V,0.0,1.5592261525220228e-12,Pos162-Pos225-Pos402
162,225,402,Pos162_T-Pos225_*-Pos402_L,0.0,1.1137329660871593e-13,Pos162-Pos225-Pos402
162,225,402,Pos162_T-Pos225_*-Pos402_E,0.0,5.5686648304357966e-14,Pos162-Pos225-Pos402
162,225,402,Pos162_T-Pos225_*-Pos402_K,0.0,5.5686648304357966e-14,Pos162-Pos225-Pos402
162,225,402,Pos162_T-Pos225_S-Pos402_C,0.0,1.0073714678258357e-10,Pos162-Pos225-Pos402
162,225,402,Pos162_T-Pos225_S-Pos402_H,0.0,1.2863615758306691e-11,Pos162-Pos225-Pos402
162,225,402,Pos162_T-Pos225_S-Pos402_S,0.0,6.5153378516098824e-12,Pos162-Pos225-Pos402
162,225,402,Pos162_T-Pos225_S-Pos402_V,0.0,4.677678457566069e-12,Pos162-Pos225-Pos402
162,225,402,Pos162_T-Pos225_S-Pos402_L,0.0,3.341198898261478e-13,Pos162-Pos225-Pos402
162,225,402,Pos162_T-Pos225_S-Pos402_E,0.0,1.670599449130739e-13,Pos162-Pos225-Pos402
162,225,402,Pos162_T-Pos225_S-Pos402_K,0.0,1.670599449130739e-13,Pos162-Pos225-Pos402
162,225,402,Pos162_T-Pos225_V-Pos402_C,0.0,3.357904892752785e-11,Pos162-Pos225-Pos402
162,225,402,Pos162_T-Pos225_V-Pos402_H,0.0,4.287871919435563e-12,Pos162-Pos225-Pos402
162,225,402,Pos162_T-Pos225_V-Pos402_S,0.0,2.1717792838699605e-12,Pos162-Pos225-Pos402
162,225,402,Pos162_T-Pos225_V-Pos402_V,0.0,1.5592261525220228e-12,Pos162-Pos225-Pos402
162,225,402,Pos162_T-Pos225_V-Pos402_L,0.0,1.1137329660871593e-13,Pos162-Pos225-Pos402
162,225,402,Pos162_T-Pos225_V-Pos402_E,0.0,5.5686648304357966e-14,Pos162-Pos225-Pos402
162,225,402,Pos162_T-Pos225_V-Pos402_K,0.0,5.5686648304357966e-14,Pos162-Pos225-Pos402
162,225,402,Pos162_C-Pos225_E-Pos402_C,0.0,8.665409366237838e-08,Pos162-Pos225-Pos402
162,225,402,Pos162_C-Pos225_E-Pos402_H,0.0,1.1065282275295416e-08,Pos162-Pos225-Pos402
162,225,402,Pos162_C-Pos225_E-Pos402_S,0.0,5.604493619954821e-09,Pos162-Pos225-Pos402
162,225,402,Pos162_C-Pos225_E-Pos402_V,0.0,4.0237390091983325e-09,Pos162-Pos225-Pos402
162,225,402,Pos162_C-Pos225_E-Pos402_L,0.0,2.8740992922845234e-10,Pos162-Pos225-Pos402
162,225,402,Pos162_C-Pos225_E-Pos402_E,0.0,1.4370496461422617e-10,Pos162-Pos225-Pos402
162,225,402,Pos162_C-Pos225_E-Pos402_K,0.0,1.4370496461422617e-10,Pos162-Pos225-Pos402
162,225,402,Pos162_C-Pos225_I-Pos402_C,0.0,6.24721415772192e-08,Pos162-Pos225-Pos402
162,225,402,Pos162_C-Pos225_I-Pos402_H,0.0,7.977371312513894e-09,Pos162-Pos225-Pos402
162,225,402,Pos162_C-Pos225_I-Pos402_S,0.0,4.0404867686758686e-09,Pos162-Pos225-Pos402
162,225,402,Pos162_C-Pos225_I-Pos402_V,0.0,2.900862295459598e-09,Pos162-Pos225-Pos402
162,225,402,Pos162_C-Pos225_I-Pos402_L,0.0,2.0720444967568555e-10,Pos162-Pos225-Pos402
162,225,402,Pos162_C-Pos225_I-Pos402_E,0.0,1.0360222483784278e-10,Pos162-Pos225-Pos402
162,225,402,Pos162_C-Pos225_I-Pos402_K,0.0,1.0360222483784278e-10,Pos162-Pos225-Pos402
162,225,402,Pos162_C-Pos225_N-Pos402_C,0.0,2.0565488515664436e-08,Pos162-Pos225-Pos402
162,225,402,Pos162_C-Pos225_N-Pos402_H,0.0,2.6261071570583107e-09,Pos162-Pos225-Pos402
162,225,402,Pos162_C-Pos225_N-Pos402_S,0.0,1.3301062224061575e-09,Pos162-Pos225-Pos402
162,225,402,Pos162_C-Pos225_N-Pos402_V,0.0,9.54948057112113e-10,Pos162-Pos225-Pos402
162,225,402,Pos162_C-Pos225_N-Pos402_L,0.0,6.821057550800808e-11,Pos162-Pos225-Pos402
162,225,402,Pos162_C-Pos225_N-Pos402_E,0.0,3.410528775400404e-11,Pos162-Pos225-Pos402
162,225,402,Pos162_C-Pos225_N-Pos402_K,0.0,3.410528775400404e-11,Pos162-Pos225-Pos402
162,225,402,Pos162_C-Pos225_M-Pos402_C,0.0,1.9543006475821217e-09,Pos162-Pos225-Pos402
162,225,402,Pos162_C-Pos225_M-Pos402_H,0.0,2.4955414571114986e-10,Pos162-Pos225-Pos402
162,225,402,Pos162_C-Pos225_M-Pos402_S,0.0,1.2639755432123173e-10,Pos162-Pos225-Pos402
162,225,402,Pos162_C-Pos225_M-Pos402_V,0.0,9.074696207678175e-11,Pos162-Pos225-Pos402
162,225,402,Pos162_C-Pos225_M-Pos402_L,0.0,6.481925862627268e-12,Pos162-Pos225-Pos402
162,225,402,Pos162_C-Pos225_M-Pos402_E,0.0,3.240962931313634e-12,Pos162-Pos225-Pos402
162,225,402,Pos162_C-Pos225_M-Pos402_K,0.0,3.240962931313634e-12,Pos162-Pos225-Pos402
162,225,402,Pos162_C-Pos225_T-Pos402_C,0.0,2.029853507669059e-09,Pos162-Pos225-Pos402
162,225,402,Pos162_C-Pos225_T-Pos402_H,0.0,2.5920185752987983e-10,Pos162-Pos225-Pos402
162,225,402,Pos162_C-Pos225_T-Pos402_S,0.0,1.3128405770993913e-10,Pos162-Pos225-Pos402
162,225,402,Pos162_C-Pos225_T-Pos402_V,0.0,9.42552209199563e-11,Pos162-Pos225-Pos402
162,225,402,Pos162_C-Pos225_T-Pos402_L,0.0,6.732515779996878e-12,Pos162-Pos225-Pos402
162,225,402,Pos162_C-Pos225_T-Pos402_E,0.0,3.366257889998439e-12,Pos162-Pos225-Pos402
162,225,402,Pos162_C-Pos225_T-Pos402_K,0.0,3.366257889998439e-12,Pos162-Pos225-Pos402
162,225,402,Pos162_C-Pos225_L-Pos402_C,0.0,2.367322949390714e-10,Pos162-Pos225-Pos402
162,225,402,Pos162_C-Pos225_L-Pos402_H,0.0,3.022949703202072e-11,Pos162-Pos225-Pos402
162,225,402,Pos162_C-Pos225_L-Pos402_S,0.0,1.5311043951283222e-11,Pos162-Pos225-Pos402
162,225,402,Pos162_C-Pos225_L-Pos402_V,0.0,1.099254437528026e-11,Pos162-Pos225-Pos402
162,225,402,Pos162_C-Pos225_L-Pos402_L,0.0,7.851817410914473e-13,Pos162-Pos225-Pos402
162,225,402,Pos162_C-Pos225_L-Pos402_E,0.0,3.9259087054572363e-13,Pos162-Pos225-Pos402
162,225,402,Pos162_C-Pos225_L-Pos402_K,0.0,3.9259087054572363e-13,Pos162-Pos225-Pos402
162,225,402,Pos162_C-Pos225_R-Pos402_C,0.0,5.540543073042096e-11,Pos162-Pos225-Pos402
162,225,402,Pos162_C-Pos225_R-Pos402_H,0.0,7.07498866706868e-12,Pos162-Pos225-Pos402
162,225,402,Pos162_C-Pos225_R-Pos402_S,0.0,3.5834358183854352e-12,Pos162-Pos225-Pos402
162,225,402,Pos162_C-Pos225_R-Pos402_V,0.0,2.572723151661338e-12,Pos162-Pos225-Pos402
162,225,402,Pos162_C-Pos225_R-Pos402_L,0.0,1.837659394043813e-13,Pos162-Pos225-Pos402
162,225,402,Pos162_C-Pos225_R-Pos402_E,0.0,9.188296970219065e-14,Pos162-Pos225-Pos402
162,225,402,Pos162_C-Pos225_R-Pos402_K,0.0,9.188296970219065e-14,Pos162-Pos225-Pos402
162,225,402,Pos162_C-Pos225_G-Pos402_C,0.0,5.540543073042096e-11,Pos162-Pos225-Pos402
162,225,402,Pos162_C-Pos225_G-Pos402_H,0.0,7.07498866706868e-12,Pos162-Pos225-Pos402
162,225,402,Pos162_C-Pos225_G-Pos402_S,0.0,3.5834358183854352e-12,Pos162-Pos225-Pos402
162,225,402,Pos162_C-Pos225_G-Pos402_V,0.0,2.572723151661338e-12,Pos162-Pos225-Pos402
162,225,402,Pos162_C-Pos225_G-Pos402_L,0.0,1.837659394043813e-13,Pos162-Pos225-Pos402
162,225,402,Pos162_C-Pos225_G-Pos402_E,0.0,9.188296970219065e-14,Pos162-Pos225-Pos402
162,225,402,Pos162_C-Pos225_G-Pos402_K,0.0,9.188296970219065e-14,Pos162-Pos225-Pos402
162,225,402,Pos162_C-Pos225_Q-Pos402_C,0.0,4.029485871303343e-11,Pos162-Pos225-Pos402
162,225,402,Pos162_C-Pos225_Q-Pos402_H,0.0,5.145446303322677e-12,Pos162-Pos225-Pos402
162,225,402,Pos162_C-Pos225_Q-Pos402_S,0.0,2.6061351406439532e-12,Pos162-Pos225-Pos402
162,225,402,Pos162_C-Pos225_Q-Pos402_V,0.0,1.8710713830264275e-12,Pos162-Pos225-Pos402
162,225,402,Pos162_C-Pos225_Q-Pos402_L,0.0,1.3364795593045913e-13,Pos162-Pos225-Pos402
162,225,402,Pos162_C-Pos225_Q-Pos402_E,0.0,6.682397796522956e-14,Pos162-Pos225-Pos402
162,225,402,Pos162_C-Pos225_Q-Pos402_K,0.0,6.682397796522956e-14,Pos162-Pos225-Pos402
162,225,402,Pos162_C-Pos225_*-Pos402_C,0.0,1.0073714678258357e-11,Pos162-Pos225-Pos402
162,225,402,Pos162_C-Pos225_*-Pos402_H,0.0,1.2863615758306692e-12,Pos162-Pos225-Pos402
162,225,402,Pos162_C-Pos225_*-Pos402_S,0.0,6.515337851609883e-13,Pos162-Pos225-Pos402
162,225,402,Pos162_C-Pos225_*-Pos402_V,0.0,4.677678457566069e-13,Pos162-Pos225-Pos402
162,225,402,Pos162_C-Pos225_*-Pos402_L,0.0,3.341198898261478e-14,Pos162-Pos225-Pos402
162,225,402,Pos162_C-Pos225_*-Pos402_E,0.0,1.670599449130739e-14,Pos162-Pos225-Pos402
162,225,402,Pos162_C-Pos225_*-Pos402_K,0.0,1.670599449130739e-14,Pos162-Pos225-Pos402
162,225,402,Pos162_C-Pos225_S-Pos402_C,0.0,3.0221144034775075e-11,Pos162-Pos225-Pos402
162,225,402,Pos162_C-Pos225_S-Pos402_H,0.0,3.859084727492008e-12,Pos162-Pos225-Pos402
162,225,402,Pos162_C-Pos225_S-Pos402_S,0.0,1.954601355482965e-12,Pos162-Pos225-Pos402
162,225,402,Pos162_C-Pos225_S-Pos402_V,0.0,1.4033035372698207e-12,Pos162-Pos225-Pos402
162,225,402,Pos162_C-Pos225_S-Pos402_L,0.0,1.0023596694784435e-13,Pos162-Pos225-Pos402
162,225,402,Pos162_C-Pos225_S-Pos402_E,0.0,5.0117983473922176e-14,Pos162-Pos225-Pos402
162,225,402,Pos162_C-Pos225_S-Pos402_K,0.0,5.0117983473922176e-14,Pos162-Pos225-Pos402
162,225,402,Pos162_C-Pos225_V-Pos402_C,0.0,1.0073714678258357e-11,Pos162-Pos225-Pos402
162,225,402,Pos162_C-Pos225_V-Pos402_H,0.0,1.2863615758306692e-12,Pos162-Pos225-Pos402
162,225,402,Pos162_C-Pos225_V-Pos402_S,0.0,6.515337851609883e-13,Pos162-Pos225-Pos402
162,225,402,Pos162_C-Pos225_V-Pos402_V,0.0,4.677678457566069e-13,Pos162-Pos225-Pos402
162,225,402,Pos162_C-Pos225_V-Pos402_L,0.0,3.341198898261478e-14,Pos162-Pos225-Pos402
162,225,402,Pos162_C-Pos225_V-Pos402_E,0.0,1.670599449130739e-14,Pos162-Pos225-Pos402
162,225,402,Pos162_C-Pos225_V-Pos402_K,0.0,1.670599449130739e-14,Pos162-Pos225-Pos402
163,225,402,Pos163_F-Pos225_E-Pos402_C,0.00037984299822739937,0.0015193351088803677,Pos163-Pos225-Pos402
163,225,402,Pos163_F-Pos225_E-Pos402_H,0.00022509214709771813,0.00019401128256017964,Pos163-Pos225-Pos402
163,225,402,Pos163_F-Pos225_E-Pos402_S,8.44095551616443e-05,9.826545480320787e-05,Pos163-Pos225-Pos402
163,225,402,Pos163_F-Pos225_E-Pos402_V,5.627303677442953e-05,7.054955729461077e-05,Pos163-Pos225-Pos402
163,225,402,Pos163_F-Pos225_E-Pos402_L,0.0,5.039254092472198e-06,Pos163-Pos225-Pos402
163,225,402,Pos163_F-Pos225_E-Pos402_E,0.0,2.519627046236099e-06,Pos163-Pos225-Pos402
163,225,402,Pos163_F-Pos225_E-Pos402_K,1.4068259193607383e-05,2.519627046236099e-06,Pos163-Pos225-Pos402
163,225,402,Pos163_F-Pos225_I-Pos402_C,1.4068259193607383e-05,0.0010953448823205765,Pos163-Pos225-Pos402
163,225,402,Pos163_F-Pos225_I-Pos402_H,0.0,0.00013986991034607693,Pos163-Pos225-Pos402
163,225,402,Pos163_F-Pos225_I-Pos402_S,0.0,7.08432013441169e-05,Pos163-Pos225-Pos402
163,225,402,Pos163_F-Pos225_I-Pos402_V,0.0,5.086178558039161e-05,Pos163-Pos225-Pos402
163,225,402,Pos163_F-Pos225_I-Pos402_L,0.0,3.6329846843136865e-06,Pos163-Pos225-Pos402
163,225,402,Pos163_F-Pos225_I-Pos402_E,0.0,1.8164923421568432e-06,Pos163-Pos225-Pos402
163,225,402,Pos163_F-Pos225_I-Pos402_K,0.0,1.8164923421568432e-06,Pos163-Pos225-Pos402
163,225,402,Pos163_F-Pos225_N-Pos402_C,0.0,0.0003605815653079831,Pos163-Pos225-Pos402
163,225,402,Pos163_F-Pos225_N-Pos402_H,0.0,4.604441215375572e-05,Pos163-Pos225-Pos402
163,225,402,Pos163_F-Pos225_N-Pos402_S,1.4068259193607383e-05,2.3321195766187965e-05,Pos163-Pos225-Pos402
163,225,402,Pos163_F-Pos225_N-Pos402_V,0.0,1.6743422601365715e-05,Pos163-Pos225-Pos402
163,225,402,Pos163_F-Pos225_N-Pos402_L,0.0,1.1959587572404083e-06,Pos163-Pos225-Pos402
163,225,402,Pos163_F-Pos225_N-Pos402_E,0.0,5.979793786202042e-07,Pos163-Pos225-Pos402
163,225,402,Pos163_F-Pos225_N-Pos402_K,0.0,5.979793786202042e-07,Pos163-Pos225-Pos402
163,225,402,Pos163_F-Pos225_M-Pos402_C,0.0,3.426540468760653e-05,Pos163-Pos225-Pos402
163,225,402,Pos163_F-Pos225_M-Pos402_H,0.0,4.375516021468827e-06,Pos163-Pos225-Pos402
163,225,402,Pos163_F-Pos225_M-Pos402_S,0.0,2.2161704524322634e-06,Pos163-Pos225-Pos402
163,225,402,Pos163_F-Pos225_M-Pos402_V,0.0,1.5910967350795735e-06,Pos163-Pos225-Pos402
163,225,402,Pos163_F-Pos225_M-Pos402_L,0.0,1.1364976679139812e-07,Pos163-Pos225-Pos402
163,225,402,Pos163_F-Pos225_M-Pos402_E,0.0,5.682488339569906e-08,Pos163-Pos225-Pos402
163,225,402,Pos163_F-Pos225_M-Pos402_K,0.0,5.682488339569906e-08,Pos163-Pos225-Pos402
163,225,402,Pos163_F-Pos225_T-Pos402_C,1.4068259193607383e-05,3.55900981677975e-05,Pos163-Pos225-Pos402
163,225,402,Pos163_F-Pos225_T-Pos402_H,0.0,4.54467256869056e-06,Pos163-Pos225-Pos402
163,225,402,Pos163_F-Pos225_T-Pos402_S,0.0,2.3018471451809334e-06,Pos163-Pos225-Pos402
163,225,402,Pos163_F-Pos225_T-Pos402_V,0.0,1.6526082067965673e-06,Pos163-Pos225-Pos402
163,225,402,Pos163_F-Pos225_T-Pos402_L,0.0,1.1804344334261195e-07,Pos163-Pos225-Pos402
163,225,402,Pos163_F-Pos225_T-Pos402_E,0.0,5.9021721671305974e-08,Pos163-Pos225-Pos402
163,225,402,Pos163_F-Pos225_T-Pos402_K,0.0,5.9021721671305974e-08,Pos163-Pos225-Pos402
163,225,402,Pos163_F-Pos225_L-Pos402_C,0.0,4.150706237931719e-06,Pos163-Pos225-Pos402
163,225,402,Pos163_F-Pos225_L-Pos402_H,0.0,5.3002384796143e-07,Pos163-Pos225-Pos402
163,225,402,Pos163_F-Pos225_L-Pos402_S,0.0,2.6845363727916587e-07,Pos163-Pos225-Pos402
163,225,402,Pos163_F-Pos225_L-Pos402_V,0.0,1.927359447132473e-07,Pos163-Pos225-Pos402
163,225,402,Pos163_F-Pos225_L-Pos402_L,0.0,1.3766853193803378e-08,Pos163-Pos225-Pos402
163,225,402,Pos163_F-Pos225_L-Pos402_E,0.0,6.883426596901689e-09,Pos163-Pos225-Pos402
163,225,402,Pos163_F-Pos225_L-Pos402_K,0.0,6.883426596901689e-09,Pos163-Pos225-Pos402
163,225,402,Pos163_F-Pos225_R-Pos402_C,0.0,9.71441885473381e-07,Pos163-Pos225-Pos402
163,225,402,Pos163_F-Pos225_R-Pos402_H,0.0,1.2404813462927087e-07,Pos163-Pos225-Pos402
163,225,402,Pos163_F-Pos225_R-Pos402_S,0.0,6.282957468235798e-08,Pos163-Pos225-Pos402
163,225,402,Pos163_F-Pos225_R-Pos402_V,0.0,4.510841259246213e-08,Pos163-Pos225-Pos402
163,225,402,Pos163_F-Pos225_R-Pos402_L,0.0,3.2220294708901524e-09,Pos163-Pos225-Pos402
163,225,402,Pos163_F-Pos225_R-Pos402_E,0.0,1.6110147354450762e-09,Pos163-Pos225-Pos402
163,225,402,Pos163_F-Pos225_R-Pos402_K,0.0,1.6110147354450762e-09,Pos163-Pos225-Pos402
163,225,402,Pos163_F-Pos225_G-Pos402_C,0.0,9.71441885473381e-07,Pos163-Pos225-Pos402
163,225,402,Pos163_F-Pos225_G-Pos402_H,0.0,1.2404813462927087e-07,Pos163-Pos225-Pos402
163,225,402,Pos163_F-Pos225_G-Pos402_S,0.0,6.282957468235798e-08,Pos163-Pos225-Pos402
163,225,402,Pos163_F-Pos225_G-Pos402_V,0.0,4.510841259246213e-08,Pos163-Pos225-Pos402
163,225,402,Pos163_F-Pos225_G-Pos402_L,0.0,3.2220294708901524e-09,Pos163-Pos225-Pos402
163,225,402,Pos163_F-Pos225_G-Pos402_E,0.0,1.6110147354450762e-09,Pos163-Pos225-Pos402
163,225,402,Pos163_F-Pos225_G-Pos402_K,0.0,1.6110147354450762e-09,Pos163-Pos225-Pos402
163,225,402,Pos163_F-Pos225_Q-Pos402_C,0.0,7.065031894351862e-07,Pos163-Pos225-Pos402
163,225,402,Pos163_F-Pos225_Q-Pos402_H,0.0,9.021682518492427e-08,Pos163-Pos225-Pos402
163,225,402,Pos163_F-Pos225_Q-Pos402_S,0.0,4.569423613262398e-08,Pos163-Pos225-Pos402
163,225,402,Pos163_F-Pos225_Q-Pos402_V,0.0,3.280611824906337e-08,Pos163-Pos225-Pos402
163,225,402,Pos163_F-Pos225_Q-Pos402_L,0.0,2.3432941606473834e-09,Pos163-Pos225-Pos402
163,225,402,Pos163_F-Pos225_Q-Pos402_E,0.0,1.1716470803236917e-09,Pos163-Pos225-Pos402
163,225,402,Pos163_F-Pos225_Q-Pos402_K,0.0,1.1716470803236917e-09,Pos163-Pos225-Pos402
163,225,402,Pos163_F-Pos225_*-Pos402_C,0.0,1.7662579735879655e-07,Pos163-Pos225-Pos402
163,225,402,Pos163_F-Pos225_*-Pos402_H,0.0,2.2554206296231067e-08,Pos163-Pos225-Pos402
163,225,402,Pos163_F-Pos225_*-Pos402_S,0.0,1.1423559033155995e-08,Pos163-Pos225-Pos402
163,225,402,Pos163_F-Pos225_*-Pos402_V,0.0,8.201529562265842e-09,Pos163-Pos225-Pos402
163,225,402,Pos163_F-Pos225_*-Pos402_L,0.0,5.858235401618458e-10,Pos163-Pos225-Pos402
163,225,402,Pos163_F-Pos225_*-Pos402_E,0.0,2.929117700809229e-10,Pos163-Pos225-Pos402
163,225,402,Pos163_F-Pos225_*-Pos402_K,0.0,2.929117700809229e-10,Pos163-Pos225-Pos402
163,225,402,Pos163_F-Pos225_S-Pos402_C,0.0,5.298773920763896e-07,Pos163-Pos225-Pos402
163,225,402,Pos163_F-Pos225_S-Pos402_H,0.0,6.76626188886932e-08,Pos163-Pos225-Pos402
163,225,402,Pos163_F-Pos225_S-Pos402_S,0.0,3.427067709946798e-08,Pos163-Pos225-Pos402
163,225,402,Pos163_F-Pos225_S-Pos402_V,0.0,2.4604588686797523e-08,Pos163-Pos225-Pos402
163,225,402,Pos163_F-Pos225_S-Pos402_L,0.0,1.7574706204855374e-09,Pos163-Pos225-Pos402
163,225,402,Pos163_F-Pos225_S-Pos402_E,0.0,8.787353102427687e-10,Pos163-Pos225-Pos402
163,225,402,Pos163_F-Pos225_S-Pos402_K,0.0,8.787353102427687e-10,Pos163-Pos225-Pos402
163,225,402,Pos163_F-Pos225_V-Pos402_C,0.0,1.7662579735879655e-07,Pos163-Pos225-Pos402
163,225,402,Pos163_F-Pos225_V-Pos402_H,0.0,2.2554206296231067e-08,Pos163-Pos225-Pos402
163,225,402,Pos163_F-Pos225_V-Pos402_S,0.0,1.1423559033155995e-08,Pos163-Pos225-Pos402
163,225,402,Pos163_F-Pos225_V-Pos402_V,0.0,8.201529562265842e-09,Pos163-Pos225-Pos402
163,225,402,Pos163_F-Pos225_V-Pos402_L,0.0,5.858235401618458e-10,Pos163-Pos225-Pos402
163,225,402,Pos163_F-Pos225_V-Pos402_E,0.0,2.929117700809229e-10,Pos163-Pos225-Pos402
163,225,402,Pos163_F-Pos225_V-Pos402_K,0.0,2.929117700809229e-10,Pos163-Pos225-Pos402
163,225,402,Pos163_Y-Pos225_E-Pos402_C,0.0,3.1773167676205407e-07,Pos163-Pos225-Pos402
163,225,402,Pos163_Y-Pos225_E-Pos402_H,0.0,4.057270167608319e-08,Pos163-Pos225-Pos402
163,225,402,Pos163_Y-Pos225_E-Pos402_S,0.0,2.0549809939834344e-08,Pos163-Pos225-Pos402
163,225,402,Pos163_Y-Pos225_E-Pos402_V,0.0,1.4753709700393886e-08,Pos163-Pos225-Pos402
163,225,402,Pos163_Y-Pos225_E-Pos402_L,0.0,1.053836407170992e-09,Pos163-Pos225-Pos402
163,225,402,Pos163_Y-Pos225_E-Pos402_E,0.0,5.26918203585496e-10,Pos163-Pos225-Pos402
163,225,402,Pos163_Y-Pos225_E-Pos402_K,0.0,5.26918203585496e-10,Pos163-Pos225-Pos402
163,225,402,Pos163_Y-Pos225_I-Pos402_C,0.0,2.290645191164704e-07,Pos163-Pos225-Pos402
163,225,402,Pos163_Y-Pos225_I-Pos402_H,0.0,2.925036147921761e-08,Pos163-Pos225-Pos402
163,225,402,Pos163_Y-Pos225_I-Pos402_S,0.0,1.4815118151811518e-08,Pos163-Pos225-Pos402
163,225,402,Pos163_Y-Pos225_I-Pos402_V,0.0,1.063649508335186e-08,Pos163-Pos225-Pos402
163,225,402,Pos163_Y-Pos225_I-Pos402_L,0.0,7.597496488108471e-10,Pos163-Pos225-Pos402
163,225,402,Pos163_Y-Pos225_I-Pos402_E,0.0,3.7987482440542355e-10,Pos163-Pos225-Pos402
163,225,402,Pos163_Y-Pos225_I-Pos402_K,0.0,3.7987482440542355e-10,Pos163-Pos225-Pos402
163,225,402,Pos163_Y-Pos225_N-Pos402_C,0.0,7.540679122410293e-08,Pos163-Pos225-Pos402
163,225,402,Pos163_Y-Pos225_N-Pos402_H,0.0,9.629059575880473e-09,Pos163-Pos225-Pos402
163,225,402,Pos163_Y-Pos225_N-Pos402_S,0.0,4.877056148822578e-09,Pos163-Pos225-Pos402
163,225,402,Pos163_Y-Pos225_N-Pos402_V,0.0,3.501476209411081e-09,Pos163-Pos225-Pos402
163,225,402,Pos163_Y-Pos225_N-Pos402_L,0.0,2.5010544352936293e-10,Pos163-Pos225-Pos402
163,225,402,Pos163_Y-Pos225_N-Pos402_E,0.0,1.2505272176468147e-10,Pos163-Pos225-Pos402
163,225,402,Pos163_Y-Pos225_N-Pos402_K,0.0,1.2505272176468147e-10,Pos163-Pos225-Pos402
163,225,402,Pos163_Y-Pos225_M-Pos402_C,0.0,7.165769041134445e-09,Pos163-Pos225-Pos402
163,225,402,Pos163_Y-Pos225_M-Pos402_H,0.0,9.150318676075493e-10,Pos163-Pos225-Pos402
163,225,402,Pos163_Y-Pos225_M-Pos402_S,0.0,4.634576991778497e-10,Pos163-Pos225-Pos402
163,225,402,Pos163_Y-Pos225_M-Pos402_V,0.0,3.3273886094819974e-10,Pos163-Pos225-Pos402
163,225,402,Pos163_Y-Pos225_M-Pos402_L,0.0,2.376706149629998e-11,Pos163-Pos225-Pos402
163,225,402,Pos163_Y-Pos225_M-Pos402_E,0.0,1.188353074814999e-11,Pos163-Pos225-Pos402
163,225,402,Pos163_Y-Pos225_M-Pos402_K,0.0,1.188353074814999e-11,Pos163-Pos225-Pos402
163,225,402,Pos163_Y-Pos225_T-Pos402_C,0.0,7.44279619478655e-09,Pos163-Pos225-Pos402
163,225,402,Pos163_Y-Pos225_T-Pos402_H,0.0,9.504068109428927e-10,Pos163-Pos225-Pos402
163,225,402,Pos163_Y-Pos225_T-Pos402_S,0.0,4.813748782697769e-10,Pos163-Pos225-Pos402
163,225,402,Pos163_Y-Pos225_T-Pos402_V,0.0,3.456024767065064e-10,Pos163-Pos225-Pos402
163,225,402,Pos163_Y-Pos225_T-Pos402_L,0.0,2.468589119332189e-11,Pos163-Pos225-Pos402
163,225,402,Pos163_Y-Pos225_T-Pos402_E,0.0,1.2342945596660945e-11,Pos163-Pos225-Pos402
163,225,402,Pos163_Y-Pos225_T-Pos402_K,0.0,1.2342945596660945e-11,Pos163-Pos225-Pos402
163,225,402,Pos163_Y-Pos225_L-Pos402_C,0.0,8.68018414776595e-10,Pos163-Pos225-Pos402
163,225,402,Pos163_Y-Pos225_L-Pos402_H,0.0,1.1084148911740931e-10,Pos163-Pos225-Pos402
163,225,402,Pos163_Y-Pos225_L-Pos402_S,0.0,5.614049448803848e-11,Pos163-Pos225-Pos402
163,225,402,Pos163_Y-Pos225_L-Pos402_V,0.0,4.030599604269429e-11,Pos163-Pos225-Pos402
163,225,402,Pos163_Y-Pos225_L-Pos402_L,0.0,2.8789997173353065e-12,Pos163-Pos225-Pos402
163,225,402,Pos163_Y-Pos225_L-Pos402_E,0.0,1.4394998586676532e-12,Pos163-Pos225-Pos402
163,225,402,Pos163_Y-Pos225_L-Pos402_K,0.0,1.4394998586676532e-12,Pos163-Pos225-Pos402
163,225,402,Pos163_Y-Pos225_R-Pos402_C,0.0,2.0315324601154353e-10,Pos163-Pos225-Pos402
163,225,402,Pos163_Y-Pos225_R-Pos402_H,0.0,2.594162511258516e-11,Pos163-Pos225-Pos402
163,225,402,Pos163_Y-Pos225_R-Pos402_S,0.0,1.3139264667413263e-11,Pos163-Pos225-Pos402
163,225,402,Pos163_Y-Pos225_R-Pos402_V,0.0,9.433318222758239e-12,Pos163-Pos225-Pos402
163,225,402,Pos163_Y-Pos225_R-Pos402_L,0.0,6.738084444827314e-13,Pos163-Pos225-Pos402
163,225,402,Pos163_Y-Pos225_R-Pos402_E,0.0,3.369042222413657e-13,Pos163-Pos225-Pos402
163,225,402,Pos163_Y-Pos225_R-Pos402_K,0.0,3.369042222413657e-13,Pos163-Pos225-Pos402
163,225,402,Pos163_Y-Pos225_G-Pos402_C,0.0,2.0315324601154353e-10,Pos163-Pos225-Pos402
163,225,402,Pos163_Y-Pos225_G-Pos402_H,0.0,2.594162511258516e-11,Pos163-Pos225-Pos402
163,225,402,Pos163_Y-Pos225_G-Pos402_S,0.0,1.3139264667413263e-11,Pos163-Pos225-Pos402
163,225,402,Pos163_Y-Pos225_G-Pos402_V,0.0,9.433318222758239e-12,Pos163-Pos225-Pos402
163,225,402,Pos163_Y-Pos225_G-Pos402_L,0.0,6.738084444827314e-13,Pos163-Pos225-Pos402
163,225,402,Pos163_Y-Pos225_G-Pos402_E,0.0,3.369042222413657e-13,Pos163-Pos225-Pos402
163,225,402,Pos163_Y-Pos225_G-Pos402_K,0.0,3.369042222413657e-13,Pos163-Pos225-Pos402
163,225,402,Pos163_Y-Pos225_Q-Pos402_C,0.0,1.4774781528112257e-10,Pos163-Pos225-Pos402
163,225,402,Pos163_Y-Pos225_Q-Pos402_H,0.0,1.8866636445516478e-11,Pos163-Pos225-Pos402
163,225,402,Pos163_Y-Pos225_Q-Pos402_S,0.0,9.555828849027828e-12,Pos163-Pos225-Pos402
163,225,402,Pos163_Y-Pos225_Q-Pos402_V,0.0,6.860595071096901e-12,Pos163-Pos225-Pos402
163,225,402,Pos163_Y-Pos225_Q-Pos402_L,0.0,4.900425050783501e-13,Pos163-Pos225-Pos402
163,225,402,Pos163_Y-Pos225_Q-Pos402_E,0.0,2.4502125253917505e-13,Pos163-Pos225-Pos402
163,225,402,Pos163_Y-Pos225_Q-Pos402_K,0.0,2.4502125253917505e-13,Pos163-Pos225-Pos402
163,225,402,Pos163_Y-Pos225_*-Pos402_C,0.0,3.693695382028064e-11,Pos163-Pos225-Pos402
163,225,402,Pos163_Y-Pos225_*-Pos402_H,0.0,4.7166591113791195e-12,Pos163-Pos225-Pos402
163,225,402,Pos163_Y-Pos225_*-Pos402_S,0.0,2.388957212256957e-12,Pos163-Pos225-Pos402
163,225,402,Pos163_Y-Pos225_*-Pos402_V,0.0,1.7151487677742253e-12,Pos163-Pos225-Pos402
163,225,402,Pos163_Y-Pos225_*-Pos402_L,0.0,1.2251062626958752e-13,Pos163-Pos225-Pos402
163,225,402,Pos163_Y-Pos225_*-Pos402_E,0.0,6.125531313479376e-14,Pos163-Pos225-Pos402
163,225,402,Pos163_Y-Pos225_*-Pos402_K,0.0,6.125531313479376e-14,Pos163-Pos225-Pos402
163,225,402,Pos163_Y-Pos225_S-Pos402_C,0.0,1.1081086146084192e-10,Pos163-Pos225-Pos402
163,225,402,Pos163_Y-Pos225_S-Pos402_H,0.0,1.414997733413736e-11,Pos163-Pos225-Pos402
163,225,402,Pos163_Y-Pos225_S-Pos402_S,0.0,7.1668716367708705e-12,Pos163-Pos225-Pos402
163,225,402,Pos163_Y-Pos225_S-Pos402_V,0.0,5.145446303322676e-12,Pos163-Pos225-Pos402
163,225,402,Pos163_Y-Pos225_S-Pos402_L,0.0,3.675318788087626e-13,Pos163-Pos225-Pos402
163,225,402,Pos163_Y-Pos225_S-Pos402_E,0.0,1.837659394043813e-13,Pos163-Pos225-Pos402
163,225,402,Pos163_Y-Pos225_S-Pos402_K,0.0,1.837659394043813e-13,Pos163-Pos225-Pos402
163,225,402,Pos163_Y-Pos225_V-Pos402_C,0.0,3.693695382028064e-11,Pos163-Pos225-Pos402
163,225,402,Pos163_Y-Pos225_V-Pos402_H,0.0,4.7166591113791195e-12,Pos163-Pos225-Pos402
163,225,402,Pos163_Y-Pos225_V-Pos402_S,0.0,2.388957212256957e-12,Pos163-Pos225-Pos402
163,225,402,Pos163_Y-Pos225_V-Pos402_V,0.0,1.7151487677742253e-12,Pos163-Pos225-Pos402
163,225,402,Pos163_Y-Pos225_V-Pos402_L,0.0,1.2251062626958752e-13,Pos163-Pos225-Pos402
163,225,402,Pos163_Y-Pos225_V-Pos402_E,0.0,6.125531313479376e-14,Pos163-Pos225-Pos402
163,225,402,Pos163_Y-Pos225_V-Pos402_K,0.0,6.125531313479376e-14,Pos163-Pos225-Pos402
163,225,402,Pos163_A-Pos225_E-Pos402_C,0.0,2.8884697887459457e-08,Pos163-Pos225-Pos402
163,225,402,Pos163_A-Pos225_E-Pos402_H,0.0,3.6884274250984716e-09,Pos163-Pos225-Pos402
163,225,402,Pos163_A-Pos225_E-Pos402_S,0.0,1.86816453998494e-09,Pos163-Pos225-Pos402
163,225,402,Pos163_A-Pos225_E-Pos402_V,0.0,1.341246336399444e-09,Pos163-Pos225-Pos402
163,225,402,Pos163_A-Pos225_E-Pos402_L,0.0,9.580330974281744e-11,Pos163-Pos225-Pos402
163,225,402,Pos163_A-Pos225_E-Pos402_E,0.0,4.790165487140872e-11,Pos163-Pos225-Pos402
163,225,402,Pos163_A-Pos225_E-Pos402_K,0.0,4.790165487140872e-11,Pos163-Pos225-Pos402
163,225,402,Pos163_A-Pos225_I-Pos402_C,0.0,2.08240471924064e-08,Pos163-Pos225-Pos402
163,225,402,Pos163_A-Pos225_I-Pos402_H,0.0,2.659123770837965e-09,Pos163-Pos225-Pos402
163,225,402,Pos163_A-Pos225_I-Pos402_S,0.0,1.3468289228919563e-09,Pos163-Pos225-Pos402
163,225,402,Pos163_A-Pos225_I-Pos402_V,0.0,9.669540984865326e-10,Pos163-Pos225-Pos402
163,225,402,Pos163_A-Pos225_I-Pos402_L,0.0,6.906814989189519e-11,Pos163-Pos225-Pos402
163,225,402,Pos163_A-Pos225_I-Pos402_E,0.0,3.4534074945947595e-11,Pos163-Pos225-Pos402
163,225,402,Pos163_A-Pos225_I-Pos402_K,0.0,3.4534074945947595e-11,Pos163-Pos225-Pos402
163,225,402,Pos163_A-Pos225_N-Pos402_C,0.0,6.855162838554811e-09,Pos163-Pos225-Pos402
163,225,402,Pos163_A-Pos225_N-Pos402_H,0.0,8.753690523527702e-10,Pos163-Pos225-Pos402
163,225,402,Pos163_A-Pos225_N-Pos402_S,0.0,4.433687408020525e-10,Pos163-Pos225-Pos402
163,225,402,Pos163_A-Pos225_N-Pos402_V,0.0,3.18316019037371e-10,Pos163-Pos225-Pos402
163,225,402,Pos163_A-Pos225_N-Pos402_L,0.0,2.2736858502669357e-11,Pos163-Pos225-Pos402
163,225,402,Pos163_A-Pos225_N-Pos402_E,0.0,1.1368429251334678e-11,Pos163-Pos225-Pos402
163,225,402,Pos163_A-Pos225_N-Pos402_K,0.0,1.1368429251334678e-11,Pos163-Pos225-Pos402
163,225,402,Pos163_A-Pos225_M-Pos402_C,0.0,6.514335491940405e-10,Pos163-Pos225-Pos402
163,225,402,Pos163_A-Pos225_M-Pos402_H,0.0,8.318471523704994e-11,Pos163-Pos225-Pos402
163,225,402,Pos163_A-Pos225_M-Pos402_S,0.0,4.2132518107077245e-11,Pos163-Pos225-Pos402
163,225,402,Pos163_A-Pos225_M-Pos402_V,0.0,3.024898735892725e-11,Pos163-Pos225-Pos402
163,225,402,Pos163_A-Pos225_M-Pos402_L,0.0,2.1606419542090894e-12,Pos163-Pos225-Pos402
163,225,402,Pos163_A-Pos225_M-Pos402_E,0.0,1.0803209771045447e-12,Pos163-Pos225-Pos402
163,225,402,Pos163_A-Pos225_M-Pos402_K,0.0,1.0803209771045447e-12,Pos163-Pos225-Pos402
163,225,402,Pos163_A-Pos225_T-Pos402_C,0.0,6.766178358896864e-10,Pos163-Pos225-Pos402
163,225,402,Pos163_A-Pos225_T-Pos402_H,0.0,8.640061917662662e-11,Pos163-Pos225-Pos402
163,225,402,Pos163_A-Pos225_T-Pos402_S,0.0,4.3761352569979714e-11,Pos163-Pos225-Pos402
163,225,402,Pos163_A-Pos225_T-Pos402_V,0.0,3.1418406973318764e-11,Pos163-Pos225-Pos402
163,225,402,Pos163_A-Pos225_T-Pos402_L,0.0,2.2441719266656263e-12,Pos163-Pos225-Pos402
163,225,402,Pos163_A-Pos225_T-Pos402_E,0.0,1.1220859633328132e-12,Pos163-Pos225-Pos402
163,225,402,Pos163_A-Pos225_T-Pos402_K,0.0,1.1220859633328132e-12,Pos163-Pos225-Pos402
163,225,402,Pos163_A-Pos225_L-Pos402_C,0.0,7.891076497969045e-11,Pos163-Pos225-Pos402
163,225,402,Pos163_A-Pos225_L-Pos402_H,0.0,1.0076499010673573e-11,Pos163-Pos225-Pos402
163,225,402,Pos163_A-Pos225_L-Pos402_S,0.0,5.103681317094407e-12,Pos163-Pos225-Pos402
163,225,402,Pos163_A-Pos225_L-Pos402_V,0.0,3.664181458426753e-12,Pos163-Pos225-Pos402
163,225,402,Pos163_A-Pos225_L-Pos402_L,0.0,2.617272470304824e-13,Pos163-Pos225-Pos402
163,225,402,Pos163_A-Pos225_L-Pos402_E,0.0,1.308636235152412e-13,Pos163-Pos225-Pos402
163,225,402,Pos163_A-Pos225_L-Pos402_K,0.0,1.308636235152412e-13,Pos163-Pos225-Pos402
163,225,402,Pos163_A-Pos225_R-Pos402_C,0.0,1.846847691014032e-11,Pos163-Pos225-Pos402
163,225,402,Pos163_A-Pos225_R-Pos402_H,0.0,2.3583295556895597e-12,Pos163-Pos225-Pos402
163,225,402,Pos163_A-Pos225_R-Pos402_S,0.0,1.1944786061284785e-12,Pos163-Pos225-Pos402
163,225,402,Pos163_A-Pos225_R-Pos402_V,0.0,8.575743838871126e-13,Pos163-Pos225-Pos402
163,225,402,Pos163_A-Pos225_R-Pos402_L,0.0,6.125531313479376e-14,Pos163-Pos225-Pos402
163,225,402,Pos163_A-Pos225_R-Pos402_E,0.0,3.062765656739688e-14,Pos163-Pos225-Pos402
163,225,402,Pos163_A-Pos225_R-Pos402_K,0.0,3.062765656739688e-14,Pos163-Pos225-Pos402
163,225,402,Pos163_A-Pos225_G-Pos402_C,0.0,1.846847691014032e-11,Pos163-Pos225-Pos402
163,225,402,Pos163_A-Pos225_G-Pos402_H,0.0,2.3583295556895597e-12,Pos163-Pos225-Pos402
163,225,402,Pos163_A-Pos225_G-Pos402_S,0.0,1.1944786061284785e-12,Pos163-Pos225-Pos402
163,225,402,Pos163_A-Pos225_G-Pos402_V,0.0,8.575743838871126e-13,Pos163-Pos225-Pos402
163,225,402,Pos163_A-Pos225_G-Pos402_L,0.0,6.125531313479376e-14,Pos163-Pos225-Pos402
163,225,402,Pos163_A-Pos225_G-Pos402_E,0.0,3.062765656739688e-14,Pos163-Pos225-Pos402
163,225,402,Pos163_A-Pos225_G-Pos402_K,0.0,3.062765656739688e-14,Pos163-Pos225-Pos402
163,225,402,Pos163_A-Pos225_Q-Pos402_C,0.0,1.3431619571011142e-11,Pos163-Pos225-Pos402
163,225,402,Pos163_A-Pos225_Q-Pos402_H,0.0,1.7151487677742255e-12,Pos163-Pos225-Pos402
163,225,402,Pos163_A-Pos225_Q-Pos402_S,0.0,8.687117135479843e-13,Pos163-Pos225-Pos402
163,225,402,Pos163_A-Pos225_Q-Pos402_V,0.0,6.236904610088092e-13,Pos163-Pos225-Pos402
163,225,402,Pos163_A-Pos225_Q-Pos402_L,0.0,4.4549318643486374e-14,Pos163-Pos225-Pos402
163,225,402,Pos163_A-Pos225_Q-Pos402_E,0.0,2.2274659321743187e-14,Pos163-Pos225-Pos402
163,225,402,Pos163_A-Pos225_Q-Pos402_K,0.0,2.2274659321743187e-14,Pos163-Pos225-Pos402
163,225,402,Pos163_A-Pos225_*-Pos402_C,0.0,3.3579048927527856e-12,Pos163-Pos225-Pos402
163,225,402,Pos163_A-Pos225_*-Pos402_H,0.0,4.2878719194355637e-13,Pos163-Pos225-Pos402
163,225,402,Pos163_A-Pos225_*-Pos402_S,0.0,2.1717792838699609e-13,Pos163-Pos225-Pos402
163,225,402,Pos163_A-Pos225_*-Pos402_V,0.0,1.559226152522023e-13,Pos163-Pos225-Pos402
163,225,402,Pos163_A-Pos225_*-Pos402_L,0.0,1.1137329660871593e-14,Pos163-Pos225-Pos402
163,225,402,Pos163_A-Pos225_*-Pos402_E,0.0,5.568664830435797e-15,Pos163-Pos225-Pos402
163,225,402,Pos163_A-Pos225_*-Pos402_K,0.0,5.568664830435797e-15,Pos163-Pos225-Pos402
163,225,402,Pos163_A-Pos225_S-Pos402_C,0.0,1.0073714678258357e-11,Pos163-Pos225-Pos402
163,225,402,Pos163_A-Pos225_S-Pos402_H,0.0,1.2863615758306692e-12,Pos163-Pos225-Pos402
163,225,402,Pos163_A-Pos225_S-Pos402_S,0.0,6.515337851609883e-13,Pos163-Pos225-Pos402
163,225,402,Pos163_A-Pos225_S-Pos402_V,0.0,4.677678457566069e-13,Pos163-Pos225-Pos402
163,225,402,Pos163_A-Pos225_S-Pos402_L,0.0,3.341198898261478e-14,Pos163-Pos225-Pos402
163,225,402,Pos163_A-Pos225_S-Pos402_E,0.0,1.670599449130739e-14,Pos163-Pos225-Pos402
163,225,402,Pos163_A-Pos225_S-Pos402_K,0.0,1.670599449130739e-14,Pos163-Pos225-Pos402
163,225,402,Pos163_A-Pos225_V-Pos402_C,0.0,3.3579048927527856e-12,Pos163-Pos225-Pos402
163,225,402,Pos163_A-Pos225_V-Pos402_H,0.0,4.2878719194355637e-13,Pos163-Pos225-Pos402
163,225,402,Pos163_A-Pos225_V-Pos402_S,0.0,2.1717792838699609e-13,Pos163-Pos225-Pos402
163,225,402,Pos163_A-Pos225_V-Pos402_V,0.0,1.559226152522023e-13,Pos163-Pos225-Pos402
163,225,402,Pos163_A-Pos225_V-Pos402_L,0.0,1.1137329660871593e-14,Pos163-Pos225-Pos402
163,225,402,Pos163_A-Pos225_V-Pos402_E,0.0,5.568664830435797e-15,Pos163-Pos225-Pos402
163,225,402,Pos163_A-Pos225_V-Pos402_K,0.0,5.568664830435797e-15,Pos163-Pos225-Pos402
163,225,402,Pos163_L-Pos225_E-Pos402_C,0.0,1.4442348943729727e-07,Pos163-Pos225-Pos402
163,225,402,Pos163_L-Pos225_E-Pos402_H,0.0,1.8442137125492356e-08,Pos163-Pos225-Pos402
163,225,402,Pos163_L-Pos225_E-Pos402_S,0.0,9.3408226999247e-09,Pos163-Pos225-Pos402
163,225,402,Pos163_L-Pos225_E-Pos402_V,0.0,6.70623168199722e-09,Pos163-Pos225-Pos402
163,225,402,Pos163_L-Pos225_E-Pos402_L,0.0,4.790165487140871e-10,Pos163-Pos225-Pos402
163,225,402,Pos163_L-Pos225_E-Pos402_E,0.0,2.395082743570436e-10,Pos163-Pos225-Pos402
163,225,402,Pos163_L-Pos225_E-Pos402_K,0.0,2.395082743570436e-10,Pos163-Pos225-Pos402
163,225,402,Pos163_L-Pos225_I-Pos402_C,0.0,1.04120235962032e-07,Pos163-Pos225-Pos402
163,225,402,Pos163_L-Pos225_I-Pos402_H,0.0,1.3295618854189824e-08,Pos163-Pos225-Pos402
163,225,402,Pos163_L-Pos225_I-Pos402_S,0.0,6.734144614459781e-09,Pos163-Pos225-Pos402
163,225,402,Pos163_L-Pos225_I-Pos402_V,0.0,4.834770492432663e-09,Pos163-Pos225-Pos402
163,225,402,Pos163_L-Pos225_I-Pos402_L,0.0,3.4534074945947593e-10,Pos163-Pos225-Pos402
163,225,402,Pos163_L-Pos225_I-Pos402_E,0.0,1.7267037472973797e-10,Pos163-Pos225-Pos402
163,225,402,Pos163_L-Pos225_I-Pos402_K,0.0,1.7267037472973797e-10,Pos163-Pos225-Pos402
163,225,402,Pos163_L-Pos225_N-Pos402_C,0.0,3.427581419277406e-08,Pos163-Pos225-Pos402
163,225,402,Pos163_L-Pos225_N-Pos402_H,0.0,4.376845261763851e-09,Pos163-Pos225-Pos402
163,225,402,Pos163_L-Pos225_N-Pos402_S,0.0,2.2168437040102625e-09,Pos163-Pos225-Pos402
163,225,402,Pos163_L-Pos225_N-Pos402_V,0.0,1.591580095186855e-09,Pos163-Pos225-Pos402
163,225,402,Pos163_L-Pos225_N-Pos402_L,0.0,1.136842925133468e-10,Pos163-Pos225-Pos402
163,225,402,Pos163_L-Pos225_N-Pos402_E,0.0,5.68421462566734e-11,Pos163-Pos225-Pos402
163,225,402,Pos163_L-Pos225_N-Pos402_K,0.0,5.68421462566734e-11,Pos163-Pos225-Pos402
163,225,402,Pos163_L-Pos225_M-Pos402_C,0.0,3.257167745970202e-09,Pos163-Pos225-Pos402
163,225,402,Pos163_L-Pos225_M-Pos402_H,0.0,4.159235761852497e-10,Pos163-Pos225-Pos402
163,225,402,Pos163_L-Pos225_M-Pos402_S,0.0,2.106625905353862e-10,Pos163-Pos225-Pos402
163,225,402,Pos163_L-Pos225_M-Pos402_V,0.0,1.5124493679463624e-10,Pos163-Pos225-Pos402
163,225,402,Pos163_L-Pos225_M-Pos402_L,0.0,1.0803209771045445e-11,Pos163-Pos225-Pos402
163,225,402,Pos163_L-Pos225_M-Pos402_E,0.0,5.4016048855227224e-12,Pos163-Pos225-Pos402
163,225,402,Pos163_L-Pos225_M-Pos402_K,0.0,5.4016048855227224e-12,Pos163-Pos225-Pos402
163,225,402,Pos163_L-Pos225_T-Pos402_C,0.0,3.3830891794484312e-09,Pos163-Pos225-Pos402
163,225,402,Pos163_L-Pos225_T-Pos402_H,0.0,4.32003095883133e-10,Pos163-Pos225-Pos402
163,225,402,Pos163_L-Pos225_T-Pos402_S,0.0,2.1880676284989856e-10,Pos163-Pos225-Pos402
163,225,402,Pos163_L-Pos225_T-Pos402_V,0.0,1.5709203486659383e-10,Pos163-Pos225-Pos402
163,225,402,Pos163_L-Pos225_T-Pos402_L,0.0,1.1220859633328131e-11,Pos163-Pos225-Pos402
163,225,402,Pos163_L-Pos225_T-Pos402_E,0.0,5.6104298166640654e-12,Pos163-Pos225-Pos402
163,225,402,Pos163_L-Pos225_T-Pos402_K,0.0,5.6104298166640654e-12,Pos163-Pos225-Pos402
163,225,402,Pos163_L-Pos225_L-Pos402_C,0.0,3.945538248984523e-10,Pos163-Pos225-Pos402
163,225,402,Pos163_L-Pos225_L-Pos402_H,0.0,5.038249505336787e-11,Pos163-Pos225-Pos402
163,225,402,Pos163_L-Pos225_L-Pos402_S,0.0,2.551840658547204e-11,Pos163-Pos225-Pos402
163,225,402,Pos163_L-Pos225_L-Pos402_V,0.0,1.832090729213377e-11,Pos163-Pos225-Pos402
163,225,402,Pos163_L-Pos225_L-Pos402_L,0.0,1.3086362351524122e-12,Pos163-Pos225-Pos402
163,225,402,Pos163_L-Pos225_L-Pos402_E,0.0,6.543181175762061e-13,Pos163-Pos225-Pos402
163,225,402,Pos163_L-Pos225_L-Pos402_K,0.0,6.543181175762061e-13,Pos163-Pos225-Pos402
163,225,402,Pos163_L-Pos225_R-Pos402_C,0.0,9.23423845507016e-11,Pos163-Pos225-Pos402
163,225,402,Pos163_L-Pos225_R-Pos402_H,0.0,1.17916477784478e-11,Pos163-Pos225-Pos402
163,225,402,Pos163_L-Pos225_R-Pos402_S,0.0,5.972393030642392e-12,Pos163-Pos225-Pos402
163,225,402,Pos163_L-Pos225_R-Pos402_V,0.0,4.287871919435563e-12,Pos163-Pos225-Pos402
163,225,402,Pos163_L-Pos225_R-Pos402_L,0.0,3.062765656739688e-13,Pos163-Pos225-Pos402
163,225,402,Pos163_L-Pos225_R-Pos402_E,0.0,1.531382828369844e-13,Pos163-Pos225-Pos402
163,225,402,Pos163_L-Pos225_R-Pos402_K,0.0,1.531382828369844e-13,Pos163-Pos225-Pos402
163,225,402,Pos163_L-Pos225_G-Pos402_C,0.0,9.23423845507016e-11,Pos163-Pos225-Pos402
163,225,402,Pos163_L-Pos225_G-Pos402_H,0.0,1.17916477784478e-11,Pos163-Pos225-Pos402
163,225,402,Pos163_L-Pos225_G-Pos402_S,0.0,5.972393030642392e-12,Pos163-Pos225-Pos402
163,225,402,Pos163_L-Pos225_G-Pos402_V,0.0,4.287871919435563e-12,Pos163-Pos225-Pos402
163,225,402,Pos163_L-Pos225_G-Pos402_L,0.0,3.062765656739688e-13,Pos163-Pos225-Pos402
163,225,402,Pos163_L-Pos225_G-Pos402_E,0.0,1.531382828369844e-13,Pos163-Pos225-Pos402
163,225,402,Pos163_L-Pos225_G-Pos402_K,0.0,1.531382828369844e-13,Pos163-Pos225-Pos402
163,225,402,Pos163_L-Pos225_Q-Pos402_C,0.0,6.71580978550557e-11,Pos163-Pos225-Pos402
163,225,402,Pos163_L-Pos225_Q-Pos402_H,0.0,8.575743838871126e-12,Pos163-Pos225-Pos402
163,225,402,Pos163_L-Pos225_Q-Pos402_S,0.0,4.343558567739921e-12,Pos163-Pos225-Pos402
163,225,402,Pos163_L-Pos225_Q-Pos402_V,0.0,3.1184523050440456e-12,Pos163-Pos225-Pos402
163,225,402,Pos163_L-Pos225_Q-Pos402_L,0.0,2.2274659321743186e-13,Pos163-Pos225-Pos402
163,225,402,Pos163_L-Pos225_Q-Pos402_E,0.0,1.1137329660871593e-13,Pos163-Pos225-Pos402
163,225,402,Pos163_L-Pos225_Q-Pos402_K,0.0,1.1137329660871593e-13,Pos163-Pos225-Pos402
163,225,402,Pos163_L-Pos225_*-Pos402_C,0.0,1.6789524463763926e-11,Pos163-Pos225-Pos402
163,225,402,Pos163_L-Pos225_*-Pos402_H,0.0,2.1439359597177816e-12,Pos163-Pos225-Pos402
163,225,402,Pos163_L-Pos225_*-Pos402_S,0.0,1.0858896419349803e-12,Pos163-Pos225-Pos402
163,225,402,Pos163_L-Pos225_*-Pos402_V,0.0,7.796130762610114e-13,Pos163-Pos225-Pos402
163,225,402,Pos163_L-Pos225_*-Pos402_L,0.0,5.5686648304357966e-14,Pos163-Pos225-Pos402
163,225,402,Pos163_L-Pos225_*-Pos402_E,0.0,2.7843324152178983e-14,Pos163-Pos225-Pos402
163,225,402,Pos163_L-Pos225_*-Pos402_K,0.0,2.7843324152178983e-14,Pos163-Pos225-Pos402
163,225,402,Pos163_L-Pos225_S-Pos402_C,0.0,5.0368573391291785e-11,Pos163-Pos225-Pos402
163,225,402,Pos163_L-Pos225_S-Pos402_H,0.0,6.4318078791533456e-12,Pos163-Pos225-Pos402
163,225,402,Pos163_L-Pos225_S-Pos402_S,0.0,3.2576689258049412e-12,Pos163-Pos225-Pos402
163,225,402,Pos163_L-Pos225_S-Pos402_V,0.0,2.3388392287830343e-12,Pos163-Pos225-Pos402
163,225,402,Pos163_L-Pos225_S-Pos402_L,0.0,1.670599449130739e-13,Pos163-Pos225-Pos402
163,225,402,Pos163_L-Pos225_S-Pos402_E,0.0,8.352997245653695e-14,Pos163-Pos225-Pos402
163,225,402,Pos163_L-Pos225_S-Pos402_K,0.0,8.352997245653695e-14,Pos163-Pos225-Pos402
163,225,402,Pos163_L-Pos225_V-Pos402_C,0.0,1.6789524463763926e-11,Pos163-Pos225-Pos402
163,225,402,Pos163_L-Pos225_V-Pos402_H,0.0,2.1439359597177816e-12,Pos163-Pos225-Pos402
163,225,402,Pos163_L-Pos225_V-Pos402_S,0.0,1.0858896419349803e-12,Pos163-Pos225-Pos402
163,225,402,Pos163_L-Pos225_V-Pos402_V,0.0,7.796130762610114e-13,Pos163-Pos225-Pos402
163,225,402,Pos163_L-Pos225_V-Pos402_L,0.0,5.5686648304357966e-14,Pos163-Pos225-Pos402
163,225,402,Pos163_L-Pos225_V-Pos402_E,0.0,2.7843324152178983e-14,Pos163-Pos225-Pos402
163,225,402,Pos163_L-Pos225_V-Pos402_K,0.0,2.7843324152178983e-14,Pos163-Pos225-Pos402
163,225,402,Pos163_P-Pos225_E-Pos402_C,0.0,8.665409366237838e-08,Pos163-Pos225-Pos402
163,225,402,Pos163_P-Pos225_E-Pos402_H,0.0,1.1065282275295416e-08,Pos163-Pos225-Pos402
163,225,402,Pos163_P-Pos225_E-Pos402_S,0.0,5.604493619954821e-09,Pos163-Pos225-Pos402
163,225,402,Pos163_P-Pos225_E-Pos402_V,0.0,4.0237390091983325e-09,Pos163-Pos225-Pos402
163,225,402,Pos163_P-Pos225_E-Pos402_L,0.0,2.8740992922845234e-10,Pos163-Pos225-Pos402
163,225,402,Pos163_P-Pos225_E-Pos402_E,0.0,1.4370496461422617e-10,Pos163-Pos225-Pos402
163,225,402,Pos163_P-Pos225_E-Pos402_K,0.0,1.4370496461422617e-10,Pos163-Pos225-Pos402
163,225,402,Pos163_P-Pos225_I-Pos402_C,0.0,6.24721415772192e-08,Pos163-Pos225-Pos402
163,225,402,Pos163_P-Pos225_I-Pos402_H,0.0,7.977371312513894e-09,Pos163-Pos225-Pos402
163,225,402,Pos163_P-Pos225_I-Pos402_S,0.0,4.0404867686758686e-09,Pos163-Pos225-Pos402
163,225,402,Pos163_P-Pos225_I-Pos402_V,0.0,2.900862295459598e-09,Pos163-Pos225-Pos402
163,225,402,Pos163_P-Pos225_I-Pos402_L,0.0,2.0720444967568555e-10,Pos163-Pos225-Pos402
163,225,402,Pos163_P-Pos225_I-Pos402_E,0.0,1.0360222483784278e-10,Pos163-Pos225-Pos402
163,225,402,Pos163_P-Pos225_I-Pos402_K,0.0,1.0360222483784278e-10,Pos163-Pos225-Pos402
163,225,402,Pos163_P-Pos225_N-Pos402_C,0.0,2.0565488515664436e-08,Pos163-Pos225-Pos402
163,225,402,Pos163_P-Pos225_N-Pos402_H,0.0,2.6261071570583107e-09,Pos163-Pos225-Pos402
163,225,402,Pos163_P-Pos225_N-Pos402_S,0.0,1.3301062224061575e-09,Pos163-Pos225-Pos402
163,225,402,Pos163_P-Pos225_N-Pos402_V,0.0,9.54948057112113e-10,Pos163-Pos225-Pos402
163,225,402,Pos163_P-Pos225_N-Pos402_L,0.0,6.821057550800808e-11,Pos163-Pos225-Pos402
163,225,402,Pos163_P-Pos225_N-Pos402_E,0.0,3.410528775400404e-11,Pos163-Pos225-Pos402
163,225,402,Pos163_P-Pos225_N-Pos402_K,0.0,3.410528775400404e-11,Pos163-Pos225-Pos402
163,225,402,Pos163_P-Pos225_M-Pos402_C,0.0,1.9543006475821217e-09,Pos163-Pos225-Pos402
163,225,402,Pos163_P-Pos225_M-Pos402_H,0.0,2.4955414571114986e-10,Pos163-Pos225-Pos402
163,225,402,Pos163_P-Pos225_M-Pos402_S,0.0,1.2639755432123173e-10,Pos163-Pos225-Pos402
163,225,402,Pos163_P-Pos225_M-Pos402_V,0.0,9.074696207678175e-11,Pos163-Pos225-Pos402
163,225,402,Pos163_P-Pos225_M-Pos402_L,0.0,6.481925862627268e-12,Pos163-Pos225-Pos402
163,225,402,Pos163_P-Pos225_M-Pos402_E,0.0,3.240962931313634e-12,Pos163-Pos225-Pos402
163,225,402,Pos163_P-Pos225_M-Pos402_K,0.0,3.240962931313634e-12,Pos163-Pos225-Pos402
163,225,402,Pos163_P-Pos225_T-Pos402_C,0.0,2.029853507669059e-09,Pos163-Pos225-Pos402
163,225,402,Pos163_P-Pos225_T-Pos402_H,0.0,2.5920185752987983e-10,Pos163-Pos225-Pos402
163,225,402,Pos163_P-Pos225_T-Pos402_S,0.0,1.3128405770993913e-10,Pos163-Pos225-Pos402
163,225,402,Pos163_P-Pos225_T-Pos402_V,0.0,9.42552209199563e-11,Pos163-Pos225-Pos402
163,225,402,Pos163_P-Pos225_T-Pos402_L,0.0,6.732515779996878e-12,Pos163-Pos225-Pos402
163,225,402,Pos163_P-Pos225_T-Pos402_E,0.0,3.366257889998439e-12,Pos163-Pos225-Pos402
163,225,402,Pos163_P-Pos225_T-Pos402_K,0.0,3.366257889998439e-12,Pos163-Pos225-Pos402
163,225,402,Pos163_P-Pos225_L-Pos402_C,0.0,2.367322949390714e-10,Pos163-Pos225-Pos402
163,225,402,Pos163_P-Pos225_L-Pos402_H,0.0,3.022949703202072e-11,Pos163-Pos225-Pos402
163,225,402,Pos163_P-Pos225_L-Pos402_S,0.0,1.5311043951283222e-11,Pos163-Pos225-Pos402
163,225,402,Pos163_P-Pos225_L-Pos402_V,0.0,1.099254437528026e-11,Pos163-Pos225-Pos402
163,225,402,Pos163_P-Pos225_L-Pos402_L,0.0,7.851817410914473e-13,Pos163-Pos225-Pos402
163,225,402,Pos163_P-Pos225_L-Pos402_E,0.0,3.9259087054572363e-13,Pos163-Pos225-Pos402
163,225,402,Pos163_P-Pos225_L-Pos402_K,0.0,3.9259087054572363e-13,Pos163-Pos225-Pos402
163,225,402,Pos163_P-Pos225_R-Pos402_C,0.0,5.540543073042096e-11,Pos163-Pos225-Pos402
163,225,402,Pos163_P-Pos225_R-Pos402_H,0.0,7.07498866706868e-12,Pos163-Pos225-Pos402
163,225,402,Pos163_P-Pos225_R-Pos402_S,0.0,3.5834358183854352e-12,Pos163-Pos225-Pos402
163,225,402,Pos163_P-Pos225_R-Pos402_V,0.0,2.572723151661338e-12,Pos163-Pos225-Pos402
163,225,402,Pos163_P-Pos225_R-Pos402_L,0.0,1.837659394043813e-13,Pos163-Pos225-Pos402
163,225,402,Pos163_P-Pos225_R-Pos402_E,0.0,9.188296970219065e-14,Pos163-Pos225-Pos402
163,225,402,Pos163_P-Pos225_R-Pos402_K,0.0,9.188296970219065e-14,Pos163-Pos225-Pos402
163,225,402,Pos163_P-Pos225_G-Pos402_C,0.0,5.540543073042096e-11,Pos163-Pos225-Pos402
163,225,402,Pos163_P-Pos225_G-Pos402_H,0.0,7.07498866706868e-12,Pos163-Pos225-Pos402
163,225,402,Pos163_P-Pos225_G-Pos402_S,0.0,3.5834358183854352e-12,Pos163-Pos225-Pos402
163,225,402,Pos163_P-Pos225_G-Pos402_V,0.0,2.572723151661338e-12,Pos163-Pos225-Pos402
163,225,402,Pos163_P-Pos225_G-Pos402_L,0.0,1.837659394043813e-13,Pos163-Pos225-Pos402
163,225,402,Pos163_P-Pos225_G-Pos402_E,0.0,9.188296970219065e-14,Pos163-Pos225-Pos402
163,225,402,Pos163_P-Pos225_G-Pos402_K,0.0,9.188296970219065e-14,Pos163-Pos225-Pos402
163,225,402,Pos163_P-Pos225_Q-Pos402_C,0.0,4.029485871303343e-11,Pos163-Pos225-Pos402
163,225,402,Pos163_P-Pos225_Q-Pos402_H,0.0,5.145446303322677e-12,Pos163-Pos225-Pos402
163,225,402,Pos163_P-Pos225_Q-Pos402_S,0.0,2.6061351406439532e-12,Pos163-Pos225-Pos402
163,225,402,Pos163_P-Pos225_Q-Pos402_V,0.0,1.8710713830264275e-12,Pos163-Pos225-Pos402
163,225,402,Pos163_P-Pos225_Q-Pos402_L,0.0,1.3364795593045913e-13,Pos163-Pos225-Pos402
163,225,402,Pos163_P-Pos225_Q-Pos402_E,0.0,6.682397796522956e-14,Pos163-Pos225-Pos402
163,225,402,Pos163_P-Pos225_Q-Pos402_K,0.0,6.682397796522956e-14,Pos163-Pos225-Pos402
163,225,402,Pos163_P-Pos225_*-Pos402_C,0.0,1.0073714678258357e-11,Pos163-Pos225-Pos402
163,225,402,Pos163_P-Pos225_*-Pos402_H,0.0,1.2863615758306692e-12,Pos163-Pos225-Pos402
163,225,402,Pos163_P-Pos225_*-Pos402_S,0.0,6.515337851609883e-13,Pos163-Pos225-Pos402
163,225,402,Pos163_P-Pos225_*-Pos402_V,0.0,4.677678457566069e-13,Pos163-Pos225-Pos402
163,225,402,Pos163_P-Pos225_*-Pos402_L,0.0,3.341198898261478e-14,Pos163-Pos225-Pos402
163,225,402,Pos163_P-Pos225_*-Pos402_E,0.0,1.670599449130739e-14,Pos163-Pos225-Pos402
163,225,402,Pos163_P-Pos225_*-Pos402_K,0.0,1.670599449130739e-14,Pos163-Pos225-Pos402
163,225,402,Pos163_P-Pos225_S-Pos402_C,0.0,3.0221144034775075e-11,Pos163-Pos225-Pos402
163,225,402,Pos163_P-Pos225_S-Pos402_H,0.0,3.859084727492008e-12,Pos163-Pos225-Pos402
163,225,402,Pos163_P-Pos225_S-Pos402_S,0.0,1.954601355482965e-12,Pos163-Pos225-Pos402
163,225,402,Pos163_P-Pos225_S-Pos402_V,0.0,1.4033035372698207e-12,Pos163-Pos225-Pos402
163,225,402,Pos163_P-Pos225_S-Pos402_L,0.0,1.0023596694784435e-13,Pos163-Pos225-Pos402
163,225,402,Pos163_P-Pos225_S-Pos402_E,0.0,5.0117983473922176e-14,Pos163-Pos225-Pos402
163,225,402,Pos163_P-Pos225_S-Pos402_K,0.0,5.0117983473922176e-14,Pos163-Pos225-Pos402
163,225,402,Pos163_P-Pos225_V-Pos402_C,0.0,1.0073714678258357e-11,Pos163-Pos225-Pos402
163,225,402,Pos163_P-Pos225_V-Pos402_H,0.0,1.2863615758306692e-12,Pos163-Pos225-Pos402
163,225,402,Pos163_P-Pos225_V-Pos402_S,0.0,6.515337851609883e-13,Pos163-Pos225-Pos402
163,225,402,Pos163_P-Pos225_V-Pos402_V,0.0,4.677678457566069e-13,Pos163-Pos225-Pos402
163,225,402,Pos163_P-Pos225_V-Pos402_L,0.0,3.341198898261478e-14,Pos163-Pos225-Pos402
163,225,402,Pos163_P-Pos225_V-Pos402_E,0.0,1.670599449130739e-14,Pos163-Pos225-Pos402
163,225,402,Pos163_P-Pos225_V-Pos402_K,0.0,1.670599449130739e-14,Pos163-Pos225-Pos402
163,225,402,Pos163_V-Pos225_E-Pos402_C,0.0,2.8884697887459457e-08,Pos163-Pos225-Pos402
163,225,402,Pos163_V-Pos225_E-Pos402_H,0.0,3.6884274250984716e-09,Pos163-Pos225-Pos402
163,225,402,Pos163_V-Pos225_E-Pos402_S,0.0,1.86816453998494e-09,Pos163-Pos225-Pos402
163,225,402,Pos163_V-Pos225_E-Pos402_V,0.0,1.341246336399444e-09,Pos163-Pos225-Pos402
163,225,402,Pos163_V-Pos225_E-Pos402_L,0.0,9.580330974281744e-11,Pos163-Pos225-Pos402
163,225,402,Pos163_V-Pos225_E-Pos402_E,0.0,4.790165487140872e-11,Pos163-Pos225-Pos402
163,225,402,Pos163_V-Pos225_E-Pos402_K,0.0,4.790165487140872e-11,Pos163-Pos225-Pos402
163,225,402,Pos163_V-Pos225_I-Pos402_C,0.0,2.08240471924064e-08,Pos163-Pos225-Pos402
163,225,402,Pos163_V-Pos225_I-Pos402_H,0.0,2.659123770837965e-09,Pos163-Pos225-Pos402
163,225,402,Pos163_V-Pos225_I-Pos402_S,0.0,1.3468289228919563e-09,Pos163-Pos225-Pos402
163,225,402,Pos163_V-Pos225_I-Pos402_V,0.0,9.669540984865326e-10,Pos163-Pos225-Pos402
163,225,402,Pos163_V-Pos225_I-Pos402_L,0.0,6.906814989189519e-11,Pos163-Pos225-Pos402
163,225,402,Pos163_V-Pos225_I-Pos402_E,0.0,3.4534074945947595e-11,Pos163-Pos225-Pos402
163,225,402,Pos163_V-Pos225_I-Pos402_K,0.0,3.4534074945947595e-11,Pos163-Pos225-Pos402
163,225,402,Pos163_V-Pos225_N-Pos402_C,0.0,6.855162838554811e-09,Pos163-Pos225-Pos402
163,225,402,Pos163_V-Pos225_N-Pos402_H,0.0,8.753690523527702e-10,Pos163-Pos225-Pos402
163,225,402,Pos163_V-Pos225_N-Pos402_S,0.0,4.433687408020525e-10,Pos163-Pos225-Pos402
163,225,402,Pos163_V-Pos225_N-Pos402_V,0.0,3.18316019037371e-10,Pos163-Pos225-Pos402
163,225,402,Pos163_V-Pos225_N-Pos402_L,0.0,2.2736858502669357e-11,Pos163-Pos225-Pos402
163,225,402,Pos163_V-Pos225_N-Pos402_E,0.0,1.1368429251334678e-11,Pos163-Pos225-Pos402
163,225,402,Pos163_V-Pos225_N-Pos402_K,0.0,1.1368429251334678e-11,Pos163-Pos225-Pos402
163,225,402,Pos163_V-Pos225_M-Pos402_C,0.0,6.514335491940405e-10,Pos163-Pos225-Pos402
163,225,402,Pos163_V-Pos225_M-Pos402_H,0.0,8.318471523704994e-11,Pos163-Pos225-Pos402
163,225,402,Pos163_V-Pos225_M-Pos402_S,0.0,4.2132518107077245e-11,Pos163-Pos225-Pos402
163,225,402,Pos163_V-Pos225_M-Pos402_V,0.0,3.024898735892725e-11,Pos163-Pos225-Pos402
163,225,402,Pos163_V-Pos225_M-Pos402_L,0.0,2.1606419542090894e-12,Pos163-Pos225-Pos402
163,225,402,Pos163_V-Pos225_M-Pos402_E,0.0,1.0803209771045447e-12,Pos163-Pos225-Pos402
163,225,402,Pos163_V-Pos225_M-Pos402_K,0.0,1.0803209771045447e-12,Pos163-Pos225-Pos402
163,225,402,Pos163_V-Pos225_T-Pos402_C,0.0,6.766178358896864e-10,Pos163-Pos225-Pos402
163,225,402,Pos163_V-Pos225_T-Pos402_H,0.0,8.640061917662662e-11,Pos163-Pos225-Pos402
163,225,402,Pos163_V-Pos225_T-Pos402_S,0.0,4.3761352569979714e-11,Pos163-Pos225-Pos402
163,225,402,Pos163_V-Pos225_T-Pos402_V,0.0,3.1418406973318764e-11,Pos163-Pos225-Pos402
163,225,402,Pos163_V-Pos225_T-Pos402_L,0.0,2.2441719266656263e-12,Pos163-Pos225-Pos402
163,225,402,Pos163_V-Pos225_T-Pos402_E,0.0,1.1220859633328132e-12,Pos163-Pos225-Pos402
163,225,402,Pos163_V-Pos225_T-Pos402_K,0.0,1.1220859633328132e-12,Pos163-Pos225-Pos402
163,225,402,Pos163_V-Pos225_L-Pos402_C,0.0,7.891076497969045e-11,Pos163-Pos225-Pos402
163,225,402,Pos163_V-Pos225_L-Pos402_H,0.0,1.0076499010673573e-11,Pos163-Pos225-Pos402
163,225,402,Pos163_V-Pos225_L-Pos402_S,0.0,5.103681317094407e-12,Pos163-Pos225-Pos402
163,225,402,Pos163_V-Pos225_L-Pos402_V,0.0,3.664181458426753e-12,Pos163-Pos225-Pos402
163,225,402,Pos163_V-Pos225_L-Pos402_L,0.0,2.617272470304824e-13,Pos163-Pos225-Pos402
163,225,402,Pos163_V-Pos225_L-Pos402_E,0.0,1.308636235152412e-13,Pos163-Pos225-Pos402
163,225,402,Pos163_V-Pos225_L-Pos402_K,0.0,1.308636235152412e-13,Pos163-Pos225-Pos402
163,225,402,Pos163_V-Pos225_R-Pos402_C,0.0,1.846847691014032e-11,Pos163-Pos225-Pos402
163,225,402,Pos163_V-Pos225_R-Pos402_H,0.0,2.3583295556895597e-12,Pos163-Pos225-Pos402
163,225,402,Pos163_V-Pos225_R-Pos402_S,0.0,1.1944786061284785e-12,Pos163-Pos225-Pos402
163,225,402,Pos163_V-Pos225_R-Pos402_V,0.0,8.575743838871126e-13,Pos163-Pos225-Pos402
163,225,402,Pos163_V-Pos225_R-Pos402_L,0.0,6.125531313479376e-14,Pos163-Pos225-Pos402
163,225,402,Pos163_V-Pos225_R-Pos402_E,0.0,3.062765656739688e-14,Pos163-Pos225-Pos402
163,225,402,Pos163_V-Pos225_R-Pos402_K,0.0,3.062765656739688e-14,Pos163-Pos225-Pos402
163,225,402,Pos163_V-Pos225_G-Pos402_C,0.0,1.846847691014032e-11,Pos163-Pos225-Pos402
163,225,402,Pos163_V-Pos225_G-Pos402_H,0.0,2.3583295556895597e-12,Pos163-Pos225-Pos402
163,225,402,Pos163_V-Pos225_G-Pos402_S,0.0,1.1944786061284785e-12,Pos163-Pos225-Pos402
163,225,402,Pos163_V-Pos225_G-Pos402_V,0.0,8.575743838871126e-13,Pos163-Pos225-Pos402
163,225,402,Pos163_V-Pos225_G-Pos402_L,0.0,6.125531313479376e-14,Pos163-Pos225-Pos402
163,225,402,Pos163_V-Pos225_G-Pos402_E,0.0,3.062765656739688e-14,Pos163-Pos225-Pos402
163,225,402,Pos163_V-Pos225_G-Pos402_K,0.0,3.062765656739688e-14,Pos163-Pos225-Pos402
163,225,402,Pos163_V-Pos225_Q-Pos402_C,0.0,1.3431619571011142e-11,Pos163-Pos225-Pos402
163,225,402,Pos163_V-Pos225_Q-Pos402_H,0.0,1.7151487677742255e-12,Pos163-Pos225-Pos402
163,225,402,Pos163_V-Pos225_Q-Pos402_S,0.0,8.687117135479843e-13,Pos163-Pos225-Pos402
163,225,402,Pos163_V-Pos225_Q-Pos402_V,0.0,6.236904610088092e-13,Pos163-Pos225-Pos402
163,225,402,Pos163_V-Pos225_Q-Pos402_L,0.0,4.4549318643486374e-14,Pos163-Pos225-Pos402
163,225,402,Pos163_V-Pos225_Q-Pos402_E,0.0,2.2274659321743187e-14,Pos163-Pos225-Pos402
163,225,402,Pos163_V-Pos225_Q-Pos402_K,0.0,2.2274659321743187e-14,Pos163-Pos225-Pos402
163,225,402,Pos163_V-Pos225_*-Pos402_C,0.0,3.3579048927527856e-12,Pos163-Pos225-Pos402
163,225,402,Pos163_V-Pos225_*-Pos402_H,0.0,4.2878719194355637e-13,Pos163-Pos225-Pos402
163,225,402,Pos163_V-Pos225_*-Pos402_S,0.0,2.1717792838699609e-13,Pos163-Pos225-Pos402
163,225,402,Pos163_V-Pos225_*-Pos402_V,0.0,1.559226152522023e-13,Pos163-Pos225-Pos402
163,225,402,Pos163_V-Pos225_*-Pos402_L,0.0,1.1137329660871593e-14,Pos163-Pos225-Pos402
163,225,402,Pos163_V-Pos225_*-Pos402_E,0.0,5.568664830435797e-15,Pos163-Pos225-Pos402
163,225,402,Pos163_V-Pos225_*-Pos402_K,0.0,5.568664830435797e-15,Pos163-Pos225-Pos402
163,225,402,Pos163_V-Pos225_S-Pos402_C,0.0,1.0073714678258357e-11,Pos163-Pos225-Pos402
163,225,402,Pos163_V-Pos225_S-Pos402_H,0.0,1.2863615758306692e-12,Pos163-Pos225-Pos402
163,225,402,Pos163_V-Pos225_S-Pos402_S,0.0,6.515337851609883e-13,Pos163-Pos225-Pos402
163,225,402,Pos163_V-Pos225_S-Pos402_V,0.0,4.677678457566069e-13,Pos163-Pos225-Pos402
163,225,402,Pos163_V-Pos225_S-Pos402_L,0.0,3.341198898261478e-14,Pos163-Pos225-Pos402
163,225,402,Pos163_V-Pos225_S-Pos402_E,0.0,1.670599449130739e-14,Pos163-Pos225-Pos402
163,225,402,Pos163_V-Pos225_S-Pos402_K,0.0,1.670599449130739e-14,Pos163-Pos225-Pos402
163,225,402,Pos163_V-Pos225_V-Pos402_C,0.0,3.3579048927527856e-12,Pos163-Pos225-Pos402
163,225,402,Pos163_V-Pos225_V-Pos402_H,0.0,4.2878719194355637e-13,Pos163-Pos225-Pos402
163,225,402,Pos163_V-Pos225_V-Pos402_S,0.0,2.1717792838699609e-13,Pos163-Pos225-Pos402
163,225,402,Pos163_V-Pos225_V-Pos402_V,0.0,1.559226152522023e-13,Pos163-Pos225-Pos402
163,225,402,Pos163_V-Pos225_V-Pos402_L,0.0,1.1137329660871593e-14,Pos163-Pos225-Pos402
163,225,402,Pos163_V-Pos225_V-Pos402_E,0.0,5.568664830435797e-15,Pos163-Pos225-Pos402
163,225,402,Pos163_V-Pos225_V-Pos402_K,0.0,5.568664830435797e-15,Pos163-Pos225-Pos402
