Mutation_Set,Count
No_mutations,0
S162I; N164S; G220V; K225T,45567
L98P; S162I; N164S; G220V; K225T,6162
E154G; S162I; N164S; G220V; K225T,1101
S162I; N164S; G220V; K225T; C231R,1063
N138D; S162I; N164S; G220V; K225T,959
G101S; S162I; N164S; G220V; K225T,756
L98P; S162I; N164S; G220V; K225T; N390S,627
N10D; S162I; N164S; G220V; K225T,471
S60N; S162I; N164S; G220V; K225T,459
S162I; N164S; M172I; G220V; K225T,413
S162I; N164S; G220V; K225T; I232T,396
S162I; N164S; G220V; K225T; C231S,344
S162I; N164S; G220V; K225T; N362D,285
S162I; N164S; G220V; K225T; N365D,279
S162I; N164S; G220V; K225T; V265A,184
I134V; S162I; N164S; G220V; K225T,172
I41V; S162I; N164S; G220V; K225T,168
S162I; N164S; G220V; K225T; N248S,166
S162I; N164S; G220V; K225T; D278N,161
S162I; N164S; G220V; K225T; D325N,147
S162I; N164S; V184I; G220V; K225T,140
S60G; S162I; N164S; G220V; K225T,133
S162I; N164S; G220V; K225T; N390S,128
S162I; N164S; G220V; K225T; A266E,126
S162V; N164S; G220V; K225T,123
L98P; I134V; S162I; N164S; G220V; K225T,121
S162C; G220V; K225T; C231R,121
L98P; S162I; N164S; G220V; K225T; D325N,120
E28K; S162I; N164S; G220V; K225T,113
S162I; N164S; N195S; G220V; K225T,109
S162I; N164S; I199T; G220V; K225T,100
S162I; N164S; I199N; G220V; K225T,94
S162I; N164S; G220V; K225T; I233V,89
S162I; N164S; G220V; K225T; N293D,87
S162I; N164S; G220V; K225T; S292N,84
S162I; N164S; G220V; K225T; I227V,81
S162I; N164S; G220V; K225T; N261D,81
N96S; S162I; N164S; G220V; K225T,79
N122D; S162I; N164S; G220V; K225T,77
S162I; N164S; G220V; K225T; I352V,74
N92K; S162I; N164S; G220V; K225T,73
S162I; N164S; G220V; K225T; I232V,72
S162I; N164S; G220V; K225T; N370S,70
N10S; S162I; N164S; G220V; K225T,69
S162I; N164S; G220V; K225T; N274S,69
F136L; S162I; N164S; G220V; K225T,68
S162I; N164S; G220V; K225T; D326N,68
H56Y; S162I; N164S; G220V; K225T,67
S162I; N164S; G220V; K225T; T341A,66
Q141R; S162I; N164S; G220V; K225T,65
M1I; S162I; N164S; G220V; K225T,65
S6T; S162I; N164S; G220V; K225T,65
S162I; N164S; G220V; K225T; S372N,65
S162I; N164S; G220V; K225T; Y355H,64
I102L; S162I; N164S; G220V; K225T,63
S162I; N164S; G220V; K225T; V345I,57
T59A; S162I; N164S; G220V; K225T,56
S162I; N164S; G220V; K225T; E349K,55
S162I; N164S; G220V; K225T; A389T,55
S162I; N164S; G220V; K225T; I232L,54
S162I; N164S; G220V; K225T; G401D,52
S162I; N164S; G220V; K225T; N297S,51
S162I; N164S; G220V; K225T; I408N,49
I143V; S162I; N164S; G220V; K225T,48
S162I; N164S; N197D; G220V; K225T,48
S162I; N164S; G220V; K225T; I232S,48
S162I; N164S; G220V; K225T; I232F,47
S162I; N164S; G220V; K225T; V405A,47
S162I; N164S; G220V; K225T; I408T,46
S162I; N164S; G220V; K225T; N383D,46
K62N; S162I; N164S; G220V; K225T,45
S162I; N164S; G220V; K225T; D270N,45
S162I; N164S; M211I; G220V; K225T,44
S162I; N164S; G220V; K225T; V382M,44
S162I; N164S; G220V; K225T; G403D,44
S162I; N164S; G220V; K225T; P298S,44
S162I; N164S; G220V; K225T; I316T,43
N111S; S162I; N164S; G220V; K225T,43
S162I; N164S; G220V; K225T; S284N,42
S162I; N164S; N197S; G220V; K225T,42
I102M; S162I; N164S; G220V; K225T,41
S162I; N164S; G220V; K225T; K406E,41
D128A; S162I; N164S; G220V; K225T,40
S162I; N164S; G220V; K225T; I409T,40
S162I; N164S; G220V; K225T; K397E,39
S162I; N164S; G220V; K225T; N258D,39
R16H; S162I; N164S; G220V; K225T,39
S162I; G220V; K225T; C231R,38
S162I; N164S; G220V; K225T; T230K,38
S162I; N164S; G220V; K225T; G403S,38
S162I; N164S; I199V; G220V; K225T,38
S162I; N164S; G220V; K225T; F252L,37
L98P; S162I; N164S; G220V; K225T; C231R,37
S162I; N164S; G220V; K225T; N379S,37
S162I; N164S; G220V; K225T; I368V,36
S162I; N164S; G220V; K225T; N297D,36
E154A; S162I; N164S; G220V; K225T,36
L98I; S162I; N164S; G220V; K225T,36
S162I; N164S; G220V; K225T; A313E,36
I39V; S162I; N164S; G220V; K225T,36
S162I; N164S; G220V; K225T; I263V,35
S162I; N164S; G220V; K225T; V382A,35
S162I; N164S; G220V; K225T; I316V,35
S162I; N164S; G220V; K225T; V405I,34
S162I; N164S; G220V; K225T; I371V,34
L98P; G101S; S162I; N164S; G220V; K225T,34
N72S; S162I; N164S; G220V; K225T,33
S162I; N164S; G220V; K225T; K407E,33
S162I; N164S; G220V; K225T; T400A,33
S162I; N164S; N195T; G220V; K225T,33
L98P; S162I; N164S; M172I; G220V; K225T,33
S162I; N164S; G220V; K225T; K330R,32
E154G; S162I; N164S; M172I; G220V; K225T,32
S162I; N164S; G220V; K225T; N269S,32
S162I; N164S; G220V; K225T; K329R,32
N122S; S162I; N164S; G220V; K225T,31
S162I; N164S; G220V; K225T; L328M,31
K62R; S162I; N164S; G220V; K225T,31
S162I; N164S; G220V; K225T; N390K,31
S162I; N164S; G220V; K225T; N243S,31
S162I; N164S; G220V; K225T; L240M,29
S162I; N164S; G220V; K225T; N390D,29
H56L; S162I; N164S; G220V; K225T,29
S32A; S162I; N164S; G220V; K225T,29
S162I; N164S; G220V; K225T; I241V,29
Q53K; S162I; N164S; G220V; K225T,28
S162I; N164S; G220V; K225T; R402H,28
S162I; N164S; G220V; K225T; N322S,28
S162I; N164S; G220V; K225T; D325E,28
S162I; N164S; G220V; K225T; Y268H,28
S162I; N164S; G220V; K225T; I396V,28
S162I; N164S; G220V; K225T; T400I,28
S162I; N164S; G220V; K225T; N261S,28
S162I; N164S; R193L; G220V; K225T,26
S162I; N164S; G220V; K225T; S292I,26
S162I; N164S; G220V; K225T; N258S,26
K22R; S162I; N164S; G220V; K225T,26
S162I; N164S; G220V; K225T; I247V,26
S162I; N164S; G220V; K225T; A389V,26
S162I; N164S; G220V; K225T; R410H,25
S162I; N164S; G220V; K225T; V265I,25
S162I; N164S; G220V; K225T; I262M,25
N10D; S162I; N164S; G220V; K225T; I232T,25
I102V; S162I; N164S; G220V; K225T,25
N138D; S162I; N164S; G220V; K225T; I233V,25
S162I; N164S; I183M; G220V; K225T,24
E79D; S162I; N164S; G220V; K225T,24
S162I; N164S; G220V; K225T; T264S,24
S162I; N164S; G220V; K225T; S314N; I316N,24
S162I; N164S; G220V; K225T; T242A,24
S6T; S32A; S162I; N164S; G220V; K225T,23
S162I; N164S; G220V; K225T; S372R,23
L98P; S162I; N164S; G220V; K225T; N365D,23
E154G; S162I; N164S; G220V; K225T; K330R,23
S162I; N164S; I199M; G220V; K225T,23
D121P; S162I; N164S; G220V; K225T,23
T59I; S162I; N164S; G220V; K225T,23
S162I; N164S; R193C; G220V; K225T,23
S162I; N164S; G220V; K225T; L404P,23
H125Y; S162I; N164S; G220V; K225T,22
S66F; S162I; N164S; G220V; K225T,22
L98P; I134V; S162I; N164S; G220V; K225T; S372R,22
S162I; N164S; G220V; K225T; N378S,22
I42V; S162I; N164S; G220V; K225T,22
S162I; N164S; G220V; K225T; D301G,22
S162I; N164S; G220V; K225T; K406*,22
S162I; N164S; G220V; K225T; K407R; I408S; I409F; R410V,22
S162I; N164S; S217G; G220V; K225T,22
Q141K; S162I; N164S; G220V; K225T,22
S162I; N164S; G220V; K225T; A313T,22
S162I; N164S; G220V; K225T; R402C,22
S162I; N164S; G220V; K225T; R394C,22
S162I; N164S; G220V; K225T; N388D,22
S162I; N164S; G220V; K225T; R394H,22
S162I; N164S; G220V; K225T; T273A,22
S162I; N164S; G220V; K225T; Y357C,22
Q27R; S162I; N164S; G220V; K225T,22
S162I; N164S; G220V; K225T; I262T,21
I35V; S162I; N164S; G220V; K225T,21
S162I; N164S; G220V; K225T; A313S,21
S162I; G220V; K225T,21
S162I; N164S; G220V; K225T; G401S,21
S162I; N164S; G220V; K225T; K381R,21
S162I; N164S; G220V; K225T; I227T,21
L98P; N138D; S162I; N164S; G220V; K225T,21
S60N; S162I; N164S; G220V; K225T; N362D,20
S162I; N164S; G220V; K225T; I409V,20
S162I; N164S; G220V; K225T; N293S,20
S162I; N164S; G220V; K225T; D270Y,20
S162I; N164S; G220V; K225T; S284R,20
S162I; N164S; G220V; K225T; Q344N,20
Q27K; S162I; N164S; G220V; K225T,20
S162I; N164S; G220V; K225T; I262V,20
S162I; N164S; G220V; K225T; K397R,20
S162I; N164S; N200D; G220V; K225T,20
S162I; N164S; G220V; K225T; Y357H,20
L145M; S162I; N164S; G220V; K225T,20
S162I; N164S; G220V; K225T; N322D,20
D156N; S162I; N164S; G220V; K225T,19
Q141H; S162I; N164S; G220V; K225T,19
S76N; S162I; N164S; G220V; K225T,19
G24S; S162I; N164S; G220V; K225T,19
S162I; N164S; G220V; K225T; F337S,19
S162I; N164S; M172V; G220V; K225T,19
S162I; N164S; G220V; K225T; N383S,19
S162I; N164S; G220V; K225T; N365S,19
S162I; N164S; G220V; K225T; V265D,19
L98P; S162I; N164S; G220V; K225T; N362D,19
S162I; N164S; G220V; K225T; D325G,19
S60N; L98P; S162I; N164S; G220V; K225T,18
L98R; S162I; N164S; G220V; K225T,18
S162I; N164S; G220V; K225T; P393S,18
N72D; S162I; N164S; G220V; K225T,18
S162I; N164S; G220V; K225T; C231S; N365D,18
L98P; S162I; N164S; G220V; K225T; V265A,18
S162I; N164S; G220V; K225T; S372T; E373Q; Y375F; N378G; N379S; K381A; V382T; F384Y; R385K; A389V; N390E; L391E; R394Q; I396V; K397E; P398E; T400K; K407N; I408K; R410E; F411E,18
S162I; N164S; I183V; G220V; K225T,18
S162I; N164S; G220V; K225T; D326G,18
N63D; S162I; N164S; G220V; K225T,18
S162I; N164S; G220V; K225T; Q235H,17
S162I; N164S; G220V; K225T; K288R,17
R45H; S162I; N164S; G220V; K225T,17
S162I; N164S; G220V; K225T; I247T,17
S162I; N164S; G220V; K225T; N378D,17
N72S; L98P; S162I; N164S; G220V; K225T,17
S162I; N164G; G220V; K225T,17
S162I; N164S; G220V; K225T; F358L,17
G101D; S162I; N164S; G220V; K225T,17
S162I; N164S; G220V; K225T; R385G,17
S162I; N164S; G220V; K225T; D270A,17
L98P; S162I; N164S; G220V; K225T; I263V,16
L98P; S162I; N164S; G220V; K225T; I232T,16
S162I; N164S; G220V; K225T; K359R,16
S162I; N164S; G220V; K225T; I262L,16
S162I; N164S; G220V; K225T; E305K,16
S162I; N164S; G220V; K225T; A266V,16
I126V; S162I; N164S; G220V; K225T,16
S162I; N164S; G220V; K225T; P239S,16
S162I; N164S; G220V; K225T; N274H,16
S162I; N164S; G220V; K225I,16
Q27H; S162I; N164S; G220V; K225T,16
S162I; N164S; G220V; K225T; Q290K,16
K85R; S162I; N164S; G220V; K225T,16
S140G; S162I; N164S; G220V; K225T,16
S162I; N164S; S198T; I199D; G220V; K225T,16
S162I; N164S; G220V; K225T; Y355C,16
S162I; N164S; I165V; G220V; K225T,16
S162I; N164S; G220V; K225T; I271V,16
V13I; S162I; N164S; G220V; K225T,16
N147S; S162I; N164S; G220V; K225T,15
S162I; N164S; G220V; K225T; G226S,15
S162I; N164S; S187F; G220V; K225T,15
S162I; N164S; G220V; K225T; S361A,15
S162I; N164S; G220V; K225T; T234S,15
L98P; S162I; N164S; G220V; K225T; N248S,15
S162I; N164S; G220V; K225T; Q344K,15
F83L; S162I; N164S; G220V; K225T,15
S162I; N164S; I203V; G220V; K225T,15
N161H; S162I; N164S; G220V; K225T,15
S162I; N164S; G220V; K225T; Q290R,15
S162I; N164S; I199F; G220V; K225T,15
L61M; S162I; N164S; G220V; K225T,15
S162I; N164S; G220V; K225T; K330N,15
T88I; S162I; N164S; G220V; K225T,15
S162I; N164S; G220V; K225T; Y268C,15
S162I; N164S; G220V; K225T; S372G,15
L98P; S162I; N164S; G220V; K225T; I227V,15
S162I; N164S; G220V; K225T; Q354R,14
S162I; N164S; G220V; K225T; Q387*,14
S162I; N164S; G220V; K225T; I352T,14
G101C; S162I; N164S; G220V; K225T,14
S162I; N164S; G220V; K225T; Q295K,14
S162I; N164S; G220V; K225T; F411L,14
N161S; S162I; N164S; G220V; K225T,14
S162I; N164S; K225T,14
P146S; S162I; N164S; G220V; K225T,14
L98P; S162I; N164S; G220V; K225T; N258D,14
S162I; N164S; G220V; K225T; R385K,14
S162I; N164S; G220V; K225T; T273I,14
S140N; S162I; N164S; G220V; K225T,14
N10D; L98P; S162I; N164S; G220V; K225T,14
S162I; N164S; G220V; K225T; Q236K,14
V47M; S162I; N164S; G220V; K225T,14
S67N; S162I; N164S; G220V; K225T,14
N10D; G101S; S162I; N164S; G220V; K225T,14
D117N; S162I; N164S; G220V; K225T,14
A131V; S162I; N164S; G220V; K225T,13
S162I; N164S; G220V; K225T; N297K,13
I41V; L98P; S162I; N164S; G220V; K225T,13
S162I; N164S; G220V; K225T; T264P,13
S162I; N164S; M172R; G220V; K225T,13
S162I; N164S; G220V; K225T; V382E,13
L98P; E154G; S162I; N164S; G220V; K225T,13
P2L; S162I; N164S; G220V; K225T,13
N116D; S162I; N164S; G220V; K225T,13
S162I; N164S; G220V; K225T; N277D,13
S162I; N164S; G220V; K225T; A313V,13
N63S; S162I; N164S; G220V; K225T,13
S162I; N164S; R168H; G220V; K225T,13
S162I; N164S; G220V; K225T; A266T,13
S162I; N164S; M172R; G220V; K225T; D325N,13
S108I; S162I; N164S; G220V; K225T,13
T51A; S162I; N164S; G220V; K225T,13
S162I; N164S; G220V; K225T; I321V,13
Q75*; S162I; N164S; G220V; K225T,13
S162I; N164S; G220V; K225T; I232N,13
S162I; N164S; M172L; G220V; K225T,13
Q53R; S162I; N164S; G220V; K225T,13
S162I; N164S; G220V; K225T; Y299H,13
S162I; N164S; H219Y; G220V; K225T,13
S162I; N164S; G220V; K225T; N379K,13
D128G; S162I; N164S; G220V; K225T,13
S162I; N164S; R193H; G220V; K225T,13
S162I; N164S; G220I; K225T,13
L98P; S162I; N164S; G220V; K225T; S284N,13
S162I; N164S; G220V; K225T; K300R,12
S162I; N164S; G220V; K225T; S318N,12
S108N; S162I; N164S; G220V; K225T,12
R82C; S162I; N164S; G220V; K225T,12
S162I; N164S; G220V; K225T; R394S,12
S162I; N164S; R168C; G220V; K225T,12
I102T; S162I; N164S; G220V; K225T,12
S162I; N164S; N169D; G220V; K225T,12
S162I; N164S; G220V; K225T; N277S,12
S162I; N164S; E201K; G220V; K225T,12
S162I; N164S; G220V; K225T; K381N,12
R45C; S162I; N164S; G220V; K225T,12
S162I; N164S; G220V; K225T; A389S,12
S162I; N164S; G220V; K225T; F303L,12
S162I; N164S; G220V; K225T; N269D,12
N138D; E154G; S162I; N164S; G220V; K225T,12
Y68H; S162I; N164S; G220V; K225T,12
S162I; N164S; G220V; K225T; N274K,12
H56R; S162I; N164S; G220V; K225T,12
L98P; S162I; N164S; G220V; K225T; E349K,12
F33L; S162I; N164S; G220V; K225T,12
G101S; S162I; N164S; M172I; G220V; K225T,12
Q53*; S162I; N164S; G220V; K225T,12
S162I; N164S; G220V; K225T; N362S,12
S162I; N164S; G220V; K225T; T264A,12
D81N; S162I; N164S; G220V; K225T,12
I134V; S162I; N164S; G220V; K225T; C231R,12
W40*; S162I; N164S; G220V; K225T,11
S162I; N164S,11
N92K; L98P; S162I; N164S; G220V; K225T,11
K135R; S162I; N164S; G220V; K225T,11
S162I; N164S; G220V; K225T; K356R,11
T88Q; S162I; N164S; G220V; K225T,11
K37E; S162I; N164S; G220V; K225T,11
S162I; N164S; G220V; K225T; F343L,11
G152D; S162I; N164S; G220V; K225T,11
S162I; N164S; H212Y; G220V; K225T,11
Y69H; S162I; N164S; G220V; K225T,11
S162I; N164S; G220V; K225T; A283V,11
S162I; N164S; G220V; K225T; D338G,11
S162I; N164I; G220V; K225T,11
S162I; N164S; G220V; K225T; T234M,11
E28G; L98P; S162I; N164S; G220V; K225T,11
D54N; S162I; N164S; G220V; K225T,11
P23S; S162I; N164S; G220V; K225T,11
S32G; S162I; N164S; G220V; K225T,11
S162I; N164S; G220V; K225T; K397N,11
S162I; N164S; G220V; K225T; G257V,11
L98P; S162I; N164S; G220V; K225T; Y355H,11
T160A; S162I; N164S; G220V; K225T,11
S162I; N164S; G220V; K225T; K356E,11
P52L; S162I; N164S; G220V; K225T,11
S162I; N164S; G220V; K225T; N390T,11
S162I; N164S; G220V; K225T; N238S,11
G220V; K225T,11
S66P; S162I; N164S; G220V; K225T,11
S162I; N164S; G220V; K225T; F334L,11
S162I; N164S; G220V; K225T; T341I,11
S162I; N164S; G220V; K225T; I232M,11
S162I; N164S; G220V; K225T; T230S,11
D65N; S162I; N164S; G220V; K225T,11
S162I; N164S; G220V; K225T; N388S,11
S162I; N164S; I181V; G220V; K225T,11
S162I; N164S; G220V; K225T; D310N,10
L98P; S162I; N164S; G220V; K225T; N322S,10
S162I; N164S; S217N; G220V; K225T,10
S162I; N164S; G220V; K225T; N365D; S372T; E373Q; Y375F; N378G; N379S; K381A; V382T; F384Y; R385K; A389V; N390E; L391E; R394Q; I396V; K397E; P398E; T400K; K407N; I408K; R410E; F411E,10
F55L; S162I; N164S; G220V; K225T,10
S162I; N164S; S166F; G220V; K225T,10
S162I; N164S; G220V; K225T; G246D,10
S162I; N164S; G220V; K225T; T234A,10
P120S; S162I; N164S; G220V; K225T,10
S162I; N164S; G220V; K225T; C231R; I262L,10
S162I; N164S; G220V; K225T; S333L,10
S162I; N164S; G220V; K225T; R244H,10
E28K; L98P; S162I; N164S; G220V; K225T,10
E78K; S162I; N164S; G220V; K225T,10
G64S; S162I; N164S; G220V; K225T,10
S32N; S162I; N164S; G220V; K225T,10
S67I; S162I; N164S; G220V; K225T,10
S162I; N164S; G220V; K225T; T229M,10
S162I; N164S; S166P; G220V; K225T,10
S162I; N164S; G220V; K225T; Q235K,10
S162I; N164S; G220V; K225T; S292G,10
P52S; S162I; N164S; G220V; K225T,10
D77N; S162I; N164S; G220V; K225T,10
S162I; N164S; G220V; K225T; A283T,10
K80E; S162I; N164S; G220V; K225T,10
L98P; S162I; N164S; G220V; K225T; S292N,10
S162I; N164S; G220V; K225T; T400P,10
S162I; N164S; G220V; K225T; D278N; D325N,10
N72D; L98P; S162I; N164S; G220V; K225T,10
S162I; N164S; S217C; G220V; K225T,10
S162I; N164S; G220V; K225T; C347Y,10
S162I; N164S; G220V; K225T; T341N,10
S6L; S162I; N164S; G220V; K225T,10
K62E; S162I; N164S; G220V; K225T,10
S162I; N164S; N175S; G220V; K225T,10
S162I; N164S; G220V; K225T; D270G,10
V87M; S162I; N164S; G220V; K225T,10
D70N; S162I; N164S; G220V; K225T,10
K225L,10
Q75K; S162I; N164S; G220V; K225T,10
S162I; N164S; G220V; K225T; D366N,10
S162I; N164S; D196N; G220V; K225T,10
S162I; N164S; I181M; G220V; K225T,10
L98P; S162I; N164S; N200D; G220V; K225T,9
S162I; N164S; E201G; G220V; K225T,9
S162I; N164S; G220V; K225T; E373D,9
S162I; N164S; A207V; G220V; K225T,9
R16C; S162I; N164S; G220V; K225T,9
E28D; S162I; N164S; G220V; K225T,9
S162I; N164S; G220V; K225T; I262N,9
S162I; N164S; G220V; K225T; L276F,9
S162I; N164S; G220V; K225T; Y375H,9
N10D; S162I; N164S; I183V; G220V; K225T,9
S162I; N164S; G220V; K225T; A340V,9
L98P; S162I; N164S; N195S; G220V; K225T,9
S162I; N164S; G220V; K225T; I399T,9
T51I; S162I; N164S; G220V; K225T,9
A153T; S162I; N164S; G220V; K225T,9
S162I; N164S; G220V; Y222C; K225T,9
L98P; S162I; N164S; G220V; K225T; N261D,9
T119A; S162I; N164S; G220V; K225T,9
D54Y; S162I; N164S; G220V; K225T,9
S162I; N164S; G220V; K225T; P398S,9
S162I; N164S; S174N; G220V; K225T,9
S162I; N164S; G220V; K225T; G257D,9
P23L; S162I; N164S; G220V; K225T,9
L98P; S162I; N164S; G220V; K225T; D270N,9
S162I; N164S; I165T; G220V; K225T,9
S162I; N164S; G220V; K225T; K342R,9
D15N; S162I; N164S; G220V; K225T,9
S162I; N164S; G220V; K225T; G353D,9
P58S; S162I; N164S; G220V; K225T,9
P71S; S162I; N164S; G220V; K225T,9
S162I; N164S; Y171C; G220V; K225T,9
S162I; N164S; M211V; G220V; K225T,9
V148I; S162I; N164S; G220V; K225T,9
S162I; N164S; G220V; A224S; K225T,9
S162I; N164S; G220V; K225T; F411S,9
E28G; S162I; N164S; G220V; K225T,9
S162I; N164S; G220V; K225T; S314F,9
S162I; N164S; F202L; G220V; K225T,9
S162I; N164S; M172I; G220V; K225T; C231R,9
L98P; S162I; N164S; G220V; K225T; I227T,9
P146L; S162I; N164S; G220V; K225T,9
Y20H; S162I; N164S; G220V; K225T,9
M1I; L98P; S162I; N164S; G220V; K225T,9
S162I; N164S; G220V; K225T; S287N,9
S162I; N164S; P206S; G220V; K225T,9
K109R; S162I; N164S; G220V; K225T,9
S162I; N164S; G220V; K225T; D312N,9
S162I; N164S; G220V; K225T; I352L,9
S162I; N164S; G220A; K225T,9
K80R; S162I; N164S; G220V; K225T,9
S162I; N164S; G220V; K225T; Q237R,9
Q123R; S162I; N164S; G220V; K225T,9
S162I; N164S; G220V; K225T; I396T,9
L98S; S162I; N164S; G220V; K225T,9
S162I; N164S; G220V; K225T; V405F,9
Q75T; S76T; T88Q; S162I; N164S; G220V; K225T,9
L98P; Q141R; S162I; N164S; G220V; K225T; N390S,9
D128N; S162I; N164S; G220V; K225T,9
L98P; S162I; N164S; G220V; K225T; F252L,9
S162I; N164S; F192L; G220V; K225T,9
S162I; N164S; G220V; K225T; L240R,9
K3R; S162I; N164S; G220V; K225T,9
L98F; S162I; N164S; G220V; K225T,9
N14D; S162I; N164S; G220V; K225T,9
S162I; N164S; G220V; K225T; C231G,9
S162I; N164S; G220V; K225T; C231R; N365D,9
S162I; N164S; G220V; K225T; T350A,9
L98P; S162I; N164S; G220V; K225T; R385G,9
S162I; N164S; G220V; K225T; L286F,9
L98P; S162I; N164S; G220V; K225T; G226D; I232T,9
S162I; N164S; G220V; K225T; I377T,8
S162I; N164S; G220V; K225T; L404P; V405G; K406*; I408D; I409H; R410S,8
S162I; N164S; G220V; K225T; K329N,8
S60R; S162I; N164S; G220V; K225T,8
S162I; N164S; I215V; G220V; K225T,8
I18L; S162I; N164S; G220V; K225T,8
S162I; N164S; G220V; K225T; I408V,8
S60G; L98P; S162I; N164S; G220V; K225T,8
S162I; N164S; N170S; G220V; K225T,8
L98P; S162I; N164S; G220V; K225T; I371V,8
L98P; S162I; N164S; G220V; K225T; N243S,8
L98P; S162I; N164S; G220V; K225T; D278N,8
S162I; N164S; G220V; K225T; P398L,8
S162I; N164S; G220V; K225T; V345A,8
Q141*; S162I; N164S; G220V; K225T,8
K37R; S162I; N164S; G220V; K225T,8
S162I; N164S; G220V; K225T; N297T,8
P155S; S162I; N164S; G220V; K225T,8
S6T; L98P; S162I; N164S; G220V; K225T,8
S162I; N164S; G220V; K225T; T242I,8
S162I; N164S; G220V; K225T; V291M,8
S162I; N164S; G220V; K225T; G353S,8
S162I; N164S; M172T; G220V; K225T,8
S162I; N164S; G220V; K225T; K311R,8
W40R; S162I; N164S; G220V; K225T,8
Q75T; S76T; S162I; N164S; G220V; K225T,8
S162I; N164S; S217R; G220V; K225T,8
E106*; S162I; N164S; G220V; K225T,8
F91L; S162I; N164S; G220V; K225T,8
S162I; N164S; G220V; K225T; P294S,8
G220V; K225T; C231R,8
L98P; N122D; S162I; N164S; G220V; K225T,8
S162I; N164S; G220V; K225T; Y307C,8
S162I; N164S; G220V; K225T; C231Y,8
S162I; N164S; G220V; K225T; G256E,8
S162I; N164S; G220V; K225T; D301E,8
S60N; E154G; S162I; N164S; G220V; K225T,8
S162I; N164S; G220V,8
S162I; N164S; P206L; G220V; K225T,8
S99L; S162I; N164S; G220V; K225T,8
S162I; N164S; G220V; K225T; R402S,8
S162I; N164S; G220V; K225T; K407N,8
D11N; S162I; N164S; G220V; K225T,8
S162I; N164S; G220V; K225T; R280H,8
S162I; N164S; G220V; K225T; I377V,8
I134V; S162I; N164S; G220V; K225T; I263V,8
G100D; S162I; N164S; G220V; K225T,8
S162I; N164S; G220V; K225T; L296M,8
R93H; S162I; N164S; G220V; K225T,8
S162I; N164S; G220V; K225T; P239L,8
S162I; N164S; G220V; K225T; Y307H,8
V13A; S162I; N164S; G220V; K225T,8
N92S; S162I; N164S; G220V; K225T,8
L98P; S162I; N164S; I199T; G220V; K225T,8
L98P; S162I; N164S; N197S; G220V; K225T,8
S60I; S162I; N164S; G220V; K225T,8
S162I; N164S; G220V; K225T; L391M,8
N138D; S162I; N164S; M172I; G220V; K225T,8
L98P; S162I; N164S; G220V; K225T; Q295H,8
S162I; N164S; G220V; K225T; D278G,8
E44D; S162I; N164S; G220V; K225T,8
D121N; S162I; N164S; G220V; K225T,8
E105G; S162I; N164S; G220V; K225T,8
S162C; G220V; K225T,8
S162I; N164S; G220V; K225T; G308D,8
S162I; N164S; G220V; K225T; D278A,8
G127S; S162I; N164S; G220V; K225T,8
S162I; N164S; G220V; K225T; N297I,8
S162I; N164S; E201*; G220V; K225T,8
G64D; S162I; N164S; G220V; K225T,8
A129S; S162I; N164S; G220V; K225T,8
L98P; S162I; N164S; G220F; K225T; N390S,8
S162I; N164S; F178L; G220V; K225T,8
S162I; N164S; G220V; K225T; N238K,8
L98P; Y113F; S162I; N164S; G220V; K225T; C231R,8
L98P; S162I; N164S; G220V; K225T; I232V,8
L98P; S162I; N164S; I183T; G220V; K225T,8
S162I; N164S; G220V; K225T; F384S,8
S162I; N164S; G220V; A224T; K225T,7
I4M; S162I; N164S; G220V; K225T,7
S162I; N164S; G220V; K225T; D259N,7
S162I; N164S; G220V; K225T; I327T,7
S162I; N164S; G220V; K225T; N379D,7
S162I; N164S; G220V; K225T; I232T; D326N,7
S162I; N164S; G220V; K225T; V382L,7
P57S; S162I; N164S; G220V; K225T,7
N96S; L98P; S162I; N164S; G220V; K225T,7
L98P; S162I; N164S; G220V; K225T; Y375H,7
S162I; S163F; N164S; G220V; K225T,7
S162I; N164S; G220V; K225T; F324L,7
M151I; S162I; N164S; G220V; K225T,7
N96D; S162I; N164S; G220V; K225T,7
G101S; S162I; N164S; G220V; K225T; C231R,7
S162I; N164S; G220V; K225T; I327V,7
N138D; S162I; N164S; G220V; K225T; Y355H,7
G101S; S162I; N164S; I165S; G220V; K225T,7
N161Y; S162I; N164S; G220V; K225T,7
S162I; N164S; G220V; K225T; T254A,7
N118S; S162I; N164S; G220V; K225T,7
S162I; N164S; G220V; K225T; R244C,7
S66Y; S162I; N164S; G220V; K225T,7
S162I; N164S; D196G; G220V; K225T,7
Y69H; E154G; S162I; N164S; G220V; K225T,7
S162I; N164S; G220V; K225T; K285N,7
S162I; N164S; G220V; K225T; R348H,7
F158L; S162I; N164S; G220V; K225T,7
S162I; N164S; G220V; K225T; V319I,7
L98P; S162I; N164S; G220V; K225T; A389T,7
P57L; S162I; N164S; G220V; K225T,7
S162I; N164S; G220V; K225T; E305*,7
Y73H; S162I; N164S; G220V; K225T,7
S162I; N164S; G220V; K225T; G374S,7
D81G; S162I; N164S; G220V; K225T,7
L98P; S162I; N164S; G220V; K225T; N297S,7
S162I; N164S; G220V; K225T; D301N,7
S162I; N164S; G220V; K225T; K306R,7
P120L; S162I; N164S; G220V; K225T,7
S162I; N164S; N170D; G220V; K225T,7
S162I; N164S; G220V; K225T; G246S,7
S162I; N164S; P188L; G220V; K225T,7
V13I; L98P; S162I; N164S; G220V; K225T,7
C26Y; S162I; N164S; G220V; K225T,7
S162I; N164S; G220V; K225T; V405G; K406*; I408D; I409H; R410S,7
S162I; N164S; G220V; K225T; T229A,7
I143V; E154G; S162I; N164S; G220V; K225T,7
S162I; N164S; G220V; K225T; P298L,7
L98P; S162I; N164S; G220V; K225T; C231R; V265A,7
S162I; N164S; G220V; K225T; E336K,7
L98P; S162I; N164S; G220V; K225T; N274S,7
L114M; S162I; N164S; G220V; K225T,7
P155L; S162I; N164S; G220V; K225T,7
S162I; N164S; G177V; G220V; K225T,7
S137N; S162I; N164S; G220V; K225T,7
S162I; N164S; G220V; K225T; R244S,7
E154K; S162I; N164S; G220V; K225T,7
G101V; S162I; N164S; G220V; K225T,7
S67R; S162I; N164S; G220V; K225T,7
P12S; S162I; N164S; G220V; K225T,7
S162I; N164S; G220V; K225T; N258T,7
I39T; S162I; N164S; G220V; K225T,7
S162I; N164S; G220V; K225T; T335I,7
S162I; N164S; A182V; G220V; K225T,7
L98P; S162I; G220V; K225T,7
S162I; N164S; G220V; K225T; Y375C,7
S162I; N164S; G220V; K225T; G308S,7
G152S; S162I; N164S; G220V; K225T,7
S32A; H56L; S162I; N164S; G220V; K225T,7
E105D; S162I; N164S; G220V; K225T,7
S162I; N164S; G220V; K225T; D338N,7
S162I; N164S; G220V; K225T; G403V,7
S162I; N164S; G220V; K225T; K407*,7
L98P; S162I; N164S; G220V; K225T; N370S,7
L98P; S162I; N164S; G220V; K225T; A313E,7
N10D; S162I; N164S; G220V; K225T; C231R,7
R16H; L98P; S162I; N164S; G220V; K225T,7
S162I; N164S; G220V; K225T; T234P,7
Y30C; S162I; N164S; G220V; K225T,7
S162I; N164S; G220V; K225T; Q344*,7
S162I; N164S; G220V; K225T; E373K,7
S162I; N164S; G220V; K225T; S372I,7
S162I; N164S; G220V; K225T; C231R; R402C,7
S162I; N164S; G220V; K225T; S284G,7
K62T; S162I; N164S; G220V; K225T,7
L98P; S162I; N164S; G220V; K225T; I241V,7
S162I; N164S; G220V; K225T; K323N,7
S162I; N164S; M172I; G220V; K225T; R348C,7
E28K; G101C; S162I; N164S; G220V; K225T,7
S162V; N164S; G220V; K225T; N248S,7
S162I; N164S; N197D; G220V; K225T; C231R; R394C,7
L98P; K135R; S162I; N164S; G220V; K225T,6
S162I; N164S; G220V; K225T; S361P,6
D65Y; L98P; S162I; N164S; G220V; K225T,6
S60N; S162I; N164S; G220V; K225T; I232T,6
S162I; N164S; G220V; A224V; K225T,6
W40*; S162I; N164S; G220V; K225T; C231S,6
S162I; N164S; G220V; K225T; S314Y,6
S162I; N164S; G220V; K225T; Q290*,6
S162I; N164S; G220V; K225T; K285R,6
D65Y; S162I; N164S; G220V; K225T,6
N8D; S162I; N164S; G220V; K225T,6
P2S; S162I; N164S; G220V; K225T,6
F158S; S162I; N164S; G220V; K225T,6
S162I; N164S; G220V; K225T; Y317C,6
S162I; N164S; G220V; K225T; L240Q,6
S162I; N164S; G220V; K225T; R280C,6
S162I; N164S; S217I; G220V; K225T,6
S162I; N164S; G220V; K225T; T230M,6
L98P; S162I; N164S; G220V; K225T; C231S,6
S162I; N164S; G220V; K225T; E336*,6
S162I; N164S; G220V; K225T; E349G,6
S162I; N164S; G220V; K225T; E250K,6
L98P; S162I; N164S; G220V; K225T; D326N,6
S162I; N164S; M172I; G220V; K225T; N365D,6
L98P; S162I; N164S; G220V; K225T; I409V,6
S162I; N164S; G220V; K225T; N392S,6
R45L; S162I; N164S; G220V; K225T,6
E106A; S162I; N164S; G220V; K225T,6
S162I; N164R; G220V; K225T,6
L98P; S162I; N164S; G220V; K225T; P393S,6
L98P; S162I; N164S; G220V; K225T; I316V,6
T119I; S162I; N164S; G220V; K225T,6
S162I; N164S; T185I; G220V; K225T,6
S162I; N164S; G179D; G220V; K225T,6
T50I; S162I; N164S; G220V; K225T,6
S162I; N164S; G220V; K225T; N392D,6
S162I; N164S; G220V; K225T; N297H,6
S162I; N164S; G220V; K225T; I282V,6
L98P; S162I; N164S; G220V; K225T; N379S,6
S162I; N164S; G177S; G220V; K225T,6
S162I; N164S; G220V; K225T; Q237*,6
T50A; S162I; N164S; G220V; K225T,6
L98P; S162I; N164S; G220V; K225T; I316T,6
S162I; N164S; D205Y; G220V; K225T,6
S162I; N164S; G220V; K225T; T228I,6
S60N; S162I; N164S; G220V; K225T; S284N,6
S162I; N164S; G220V; K225T; V289M,6
S162I; N164S; G220V; K225T; G374D,6
L98P; S162I; N164S; G220V; K225T; N258S,6
S162I; N164S; G220V; K225T; N376S,6
S162I; N164S; G220V; K225T; Q295R,6
S162I; N164S; G220V; K225T; R348C,6
S162I; N164S; G220V; K225T; K245E,6
D121E; S162I; N164S; G220V; K225T,6
T59A; S162I; N164S; G220V; K225T; I232T,6
S162I; N164S; G220V; K225T; K407R,6
H142Y; S162I; N164S; G220V; K225T,6
N97S; S162I; N164S; G220V; K225T,6
S162I; N164S; G220V; K225T; Q344R,6
L98P; S162I; N164S; G220V; K225T; N383S,6
S162I; N164S; G220V; K225T; T228A,6
Y69C; S162I; N164S; G220V; K225T,6
S162I; N164S; G220V; K225T; R385S,6
S162I; N164S; G220V; K225T; Q344N; N365D,6
R82H; S162I; N164S; G220V; K225T,6
S162I; N164S; G220V; K225T; K342E,6
S162I; N164S; G220V; K225T; I395V,6
D65E; S162I; N164S; G220V; K225T,6
L98P; S162I; N164S; G220V; K225T; I408N,6
L98P; E133K; S162I; N164S; G220V; K225T,6
S162I; N164S; G220V; K225T; K359E,6
G101S; S162I; N164S; V184I; G220V; K225T,6
S6T; S32A; H56L; Q75T; S76T; T88Q; S162I; N164S; G220V; K225T,6
E106K; S162I; N164S; G220V; K225T,6
S162I; N164S; G220V; K225T; V405G,6
S162I; N164S; G220V; K225T; V382G,6
S162I; N164S; G220V; K225T; C231R; N362D,6
R93C; S162I; N164S; G220V; K225T,6
S162I; N164S; G220V; K225T; Q387K,6
D117Y; S162I; N164S; G220V; K225T,6
S67G; S162I; N164S; G220V; K225T,6
S162I; N164S; G220V; K225T; G226D,6
S162I; N164S; G220V; K225T; I316N,6
S162I; N164S; S166T; G220V; K225T,6
S162I; N164S; F194L; G220V; K225T,6
Q75R; S162I; N164S; G220V; K225T,6
S162I; N164S; G220V; K225T; D326Y,6
S162I; N164S; Q204*; G220V; K225T,6
S162I; N164S; G220V; K225T; T254P,6
S162I; N164S; G220V; K225T; N269S; I352V; K397E,6
S162I; N164S; G220V; K225T; I271T,6
S162I; N164S; G220V; K225T; Q354*,6
L98P; S162I; N164S; G220V; K225T; E373D,6
S162I; N164S; G220V; K225T; G403A,6
L98P; S162I; N164S; G220V; K225T; I352T,6
S162I; N164S; G220V; K225T; S318I,6
K37N; S162I; N164S; G220V; K225T,6
T88A; S162I; N164S; G220V; K225T,6
I18T; S162I; N164S; G220V; K225T,6
E105K; S162I; N164S; G220V; K225T,6
S76G; S162I; N164S; G220V; K225T,6
N38S; S162I; N164S; G220V; K225T,6
D54G; S162I; N164S; G220V; K225T,6
Y20H; L98P; S162I; N164S; G220V; K225T,6
H56N; S162I; N164S; G220V; K225T,6
Q75R; L98P; S162I; N164S; G220V; K225T,6
I42T; S162I; N164S; G220V; K225T,6
N34S; S162I; N164S; G220V; K225T,6
S162I; N164S; G220V; K225T; T230A,6
S162I; N164S; G220V; K225T; Q235R,6
P58L; S162I; N164S; G220V; K225T,6
N116H; S162I; N164S; G220V; K225T,6
S162I; N164S; G220V; K225T; Q236R,6
S162I; N164S; G220V; K225T; N238D,6
L98P; S162V; N164S; G220V; K225T,6
S162I; N164S; G220V; K225T; E305D,6
D65G; S162I; N164S; G220V; K225T,6
S162I; N164S; G220V; K225T; N383K,6
E28K; S162I; N164S; G220V; K225T; N293S,6
S162I; N164S; P173S; G220V; K225T,6
N97D; S162I; N164S; G220V; K225T,6
I134V; N161K; S162I; N164S; G220V; K225T,6
N10D; E154G; S162I; N164S; G220V; K225T,6
L98P; S162I; N164S; G220V; K225T; P298S,6
S162I; N164S; M172V; G220V; K225T; N379S,6
S162I; N164S; G220V; K225T; G386D,6
S162I; N164S; G220V; K225T; I399V,6
E154G; S162I; N164S; G220V; K225T; I232L,6
S162I; N164S; G220V; K225T; C231R; D278N,6
S162I; N164S; E213K; G220V; K225T,6
S162I; N164S; G220V; K225T; P393L,6
H56Y; S162I; N164S; N195S; G220V; K225T,6
S130P; S162I; N164S; G220V; K225T,6
S162I; N164S; G220V; K225T; I302V,6
E154G; S162I; N164S; G220V; K225T; D278N,6
S162I; N164S; G220V; K225T; T242I; F252L; N370S,6
S162I; N164S; G220V; K225T; A340T; N370S; G386C,6
L98P; N116D; S162I; N164S; G220V; K225T,6
E28K; S162I; N164S; G220V; K225T; G308S,6
K80R; S162I; N164S; G220V; K225T; C231S; S284N,6
S99P; S162I; N164S; G220V; K225T,5
S162I; N164S; L167P; G220V; K225T,5
E154G; S162I; N164S; G220V; K225T; A313T,5
N10D; S162I; N164S; G220V; K225T; D325N,5
S162I; N164S; G220V; K225T; T400N,5
S162I; N164S; G220V; K225T; Q344N; N365D; S372T; E373Q; Y375F; N378G; N379S; K381A; V382T; F384Y; R385K; A389V; N390E; L391E; R394Q; I396V; K397E; P398E; T400K; K407N; I408K; R410E; F411E,5
E79D; L98P; S162I; N164S; G220V; K225T,5
D128Y; S162I; N164S; G220V; K225T,5
S162I; N164S; G220V; G223V; K225T,5
S162I; N164S; G220V; K225T; Y279C,5
S162I; N164S; G220V; K225T; I399M,5
S162I; N164S; G220V; K225T; I371T,5
Y20C; S162I; N164S; G220V; K225T,5
E154G; S162I; N164S; G220V; K225T; N390S,5
S162I; N164S; G220V; K225T; T228S,5
S162I; N164S; G220V; K225T; G386C,5
L98P; S162I; N164S; G220V; K225T; A266E,5
S162I; N164S; G220V; K225T; N277H,5
Y73C; S162I; N164S; G220V; K225T,5
L98P; S162I; N164S; G220V; K225T; I247V,5
L98P; N111S; S162I; N164S; G220V; K225T,5
S162I; N164S; G220V; K225T; C231R; V265A,5
S162I; N164S; G220V; K225T; D259G,5
N138D; S162I; N164S; G220V; K225T; N383D,5
K135E; S162I; N164S; G220V; K225T,5
S162I; N164S; G220V; G223S; K225T,5
S162I; N164S; I165S; G220V; K225T,5
G49D; S162I; N164S; G220V; K225T,5
S162I; N164S; G220V; K225T; L240M; T400A,5
L98P; S162I; N164S; G220V; K225T; I368V,5
S162I; N164S; G220V; K225T; V319A,5
D54H; L98P; S162I; N164S; G220V; K225T,5
V13F; S162I; N164S; G220V; K225T,5
S162I; N164S; G220V; K225T; N269T,5
K109E; S162I; N164S; G220V; K225T,5
N10D; S76I; S162I; N164S; G220V; K225T; I227T,5
V132A; S162I; N164S; G220V; K225T,5
S162I; N164S; G220V; G223D; K225T,5
S162I; N164S; G220V; K225T; K342N,5
L61P; S162I; N164S; G220V; K225T,5
S60G; S162I; N164S; G220V; K225T; C231R,5
S162I; N164S; G220V; K225T; Y268F,5
K22N; S162I; N164S; G220V; K225T,5
S162I; N164S; G220V; K225T; K329E,5
N118K; S162I; N164S; G220V; K225T,5
Y30H; S162I; N164S; G220V; K225T,5
G25D; S162I; N164S; G220V; K225T,5
S162I; N164S; G220V; K225T; K306E,5
N122H; S162I; N164S; G220V; K225T,5
S162I; N164S; G220V; K225T; D301A,5
A110T; S162I; N164S; G220V; K225T,5
H56Q; S162I; N164S; G220V; K225T,5
M1V; S162I; N164S; G220V; K225T,5
S162I; N164S; G220V; K225T; Y299C,5
S162I; N164S; G220V; K225T; K288E,5
Q53R; L98P; S162I; N164S; G220V; K225T,5
V132I; S162I; N164S; G220V; K225T,5
E28*; S162I; N164S; G220V; K225T,5
S162I; N164S; G220V; K225T; F303S,5
T59A; L98P; S162I; N164S; G220V; K225T,5
L98P; S162I; N164S; G220V; K225T; G403D,5
L98P; S162I; N164S; G220V; K225T; T230K,5
S162I; N164S; A207S; G220V; K225T,5
E133G; S162I; N164S; G220V; K225T,5
A129T; S162I; N164S; G220V; K225T,5
L98P; S162I; N164S; N169D; G220V; K225T,5
S162I; N164S; G220V; K225T; N258K,5
S162I; N164S; G220V; K225T; L360S,5
S99A; S162I; N164S; G220V; K225T,5
I48T; S162I; N164S; G220V; K225T,5
L98P; S162I; N164S; G220V; K225T; K406E,5
S162I; N164S; G220V; K225T; K406R,5
A153V; S162I; N164S; G220V; K225T,5
S162I; N164S; G220V; K225T; I262F,5
S162I; N164S; G220V; K225T; C231S; V265A,5
S162I; N164S; G220V; K225T; T341S,5
S162I; N164S; G220V; K225T; G256R,5
L98P; S162I; N164S; G220V; K225T; D326Y,5
L98P; S162I; N164S; R193L; G220V; K225T,5
S162I; N164S; G220V; K225T; G401C,5
H125R; S162I; N164S; G220V; K225T,5
L98P; S162I; N164S; G220V; K225T; A389S,5
D121Y; S162I; N164S; G220V; K225T,5
N10D; S162I; N164S; N197S; G220V; K225T,5
I41V; E154G; S162I; N164S; G220V; K225T,5
S162I; N164S; G220V; K225T; D326A,5
S162I; N164S; G220V; K225T; Q295H,5
E154D; S162I; N164S; G220V; K225T,5
D121G; S162I; N164S; G220V; K225T,5
S162I; N164S; I215N; G220V; K225T,5
L98P; S162I; N164S; G220V; K225T; T341A,5
G24V; S162I; N164S; G220V; K225T,5
D11Y; S162I; N164S; G220V; K225T,5
D70N; L98P; S162I; N164S; G220V; K225T,5
N111D; S162I; N164S; G220V; K225T,5
S162I; N164S; A182S; G220V; K225T,5
A110V; S162I; N164S; G220V; K225T,5
S162I; N164S; G220V; K225T; S314A,5
S162I; N164S; G220V; K225T; G315D,5
Q27P; S162I; N164S; G220V; K225T,5
S162I; N164S; N170Y; G220V; K225T,5
G101S; S162I; N164S; N197D; G220V; K225T,5
S162I; N164S; S191L; G220V; K225T,5
S162I; N164S; H176R; G220V; K225T; D278N,5
R93H; L98P; S162I; N164S; G220V; K225T,5
S162I; N164S; H176Y; G220V; K225T,5
R16S; S162I; N164S; G220V; K225T,5
S162I; N164S; G220V; K225T; G257S,5
L98P; S162I; N164S; G220V; K225T; K329R,5
S162I; N164S; G220V; K225T; K281E,5
M36I; S162I; N164S; G220V; K225T,5
S162I; N164S; G220V; K225T; Q267R,5
S162I; N164S; G220V; K225T; C231F,5
S162I; N164S; G220V; K225T; K311E,5
N138S; S162I; N164S; G220V; K225T,5
T17A; S162I; N164S; G220V; K225T,5
S162I; N164S; T185A; G220V; K225T,5
L98H; S162I; N164S; G220V; K225T,5
S162I; N164S; G220V; K225T; Q295*,5
D117N; N138D; S162I; N164S; G220V; K225T,5
N111K; S162I; N164S; G220V; K225T,5
L103P; S162I; N164S; G220V; K225T,5
S162I; N164S; G220V; K225T; I352S,5
N46S; S162I; N164S; G220V; K225T,5
L98P; S162I; N164S; G220V; K225T; T242A,5
L98P; S162I; N164S; V184I; G220V; K225T,5
S162I; N164S; G220V; K225T; N376D,5
G49S; S162I; N164S; G220V; K225T,5
S162I; N164S; S198L; G220V; K225T,5
E154G; S162I; N164S; G220V; K225T; K300R,5
S162I; N164S; G220V; K225T; C231*,5
S162I; N164S; I199S; G220V; K225T,5
L98P; I134V; S162I; N164S; G220V; K225T; N390S,5
F124L; S162I; N164S; G220V; K225T,5
D117G; S162I; N164S; G220V; K225T,5
G220V; K225I; T400A,5
N63T; S162I; N164S; G220V; K225T,5
S162I; N164S; N175K; G220V; K225T,5
N138D; S162I; N164S; G220V; K225T; N248H,5
L98P; S162I; N164S; G220V; K225T; N378D,5
Q27*; S162I; N164S; G220V; K225T; T341S; K381R,5
S162I; N164S; G220V; K225T; S361F,5
S162I; N164S; M172R; G220V; K225T; T264S,5
S162I; N164S; F192L; G220V; K225T; C231R,5
S162I; N164S; G220V; K225T; T341A; N362D,5
N95S; S162I; N164S; G220V; K225T,4
L98P; S162I; N164S; M172T; G220V; K225T,4
E78G; S162I; N164S; G220V; K225T,4
L98P; S162I; N164S; G220V; K225T; A313V,4
S162I; N164S; G220V; K225T; G374V,4
S162I; N164S; G220V; K225T; Y272C,4
S162I; N164S; G220V; K225T; D326E,4
L98P; S162I; N164S; G220V; K225T; R402H,4
Y113H; S162I; N164S; G220V; K225T,4
D77G; S162I; N164S; G220V; K225T,4
S162I; N164S; E213*; G220V; K225T,4
S162I; N164S; G220V; K225T; L380S,4
S32I; S162I; N164S; G220V; K225T,4
L98P; S162I; N164S; G220V; K225T; S284N; N390S,4
S162I; N164S; G179S; G220V; K225T,4
A153S; S162I; N164S; G220V; K225T,4
Q27*; S162I; N164S; G220V; K225T,4
D54N; L98P; S162I; N164S; G220V; K225T,4
L98P; S162I; N164S; G220V; K225T; N258S; D325N,4
D77N; L98P; S162I; N164S; G220V; K225T,4
S162I; N164S; G220V; K225T; F334S,4
S162I; N164S; G220V; K225T; N261K,4
S162I; N164S; G220V; K225T; Y375F,4
D70G; S162I; N164S; G220V; K225T,4
S162I; N164S; G220V; K225T; Q267*,4
G101A; S162I; N164S; G220V; K225T,4
L98P; S162I; N164S; G220V; K225T; N293D,4
S6T; S32A; H56L; Q75T; S76T; S162I; N164S; G220V; K225T,4
S162I; N164S; D196Y; G220V; K225T,4
S60T; S162I; N164S; G220V; K225T,4
S162I; N164S; G220V; K225T; V291E,4
N138D; S162I; N164S; V184I; G220V; K225T,4
S66F; L98P; S162I; N164S; G220V; K225T,4
S162I; N164S; G220V; K225T; T273N,4
N10D; S162I; N164S; G220V; K225T; S292N,4
S162I; N164S; N200D; G220V; K225T; C231R,4
S162I; N164S; G220V; K225T; Y351C,4
S162I; N164S; G220V; K225T; T350I,4
L98P; S162I; N164S; G220V; K225T; E305K,4
S162I; N164S; H219N; G220V; K225T,4
L98P; S162I; N164S; G220V; K225T; I232F,4
S162I; N164S; G220V; K225T; E251D,4
S162I; N164S; G220V; K225T; R410C,4
S162I; N164S; V184A; G220V; K225T,4
S162I; N164S; G220V; K225T; D338E,4
S162I; N164S; R193S; G220V; K225T,4
S162I; N164S; G220V; K225T; I241M,4
S162I; N164S; G220V; K225T; Y369H,4
S162I; N164S; G220V; K225T; Q304R,4
S162I; N164S; G220V; K225T; N388H,4
S162I; N164S; G220V; K225T; L364M,4
L98P; S162I; N164S; G220V; K225T; V382M,4
S162I; N164S; T209I; G220V; K225T,4
S162I; N164S; P173L; G220V; K225T,4
S162I; N164S; I215F; G220V; K225T,4
S162I; N164S; G220V; K225T; I321T,4
P112S; S162I; N164S; G220V; K225T,4
L98P; G115V; S162I; N164S; G220V; K225T; D325N,4
E154G; S162I; N164S; G220V; K225T; I232T,4
S162I; N164S; G220V; K225T; L240P,4
S162I; N164S; K225I,4
S162I; S163F; G220V; K225T,4
F136Y; S162I; N164S; G220V; K225T,4
E154G; S162I; N164S; H219R; G220V; K225T,4
E79G; S162I; N164S; G220V; K225T,4
H56Y; L98P; S162I; N164S; G220V; K225T,4
S6*; S162I; N164S; M172I; S217G; G220V; K225T,4
S137I; S162I; N164S; G220V; K225T,4
L98P; S162I; N164S; S166P; G220V; K225T,4
S76R; S162I; N164S; G220V; K225T,4
S162I; N164S; Y190H; G220V; K225T,4
S162I; N164S; P188S; G220V; K225T,4
R16H; S162I; N164S; G220V; K225T; C231R,4
G101S; E154G; S162I; N164S; G220V; K225T,4
H142D; S162I; N164S; G220V; K225T,4
L98P; S162I; N164S; M211I; G220V; K225T,4
T119N; S162I; N164S; G220V; K225T,4
S162I; N164S; G220V; K225T; I233T,4
R45H; L98P; S162I; N164S; G220V; K225T,4
H142R; S162I; N164S; G220V; K225T,4
L98P; I102V; S162I; N164S; G220V; K225T,4
S162I; N164S; G220V; K225T; L339S,4
G139S; S162I; N164S; G220V; K225T,4
L98P; S162I; N164S; G220V; K225T; N238S,4
T160M; S162I; N164S; G220V; K225T,4
L98P; S162I; N164S; G220V; K225T; I233V,4
R82S; S162I; N164S; G220V; K225T,4
I21V; S162I; N164S; G220V; K225T,4
L98P; S162I; N164S; G220V; K225T; I352V,4
L98P; S162I; N164S; G220V; K225T; G403S,4
S162I; N164S; G220V; K225T; D310G,4
L98P; I102L; S162I; N164S; G220V; K225T,4
S162I; N164S; G220V; K225T; F337L,4
S162I; N164S; L210P; G220V; K225T,4
S162I; N164S; G220V; K225T; S318R,4
S162I; N164S; G220V; K225T; S287G,4
N138D; S162I; N164S; G220V; K225T; D325N,4
S162I; N164S; A207T; G220V; K225T,4
G101S; S162I; N164S; G220V; K225T; I232S,4
L98P; S162I; N164S; G220V; K225T; D310N,4
S162I; N164S; G220V; K225T; P294L,4
S162I; N164S; G220V; K225T; Y279H,4
S162I; N164S; G220V; K225T; T254I,4
S162I; N164S; L214M; G220V; K225T,4
E44K; L98P; S162I; N164S; G220V; K225T,4
S162I; N164S; G220V; K225T; K381E,4
S162I; N164S; G220V; K225T; K342Q,4
S162I; N164S; I199N; G220V; K225T; N274S,4
S162I; N164S; G220V; K225T; P398T; I399D; T400Y; G401R; R402S; G403W; L404P; V405G; K406*; I408D; I409H; R410S,4
N118H; S162I; N164S; G220V; K225T,4
S162I; N164S; G220V; K225T; L240R; I377T,4
L98P; S162I; N164S; G220V; K225T; D325E,4
S162I; N164S; G220V; K225T; C231R; N269S,4
D156Y; S162I; N164S; G220V; K225T,4
Y68C; S162I; N164S; G220V; K225T,4
S162I; N164S; G220V; K225T; I409L,4
L98P; S162I; N164S; G220V; K225T; S314N; I316N,4
S162I; N164S; N175D; G220V; K225T,4
S162I; N164S; G220V; G223C; K225T,4
S162I; N164S; G220V; K225T; E305G,4
S162I; N164S; G220V; K225T; C231R; D325N,4
S76N; L98P; S162I; N164S; G220V; K225T,4
L98P; Q141R; S162I; N164S; G220V; K225T,4
L98P; S162I; N164S; D196G; G220V; K225T,4
S140R; S162I; N164S; G220V; K225T,4
S162I; N164S; G220V; K225T; L276I,4
S162I; N164S; N195T; G220V; K225T; I409T,4
S162I; N164S; G220V; K225T; F255S,4
E105A; S162I; N164S; G220V; K225T,4
T119P; S162I; N164S; G220V; K225T,4
T88P; S162I; N164S; G220V; K225T,4
S162I; N164S; H176N; G220V; K225T,4
I150V; S162I; N164S; G220V; K225T,4
S162I; N164S; G220V; K225T; C347R,4
S162I; N164S; G220V; K225T; G353V,4
I102S; S162I; N164S; G220V; K225T,4
T59S; S162I; N164S; G220V; K225T,4
I41T; S162I; N164S; G220V; K225T,4
S162I; N164S; G220V; K225T; F343S,4
H56L; Q75T; S76T; T88Q; S162I; N164S; G220V; K225T,4
N138D; S162I; N164S; G220V; K225T; V265A,4
I134V; N138D; S162I; N164S; G220V; K225T,4
S162I; N164S; M172I; G220V; K225T; N297S,4
I94V; S162I; N164S; G220V; K225T,4
S162I; N164S; G220V; K225T; N238T,4
L98P; S162I; N164S; G220V; K225T; Y268H,4
S6T; S32A; H56L; S162I; N164S; G220V; K225T,4
S162I; N164S; G220V; K225T; K281R,4
E154G; S162I; N164S; G220V; K225T; D325N,4
S162I; N164S; F186L; G220V; K225T,4
E106G; S162I; N164S; G220V; K225T,4
S162I; N164S; Y190C; G220V; K225T,4
N138D; S162I; N164S; G220V; K225T; N390S,4
E154G; S162I; N164S; M172I; G220V; K225T; N362S,4
S6T; S32A; L98P; S162I; N164S; G220V; K225T,4
E154G; S162I; N164S; G220V; K225T; Y299C,4
S162I; N164S; G220V; K225T; G401V,4
L98P; S162I; N164S; G220V; K225T; K397E,4
L98P; S162I; N164S; G220V; K225T; K306E; N390S,4
S162I; N164S; G220V; K225T; G386R; Q387S; N388E; A389C; N390K; L391S; N392E; R394A; I395Y; I396Y; K397Q; P398T; I399D; T400Y; G401R; R402S; G403W; L404P; V405G; K406*; I408D; I409H; R410S,4
S162I; N164S; G220V; K225T; S314N; I316N; Q344N,4
F29Y; S162I; N164S; G220V; K225T,4
G25S; S162I; N164S; G220V; K225T,4
E78K; S162I; N164S; N170D; G220V; K225T,4
S162I; N164S; E189D; G220V; K225T,4
L98P; S162I; N164S; G220V; K225T; N378S,4
S162I; N164S; G220V; K225T; L404R,4
S162I; N164S; G220V; K225T; F384Y,4
E28K; G101S; S162I; N164S; G220V; K225T,4
I42V; L98P; S162I; N164S; G220V; K225T,4
F83V; S162I; N164S; G220V; K225T,4
L98P; S162I; N164S; G220V; K225T; D301N,4
S162I; N164S; G220V; K225T; I408D; I409H; R410S,4
S162I; N164S; M172I; G220V; K225T; V265A,4
D77Y; S162I; N164S; G220V; K225T,4
T59I; L98P; S162I; N164S; G220V; K225T,4
S162I; N164S; M172T; G220V; K225T; C231R; R402H,4
S162I; N164S; G220V; K225T; N378I,4
G24S; S162I; N164S; G220V; K225T; I227V,4
S162I; N164S; G220V; K225T; F303Y,4
I86V; S162I; N164S; G220V; K225T,4
S162I; N164S; N200S; G220V; K225T,4
I143V; S162I; N164S; G220V; K225T; V289M,4
S162I; N164S; G220V; K225T; I263L,4
N10D; S162I; N164S; G220V; K225T; K342R,4
S60G; S162I; N164S; G220V; K225T; T234S,4
S162I; N164S; M211T; G220V; K225T,4
S162I; N164S; S187P; G220V; K225T,4
S162I; N164S; G220V; K225T; Y332C,4
S162I; N164S; G220V; K225T; E373G,4
S162I; N164S; G220V; K225T; I241T,4
K80R; S162I; N164S; G220V; K225T; S284R,4
I143F; S162I; N164S; G220V; K225T,4
R16H; S162I; N164S; G220V; K225T; K306M; N378S,4
R16L; D65G; S162I; N164S; G220V; K225T,4
N122D; S162I; N164S; G220V; K225T; I232T,4
L98P; S162I; N164S; G220V; K225T; N269S,4
S162I; N164S; G220F; K225T,4
S162I; N164S; M172R; G220V; K225T; D325N; R410H,4
S162I; N164S; D205G; G220V; K225T,4
S162I; N164S; F186S; G220V; K225T,4
T59I; S162I; N164S; G220V; K225T; D325N,4
M1I; L98P; Q141K; S162I; N164S; G220V; K225T; I396V,4
N72S; Q75R; S162I; N164S; G220V; K225T,4
N10D; L98P; S162I; N164S; G220V; K225T; S292N,4
S162I; N164S; G220V; K225T; N297D; R402S,4
E28*; S162I; N164S; G220V; K225T; Q235K,3
L98P; L145M; S162I; N164S; G220V; K225T,3
S162I; N164S; G220V; K225T; Y317*,3
F7L; S162I; N164S; G220V; K225T,3
K3E; S162I; N164S; G220V; K225T,3
S162I; N164S; G220V; K225T; S367F,3
E105D; E154G; S162I; N164S; G220V; K225T,3
L98P; S162I; N164S; G220V; K225T; D259N,3
S6T; S32A; G101S; S162I; N164S; G220V; K225T,3
S162I; N164S; G220V; K225T; L275S,3
S162I; N164S; G220V; K225T; A266S,3
L98P; S162I; N164S; G220V; K225T; C231Y,3
N138D; S162I; N164S; G220V; K225T; I232T,3
S162I; N164S; M172I; G220V; K225T; I232T,3
L98P; E154A; S162I; N164S; G220V; K225T,3
L98P; S162I; N164S; M211V; G220V; K225T,3
N10K; S162I; N164S; G220V; K225T,3
S6P; S162I; N164S; G220V; K225T,3
N95D; S162I; N164S; G220V; K225T,3
S162I; N164S; G220V; K225T; E349D,3
P155T; S162I; N164S; G220V; K225T,3
L98P; I134V; S162I; N164S; G220V; K225T; N362D; S372R,3
L98P; S162I; N164S; G220V; K225T; N277D,3
T59N; S162I; N164S; G220V; K225T,3
K62R; L98P; S162I; N164S; G220V; K225T,3
L98P; S162I; N164S; G220V; K225T; K397N,3
L98P; S162I; N164S; G220V; K225T; N322D,3
S162I; N164S; G220V; K225T; N274T,3
F91S; S162I; N164S; G220V; K225T,3
F55S; S162I; N164S; G220V; K225T,3
S162I; N164S; G220V; K225T; N370D,3
T50A; L98P; S162I; N164S; G220V; K225T,3
S162I; N164S; E189K; G220V; K225T,3
K89E; S162I; N164S; G220V; K225T,3
S162I; N164S; F192S; G220V; K225T,3
S76I; S162I; N164S; G220V; K225T,3
F83L; L98P; S162I; N164S; G220V; K225T,3
N72S; N138D; S162I; N164S; G220V; K225T,3
G139C; S162I; N164S; G220V; K225T,3
N164S; G220V; K225T,3
S162I; N164S; H212R; G220V; K225T,3
S162I; N164S; G220V; K225T; E251K,3
S162I; N164S; G220V; K225T; K300T,3
I41V; S162I; N164S; G220V; K225T; C231R,3
T50P; S162I; N164S; G220V; K225T,3
P43L; S162I; N164S; G220V; K225T,3
S162I; N164S; G220V; K225T; V289A,3
L98P; S162I; N164S; G220V; K225T; S367F,3
S60N; N138D; S162I; N164S; G220V; K225T,3
S162I; N164S; G220V; K225T; K323R,3
N72S; L98P; S162I; N164S; G220V; K225T; N390S,3
S60G; S162I; N164S; M172I; G220V; K225T,3
N118D; S162I; N164S; G220V; K225T,3
E154G; S162I; N164S; G220V; K225T; C231S,3
I41V; S162I; N164S; G220V; K225T; A313E,3
I150T; S162I; N164S; G220V; K225T,3
S162I; N164S; G220V; K225T; N269H,3
S162I; N164S; G220V; K225T; K346R,3
S162I; N164S; E201D; G220V; K225T; L328M,3
E154G; S162I; N164S; G220V; K225T; Y375H,3
L98P; S162I; N164S; G220V; K225T; N297D,3
S162I; N164S; G220V; K225T; I408F,3
S6T; Q75T; S76T; T88Q; S162I; N164S; G220V; K225T,3
P71S; L98P; S162I; N164S; G220V; K225T,3
S32R; S162I; N164S; G220V; K225T,3
S162I; N164S; G220V; K225T; L296P,3
S162I; N164S; G220V; K225T; I233L,3
L98P; H125Y; S162I; N164S; G220V; K225T; N390S,3
S162I; N164S; G220V; K225T; T242N,3
I41V; N138D; S162I; N164S; G220V; K225T,3
E28K; E154G; S162I; N164S; G220V; K225T,3
G152V; S162I; N164S; G220V; K225T,3
K85N; S162I; N164S; G220V; K225T,3
N10D; S162I; N164S; G220V; K225T; C231S,3
S162I; N164S; G220V; K225T; C347F,3
S162I; N164S; F202V; G220V; K225T,3
L98P; S162I; N164S; I165V; G220V; K225T,3
E154G; S162I; N164S; G220V; K225T; N238K,3
L98P; S162I; N164S; I199N; G220V; K225T,3
S162I; N164S; D196N; G220V; K225T; C231R,3
S162I; N164S; G220V; K225T; Y351H,3
L98P; S162I; N164S; G220V; K225T; Q387*,3
L98P; S162I; N164S; G220V; K225T; L328M,3
S162I; N164S; G220V; K225T; Q236H,3
N138D; S162I; N164S; N195S; G220V; K225T,3
L98P; S162I; N164S; G220V; K225T; I408T,3
S162I; N164S; V184F; G220V; K225T,3
L98P; N161S; S162I; N164S; G220V; K225T,3
L98P; S162I; N164S; G220V; K225T; Y299C,3
S162I; N164S; G220V; K225T; G403A; L404W; V405L; K407R; I408S; I409F; R410V,3
I102F; S162I; N164S; G220V; K225T,3
I39V; E154G; S162I; N164S; G220V; K225T,3
L114P; S162I; N164S; G220V; K225T,3
L98P; S162I; N164S; G220V; K225T; I262T,3
L98P; S162I; N164S; G220V; K225T; G401S,3
P120L; S162I; N164S; G220V; K225T; N365D,3
I39V; G101S; S162I; N164S; G220V; K225T,3
E154G; S162I; N164S; G220V; K225T; D326N,3
S162I; N164S; I183V; G220V; K225T; C231R,3
S162I; N164S; G220V; K225T; R402L,3
A129V; S162I; N164S; G220V; K225T,3
S162I; N164S; G220V; K225T; K330T,3
I39V; L98P; S162I; N164S; G220V; K225T,3
S162I; N164S; G220V; K225T; G374V; Y375I; N376T; I377S; N378T; N379T; L380*; K381R; V382*; N383T; F384L; R385E; G386V; Q387R; N388M; A389Q; N390I; L391*; N392T; P393R; R394V; I395L; I396S; K397N; P398R; I399L; T400P; G401V; R402V; G403A; L404W; V405L; K407R; I408S; I409F; R410V,3
L98P; S162I; N164S; G220V; K225T; D301G,3
S66P; S162I; N164S; G220V; K225T; C231R,3
S162I; N164S; G220V; K225T; D325E; F343L,3
G139D; S162I; N164S; G220V; K225T,3
S162I; N164S; F192L; G220V; K225T; S292N; K407E,3
S162I; N164S; G220V; K225T; I227L,3
S162I; N164S; Q204R; G220V; K225T,3
G101S; I134V; S162I; N164S; G220V; K225T,3
L98P; S162I; N164S; G220V; K225T; F337S,3
N116S; S162I; N164S; G220V; K225T,3
S162I; N164S; G220V; K225T; E250D,3
F29S; S162I; N164S; G220V; K225T,3
L98P; S162I; N164S; G220V; K225T; P239S,3
S162I; N164S; G220V; K225T; I247V; K407*,3
E154G; S162I; N164S; G220V; K225T; T230A,3
S162I; N164S; T209A; G220V; K225T,3
E154G; S162I; N164S; G220V; K225T; C231R,3
S162I; N164S; G220V; K225T; C231R; A313V,3
E79*; S162I; N164S; G220V; K225T,3
N46K; S162I; N164S; G220V; K225T,3
S162I; N164S; M172I; G220V; K225T; C231S,3
S162I; N164S; H212N; G220V; K225T,3
S162I; N164S; G220V; K225T; I368T,3
L98P; S162I; N164S; G220V; K225T; I409T,3
F124S; S162I; N164S; G220V; K225T,3
S162I; N164S; G220V; K225T; L360F,3
L98P; S162I; N164S; G220V; K225T; I321V,3
D11G; S162I; N164S; G220V; K225T,3
N38D; S162I; N164S; G220V; K225T,3
S162I; N164S; G220V; K225T; I249T,3
S162I; N164S; G220V; K225T; F358I,3
G101S; S162I; N164S; G220V; K225T; I232T,3
S162I; N164S; G220V; K225T; S287R,3
L98P; S162I; N164S; G220V; K225T; G315S,3
L98P; S162I; N164S; G220V; K225T; I327T,3
N147T; S162I; N164S; G220V; K225T,3
S162I; N164S; G220V; K225T; E251G,3
W40C; S162I; N164S; G220V; K225T,3
S162I; N164S; G220V; K225T; I409S,3
L98P; S162I; N164S; G220V; K225T; K359R,3
L98P; S162I; N164S; G220V; K225T; A313S,3
S162I; S163A; N164S; G220V; K225T,3
S60N; S162I; N164S; I199T; G220V; K225T,3
S162I; N164S; G220V; K225T; Y369C,3
E154G; S162I; N164S; G220V; K225T; A313V,3
S162I; N164S; G220V; K225T; G403C,3
S162I; N164S; S191*; G220V; K225T,3
S99T; S162I; N164S; G220V; K225T,3
S60N; S162I; N164S; G220V; K225T; C231R,3
N138D; S162I; N164S; G220V; K225T; T341A,3
S162I; N164S; L208M; G220V; K225T,3
L98P; S162I; N164S; G220V; K225T; T230A,3
K135N; S162I; N164S; G220V; K225T,3
I4V; S162I; N164S; G220V; K225T,3
Q141R; E154G; S162I; N164S; G220V; K225T,3
L98P; S162I; N164S; G220V; K225T; T400A,3
I134V; S162I; N164S; G220V; K225T; I232T,3
S162I; N164S; M172I; G220V; K225T; V265D,3
T59I; S162I; N164S; M172I; G220V; K225T,3
N5S; S162I; N164S; G220V; K225T,3
E133K; S162I; N164S; G220V; K225T,3
S162I; N164S; G220V; K225T; F358V,3
S162I; N164S; G220V; K225T; L253S,3
S162I; N164S; G220V; K225T; V405L; K407R; I408S; I409F; R410V,3
L98P; S162I; N164S; G220V; K225T; N274T; D325N,3
G115C; S162I; N164S; G220V; K225T,3
E154G; S162I; N164S; G220V; K225T; K359R,3
S162I; N164S; G220V; K225T; L360W,3
T51S; S162I; N164S; G220V; K225T,3
L98P; P155S; S162I; N164S; G220V; K225T,3
S162I; N164S; G220V; A224E; K225T,3
E28K; N138D; S162I; N164S; G220V; K225T,3
G127D; S162I; N164S; G220V; K225T,3
S162I; N164S; G220V; K225T; D325N; N365D,3
N96S; S162I; N164S; S166P; G220V; K225T; C231R,3
E154G; S162I; N164S; G220V; K225T; D270N,3
S162I; S163P; N164S; G220V; K225T,3
I134T; S162I; N164S; G220V; K225T,3
S162I; N164S; G220V; K225T; N248T,3
D65G; G101S; S162I; N164S; G220V; K225T,3
S162I; N164S; G220V; K225T; T335A,3
S162I; N164S; G220V; K225T; K245R,3
S162I; N164S; I183T; G220V; K225T,3
S162I; N164S; Y171H; G220V; K225T,3
L98P; S162I; N164S; G220V; K225T; R394H,3
S162I; N164S; G220V; K225T; C231R; G403D,3
L98P; S162I; N164S; G220V; K225T; A313T,3
S162I; N164S; D205N; G220V; K225T,3
S162I; N164S; G220V; K225T; T341P,3
L98P; S162I; N164S; G220V; K225T; S292I,3
V47A; S162I; N164S; G220V; K225T,3
S162I; N164S; G220V; K225T; G315S,3
S162I; N164S; G220V; K225T; S314P,3
T59I; E154G; S162I; N164S; G220V; K225T,3
N10D; S162I; N164S; G220V; K225T; N261S,3
H56L; E154G; S162I; N164S; G220V; K225T,3
S130C; S162I; N164S; G220V; K225T,3
S162I; N164S; G220V; K225T; P239Q,3
G49C; S162I; N164S; G220V; K225T,3
L98P; S162I; N164S; G220V; K225T; S372R,3
E28K; L98P; S162I; N164S; G220V; K225T; N390S,3
Y68H; L98P; S162I; N164S; G220V; K225T,3
S162V; N164S; M172I; G220V; K225T,3
D81Y; S162I; N164S; G220V; K225T,3
S162I; N164S; H216Y; G220V; K225T,3
S162I; N164S; G220V; K225T; I316L,3
S162I; N164S; G220V; K225T; I247L,3
G101S; S162I; N164S; G220V; K225T; D270Y,3
L98P; S162I; N164S; G220V; K225T; T273A,3
L98P; S162I; N164S; G220V; K225T; N277S,3
S162I; N164S; A207E; G220V; K225T,3
I90M; S162I; N164S; G220V; K225T,3
S162I; N164S; M172I; G220V; K225T; S292N; S372G,3
E154G; S162I; N164S; N197K; G220V; K225T,3
Y30*; S162I; N164S; G220V; K225T,3
S162I; N164S; M172I; G220V; K225T; D326N; P398Q,3
N97K; S162I; N164S; G220V; K225T,3
L98P; S162I; N164S; G220V; K225T; L240M,3
S162I; N164S; G220V; K225T; R280L,3
S162I; N164S; R168L; G220V; K225T,3
S162I; N164S; G220V; K225T; Q387R,3
V148A; S162I; N164S; G220V; K225T,3
S162I; N164S; G220V; K225T; I377L,3
S162I; N164S; G220V; K225T; Q387H,3
M151V; S162I; N164S; G220V; K225T,3
S162I; N164S; G220V; K225T; K330M,3
L98P; S162I; N164S; G220V; K225T; K381R,3
S162I; N164S; G220V; K225T; L328P,3
S162I; N164S; G220V; K225T; P298Q,3
S162I; N164S; V184I; G220V; K225T; C231R,3
G101S; S162I; N164S; G220V; K225T; N248S,3
K22R; S162I; N164S; G220V; K225T; C231R,3
D81A; S162I; N164S; G220V; K225T,3
S162I; N164S; G220V; K225T; G246V,3
L98P; S162I; N164S; G220V; K225T; V405F,3
N10D; S162I; N164S; G220V; K225T; F358L,3
S162I; N164S; G220V; K225T; E251*,3
S162I; N164S; G220V; K225T; T335N,3
S162I; N164S; G220V; K225T; I396L,3
M151I; S162I; N164S; G220V; K225T; D326N,3
Q53K; N138D; S162I; N164S; G220V; K225T; I232T,3
S162T; N164S; G220V; K225T,3
L98P; D156N; S162I; N164S; G220V; K225T,3
S162I; N164S; G220V; K225T; S333*,3
N138K; S162I; N164S; G220V; K225T,3
L98P; F136L; S162I; N164S; G220V; K225T,3
S162I; N164S; N197K; G220V; K225T,3
S162I; N164S; G220V; K225T; C231R; T341A,3
N96S; P120S; S162I; N164S; G220V; K225T,3
G115D; S162I; N164S; G220V; K225T,3
L98P; S162I; N164S; G220V; K225T; Q344N,3
S162I; N164S; I199L; G220V; K225T,3
G64C; S162I; N164S; G220V; K225T,3
S162I; N164S; G220V; K225T; P398Q,3
N96S; E154G; S162I; N164S; G220V; K225T,3
L98P; S162I; N164S; G220V; K225T; Y355C,3
L98P; S162I; N164S; G220V; K225T; V405I,3
S140N; E154G; S162I; N164S; G220V; K225T; S367P,3
G101S; S162I; N164S; G220V; K225T; N258S,3
S162I; N164S; G220V; K225T; E373Q; Y375F; N378G; N379S; K381A; V382T; F384Y; R385K; A389V; N390E; L391E; R394Q; I396V; K397E; P398E; T400K; K407N; I408K; R410E; F411E,3
L98P; S162I; N164S; G220V; K225T; Q267R,3
L98P; S162I; N164S; G220V; K225I,3
L98P; S162I; N164S; S198L; G220V; K225T,3
L98P; S162I; N164S; G220V; K225T; L276F,3
S162I; N164S; I165L; G220V; K225T,3
S162I; N164S; G220V; K225T; C231R; V265A; P294S,3
S162I; N164S; S180P; G220V; K225T,3
E106D; S162I; N164S; G220V; K225T,3
L98P; S162I; N164S; G220V; K225T; F358L,3
N10S; L98P; S162I; N164S; G220V; K225T,3
K62E; L98P; S162I; N164S; G220V; K225T,3
S162I; N164S; G220V; K225T; T242A; D325N,3
S162I; N164S; G220V; K225T; P298T,3
G101S; N138D; S162I; N164S; G220V; K225T,3
N138D; S162I; N164S; G220V; K225T; N274S,3
S162I; N164S; G220V; K225T; Q235*,3
S162I; N164S; G220V; K225T; V265F,3
G152C; S162I; N164S; G220V; K225T,3
S162I; N164S; G220V; K225T; C231R; N322S,3
L98P; S162I; N164S; G220V; K225T; N383D,3
K3Q; S162I; N164S; G220V; K225T,3
S162I; N164S; G220V; K225T; I232L; G401D,3
S162I; N164S; G220V; K225T; K381R; V382*; N383T; F384L; R385E; G386V; Q387R; N388M; A389Q; N390I; L391*; N392T; P393R; R394V; I395L; I396S; K397N; P398R; I399L; T400P; G401V; R402V; G403A; L404W; V405L; K407R; I408S; I409F; R410V,3
S162I; N164S; G220V; K225T; N274D,3
L98P; S162I; N164S; G220V; K225T; R394S,3
P71Q; S162I; N164S; G220V; K225T,3
S162I; N164S; G220V; K225T; I262M; K330R,3
S162I; N164S; G220V; K225T; D270E,3
G101S; S162I; N164S; G220V; K225T; N362D,3
Q75*; E78G; S162I; N164S; G220V; K225T,3
S162I; N164S; D205E; G220V; K225T,3
G101S; P155L; S162I; N164S; G220V; K225T,3
I149T; S162I; N164S; G220V; K225T,3
S162I; N164S; G220V; K225T; D278Y,3
I18F; S162I; N164S; G220V; K225T,3
S162I; N164S; G220V; K225T; C231R; V405I,3
N10D; S162I; N164S; G220V; K225T; N365D,3
G101S; S162I; G220V; K225T; C231R,3
S162I; N164S; G220V; K225T; N320D,3
L98P; S162I; N164S; G220V; K225T; N390D,3
A129E; S162I; N164S; G220V; K225T,3
S162I; N164S; G220V; K225T; I271S,3
S162I; N164S; D196A; G220V; K225T,3
G101S; S162I; N164S; I165V; G220V; K225T,3
S162I; N164S; G220V; K225T; G374C,3
S162I; N164S; E213G; G220V; K225T,3
L98P; S162I; N164S; S187P; G220V; K225T,3
S162I; N164S; Y171*; G220V; K225T,3
S60N; S162I; N164S; G220V; K225T; S292N,3
S162I; N164S; P173T; G220V; K225T,3
S162I; N164S; G220V; K225T; F255L,3
S162I; N164S; S198P; G220V; K225T,3
S162I; N164S; G220V; K225T; Q267K,3
S162I; N164S; G220V; K225T; C231R; A266E,3
S162I; N164S; G177D; G220V; K225T,3
L98P; S162I; N164S; G220V; K225T; K330R,3
S162I; N164S; N197S; G220V; K225T; V382E,3
S162I; N164S; G220V; K225T; I302T,3
S162I; N164S; N195D; G220V; K225T,3
S162I; N164S; G220V; K225T; I371V; I399T,3
G101S; S162I; N164S; I183F; G220V; K225T,3
S162I; N164S; G220V; K225T; T264P; S292N; F303I,3
M36V; S162I; N164S; G220V; K225T,3
V87L; S162I; N164S; G220V; K225T,3
S162I; N164S; G220V; K225T; D366G,3
N10D; E79D; S162I; N164S; G220V; K225T; I262T,3
L98P; S162I; N164S; S217R; G220V; K225T,2
S162I; N164S; G220V; K225T; T335A; N365S,2
L98P; S162I; N164S; M172L; G220V; K225T,2
I90T; S162I; N164S; G220V; K225T,2
L98P; E154G; S162I; N164S; G220V; K225T; N390S,2
S162V; N164S; G220V; K225T; C231R,2
G101S; S162I; N164S; G220V; K225T; N390S,2
S162I; N164S; G220V; K225T; V405L,2
S162I; N164S; G220V; K225T; S284I,2
L98P; S162I; N164S; G220V; K225T; N238D,2
S162I; N164S; G220V; K225T; L380F,2
S162I; N164S; E201G; G220V; K225T; T341A,2
I143V; S162I; N164S; G220V; K225T; I227V,2
S162I; N164S; G220V; K225T; I232T; N390S,2
N138D; S162I; N164S; G220V; K225T; S361F,2
S162I; N164S; G220V; K225T; F252S,2
S162I; N164S; G220V; K225T; L260M,2
S67I; L98P; S162I; N164S; G220V; K225T,2
L98P; S162C; G220V; K225T; C231R,2
K37T; S162I; N164S; G220V; K225T,2
L98P; S162I; N164S; G220V; K225T; D301A,2
S162I; N164S; G220V; K225T; Y299F,2
S162I; N164S; H216R; G220V; K225T,2
L98P; S162I; N164S; G220V; K225T; D325N; K356R,2
S162I; N164S; I199V; G220V; K225T; C231R,2
L98P; S162I; N164S; G220V; K225T; T341A; N390S,2
L98P; S162I; N164S; S217G; G220V; K225T,2
S162I; N164S; G220V; K225T; L331P,2
E28D; L98P; S162I; N164S; G220V; K225T,2
N116Y; S162I; N164S; G220V; K225T,2
Q53K; L98P; S162I; N164S; G220V; K225T,2
S162I; N164S; N175S; G220V; K225T; C231R,2
S162I; N164S; G220V; K225T; T229K,2
L98P; E106K; S162I; N164S; G220V; K225T,2
S162I; N164S; G220V; Y222S; K225T,2
S66A; S162I; N164S; G220V; K225T,2
D70E; S162I; N164S; G220V; K225T,2
L98P; I126V; S162I; N164S; G220V; K225T,2
L98P; S162I; N164S; G220V; K225T; Q295K,2
S162I; N164S; G220V; K225T; C231S; K407R; I408S; I409F; R410V,2
S162I; N164S; R168S; G220V; K225T,2
N138D; S162I; N164S; G220V; K225T; N297S; N383D,2
S60G; I134V; S162I; N164S; G220V; K225T,2
V47M; L98P; S162I; N164S; G220V; K225T,2
L98P; S162I; N164S; G220V; K225T; I316V; N390S,2
S162I; N164S; H216L; G220V; K225T,2
N138D; S162I; N164S; I165V; G220V; K225T,2
N138D; S162I; N164S; G220V; K225T; N378S,2
S162I; N164S; G220V; K225T; K300M,2
S162I; N164S; G220V; K225T; K359N,2
S6T; S32A; H56L; Q75T; S76T; T88Q; D121P; S162I; N164S; G220V; K225T,2
P120T; S162I; N164S; G220V; K225T,2
S162I; N164S; G220V; K225T; K288Q,2
L98P; S162I; N164S; G220V; K225T; I396V,2
L98P; S162I; N164S; G220V; K225T; K288R,2
S162I; N164S; I199T; G220V; K225T; K397N,2
L107M; S162I; N164S; G220V; K225T; V382M; K406E,2
E154G; S162I; N164S; N200D; G220V; K225T,2
S162I; N164S; G220V; K225T; C231R; N370S,2
L98P; S162I; N164S; G220V; K225T; I316T; N390S,2
L98P; S162I; N164S; N170D; G220V; K225T,2
S162I; N164S; G220V; K225T; G386S,2
L74P; S162I; N164S; G220V; K225T,2
L98P; S162I; N164S; G220V; K225T; A266V,2
N95K; S162I; N164S; G220V; K225T,2
E154G; S162I; N164S; G220V; K225T; N248S; K330R,2
S32A; H56L; Q75T; S76T; T88Q; D121P; G220V; K225T,2
L98I; S162I; N164S; G220V; K225T; N362D,2
L98P; S162I; N164S; G220V; K225T; N248S; N390S,2
S162I; N164S; V184I; G220V; K225T; A313T,2
S162I; N164S; G220V; K225T; N248S; D325N,2
G101S; S162I; N164S; G220V; K225T; G403D,2
H56L; D121P; S162I; N164S; G220V; K225T,2
S162I; N164S; G220V; K225T; K306Q,2
Q75T; S76T; G101S; S162I; N164S; G220V; K225T,2
S162I; N164S; N195K; G220V; K225T,2
K22R; E154G; S162I; N164S; G220V; K225T,2
L98P; A110T; S162I; N164S; G220V; K225T,2
N10S; N92K; S162I; N164S; G220V; K225T,2
L98P; S162I; N164S; G220V; K225T; E305G,2
S162I; N164S; M172I; G220V; K225T; T341A,2
L98P; S162I; N164S; G220V; K225T; S372G,2
L98P; S162I; N164S; G220V; Y222C; K225T,2
A110S; S162I; N164S; G220V; K225T,2
N10D; N38D; E154G; S162I; N164S; G220V; K225T,2
D121G; E154G; S162I; N164S; G220V; K225T,2
L98P; S162I; N164S; G177S; G220V; K225T,2
N10D; L98P; S162I; N164S; G220V; K225T; I232T,2
L98P; S162I; N164S; G220V; K225T; D310G,2
E154G; S162I; N164S; I183M; G220V; K225T,2
D77N; S162I; N164S; G220V; K225T; N362D; A389T,2
N138D; S162I; N164S; G220V; K225T; F337S,2
K37R; L98P; S162I; N164S; G220V; K225T,2
N138D; S162I; N164S; G220V; K225T; A389T,2
S162I; N164S; G220V; K225T; N261H,2
L98P; S162I; N164S; M172I; G220V; K225T; N390S,2
K37E; L98P; S162I; N164S; G220V; K225T,2
L98P; S162I; N164S; G220V; K225T; K329E,2
S162I; N164S; G220V; K225T; S284N; N362D,2
S6T; S162I; N164S; G220V; K225T; A389T,2
L98P; S140G; S162I; N164S; G220V; K225T,2
N10D; S162I; N164S; I199V; G220V; K225T,2
P52L; L98P; S162I; N164S; G220V; K225T,2
N63H; S162I; N164S; G220V; K225T,2
S162I; N164S; Q204K; G220V; K225T,2
E154G; S162I; N164S; G220V; K225T; R410H,2
S6T; S162I; N164S; G220V; K225T; I232T,2
L98P; S162I; N164S; G220V; A224V; K225T; N261S,2
S162I; N164S; Y171F; G220V; K225T,2
S162I; N164S; G220V; K225T; Y351S,2
S162I; N164S; G220V; K225T; Q267P,2
L98P; S162I; N164S; G220V; K225T; T229M,2
G127C; N138D; S162I; N164S; G220V; K225T,2
D54N; N138D; S162I; N164S; G220V; K225T,2
L98V; S162I; N164S; G220V; K225T,2
N138D; S162I; N164S; G220V; K225T; C231R,2
S162I; N164S; G220V; K225T; I249L,2
D65A; S162I; N164S; G220V; K225T,2
S162I; N164S; G220V; K225T; K346N,2
S162I; N164S; S180F; G220V; K225T,2
N10D; S162I; N164S; G220V; K225T; T341A,2
L98P; G101C; S162I; N164S; G220V; K225T,2
S162I; N164S; G220V; K225T; T264I,2
S162I; N164S; S198T; I199D; K225T,2
G101S; S162I; N164S; G220V; K225T; V319I,2
M1I; N138D; S162I; N164S; G220V; K225T,2
S162I; N164S; G220V; K225T; R394L,2
S162I; N164S; G220V; K225T; Y307F,2
S162I; N164S; G220V; K225T; K300E,2
E154G; S162I; N164S; G220V; K225T; I377V,2
L98P; S99A; S162I; N164S; G220V; K225T,2
S162I; N164S; G220V; K225T; C231S; A389T,2
L98P; S162I; N164S; G220V; K225T; T400I,2
G49V; S162I; N164S; G220V; K225T,2
S162I; N164S; G220V; K225T; V291A,2
N138D; S162I; N164S; G220V; K225T; V405A,2
L98I; S162I; N164S; G220V; K225T; C231R,2
L98P; S162I; N164S; G220V; K225T; D326Y; E349K,2
Y113C; S162I; N164S; G220V; K225T,2
S162I; N164S; G220V; K225T; R348L,2
S162I; N164S; L208Q; G220V; K225T,2
G101S; S162I; N164S; G220V; K225T; D325G,2
S162I; N164S; G220V; K225T; N297S; N365D,2
L98P; S162I; N164S; G220V; K225T; Q354R,2
F55I; S162I; N164S; G220V; K225T,2
S162I; N164S; G220V; K225T; T341A; N362S,2
P52L; N138D; S162I; N164S; G220V; K225T,2
S60N; S162I; N164S; G220V; K225T; I321V,2
E159G; S162I; N164S; G220V; K225T,2
Q75H; S162I; N164S; G220V; K225T,2
T160P; S162I; N164S; G220V; K225T,2
S162I; N164S; G220V; K225T; N297S; D325N,2
S162I; N164S; G220V; K225T; D278N; I396V,2
S162I; N164S; G220V; K225T; Y355H; F358V,2
S162I; N164S; E201A; G220V; K225T; N362D,2
K3N; E154G; S162I; N164S; S187P; G220V; K225T,2
E154G; S162I; N164S; G220V; K225T; S372N,2
E154G; S162I; N164S; G220V; K225T; I396V,2
E154G; S162I; N164S; G220V; K225T; E305G,2
S162I; N164S; G220V; K225T; I302S,2
L98P; K135E; S162I; N164S; G220V; K225T,2
S162I; N164S; S174R; G220V; K225T,2
S162I; N164S; G220V; K225T; D325N; Y355H,2
L98P; S162I; N164S; G220V; K225T; G315V,2
N118Y; S162I; N164S; G220V; K225T,2
A110T; E154G; S162I; N164S; G220V; K225T,2
S162I; N164S; H219L; G220V; K225T,2
L98P; S162I; N164S; G220V; K225T; N243H,2
E154G; S162I; N164S; G220V; K225T; V345A,2
N138D; S162I; N164S; R193H; G220V; K225T,2
G220I; K225I,2
L98P; S162I; N164S; M172V; G220V; K225T,2
L84M; S162I; N164S; G220V; K225T,2
L98P; S162I; N164S; E201*; G220V; K225T,2
L98P; S162I; N164S; G220V; K225T; N365D; N390S,2
N122S; S162I; N164S; G220V; K225T; D326N,2
N138D; S162I; N164S; G220V; K225T; I262F,2
L98P; S162I; N164S; G220V; K225T; R244H,2
S162I; N164S; G220V; K225T; I227M,2
N10D; S162I; N164S; G220V; K225T; I409T,2
E154A; S162I; N164S; G220V; K225T; I352V,2
S162I; N164S; G220V; K225T; C231R; V345I,2
S162I; N164S; I199T; G220V; K225T; D301N,2
S162I; N164S; G220V; K225T; E373*,2
L107V; S162I; N164S; G220V; K225T,2
L98P; S162I; N164S; S180F; G220V; K225T,2
E44G; L98P; S162I; N164S; G220V; K225T,2
N138D; S162I; N164S; G220V; K225T; I321T,2
S60N; S162I; N164S; G220V; K225T; N248S,2
G101S; S162I; N164S; G220V; K225T; N293S,2
F124L; E154G; S162I; N164S; G220V; K225T,2
E154G; S162I; N164S; G220V; K225T; S284R,2
S162I; N164S; G220V; K225T; K281Q,2
S162I; N164S; G220V; K225T; C231R; N297S,2
S162I; N164S; G220V; K225T; I227V; K306E; Y369H,2
Y9C; E154G; S162I; N164S; G220V; K225T,2
S162I; N164S; G220V; K225T; I249V,2
L98P; S162I; S163F; N164S; G220V; K225T,2
S66F; S162I; N164S; M172I; G220V; K225T,2
S162I; N164S; G220V; K225T; D301Y,2
S60N; S162I; N164S; G220V; K225T; A313S,2
G101S; S162I; N164S; S198L; G220V; K225T,2
G101S; S162I; N164S; G220V; K225T; E305K; D326A; S372N,2
N10D; S162I; N164S; G220V; K225T; A266E,2
S162I; N164S; H176R; G220V; K225T,2
L98P; S162I; N164S; G220V; K225T; E373G,2
N96S; S162I; N164S; G220V; K225T; A389T,2
L98P; A131V; S162I; N164S; G220V; K225T,2
S130T; S162I; N164S; G220V; K225T,2
N92K; S162C; G220V; K225T; C231R; N261D,2
S162I; N164S; G220V; K225T; S333T,2
S162I; N164S; G220V; K225T; Q304*,2
S162I; N164S; G220V; K225T; D270H,2
L98P; S162I; N164S; E201K; G220V; K225T,2
E154G; S162I; N164S; G220V; K225T; E349K,2
E154G; S162I; N164S; G220V; K225T; T230K,2
S162I; N164S; Q204H; G220V; K225T,2
L98P; V148I; S162I; N164S; G220V; K225T,2
K62N; S162I; N164S; G220V; K225T; I227V,2
S162I; N164S; G220V; K225T; N269I,2
S162I; N164S; G220V; K225T; Q387P,2
L98P; S162I; N164S; G220V; K225T; G403A,2
S162I; N164S; G220V; K225T; I399S,2
N138D; S162I; N164S; G220V; K225T; G401D,2
I86T; S162I; N164S; G220V; K225T,2
S162I; N164S; G220V; Y222H; K225T,2
S60N; S162I; N164S; G220V; K225T; D326N,2
S162I; N164S; G220V; K225T; N277K,2
N97D; L98P; S162I; N164S; G220V; K225T,2
S162I; N164S; G220V; K225T; G308C,2
E159D; S162I; N164S; G220V; K225T,2
S162I; N164S; N175D; G220V; K225T; C231R,2
S162I; N164S; V184I; G220V; K225T; I232T,2
L98P; I126T; S162I; N164S; G220V; K225T,2
N10S; S162I; N164S; G220V; K225T; C231R,2
S6T; S32A; H56L; Q75T; S76T; D121P; S162I; N164S; G220V; K225T,2
S162I; N164S; G220V; K225T; Q267H,2
D81N; L98P; S162I; N164S; G220V; K225T,2
G101S; S162I; N164S; G220V; K225T; I352V,2
G100S; S162I; N164S; G220V; K225T,2
I102M; S162I; N164S; G220V; K225T; A389S,2
S99*; S162I; N164S; G220V; K225T,2
S162I; N164S; G220V; K225T; I232T; I352V,2
V132A; S162I; N164S; G220V; K225T; I232T,2
L98P; S162I; N164S; G220V; K225T; S292N; D325N,2
N138D; S162I; N164S; G220V; K225T; N258S,2
N10D; S162I; N164S; G220V; K225T; D278N,2
N38T; S162I; N164S; G220V; K225T,2
G101S; S162I; N164S; G220V; K225T; D325N,2
S162I; N164S; G220V; K225T; C231R; I352V,2
L98P; S162I; N164S; G220V; K225T; G257D,2
Q141R; E154G; S162I; N164S; M172I; G220V; K225T,2
N63D; S162I; N164S; G220V; K225T; D270Y,2
L98P; S162I; N164S; G220V; K225T; I282V,2
R82L; S162I; N164S; G220V; K225T,2
L98P; S162I; N164S; G220V; K225T; N390S; L404P,2
L98P; S162I; N164S; G220V; K225T; I395V,2
S162I; N164S; G220V; K225T; C231R; P298S,2
T51I; S162I; N164S; G220V; K225T; C231R,2
N10S; S60N; S162I; N164S; G220V; K225T,2
D121H; S162I; N164S; G220V; K225T,2
I134F; S162I; N164S; G220V; K225T,2
F83C; S162I; N164S; G220V; K225T,2
S162C; G220V; K225T; C231R; I316T,2
S108T; S162I; N164S; G220V; K225T,2
S162I; N164S; G220V; K225T; N365D; E373*,2
G101S; S162I; N164S; G220V; K225T; I233V,2
S162I; N164S; M172K; G220V; K225T,2
S6T; S162I; N164S; G220V; K225T; V265A,2
S6T; S32A; N138D; S162I; N164S; G220V; K225T,2
L98P; S162I; N164S; G220V; K225T; T350A; N390S,2
G25D; L98P; S162I; N164S; G220V; K225T,2
N138D; S162I; N164S; G220V; K225T; T273A,2
S162I; N164S; G220V; K225T; S314C,2
L61Q; S162I; N164S; G220V; K225T,2
L98P; I134V; S162I; N164S; G220V; K225T; Y355H,2
G101C; E154G; S162I; N164S; G220V; K225T,2
L98P; S162I; N164S; G220V; Y222H; K225T,2
L98P; V132I; S162I; N164S; G220V; K225T,2
S162I; N164S; G220V; K225T; G353C,2
G101S; S162I; N164S; G220V; K225T; T341A,2
Q53R; S162I; N164S; G220V; K225T; I316S,2
S162I; N164S; S198T; I199D,2
G101S; S162I; N164S; G220V; K225T; N243S,2
L98P; L114M; S162I; N164S; G220V; K225T,2
S162I; N164S; G220V; K225T; Q354K,2
S162I; N164S; T209P; G220V; K225T,2
L98P; S162I; N164S; G220V; K225T; N261S,2
S60N; S162I; N164S; G220V; K225T; N261D,2
F83Y; L98P; S162I; N164S; G220V; K225T; N365D,2
E154G; S162I; N164S; G220V; K225T; K311R,2
L98P; S162I; N164S; G220V; K225T; R394C,2
F55V; S162I; N164S; G220V; K225T,2
S162I; N164S; G220V; K225T; Y332H,2
F29L; S162I; N164S; G220V; K225T,2
I41V; S162I; N164S; N175D; G220V; K225T,2
S162I; N164S; G220V; K225T; C231S; R385K,2
S6T; S32A; S162I; N164S; G220V; K225T; K342Q,2
S162I; N164S; S198T; G220V; K225T,2
S162I; N164S; G220V; K225T; P393T,2
H56Q; L98P; S162I; N164S; G220V; K225T,2
N138D; S162I; N164S; G220V; K225T; N297S,2
G101S; S162I; N164S; G220V; K225T; C231S,2
L98P; S162I; N164S; G220V; K225T; S292T,2
S60N; S162I; N164S; V184I; G220V; K225T,2
L98P; S162I; N164S; G220V; K225T; S314F,2
L98P; S162I; N164S; G220V; K225T; T264P,2
S162I; N164S; M211V; G220V; K225T; T341A,2
L98P; S99*; S162I; N164S; G220V; K225T,2
I18F; L98P; S162I; N164S; G220V; K225T,2
L98P; A153D; S162I; N164S; G220V; K225T,2
I90V; S162I; N164S; G220V; K225T,2
I18V; L98P; S162I; N164S; G220V; K225T,2
S6T; H56L; S162I; N164S; G220V; K225T,2
G101S; S162I; N164S; G220V; K225T; P398L,2
S162I; N164S; G220V; K225T; F358S,2
S6A; S162I; N164S; G220V; K225T,2
K85E; S162I; N164S; G220V; K225T,2
Y73*; S162I; N164S; G220V; K225T,2
L61R; S162I; N164S; G220V; K225T,2
E154G; S162I; N164S; G220V; K225T; I232V,2
S162I; N164S; A207V; G220V; K225T; C231R,2
S162I; N164S; Y190*; G220V; K225T,2
E154G; S162I; N164S; G220V; K225T; G401D,2
S162I; N164S; G220V; K225T; Q344H,2
D65N; E154G; S162I; N164S; G220V; K225T,2
E154G; S162I; N164S; G220V; K225T; N269S,2
I134V; S162I; N164S; G220V; K225T; P298Q,2
E154G; S162I; N164S; G220V; K225T; K342R,2
S32A; H56L; L98P; S162I; N164S; G220V; K225T,2
N138D; S162I; N164S; G220V; K225T; N269S,2
S162I; N164S; G220V; K225T; V265D; A266E; Y268W; N269E; D270Q; Y272R; T273S; N277K; D278K; R280E; K281E; S284K,2
I134V; S162I; N164S; G220V; K225T; C231S,2
S60N; S162I; N164S; G220V; K225T; N365D,2
E154A; S162I; N164S; G220V; K225T; T273A,2
S162I; N164S; E201D; G220V; K225T,2
N96S; S162I; N164S; G220V; K225T; I232T,2
L98P; S140I; S162I; N164S; G220V; K225T,2
E28D; L98P; S162I; N164S; G220V; K225T; N390S,2
S162I; N164S; G220V; K225T; L275F,2
E154G; S162I; N164S; G220V; K225T; N243S; R402H,2
L98P; K225T; T229M; C231R,2
N10D; S162I; N164S; G220V; K225T; N390S,2
R16H; G101S; S162I; N164S; G220V; K225T,2
S162I; N164S; G220V; K225T; C231S; K407R,2
T50S; S162I; N164S; G220V; K225T,2
S162I; N164S; G220V; K225T; C231R; T273A,2
H56L; Q75T; S76T; S162I; N164S; G220V; K225T,2
S162I; N164S; I215T; G220V; K225T,2
S162I; N164S; G220V; K225T; N370T,2
L98P; S162I; N164S; G220V; K225T; N390S; T400A,2
L98P; S162I; N164S; G220V; K225T; Q235K,2
L61M; L98P; S162I; N164S; G220V; K225T,2
G101S; S162I; N164S; G220V; K225T; N365D,2
S162I; N164S; T209I; G220V; K225T; I233T,2
R82L; S162I; N164S; G220V; K225T; C231R,2
L98P; S162I; S163F; G220V; K225T,2
S162I; N164S; G220V; K225T; I321L,2
L98P; S162I; N164S; G220V; K225T; G246D,2
L98P; S162I; N164S; I183M; G220V; K225T,2
P71S; S162I; N164S; G220V; K225T; V265A,2
L98P; S162I; N164S; G220V; K225T; I352V; N390S,2
L98P; S162I; N164S; G220V; K225T; K311E,2
G25S; L98P; S162I; N164S; G220V; K225T,2
S162I; N164S; G220V; K225T; I262S,2
L98P; S108I; S162I; N164S; G220V; K225T,2
S162I; N164S; G220V; K225T; Y332F,2
G101S; S162I; N164S; G220V; K225T; V345A,2
S162I; N164S; G220V; K225T; G257C,2
N138D; Q141R; S162I; N164S; G220V; K225T,2
I18V; S162I; N164S; G220V; K225T,2
P146Q; S162I; N164S; G220V; K225T,2
L98P; S162I; N164S; N170S; G220V; K225T,2
E28G; G101S; S162I; N164S; G220V; K225T,2
N138D; S162I; N164S; S198T; I199D; G220V; K225T,2
D54A; S162I; N164S; G220V; K225T,2
L98P; S162I; N164S; G220V; K225T; N274K; N390S,2
L98P; S162I; N164S; G220V; K225T; D270Y; N390S,2
N10D; S162I; N164S; G220V; K225T; P398T; I399D; T400Y; G401R; R402S; G403W; L404P; V405G; K406*; I408D; I409H; R410S,2
M1T; S162I; N164S; G220V; K225T,2
S162I; N164S; G220V; K225T; L360F; S361V; N362*; L364A; N365E; D366R; S367L; I368Y; Y369L; N370Q; I371Y; S372*; E373R; Y375L; N376*; I377H; N378Q; N379Q; K381E; V382G; N383E; F384L; R385*; G386R; Q387S; N388E; A389C; N390K; L391S; N392E; R394A; I395Y; I396Y; K397Q; P398T; I399D; T400Y; G401R; R402S; G403W; L404P; V405G; K406*; I408D; I409H; R410S,2
K31N; L98P; N138D; S162I; N164S; G220V; K225T,2
D156N; S162I; N164S; G220V; K225T; V405I,2
L98P; S162I; N164S; G220V; K225T; T234P,2
Q27L; S162I; N164S; G220V; K225T,2
N10S; N138D; S162I; N164S; G220V; K225T,2
S162I; N164S; L208P; G220V; K225T,2
L98P; S162I; N164S; G220V; K225T; N388S,2
S162I; N164S; G220V; K225T; I232T; E373D,2
S162I; N164S; G220V; K225T; E349*,2
N138D; S162I; N164S; G220V; K225T; V382M,2
C26R; S162I; N164S; G220V; K225T,2
S162I; G220V; K225T; C231R; N362D,2
L98P; S162I; N164S; G220V; K225T; F358V,2
S162I; N164S; N195I; G220V; K225T,2
L98P; D121P; S162I; N164S; G220V; K225T,2
R16H; N138D; S162I; N164S; G220V; K225T,2
L98P; S162I; N164S; G220V; K225T; N390K,2
L98P; S162I; N164S; G220V; K225T; V382E; N390S,2
F33V; S162I; N164S; G220V; K225T,2
M151I; S162I; N164S; G220V; K225T; C231R,2
G101S; S162I; N164S; G220V; K225T; N269S,2
L98P; S162I; N164S; E189*; G220V; K225T,2
L98P; S162I; N164S; G220V; K225T; L391M,2
N10D; S162I; N164S; V184I; G220V; K225T,2
I102M; S162I; N164S; G220V; K225T; Y355H,2
P57T; S162I; N164S; G220V; K225T,2
S60N; G101S; S162I; N164S; G220V; K225T,2
S162I; N164S; H219R; G220V; K225T,2
L98P; S162I; N164S; G220V; K225T; T341S,2
S162I; N164S; N169D; M172I; G220V; K225T,2
D15N; N138D; S162I; N164S; G220V; K225T,2
N138D; S162I; N164S; G220V; K225T; I409V,2
L98P; S162I; N164S; R193C; G220V; K225T,2
S162I; N164S; G179V; G220V; K225T,2
S162I; N164S; G220V; K225T; T234K,2
D117A; S162I; N164S; G220V; K225T,2
S60N; S162I; N164S; G220V; K225T; C231S,2
T51S; S162I; N164S; G220V; K225T; C231R,2
S162I; N164S; M172I; G220V; K225T; D326N,2
P2S; S162I; N164S; G220V; K225T; N362D,2
S60N; I126F; E154G; S162I; N164S; G220V; K225T,2
L98P; S162I; N164S; G220V; K225T; K342N,2
M1R; S162I; N164S; G220V; K225T,2
S162I; N164S; G220V; K225T; Y355H; N362D,2
S162I; N164S; G220V; K225T; K306N,2
D65V; S162I; N164S; G220V; K225T,2
K225T; C231R,2
S162I; N164S; M172I; G220V; K225T; I408N,2
L98P; G101S; S162I; N164S; G220V; K225T; N390S,2
N10D; I41V; S162I; N164S; G220V; K225T,2
S162I; N164S; G220V; K225T; N390I,2
S162I; N164S; G220V; K225T; T230R,2
N138D; S162I; N164S; G220V; K225T; D326N,2
P120L; E154G; S162I; N164S; G220V; K225T,2
S60C; L98P; S162I; N164S; G220V; K225T,2
S162I; N164S; L210P; G220V; K225T; N261D,2
K62N; N138D; S162I; N164S; G220V; K225T,2
P12L; S162I; N164S; G220V; K225T,2
F33S; S162I; N164S; G220V; K225T,2
S162I; N164S; G220V; K225T; N293T,2
S162I; N164S; G220V; K225T; F411C,2
E154G; S162I; N164S; G220V; K225T; N365S,2
E154G; S162I; N164S; G220V; K225T; I247T,2
S162I; N164S; G220V; K225T; N322H,2
L98P; E105D; S162I; N164S; G220V; K225T,2
L98P; S162I; N164S; G220V; K225T; R402C,2
S162I; N164S; V184I; G220V; K225T; E349G,2
S60N; S162I; N164S; G220V; K225T; F411L,2
S162I; N164S; N195S; M211I; G220V; K225T,2
E154G; S162I; N164S; G220V; K225T; N238S,2
S60N; S162I; N164S; N195S; G220V; K225T,2
L98P; S162I; N164S; M211I; G220V; K225T; G401V; R402V; G403A; L404W; V405L; K407R; I408S; I409F; R410V,2
S60G; S162I; N164S; V184I; G220V; K225T,2
M1I; S162I; N164S; G220V; K225T; C231R,2
I102V; S162I; N164S; G220V; K225T; V265A; I316T,2
Q75K; L98P; S162I; N164S; G220V; K225T,2
S162I; N164S; G220V; K225T; S292N; K407E,2
E154G; S162I; N164S; G220V; K225T; L276F,2
I149L; S162I; N164S; G220V; K225T,2
S162I; N164S; S191P; G220V; K225T,2
S162I; N164S; G220V; K225T; C231Y; N362D,2
L98P; S162I; N164S; G220V; K225T; G308C,2
L98P; S162I; N164S; G220V; K225T; S314C,2
G101S; S162I; N164S; G220V; K225T; V265A,2
Y69N; S162I; N164S; G220V; K225T,2
L98P; S162I; N164S; G220V; K225T; I249V,2
S162I; N164S; A182T; G220V; K225T,2
I102L; S162I; N164S; G220V; K225T; I232T,2
L98P; F136L; S162I; N164S; G220V; K225T; I316V,2
L98P; S162I; N164S; G220V; K225T; Q290*,2
S162I; N164S; G220V; K225T; I233V; N274S,2
I35V; S162I; N164S; R193L; G220V; K225T,2
S162I; N164S; G220V; K225T; D325N; V345I,2
E154G; S162I; N164S; M172T; G220V; K225T,2
G101S; S162I; N164S; G220V; K225T; I262V,2
L98P; S162I; N164S; G220V; K225T; A389V,2
L98P; S162I; N164S; G220V; K225T; I271V,2
L98P; S162I; N164S; G220V; K225T; T264S,2
S162I; N164S; G220V; K225T; Y268N,2
I134V; S162I; N164S; G220V; K225T; V382A,2
P43T; L98P; S162I; N164S; G220V; K225T,2
N72D; S162I; N164S; M172I; G220V; K225T,2
D77N; G101S; S162I; N164S; G220V; K225T,2
S66F; L98P; E154G; S162I; N164S; G220V; K225T; N390S,2
N92T; S162I; N164S; G220V; K225T,2
S162I; N164S; N197D; G220V; K225T; I232T,2
L98P; S162I; N164S; G220V; K225T; I233V; N390S,2
L98P; S162I; N164S; G220V; K225T; P398T; I399D; T400Y; G401R; R402S; G403W; L404P; V405G; K406*; I408D; I409H; R410S,2
N72S; S162I; N164S; G220V; K225T; K330R,2
L98P; S162I; N164S; G220V; K225T; N390S; F411L,2
S60N; S140N; S162I; N164S; G220V; K225T,2
S162I; N164S; G220V; K225T; C231R; G246D,2
H125N; S162I; N164S; G220V; K225T,2
Y73H; L98P; S162I; N164S; G220V; K225T,2
S162I; N164S; G220V; K225T; V289L,2
N10D; S60N; S162I; N164S; G220V; K225T,2
S162I; N164S; G220V; K225T; N293H,2
P43S; S162I; N164S; G220V; K225T,2
L98P; S162I; N164S; G220V; K225T; D270Y,2
S32R; L98P; S162I; N164S; G220V; K225T,2
S32A; H56L; Q75T; S76T; T88Q; S162I; N164S; G220V; K225T,2
E154G; S162I; N164S; G220V; K225T; V405A,2
G101S; S162I; N164S; G220V; K225T; G308S,2
L98P; N147T; S162I; N164S; G220V; K225T,2
S162I; N164S; G220V; K225T; S287I,2
I102V; N138D; S162I; N164S; G220V; K225T,2
Y113*; S162I; N164S; G220V; K225T,2
L98P; S162I; N164S; G220V; K225T; G257S,2
L98P; S162I; N164S; G220V; K225T; L404P; V405G; K406*; I408D; I409H; R410S,2
E154G; S162I; N164S; G220V; K225T; A340T,2
G127C; S162I; N164S; G220V; K225T,2
Y113F; S162I; N164S; G220V; K225T,2
S137R; S162I; N164S; G220V; K225T,2
N72D; L98P; S162I; N164S; G220V; K225T; D326Y,2
L98P; S162I; N164S; G220V; K225T; R410H,2
I39V; L98P; S162I; N164S; G220V; K225T; N390S,2
I41V; S162I; N164S; G220V; K225T; I232V,2
L98P; S162I; N164S; G220V; K225T; K407R; I408S; I409F; R410V,2
P12T; S162I; N164S; G220V; K225T,2
S162I; N164S; F178Y; G220V; K225T,2
S162I; N164S; G220V; K225T; I232V; K330T; N362D,2
L98P; S162I; N164S; D196N; G220V; K225T,2
L98P; L104F; S162I; N164S; G220V; K225T; N297D,2
L98P; S108N; S162I; N164S; G220V; K225T,2
L98P; S162I; N164S; G220V; K225T; F303L,2
E154G; S162I; N164S; G220V; K225T; N274S,2
Q75T; S76T; D121P; S162I; N164S; G220V; K225T,2
S108R; S162I; N164S; G220V; K225T,2
L98P; S162I; N164S; G220V; K225T; D325N; N390S,2
L98P; S162I; N164S; G220V; K225T; G246V,2
N111S; S162I; N164S; G220V; K225T; N365D,2
S162I; N164S; G220V; K225T; C231R; P398S,2
S162I; N164S; G220V; K225T; N362I,2
G101S; I102L; S162I; N164S; G220V; K225T,2
L98P; S162I; N164S; S174G; G220V; K225T,2
S162I; N164S; G220V; K225T; N376H,2
S162I; N164S; G220V; K225T; I232T; I233V,2
L98P; S162I; N164S; G220V; K225T; Q290R,2
L98P; P146L; S162I; N164S; G220V; K225T,2
N138D; S162I; N164S; G220V; K225T; N248S,2
S162I; N164S; G220V; K225T; D278N; V405A,2
L98P; S162I; N164S; G220V; K225T; G246S,2
S162I; N164S; G220V; K225T; N376T,2
S162I; N164S; G220V; K225T; N383H,2
I39V; T59I; S108G; S162I; N164S; G220V; K225T,2
I39V; T59I; S162I; N164S; G220V; K225T,2
S162I; N164S; G220V; K225T; C231R; T400I,2
L98P; S162I; N164S; G220V; K225T; V405A,2
T51P; S162I; N164S; G220V; K225T,2
S162I; N164S; G220V; K225T; C231R; G401D,2
S162I; N164S; G220V; K225T; V319L,2
L98P; S162V; N164S; G220V; K225T; N390S,2
N96S; N122D; S162I; N164S; G220V; K225T,2
N138D; S162I; N164S; G220V; K225T; I232F,2
E105G; S162I; N164S; G220V; K225T; C231R,2
S76G; L98P; S162I; N164S; G220V; K225T,2
S162I; N164S; G220V; K225T; Y375L; N376*; I377H; N378Q; N379Q; K381E; V382G; N383E; F384L; R385*; G386R; Q387S; N388E; A389C; N390K; L391S; N392E; R394A; I395Y; I396Y; K397Q; P398T; I399D; T400Y; G401R; R402S; G403W; L404P; V405G; K406*; I408D; I409H; R410S,2
L98P; Q141H; S162I; N164S; G220V; K225T,2
N14S; S162I; N164S; G220V; K225T,2
L98P; S162I; N164S; G220V; K225T; K342R,2
F136L; S162I; N164G; G220V; K225T; A313T,2
E154G; S162I; N164S; G220V; K225T; N383D,2
N8D; P155Q; S162I; N164S; G220V; K225T,2
G24D; S162I; N164S; G220V; K225T,2
V87A; S162I; N164S; G220V; K225T; T400I,2
S162I; N164S; G220V; K225T; N248S; N322S,2
L98P; N161H; S162I; N164S; G220V; K225T,2
S162I; N164S; G220V; K225T; N258D; V265A,2
N96T; S162I; N164S; G220V; K225T,2
I134V; S162I; N164S; G220V; K225T; I262V,2
P2H; S162I; N164S; G220V; K225T,2
S162I; N164S; I199T; G220V; K225T; I232V,2
S162I; N164S; G220V; K225T; I408S,2
N10D; S162I; N164S; G220V; K225T; I232V,2
E154G; S162I; N164S; G220V; A224S; K225T,2
T51I; L98P; S162I; N164S; G220V; K225T,2
S162I; N164S; G220V; K225T; E336G,2
N138D; S162I; N164S; G220V; K225T; N293D,2
S162I; N164S; G220V; K225T; C231R; S292N,2
N138D; S162I; N164S; G220V; K225T; N238D,2
L98P; S162I; N164S; N195T; G220V; K225T,2
S162I; N164S; G220V; K225T; D325N; T341A,2
S162I; N164S; G220V; K225T; A340E,2
N138D; S162I; N164S; G220V; K225T; A313E,2
L98P; F158L; S162I; N164S; G220V; K225T,2
S162I; N164S; G220V; K225T; L404M,2
L157S; S162I; N164S; G220V; K225T,2
E154G; S162I; N164S; G220V; K225T; R385G,2
T160S; S162I; N164S; G220V; K225T,2
S162I; N164S; G220V; K225T; I241F,2
S162I; N164S; G220V; K225T; I271L,2
S162I; N164S; G220V; K225T; D312Y,2
S162I; N164S; G220V; K225T; N322K,2
S162I; N164S; G220V; K225T; D312G,2
S130F; S162I; N164S; G220V; K225T,2
L98P; S162I; N164S; G220V; K225T; Y272H,2
E154G; S162I; N164S; I199V; G220V; K225T,2
S162I; N164S; G220V; K225T; T229M; C231R,2
S162I; N164S; G220V; K225T; C231S; S284N,2
L98P; S162I; N164S; S187F; G220V; K225T,2
M1I; S162I; N164S; G220V; K225T; D326G,2
L98P; S162I; N164S; G220V; K225T; K342E,2
S162I; N164S; G220V; K225T; E349K; K406*,2
S60I; S162I; N164S; G220V; K225T; I408F,2
S162I; N164S; G220V; K225T; A340T,2
S162I; N164S; G220V; K225T; S361Y,2
T17I; S162I; N164S; G220V; K225T,2
S162I; N164S; G220V; K225T; L260Q; Y355*,2
S162I; N164S; G220V; K225T; N274Y,2
L98P; G101V; S162I; N164S; G220V; K225T,2
N72D; N138D; S162I; N164S; G220V; K225T,2
S162I; N164S; M172I; I199T; G220V; K225T,2
D121A; S162I; N164S; G220V; K225T,2
T51A; E154G; S162I; N164S; G220V; K225T,2
S6T; S162I; N164S; F192L; G220V; K225T; S292N; K407E,2
S162I; N164S; G220V; K225T; N261S; D270A,2
E154G; S162I; N164S; G220V; K225T; F303L,2
E154G; S162I; N164S; G220V; K225T; K329R,2
E154G; S162I; G220V; K225T; C231R,2
S162V; N164S; G220V; K225T; Q344*,2
S162I; N164S; G220V; K225T; C231R; F337S,2
D15Y; S162I; N164S; G220V; K225T,2
L98P; I143V; S162I; N164S; G220V; K225T,2
L98P; S162I; N164S; G220V; K225T; N297S; N390S,2
L98P; S162I; N164S; G220V; K225T; D338G,2
S162I; N164S; S166A; G220V; K225T,2
S162I; N164S; M172I; V184I; G220V; K225T,2
S162I; N164S; Y190N; G220V; K225T,2
I150L; S162I; N164S; G220V; K225T,2
L98P; S162I; N164S; G220V; K225T; Y299S,2
S162I; N164S; G220V; K225T; I227V; C231R,2
E154G; S162I; N164S; G220V; K225T; I408T,2
S162I; N164S; G220V; K225T; T264A; K329N; I352V,2
S162I; N164S; G220V; K225T; C231S; T400I,2
R93L; S162I; N164S; G220V; K225T,2
L98P; S162I; N164S; Y171C; G220V; K225T,2
S162I; N164S; G220V; K225T; V289G,2
S162I; N164S; G220V; K225T; I232T; N258D,2
N161S; S162I; N164S; G220V; K225T; C231R,2
R16H; S162I; N164S; G220V; K225T; I232T,2
L98P; Y113*; S162I; N164S; G220V; K225T,2
S162I; N164S; G220V; K225T; G256V,2
L98P; S162I; N164S; G220V; K225T; K323R,2
L107M; S162I; N164S; G220V; K225T,2
S162I; N164S; G220V; K225T; K288N,2
L98P; S162I; N164S; G220V; K225T; C231R; N390S,2
E154G; S162I; N164S; G220V; K225T; K397N,2
K62N; L98P; S162I; N164S; G220V; K225T,2
S162I; N164S; G220V; K225T; K329N; I352V,2
K31E; S162I; N164S; G220V; K225T,2
S162I; N164S; M211I; G220V; K225T; C231R,2
Q141R; S162I; N164S; G220V; K225T; V405F,2
L98P; S162I; N164S; G220V; K225T; T273I,2
S162I; N164S; G220V; K225T; Y351*,2
Q123*; S162I; N164S; G220V; K225T,2
A131S; S162I; N164S; G220V; K225T,2
L98P; S162I; N164S; G220V; K225T; T264A,2
L98P; S162I; N164S; G220V; K225T; K407*,2
L98P; S162I; N164S; G220V; K225T; N293S,2
S162I; N164S; H219Q; G220V; K225T,2
S162I; N164S; G220V; K225T; C231R; A313S,2
N10D; S162I; N164S; G220V; K225T; N297S,2
L98P; S162I; N164S; G220V; K225T; I227F,2
L98P; S162I; N164S; G220V; K225T; N383K,2
P112L; S162I; N164S; G220V; K225T,2
N10D; S162I; N164S; N195S; G220V; K225T,2
L98P; S162I; N164S; G220V; K225T; T341I,2
S60N; N161T; S162I; N164S; G220V; K225T,2
S162I; N164S; G220V; K225T; K300N,2
L98P; S162I; N164S; G220V; K225T; K381N,2
L98P; N122S; S162I; N164S; G220V; K225T; I233V,2
T88Q; D121P; S162I; N164S; G220V; K225T,2
L98P; S162I; N164S; G220V; K225T; S372N,2
S6T; S32A; Q75T; S76T; T88Q; D121P; S162I; N164S; G220V; K225T,2
S99A; S162I; N164S; G220V; K225T; N362D,2
Q141R; S162I; N164S; G220V; K225T; C231R,2
E154G; L157S; S162I; N164S; G220V; K225T,2
N138D; S162I; N164S; I199T; G220V; K225T,2
S162I; N164S; L218Q; G220V; K225T,2
L98P; S162I; N164S; G220V; K225T; I408F,2
S162I; N164S; R193C; G220V; K225T; I241V,2
N10D; I41V; S76I; S162I; N164S; G220V; K225T,2
N10D; S162I; N164S; G220V; K225T; V265A,2
S162I; N164S; N195T; G220V; K225I,2
C26Y; L98P; S162I; N164S; G220V; K225T,2
L98P; S162I; N164S; G220V; K225T; T228A,2
N138D; S162I; N164S; G220V; K225T; N243S,2
S60N; S162I; N164S; G220V; K225T; G401D,2
S162I; N164S; G220V; K225T; N362D; N379S,2
S162I; N164S; G220V; K225T; N243H; F343C,2
E154G; S162I; N164S; G220V; K225T; N362D,2
S162I; N164S; G220V; K225T; Y317H,2
D77E; S162I; N164S; G220V; K225T,2
S67I; S162I; N164S; G220V; K225T; T254A,2
Y9C; S162I; N164S; G220V; K225T,2
N10T; L98P; S162I; N164S; G220V; K225T,2
N138D; S162I; N164S; G220V; K225T; N365S,2
L107M; E154G; S162I; N164S; G220V; K225T,2
E154G; S162I; N164S; G220V; K225T; A389T,2
S162I; N164S; G220V; K225T; L363M,2
L98P; S162I; N164S; G220V; K225T; Q354K,2
D81G; L98P; S162I; N164S; G220V; K225T,2
L98P; S162I; N164S; G220V; K225T; K406R,2
L98P; S162I; N164S; G220V; K225T; T350A,2
L98P; S162I; N164S; G220V; K225T; I262V,2
N10D; S162I; N164S; G220V; K225T; L404P,2
K31R; S162I; N164S; G220V; K225T,2
S162I; N164S; V184I; G220V; K225T; K245E; N362D,2
S162I; N164S; G220V; K225T; K359N; L360C; S361L; N362T; L363C; L364*; N365T; D366T; S367L; I368S; Y369T; N370I; I371L; S372A; E373R; G374V; Y375I; N376T; I377S; N378T; N379T; L380*; K381R; V382*; N383T; F384L; R385E; G386V; Q387R; N388M; A389Q; N390I; L391*; N392T; P393R; R394V; I395L; I396S; K397N; P398R; I399L; T400P; G401V; R402V; G403A; L404W; V405L; K407R; I408S; I409F; R410V,2
L144F; S162I; N164S; G220V; K225T,2
S60N; S162I; N164S; G220V; K225T; D325N,2
S162I; N164S; G220V; K225T; V265A; G401D,2
P2T; S162I; N164S; G220V; K225T,2
K22E; S162I; N164S; G220V; K225T,2
S162I; N164S; G220V; K225T; R410L,2
N138D; S162I; N164S; G220V; K225T; A313T,2
L98P; S162I; N164S; G220V; K225T; V345I,2
I102S; S162I; N164S; G220V; K225T; N365D,2
G100V; S162I; N164S; G220V; K225T,2
S60N; S162I; N164S; G220V; K225T; I262L,2
E154G; P155S; S162I; N164S; G220V; K225T,1
T119A; S162I; N164S; G220V; K225T; T229R,1
S162I; N164S; G220V; K225T; I233V; V382M,1
S67I; S162I; N164S; G220V; K225T; T341A,1
E133G; S162I; N164S; G220V; K225T; I233V,1
T17S; S162I; N164S; G220V; K225T,1
H125R; S162I; N164S; G220V; K225T; I352V,1
L98P; S162I; N164S; G220V; K225T; D366N; N390S,1
Q123K; S162I; N164S; G220V; K225T; N261S,1
S162I; N164S; M172I; G220V; K225T; G401D,1
G24S; S162I; N164S; G220V; K225T; N365D,1
S162I; N164S; G220V; K225T; G256V; S284K; S314N; I316N; L328M; N365D,1
S6T; H56L; Q75T; S76T; S162I; N164S; G220V; K225T,1
S162I; N164S; G220V; K225T; C231R; K288T,1
S162I; N164S; V184I; G220V; K225T; G353C,1
S162I; N164S; G220V; K225T; D326E; N390S,1
R93L; S162I; N164S; R193L; G220V; K225T,1
E78G; D128N; S162I; N164S; G220V; K225T,1
L98P; S162I; N164S; G220V; K225T; L286P,1
S162I; N164S; G220V; K225T; C231S; V265I; D312N,1
T160M; S162I; N164S; G220V; K225T; N365D,1
N10I; S162I; N164S; G220V; K225T; L380F,1
N122S; N138D; S162I; N164S; G220V; K225T,1
P120T; S162I; N164S; H176Y; G220V; K225T,1
V132I; S137N; S162I; N164S; G220V; K225T; N390T,1
S99P; S162I; N164S; G220V; K225T; I316V,1
I134V; S162I; N164S; G220V; K225T; A389T,1
N96D; E154G; S162I; N164S; G220V; K225T,1
Q27R; A153S; S162I; N164S; G220V; K225T,1
N10D; S162I; N164S; G220V; K225T; L253S,1
N38S; A153V; S162I; N164S; G220V; K225T,1
S162I; N164S; V184I; G220V; K225T; D310G,1
H142Q; S162I; N164S; G220V; K225T,1
N111S; S162I; N164S; G220V; K225T; E251G,1
L98P; S162I; N164S; E189D; G220V; K225T,1
N122D; S130Y; S162I; N164S; G220V; K225T,1
L98P; S162I; N164S; G220V; K225T; P239L,1
S162I; N164S; G220V; K225T; Y355C; I399T,1
N138D; S162I; N164S; I181M; G220V; K225T,1
S162I; N164S; M172I; G220V; K225T; T264I,1
N138D; S162I; N164S; R193L; G220V; K225T,1
D77E; L98P; S162I; N164S; G220V; K225T; N258S; L260P; L328M,1
D54A; N138D; S162I; N164S; G220V; K225T,1
I41V; P52T; Q53R; L98P; S162I; N164S; G220V; K225T,1
I4M; S162I; N164S; G220V; K225T; D326N,1
L61Q; E154G; S162I; N164S; G220V; K225T,1
I149V; S162I; N164S; G220V; K225T; T242A,1
S162I; N164S; G220V; K225T; C231L,1
P2L; E154G; S162I; N164S; G220V; K225T,1
E79D; H142Y; S162I; N164S; G220V; K225T; V265A,1
S162I; N164S; E201G; G220V; K225T; G257D; T341A,1
N63S; S162I; N164S; I199N; G220V; K225T,1
N10S; N122D; S162I; N164S; G220V; K225T; K381E,1
S162T; N164S; G220V; K225T; C231S,1
E28D; N138D; S162I; N164S; M172I; G220V; K225T,1
M36I; L98P; S162I; N164S; G220V; K225T; N390S,1
T88A; S162I; N164S; G220V; K225T; D326A,1
N38D; L98P; S162I; N164S; I165T; G220V; K225T; N390S,1
A110V; E154A; S162I; N164S; G220V; K225T,1
E28D; G101S; S162I; N164S; G220V; K225T,1
S162I; N164S; G220V; K225T; I232T; Q295L,1
S162I; N164S; S198P; G220V; K225T; C231R; K359R; K397R,1
G49S; S162I; N164S; G220V; K225T; K397R,1
G49V; S162I; N164S; N195S; G220V; K225T,1
L98P; S162I; N164S; G220V; K225T; C231R; D278N,1
L98P; D121N; S162I; N164S; G220V; K225T,1
R45C; S162I; N164S; G220V; K225T; L364M,1
F136L; S162I; N164S; G220V; K225T; G256R,1
Q75T; S76T; S162I; N164S; G220V; K225T; K288R,1
E28D; S162I; N164S; G220V; K225T; C231R; Y299F,1
T119I; H125Y; S162I; N164S; G220V; K225T; I227V,1
S162I; N164S; G220V; K225T; C231R; E251K,1
S162I; N164S; G220V; K225T; N261D; R402H,1
L98P; S162I; N164S; G220V; K225T; G308D; N390S,1
S162I; N164S; M172I; D196Y; G220V; K225T; I232T,1
E154K; D156E; S162I; N164S; M172I; G220V; K225T; I232T,1
S162I; N164S; G220V; K225T; Y375I; N376T; I377S; N378T; N379T; L380*; K381R; V382*; N383T; F384L; R385E; G386V; Q387R; N388M; A389Q; N390I; L391*; N392T; P393R; R394V; I395L; I396S; K397N; P398R; I399L; T400P; G401V; R402V; G403A; L404W; V405L; K407R; I408S; I409F; R410V,1
N147T; S162I; N164S; G220V; K225T; C231R,1
D70N; L98P; S162I; N164S; G220V; K225T; C231R,1
I41V; S162I; N164S; G220V; K225T; I232L,1
E154G; S162I; N164S; G220V; K225T; Y268D; N297S,1
S162I; N164S; G220V; A224T; K225T; N293D,1
N10D; N138D; S162I; N164S; G220V; K225T; V291M,1
E28K; L98P; S162I; N164S; G220V; K225T; I233V,1
S162I; N164S; G220V; K225T; Q344N; N365D; S372T; E373Q; Y375F; N378G; N379S; K381A; V382T; F384Y; R385K; A389V; N390E; L391E; R394Q; I396V; K397E; P398E; T400K; G403V; K407N; I408K; R410E; F411E,1
S162I; N164S; G220V; K225T; D366V,1
L98P; S162I; N164S; G220V; K225T; D270N; N322S,1
S162I; N164S; G220V; K225T; N390D; I408F,1
L98P; S162I; G220V; K225T; I396V,1
L98P; S162I; N164S; G220V; K225T; I368T,1
E154G; S162I; N164S; G220V; K225T; A313S,1
K37N; S162I; N164S; G220V; K225T; V405F,1
F55L; S162I; N164S; G220V; K225T; I247V,1
G64V; S162I; N164S; G220V; K225T,1
G101C; S162I; N164S; D196G; G220V; K225T,1
L98P; S162I; N164S; G220V; K225T; N383S; N390S,1
S162I; N164S; G220V; K225T; N238D; I262T,1
L98P; S162I; N164S; F192L; G220V; K225T,1
L98P; A110V; S162I; N164S; G220V; K225T,1
S162I; N164S; G220V; K225T; P298L; K342E,1
S60G; S162I; N164S; M172I; G220V; K225T; N379S,1
I41V; S162I; N164S; G220V; K225T; I232L; G308D,1
N10S; E28K; S162I; N164S; G220V; K225T,1
A131T; S162I; N164S; G220V; K225T,1
L98P; S162I; N164S; G220V; G223D; K225T,1
S162I; N164S; N175S; G220V; K225T; S361F,1
S162I; N164S; I199T; G220V; K225T; Q235K,1
S6T; S32A; T88Q; D121P; T160R; S162I; N164S; G220V; K225T,1
S6T; S162I; G220V; K225T; I316T,1
L19R; S162I; N164S; G220V; K225T,1
S162I; G220V; K225T; I316T,1
L98P; S162I; N164S; G220V; K225T; S314Y,1
H56R; S162I; N164S; G220V; K225T; I263V,1
K62R; S162I; N164S; G220V; K225T; N277K,1
N38S; L98P; S162I; N164S; G220V; K225T; T230K,1
F136L; S162I; N164S; G220V; K225T; N293D,1
N138D; I143V; S162I; N164S; G220V; K225T; N383D,1
L98P; S162I; N164S; G220V; K225T; N370D,1
S162C; Y190D; G220V; K225T; C231R,1
E28K; S162I; N164S; G220V; K225T; I232T; Q344K,1
S162I; N164S; G220V; K225T; F252L; Q344K,1
S66T; L98P; S162I; N164S; G220V; K225T,1
E154G; S162I; N164S; G220V; K225T; N365D; S372T; E373Q; Y375F; N378G; N379S; K381A; V382T; F384Y; R385K; A389V; N390E; L391E; R394Q; I396V; K397E; P398E; T400K; K407N; I408K; R410E; F411E,1
L98P; S162I; N164S; G220V; K225T; K281E,1
P2S; S162I; N164S; G220V; K225T; A266E,1
L98P; S162I; N164S; G220V; K225T; D270A; N390S,1
S162I; N164S; Y171C; G220V; K225T; N390D,1
L98S; S162I; N164S; G220V; K225T; T273A,1
I102M; S137I; S162I; N164S; G220V; K225T,1
L98P; S162I; N164S; G220V; K225T; G353D; R385*,1
V148I; S162I; N164S; G220V; K225T; D325N,1
N138D; S162I; N164S; G220V; K225T; I316L,1
Q141R; S162I; N164S; G220V; K225T; K406E,1
N138D; I150T; S162I; N164S; G220V; K225T,1
T88Q; E154G; S162I; N164S; M172I; G220V; K225T,1
I134V; S162I; N164S; Y171*; G220V; K225T,1
S162I; N164S; G220V; K225T; F303S; S333*,1
S60N; S162I; N164S; G220V; K225T; C231G,1
N10D; E154G; S162I; N164S; M172I; G220V; K225T,1
N10D; T119N; S162I; N164S; G220V; K225T,1
Y30S; F136L; S162I; N164S; G220V; K225T,1
Q141K; S162I; N164S; G220V; K225T; N297S,1
D128E; S162I; N164S; G220V; K225T,1
I86N; S162I; N164S; G220V; K225T,1
S162I; N164S; Y171S; G220V; K225T,1
E154G; S162I; N164S; G220V; K225T; N362S,1
G64S; G101S; S162I; N164S; G220V; K225T; D326N,1
E154G; S162I; N164S; G220V; K225T; I233V; N392D,1
R16H; S162I; N164S; G220V; K225T; N248S,1
M1I; S162I; N164S; G220V; K225T; L286I,1
I18F; G24C; S162I; N164S; G220V; K225T,1
L98P; S162I; N164S; G220V; K225T; N365Y,1
S60N; S162I; N164S; G220V; K225T; N269K; K397R,1
Q75R; N138D; S162I; N164S; G220V; K225T,1
N138D; S162I; N164S; G220V; K225T; I232V,1
P52S; S162I; N164S; G220V; K225T; R244H; N248S,1
G101S; S162I; N164S; G220V; K225T; Y357C,1
S162I; N164S; G220V; K225T; L296M; V382L,1
S162I; N164S; G220V; K225T; I232T; Q236R,1
S162I; N164S; M172I; G220V; K225T; A266E,1
S66Y; S162I; N164S; M172I; G220V; K225T; I232T,1
G101S; S162I; N164S; G220V; K225T; V405A,1
S162I; N164S; G220V; K225T; N248S; S292I,1
S60R; S162I; N164S; G220V; K225T; D325G,1
N138D; S162I; N164S; G220V; A224T; K225T,1
S162I; N164S; G220V; K225T; F252V; T350S,1
G64S; L98P; S162I; N164S; G220V; K225T,1
G101S; S162I; N164S; E201*; G220V; K225T,1
R16S; L98P; S162I; N164S; G220V; K225T,1
F136L; S162I; N164S; G220V; K225T; I352V,1
D54N; S140G; E154G; S162I; N164S; G220V; K225T,1
N10S; S162I; N164S; G220V; K225T; K329R,1
S32A; H56L; S162I; N164S; G220V; K225T; V265A,1
E154G; S162I; N164S; G220V; K225T; I233T,1
L98P; S162I; N164S; G220V; K225T; T264S; N390K,1
M1V; S140R; S162I; N164S; G220V; K225T,1
N96S; S162I; N164S; G220V; K225T; Q387P,1
D81G; S162I; N164S; G220V; K225T; S372N,1
K62M; S162I; N164S; G220V; K225T; A266E; R402H,1
S60N; I102L; S162I; N164S; G220V; K225T,1
V13A; S162I; N164S; G220V; K225T; K330R,1
Q53R; L98P; S162I; N164S; G220V; K225T; I232T,1
E154G; S162I; N164S; G220V; K225T; N297D,1
S162I; N164S; S187P; G220V; K225T; I271T,1
S162I; N164S; G220V; K225T; N261D; N365D,1
S162I; N164S; M211I; G220V; K225T; K406*,1
S60G; S162I; N164S; G220V; K225T; N362D,1
G25D; E154G; S162I; N164S; G220V; K225T,1
L104V; S162I; N164S; G220V; K225T; E305K,1
S162I; N164S; G220V; K225T; C231S; N269S,1
S162I; N164S; G220V; K225T; C231R; V265I,1
S162I; N164S; G220V; K225T; R244H; N365D,1
S162I; N164S; R193H; G220V; K225T; N362D,1
S162I; N164S; G220V; K225T; F252I,1
H56L; S162I; N164S; A182V; G220V; K225T,1
V87M; I150V; S162I; N164S; G220V; K225T,1
M1I; N122D; S162I; N164S; G220V; K225T,1
T59A; S162I; N164S; G220V; K225T; T341A,1
S162I; N164S; I181M; G220V; K225T; V382A,1
D65N; S162I; N164S; G220V; K225T; I408N,1
L98P; S162I; N164S; N197D; G220V; K225T,1
E28K; E154G; S162I; N164S; E189D; G220V; K225T,1
L98P; S162I; N164S; G220V; K225T; I316V; S372N,1
R93H; S162I; N164S; G220V; K225T; C231S,1
S162I; N164S; G220V; K225T; V265A; N297T,1
V148L; S162I; N164S; G220V; K225T,1
S162I; N164S; G220V; K225T; T264S; N365D,1
N122D; D128A; S162I; N164S; G220V; K225T,1
S162I; N164S; G220V; K225T; C231R; I327T,1
S162I; N164S; N195S; G220V; K225T; F337S,1
E79G; I102M; S162I; N164S; G220V; K225T,1
S6T; G24C; S162I; N164S; G220V; K225T,1
S162I; N164S; Y171S; G220V; K225T; L404Q,1
E154G; S162I; N164S; P173S; G220V; K225T; K397N,1
N10D; P146S; S162I; N164S; G220V; K225T; I232T,1
P120L; N138D; S162I; N164S; G220V; K225T,1
S162I; N164S; P188Q; G220V; K225T; C231S,1
L98P; S162I; N164S; G220V; K225T; T242A; Y272F,1
S60N; V148L; S162I; N164S; G220V; K225T; D270Y,1
N116D; S162I; N164S; G220V; K225T; N383D,1
L98P; S162I; N164S; G220V; K225T; S361Y,1
N111D; S162I; N164S; G220V; K225T; I352L,1
N138D; S162I; N164S; G220V; K225T; G401C,1
T59A; G101S; S162I; N164S; P188S; G220V; K225T,1
P43S; H142Y; S162I; N164S; G220V; K225T,1
L98P; S162I; N164S; G220V; K225T; N390S; G401D,1
N138D; S162I; N164S; G220V; K225T; V291A,1
S162I; N164S; G220V; K225T; N320D; V345I,1
L98P; I134V; E154G; S162I; N164S; G220V; K225T,1
I94T; S162I; N164S; G220V; K225T; Y268H; N362D,1
S162I; N164S; G220V; K225T; K407T,1
N72S; Q141R; S162I; N164S; G220V; K225T,1
S137N; S162I; N164S; G220V; K225T; S292N,1
Y68C; G101S; S162I; N164S; G220V; K225T,1
L98P; I102L; I134V; S162I; N164S; G220V; K225T,1
L98P; S162I; N164S; G220V; K225T; G374S,1
S162I; N164S; G220V; K225T; P294S; P398L,1
S162I; N164S; G220V; K225T; F358L; K359R,1
S162I; N164S; G220V; K225T; F343I,1
D117N; S162I; N164S; G220V; K225T; E250K; N297S,1
I41L; L98P; S162I; N164S; G220V; K225T; N248S,1
S162I; N164S; N197S; G220V; K225T; C231R,1
F83Y; S162I; N164S; G220V; K225T,1
N10D; I90T; S162I; N164S; G220V; K225T,1
S162I; N164S; S198A; G220V; K225T,1
S162V; N164S; G220V; K225T; L331M,1
K62N; Y68C; S162I; N164S; G220V; K225T; N261D,1
D54N; E154G; S162I; N164S; G220V; K225T; K406E,1
K62E; S162I; N164S; G220V; K225T; E349K,1
D81G; S162I; N164S; G220V; K225T; V345I,1
T59I; S162I; N164S; N195S; G220V; K225T; T400S,1
S162I; N164S; G220V; K225T; C231S; T264P; N297D,1
S162V; N164S; G220V; K225T; F252L,1
E154G; S162I; N164S; Y190H; G220V; K225T,1
G49R; R93H; N97I; S162I; N164S; G220V; K225T; E251D; T341A,1
N96S; S162I; N164S; S198L; G220V; K225T; D326N,1
S162I; N164S; M172R; G220V; K225T; C231R; D325N,1
Q27P; L98P; S162I; N164S; G220V; K225T,1
L98P; S162I; N164S; H176Y; G220V; K225T,1
S162I; N164S; G220V; K225T; K285E,1
T88S; S162I; N164S; G220V; K225T; D326E,1
E28G; L98P; S162I; N164S; S198T; I199D; G220V; K225T,1
S60N; L145M; S162I; N164S; G220V; K225T,1
S162I; N164S; I199T; G220V; K225T; D278N,1
G64C; S162I; N164S; G220V; K225T; I232T,1
N10D; S162I; N164S; G220V; K225T; D366N; A389T,1
S162I; N164S; N195S; F202S; G220V; K225T,1
S162I; N164S; S191L; G220V; K225T; N248I,1
S162I; N164S; G220V; K225T; I232V; D270A; I316V,1
L98P; S162I; N164S; G220V; K225T; S314A,1
S162I; N164S; D205E; G220V; K225T; E349K,1
S162I; N164S; H219Y; G220V; K225T; N261D,1
S162I; N164S; G220V; K225T; I302V; Y355H,1
S162I; N164S; G220V; K225T; D366E,1
N92K; S162I; N164S; M211I; G220V; K225T,1
N10D; S162I; N164S; G220V; K225T; I263V,1
S162I; N164S; G220V; K225T; C231R; L404P,1
S162I; N164S; G220V; K225T; Y272*,1
N96S; I143V; S162I; N164S; G220V; K225T,1
S162I; N164S; L210M; G220V; K225T; I408T,1
P120S; E154G; S162I; N164S; G220V; K225T,1
S162I; N164S; G220V; K225T; D310E,1
N97K; S162I; N164S; G220V; K225T; I408N,1
I18T; S162I; N164S; G220V; K225T; C231R; V345I,1
S162I; N164S; I199M; G220V; K225T; D259N,1
K85R; S162I; N164S; G220V; K225T; I233V; L404M,1
S6T; S32A; S162I; N164S; G220V; K225T; N269S,1
S162I; N164S; M172I; G220V; K225T; N269T,1
F29I; S162I; N164S; G220V; K225T,1
L98P; S162I; N164S; G220V; K225T; C231R; T341N,1
F136L; S162I; N164S; G220V; K225T; N322D,1
K62M; S162I; N164S; G220V; K225T,1
I143V; S162C; G220V; K225T; C231R,1
L98P; S162I; N164S; G220V; K225T; I377T,1
R16H; N138D; S162I; N164S; G220V; K225T; N388D,1
F7C; S162I; N164S; G220V; K225T,1
L98P; S162I; N164S; E213K; G220V; K225T,1
G100D; S162I; N164S; Q204*; G220V; K225T,1
E154G; S162I; N164S; M172I; G220V; K225T; F252L; N362S,1
S162I; N164S; Y171C; G220V; K225T; F337S,1
S60G; S162I; N164S; G220V; K225T; F334L,1
D128A; S162I; N164S; G220V; K225T; N297K,1
G101V; S162I; N164S; G220V; K225T; I241V; D326N,1
S162I; N164S; I199T; G220V; K225T; D310G,1
L98P; A153V; S162I; N164S; G220V; K225T,1
N72S; S162I; N164S; G220V; K225T; N370S,1
R82H; N96S; S162I; N164S; G220V; K225T,1
S162I; N164S; G220V; K225T; V265A; D326N,1
G101S; S162I; N164S; G220V; K225T; N293D,1
L98P; S162I; N164S; G220V; K225T; L296M,1
H56L; S60N; S162I; N164S; G220V; K225T,1
T59I; N63S; S162I; N164S; G220V; K225T,1
D121P; S162I; G220V; K225T,1
G101S; N161H; S162I; N164S; G220V; K225T; G403D,1
S162I; N164S; G220V; K225T; G226D; D326N,1
G101S; D156G; S162I; N164S; G220V; K225T,1
N63K; L98P; S162I; N164S; G220V; K225T,1
L98P; I102L; I134V; S162I; N164S; M211I; G220V; K225T,1
S60N; S162I; N164S; S217G; G220V; K225T; T228N; E305K,1
I41V; S162I; N164S; G220V; K225T; D270N,1
S162I; N164S; G220V; K225T; D278N; S372N,1
E154G; S162I; N164S; G220V; K225I,1
H56Y; S162I; N164S; G220V; K225T; K356R,1
N10D; E154G; S162I; N164S; G220V; K225T; Y357S,1
S162I; N164S; G220V; K225T; V265A; N274K,1
S162I; N164S; M172L; G220V; K225T; N362D,1
D65N; E154G; S162I; N164S; G220V; K225T; N383S,1
P2T; S162I; N164S; G220V; K225T; N365D,1
S162I; N164S; G220V; K225T; V265D; A266E; Y268W; N269E; D270Q; Y272R; T273S; N277K; D278K; R280E; K281E; S284K; S314N; I316N; Q344N,1
N10S; L157V; S162I; N164S; G220V; K225T,1
N138D; S162I; N164S; H212Y; G220V; K225T,1
F136L; S162I; N164S; I199T; G220V; K225T,1
I102V; S162V; N164S; M172I; G220V; K225T,1
D54Y; L98P; S162I; N164S; G220V; K225T,1
N161K; N164S; N197D; G220V; K225T,1
L98P; S162I; N164S; G220V; K225T; L339F,1
S162I; N164S; G220V; K225T; Y268H; D270N; R402S,1
N72K; S162I; N164S; G220V; K225T; I409T,1
F124L; S162I; N164S; G220V; K225T; C231R,1
G101S; I102L; S162I; N164S; G220V; K225T; G246D,1
S162I; N164S; G220V; K225T; N258D; N362D,1
S162I; N164S; G220V; K225T; N365D; N390H,1
S162I; N164S; G220V; K225T; C231R; V265I; S292N,1
N10D; S76I; S162I; N164S; G220V; K225T; I227T; A266V,1
L98P; F124L; S162I; N164S; G220V; K225T,1
K62R; S162I; N164S; G220V; K225T; D325N,1
K109R; N161S; S162I; N164S; G220V; K225T,1
L98P; G152S; S162I; N164S; G220V; K225T,1
S162I; N164S; G220V; K225T; T264A; N365D,1
S162I; N164S; N195S; G220V; K225T; V345I,1
S162I; N164S; G220V; K225T; V265A; E336K,1
I41V; E154G; D156G; S162I; N164S; G220V; K225T,1
L98P; S162I; N164S; G220V; K225T; T234S,1
I102L; S162I; N164S; G220V; K225T; A340E,1
L98P; S162I; N164S; G220V; K225T; K397R,1
L98P; S162I; N164S; D196E; G220V; K225T,1
S162I; N164S; G220V; K225T; C231R; I232L,1
D121P; S162I; S163F; G220V; K225T,1
M1I; S162I; N164S; G220V; K225T; N365D,1
L98P; S162I; N164S; G220V; K225T; N261D; N390S,1
N122D; S162I; N164S,1
L98P; S162I; N164S; G220V; K225T; T230S,1
K62N; N122D; S162I; N164S; G220V; K225T,1
S162I; N164S; P173S; G220V; K225T; C231S,1
S162I; N164S; M211I; G220V; K225T; N365D,1
E79K; G101S; S162I; N164S; G220V; K225T,1
S162I; N164S; G220V; K225T; S318T,1
L98P; S162I; N164S; G220V; K225T; N261D; S367F,1
S162I; N164S; G220V; K225T; C231S; N293D,1
L98P; G139C; S162I; N164S; G220V; K225T; D325N,1
N72S; G139V; S162I; N164S; G220V; K225T,1
P2S; S162I; N164S; G220V; K225T; I316V,1
E28K; S162I; N164S; G220V; K225T; N362D; T400A,1
S162I; N164S; G220V; K225T; S372N; R394H,1
L61M; S162I; N164S; G220V; K225T; V382M,1
N138D; S162I; N164S; G220V; K225T; N388D,1
S162I; N164S; G220V; K225T; C231Y; V265A; R385K,1
S32A; S162I; N164S; G220V; K225T; D325G,1
L98P; S162I; N164S; G220V; K225T; Q235H,1
L98P; E106*; S162I; N164S; G220V; K225T; I409T,1
M1V; S162I; N164S; G220V; K225T; D325N,1
L98P; S162I; N164S; G220V; K225T; Q344N; Q354R; N365D,1
S162I; N164S; G220V; K225T; Q295H; N390S,1
S162I; N164S; G220V; K225T; N277Y,1
S162I; N164S; G220V; K225T; P298Q; V405A,1
L98P; S162I; N164S; G220V; K225T; P398Q,1
S162I; N164S; G220V; K225T; N261S; I302S,1
T88F; S162I; N164S; G220V; K225T,1
L98P; D156G; S162I; N164S; G220V; K225T,1
S162I; N164S; P173Q; G220V; K225T; C231R,1
P23L; E154G; S162I; N164S; G220V; K225T,1
S32A; S162I; N164S; S198T; I199D; K225L; V265D; A266E; Y268W; N269E; D270Q; Y272R; T273S; N277K; D278K; R280E; K281E; S284K,1
E154V; S162I; N164S; G220V; K225T,1
G49W; H56N; S162I; N164S; G220V; K225T,1
G139S; S162I; N164S; G220V; K225T; N274S; N362D,1
L98P; S162I; N164S; H216Q; G220V; K225T,1
S162I; N164S; G220V; K225T; T254N,1
L98P; S162I; N164S; G220V; K225T; Q237R,1
S162I; N164S; G220V; K225T; I233V; A266T; V289M,1
G101S; S162I; N164S; G220V; K225T; A313T,1
N116H; S162I; N164S; G220V; K225T; S292N,1
G101S; D117N; S162I; N164S; G220V; K225T,1
S6L; D54Y; S162I; N164S; G220V; K225T,1
S162I; N164S; G220V; K225T; D270Y; Q295*,1
G101S; I143V; S162I; N164S; G220V; K225T,1
L98P; S162I; N164S; G220V; K225T; G226D,1
Y68C; L98P; S162I; N164S; G220V; K225T,1
S162I; N164S; G220V; K225T; D312G; N362D,1
S76N; S162I; N164S; G220V; K225T; C231S,1
G115S; S162I; N164S; N197D; G220V; K225T; N248S,1
S162I; N164S; G220V; K225T; N248S; N370S,1
Q141K; S162I; N164S; M172I; G220V; K225T,1
S162I; N164S; G220V; K225T; F252L; G403A,1
Y30C; E79K; L98P; S162I; N164S; G220V; K225T,1
K80N; E154G; S162I; N164S; G220V; K225T,1
S6T; Q75T; S76T; T88Q; S162I; N164S; G220V; K225T; C231R,1
S162C; G220V; K225T; C231R; K342R,1
E154G; S162I; N164S; G220V; K225T; E373D,1
S162I; N164S; G220V; K225T; N383D; A389V,1
S32A; I39V; S162I; N164S; G220V; K225T; G246D,1
S6T; S162I; N164S; S166P; G220V; K225T,1
E154G; S162I; N164S; A207S; G220V; K225T,1
N138D; S162I; N164S; G220V; K225T; N376I,1
S162I; N164S; G220V; K225T; I227V; V265A,1
V148A; E154G; S162I; N164S; G220V; K225T,1
S162I; N164S; G220V; K225T; I232T; G386S,1
S162I; N164S; G220V; K225T; I352V; N388D,1
S6T; S32A; H56L; T88Q; E154G; S162I; N164S; G220V; K225T,1
M1T; L98P; S162I; N164S; G220V; K225T,1
S162I; N164S; M172I; G220V; K225T; N390D,1
D70N; L98P; S162I; N164S; S217I; G220V; K225T; V265A,1
M1I; N138D; S162I; N164S; G220V; K225T; N370S,1
S162I; N164S; G220V; K225T; Q344K; R394S,1
L98P; S162I; N164S; G220V; K225T; K306R,1
S162I; N164S; G220V; K225T; D270A; N365D,1
S162I; N164S; G220V; K225T; N269H; K342Q,1
D117Y; S162I; N164S; G220V; K225T; I227V; S314N; I316N,1
S32A; H56L; T88Q; D121P; S162I; N164S; G220V; K225T,1
Y113*; S162I; N164S; N197D; G220V; K225T,1
S162I; N164S; G220V; K225T; V265A; N378S,1
S6T; S162I; N164S; G220V; K225T; I227V,1
S162I; N164S; G220V; K225T; I227V; F255L,1
D128G; S162I; N164S; V184I; G220V; K225T,1
D121P; S162I; N164S; G220V; K225T; K406E,1
L98P; S162I; N164S; G220V; K225T; I247V; E373D,1
S162I; N164S; G220V; K225T; T264P; N365D,1
N14K; L98P; I134V; S162I; N164S; G220V; K225T; S372R,1
K62T; S162I; N164S; G220V; K225T; K342E,1
L98P; Q141R; S162I; N164S; S198T; I199D; G220V; K225T,1
I48V; L98P; S162I; N164S; G220V; K225T,1
I143V; S162I; N164S; G220V; K225T; Y268H,1
Q27R; S108I; S162I; N164S; G220V; K225T,1
S6T; L19M; Q27K; Y30S; S32A; Q75*; S162I; N164S; G220V; K225T; K406E,1
G101S; S162I; N164S; G220V; K225T; C231S; Q290K,1
D54H; N92H; L98P; S162I; N164S; G220V; K225T,1
S32G; S162I; N164S; G220V; K225T; G403D,1
S162I; N164S; G220V; K225T; N297S; N362D,1
S162I; N164S; G220V; K225T; N248S; N293D,1
S162V; N164S; M172I; G220V; K225T; G257S,1
E154G; S162I; N164S; G220V; K225T; T254I,1
S162I; N164S; G220V; K225T; N322S; R385K,1
I134V; S162I; N164S; G220V; K225T; K342Q,1
N92H; S162I; N164S; G220V; K225T,1
L98P; S162I; N164S; G220V; K225T; Y299H,1
S162I; N164S; N200Y; G220V; K225T,1
S162I; N164S; G220V; K225T; A283V; R402S,1
I41V; D81G; E154G; S162I; N164S; G220V; K225T,1
I41V; S162I; N164S; G220V; K225T; N293D,1
Y69*; G127C; N138D; S162I; N164S; G220V; K225T,1
S162I; N164S; G220V; K225T; C231R; D325V; I352V,1
G127C; N138D; S162I; N164S; G220V; K225T; C231S,1
Q75T; S76T; G127C; N138D; S162I; N164S; G220V; K225T,1
S162I; N164S; G220V; K225T; T273I; S372R,1
S162I; N164S; N200D; G220V; K225T; D326E,1
S162I; N164S; G220V; K225T; D278E; R348S,1
S162I; N164S; G220V; K225T; K397*,1
S162I; N164S; S166Y; G220V; K225T,1
S162I; G220V; K225T; Y317H,1
S162I; N164S; G220V; K225T; E336K; T341A,1
D121P; S162C; G220V; K225T; C231R,1
L98P; S162I; N164S; M172I; G220V; A224V; K225T,1
S162I; G220V; K225T; C231R; A313E,1
S162I; N164S; G220V; K225T; N378S; P393S,1
I41V; N97S; S162I; N164S; G220V; K225T,1
N10D; I134V; S162I; N164S; G220V; K225T; I232T,1
S162I; N164S; G220V; K225T; Y375F; V382L,1
G24S; A129T; S162I; N164S; M172I; G220V; K225T; T264A,1
N8H; S162I; N164S; G220V; K225T,1
Q27R; S162I; N164S; I199T; G220V; K225T; D278N,1
S162I; N164S; M172I; G220V; K225T; K397R,1
S162I; N164S; G220V; K225T; G256R; D326E; N365D,1
S162I; N164S; A182T; G220V; K225T; R402C,1
L98S; G101S; S162I; N164S; G220V; K225T; N390S,1
D81N; S162I; N164S; G220V; K225T; Q344N; N365D; D366G; S372T; E373Q; Y375F; N378G; N379S; K381A; V382T; F384Y; R385K; A389I; N390E; L391E; R394Q; I396V; K397E; P398E; T400K; K407N; I408K; R410E; F411E,1
S162I; N164S; M172L; G220V; K225T; I227T,1
K62R; S162I; N164S; G220V; K225T; F252L,1
S162I; N164S; G220V; K225T; T273I; K406*,1
N10D; E79D; S162I; N164S; G220V; K225T,1
D77G; S162I; N164S; M172R; G220V; K225T,1
L98P; A129S; S162I; N164S; G220V; K225T,1
I102M; S162I; N164S; G220V; K225T; V405I,1
E154G; S162I; N164S; G220V; K225T; K330R; K397N,1
E28K; D54H; L98P; S162I; N164S; G220V; K225T; N362D,1
S162I; N164S; G220V; K225T; N297S; L363*,1
S162I; N164S; M172R; G220V; K225T; D325N; R348H,1
N10S; L98P; A129T; S162I; N164S; G220V; K225T,1
S162I; N164S; G220V; K225T; T230K; N274S,1
L98P; S162I; N164S; G220V; K225T; Y272C,1
L98P; S162I; N164S; N169S; G220V; K225T,1
Q27K; L98P; S162I; N164S; G220V; K225T,1
S162I; N164S; G220V; K225T; N293S; T341A,1
N72D; L98P; S162I; N164S; G220V; K225T; R385G,1
E106*; S162I; N164S; G220V; K225T; S284G,1
L98P; S162I; N164S; G220V; K225T; G315D,1
Y20N; S162I; N164S; G220V; K225T,1
N138D; S162I; N164S; G220V; K225T; S314Y,1
N138D; S162I; N164S; G220V; K225T; I327S,1
N138D; S162I; N164S; F194I; G220V; K225T,1
S162I; N164S; G220V; K225T; Q344N; S372T; E373Q; Y375F; N378G; N379S; K381A; V382T; F384Y; R385K; A389V; N390E; L391E; R394Q; I396V; K397E; P398E; T400K; K407N; I408K; R410E; F411E,1
N10D; S162I; N164S; G220V; K225T; N248S,1
S162I; N164S; G220V; K225T; I232T; G256E,1
I41V; K62R; I102S; S162I; N164S; G220V; K225T; K288R,1
L61Q; S162I; N164S; G220V; K225T; C231R; I316T,1
L98P; S162I; N164S; G220V; K225T; R348C; V382A,1
W40L; S162I; N164S; G220V; K225T,1
N63H; S162I; N164S; G220V; K225T; D338G,1
E154G; S162I; N164S; G220V,1
E154G; S162I; N164S; G220V; K225T; Y268H,1
S162I; N164S; G220V; K225T; Q235P,1
S32G; S162I; N164S; G220V; K225T; K406R,1
G49V; L98P; S162I; N164S; G220V; K225T,1
L98P; N138D; S162I; N164S; G220V; K225T; I408V,1
S162I; N164S; R193C; G220V; K225T; K329N,1
N10D; S162I; N164S; I183V; G220V; K225T; N248S,1
F136Y; S162I; N164S; G220V; K225T; A389V,1
N147S; S162I; N164S; G220V; K225T; D278N,1
E154G; S162I; N164S; M172I; G220V; K225T; I302N,1
N147K; E154G; S162I; N164S; G220V; K225T,1
P52Q; S162I; N164S; G220V; K225T; C231S,1
L98P; S162I; N164S; G220V; K225T; N379D; N390S,1
L98P; S162I; N164S; G220V; K225T; C231R; V265A; N365D,1
S162I; N164S; G220V; K225T; D325N; A340V,1
N63K; S162I; N164S; G220V; K225T,1
S162I; N164S; G220V; K225T; I247T; I371V,1
D121A; S162I; N164S; G220V; K225T; T350A,1
S162I; N164S; G220V; K225T; I233V; K329R,1
N72S; S162I; N164S; G220V; K225T; E373G,1
S162I; N164S; I199T; G220V; K225T; N293D,1
N63S; L98P; S162I; N164S; G220V; K225T; D326Y,1
S162I; N164S; G220V; K225T; T234M; I371V,1
S162I; N164S; G220V; K225T; E373Q,1
S162I; N164S; E201K; G220V; K225T; N379S,1
T59I; G101S; S162I; N164S; G220V; K225T,1
S60N; S162I; N164S; G220V; K225T; I263L; L380*,1
G101S; S162I; N164S; G220V; K225T; N322S,1
S162I; N164S; G220V; K225T; D325E; K397E,1
L98P; Y113C; S162I; N164S; G220V; K225T,1
M1I; V148L; S162I; N164S; G220V; K225T; G257S,1
S162I; N164S; G220V; K225T; T341I; G403S,1
S60N; S162I; N164S; G220V; K225T; N379H; N383D,1
S162I; N164S; G220V; K225T; N293D; A389T,1
L98P; S162I; N164S; G220V; K225T; I399S,1
S162I; N164S; M211V; G220V; K225T; N297S,1
S6T; S32A; L98P; S162I; N164S; G220V; K225T; I227V; I263V,1
F83Y; L98P; S162I; N164S; G220V; K225T,1
P52L; Y69C; S162I; N164S; G220V; K225T,1
L98P; G127D; S162I; N164S; G220V; K225T,1
N92K; S162I; N164S; G220V; K225I,1
L98P; S162I; N164S; G220V; K225T; P398L,1
G101S; K109R; S162I; N164S; G220V; K225T,1
S6T; H56L; S162I; N164S; G220V; K225T; D312G,1
S6T; R45S; N175H; G220V; K225T,1
N10D; N161S; S162I; N164S; G220V; K225T; N362D,1
L98P; S162I; N164S; G220V; K225T; E349G,1
Y9H; S162I; N164S; G220V; K225T,1
G101S; S162I; N164S; G220V; K225T; N248S; L404R; V405L; K407R; I408S; I409F; R410V,1
D77N; S162I; N164S; G220V; K225T; I232T,1
S162I; N164I; G220V; K225T; N370S,1
Q27H; S162I; N164S; G220V; K225T; Q354*,1
S162I; N164S; G220V; K225T; C231S; F358S,1
I134V; S162I; N164S; M172I; G220V; K225T; I396V,1
S162I; N164S; G220V; K225T; G315V,1
S162I; N164S; G220V; K225T; N297H; I396V,1
S162I; N164S; G220V; K225T; S287G; I399T,1
S60N; S162I; N164S; G220V; K225T; T341N,1
H56L; Q75T; S76T; S162I; N164S; G220V; K225T; N379K,1
E28A; S162I; N164S; G220V; K225T,1
S60R; D70N; S162I; N164S; G220V; K225T,1
Y113*; S162I; N164S; G220V; K225T; C231R,1
S162I; N164S; G220V; K225T; I232V; D325N,1
T17A; S162I; N164S; G220V; K225T; V345A,1
D77E; S162I; N164S; G220V; K225T; I232T; K330R,1
S108G; S162I; N164S; G220V; K225T,1
S6T; S32A; H56L; N138D; S162I; N164S; G220V; K225T,1
E154G; S162I; N164S; H219Q; G220V; K225T,1
L98P; S162I; N164S; G220V; K225T; Q344K; R394H,1
S162I; N164S; R193L; G220V; K225T; A313S,1
S162I; N164S; G220V; K225T; N365D; K406E,1
S162I; N164S; G220V; K225T; F337L; F343L; S361C,1
K85Q; L98P; I143V; S162I; N164S; G220V; K225T,1
S162I; I199N; G220V; K225T; C231R,1
L98P; S162I; N164S; N175D; G220V; K225T,1
D15V; L98P; S162I; N164S; G220V; K225T,1
S162I; N164S; G220V; K225T; I233V; N370S,1
S76I; L98P; S162I; N164S; G220V; K225T; G403D,1
V148F; S162I; N164S; G220V; K225T,1
S162I; N164S; G220V; K225T; C231S; I409T,1
S60N; S162I; N164S; S198*; G220V; K225T; C231S; N390K,1
S60N; S162I; N164S; N175D; G220V; K225T,1
S162I; N164S; G220V; K225T; D326N; N390S,1
S162I; N164S; G220V; K225T; S318N; P393S,1
N72S; S162I; N164S; G220V; K225T; C231R,1
E44K; S162I; N164S; G220V; K225T,1
S162I; N164S; G220V; K225T; N365D; S372T,1
S162I; N164S; G220V; K225T; Y268*; Y299*,1
D54N; E154G; S162I; N164S; G220V; K225T,1
L98P; S162I; N164S; G220V; K225T; D325N; R394C,1
I102L; S162I; N164S; R168C; G220V; K225T,1
N138D; S162I; N164S; G220V; K225T; V382A,1
G101S; S162I; N164S; G220V; K225T; S292N,1
I102L; I143V; S162I; N164S; G220V; K225T,1
L98P; S162I; N164S; G220V; K225T; Y357N; A389V,1
E154G; S162I; N164S; G220V; K225T; K397R,1
M36T; L98P; S162I; N164S; G220V; K225T,1
S32R; L98P; S162I; N164S; Y190F; R193L; G220V; K225T; T341S,1
L145P; S162V; N164S; G220V; K225T,1
S162I; N164S; G220V; K225T; I232T; T273A,1
N38S; S162I; N164S; G220V; K225T; N261S,1
S108I; S162I; N164S; G220V; K225T; G401S,1
K62N; S162I; N164S; N169D; G220V; K225T,1
K37E; G115C; S162I; N164S; G220V; K225T; I409V,1
E78V; S162I; N164S; G220V; K225T,1
S162I; N164S; G220V; K225T; N362S; V382E,1
S60G; S162I; N164S; G220V; K225T; K330R,1
H142D; S162I; N164S; G220V; K225T; N370S,1
S162I; N164S; G220V; K225T; C231S; V345I,1
P2S; S162I; N164S; G220V; K225T; G315V; V382A; I399T,1
S162I; N164S; K225T; N269S,1
S162I; N164S; G220V; K225T; C231R; Y357C,1
D54G; L98P; S162I; N164S; G220V; K225T; P393S,1
S162I; N164S; G220V; K225T; I262V; R410H,1
L98P; S162I; N164S; G220V; K225T; N390S; K397R,1
S162I; N164S; G220V; K225T; N274K; Q354*,1
F55L; E154G; S162I; N164S; G220V; K225T; I327V,1
S162I; N164S; G220V; K225T; N261D; P393Q,1
G101S; S162I; N164S; G220V; K225T; F303S,1
S162I; N164S; G220V; K225T; Y332D,1
H56L; Q75T; S76T; S162I; N164S; G220V; K225T; C231R,1
L98P; S162I; N164S; G220V; K225T; N376S,1
S162I; N164S; G220V; K225T; C231R; D270N,1
S162I; N164S; G220V; K225T; I232V; N379S,1
S32A; S162I; N164S; G220V; K225T; D278N,1
E154G; S162I; N164S; I183T; G220V; K225T,1
G101S; E154G; S162I; N164S; G220V; K225T; D338G,1
V13I; L98P; S162I; N164S; G220V; K225T; K329E; N390S,1
S162I; N164S; I199F; M211I; G220V; K225T,1
I41V; G101V; I126V; S162I; N164S; G220V; K225T; P239S,1
L98P; D128Y; V132I; S162I; N164S; G220V; K225T,1
S162I; N164S; G220V; K225T; T242A; N293D,1
P58S; S162I; N164S; G220V; K225T; F358L; N376D,1
D128A; S162I; N164S; F186S; G220V; K225T,1
N95S; S162I; N164S; G220V; K225T; I408F,1
S162I; N164S; G220V; K225T; P294S; P298T,1
K62N; S162I; N164S; G220V; K225T; T341A,1
S162I; N164S; I183V; G220V; K225T; P398L,1
N46S; L98P; S162I; N164S; G220V; K225T,1
V13A; L98P; S162I; N164S; G220V; K225T,1
H56L; S162I; N164S; G220V; K225T; N274S,1
G101S; S162I; N164S; G220V; K225T; K407N,1
T59A; S162I; N164S; G220V; K225T; C231Y; L240M,1
S162I; G220V; K225T; V265D; A266K; Y268W; N269E; D270Q; Y272R; T273S; N277K; D278K; R280E; K281E; S284K; E349K; K397N,1
N147K; S162I; N164S; G220V; K225T; R410H,1
S162I; N164S; M172I; G220V; K225T; V291A,1
S162I; N164S; G220V; K225T; T400P; G401V; R402V; G403A; L404W; V405L; K407R; I408S; I409F; R410V,1
L98P; S162I; N164S; A182T; G220V; K225T; N274S,1
G24S; T88Q; S162I; N164S; G220V; K225T,1
D54N; S162I; N164S; G220V; K225T; C231R,1
N138D; S162I; N164S; G220V; K225T; K330N,1
N111S; S162I; N164S; R193C; G220V; K225T; N320S,1
N161S; S162I; N164S; G220V; K225T; I352V,1
I4V; N138D; S162I; N164S; G220V; K225T; N258S,1
S162I; N164S; Y190H; G220V; K225T; S361F,1
Q75R; S162I; N164S; G220V; K225T; I232L,1
S162I; N164S; G220V; K225T; D270G; V382A; G403A; L404W; V405L; K407R; I408S; I409F; R410V,1
L98P; Y113C; S162I; N164S; G220V; K225T; Y268C,1
S162I; N164S; G220V; K225T; N320S,1
S162I; N164S; N195S; N200D; G220V; K225T,1
H56L; S162I; N164S; G220V; K225T; P298S,1
S162I; N164S; G220V; K225T; L260R,1
L98P; S162I; N164S; G220I; K225T; I371L,1
E154G; S162I; N164S; M172I; G220V; K225T; N274D,1
S162I; N164S; G220V; K225T; A313E; N390S,1
S162I; N164S; G220V; K225T; K311Q,1
T50S; N138D; S162I; N164S; G220V; K225T,1
S32A; Q75P; S76T; S162I; N164S; G220V; K225T,1
S162I; N164S; G220V; K225T; Q236R; N297S,1
Q141R; S162I; N164S; G220V; K225T; Y351C,1
Q27K; S162I; N164S; A207E; G220V; K225T,1
L98P; G100S; S162I; N164S; G220V; K225T,1
E154G; S162I; N164S; Y190D; G220V; K225T,1
P52S; G101S; S162I; N164S; G220V; K225T; N274S,1
N122K; S162I; N164S; G220V; K225T; C231R,1
R16C; N111S; S162I; N164S; G220V; K225T,1
S162I; N164S; G220V; K225T; I232T; N370T,1
S162I; N164S; R193C; G220V; K225T; I232T,1
S60G; S162I; N164S; G220V; K225T; I399V,1
S162I; N164S; G220V; K225T; K288*,1
L98P; S162I; N164S; G220V; K225T; N277S; N390S,1
L98P; N116Y; S162I; N164S; G220V; K225T,1
S162I; N164S; I165T; G220V; K225T; T341A,1
S162I; N164S; G220V; K225T; N248T; D278N,1
Y20H; S162I; N164S; G220V; K225T; N383T; F384L; R385E; G386V; Q387R; N388M; A389Q; N390I; L391*; N392T; P393R; R394V; I395L; I396S; K397N; P398R; I399L; T400P; G401V; R402V; G403A; L404W; V405L; K407R; I408S; I409F; R410V,1
L98P; S162I; N164S; A182E; G220V; K225T,1
I41V; S162I; N164S; G220V; K225T; I262F,1
S162I; N164S; G220V; K225T; Y351C; D366G,1
S162I; N164S; G220V; K225T; K330R; G403D,1
I35V; I134V; S162I; N164S; G220V; K225T,1
S76N; L98P; S162I; N164S; G220V; K225T; N390S,1
E28K; N138D; S162I; N164S; G220V; K225T; S314N; I316N; Q344N,1
S162I; N164S; S166A; G220V; K225T; D325N,1
P52L; S162I; N164S; G220V; K225T; T230K,1
S99L; N138D; S162I; N164S; G220V; K225T; I233V,1
L98P; S162I; N164S; G220V; K225T; I282L,1
S162I; N164S; G220V; K225T; N269T; S372R,1
L98P; I102L; S162I; N164S; G220V; K225T; K245N; N258S,1
R93L; S162I; N164S; G220V; K225T; N243S,1
S162I; N164S; I181T; G220V; K225T,1
S162I; N164S; G220V; K225T; Y268C; G401D,1
E154G; S162I; N164S; G220V; K225T; K356E,1
A129S; E154G; S162I; N164S; G220V; K225T,1
E28G; S162I; N164S; G220V; K225T; K329E,1
S162I; N164S; G220V; K225T; D301E; G401D,1
N138D; S162I; N164S; G220V; K225T; T335I,1
I134V; S162I; N164S; A182E; G220V; K225T,1
S162I; N164S; P188Q; G220V; K225T,1
E28K; S162I; N164S; G220V; K225T; I227V; Y299C,1
S32A; H56L; I90M; D121P; V148I; S162I; N164S; S198T; I199D; G220V; K225T,1
N92K; S162I; N164S; G220V; K225T; I368V,1
S162I; N164I; G220V; K225T; T230K; D301G,1
E154G; S162I; N164S; G220V; K225T; C231R; I352V,1
N10D; E154G; S162I; N164S; G220V; K225T; E305K,1
N10S; L98P; S162I; N164S; G220V; K225T; D325N,1
V13I; S99T; S162I; N164S; G220V; K225T,1
N72S; S162I; N164S; G220V; K225T; N362D,1
N96D; L98P; S162I; N164S; G220V; K225T,1
E154G; S162I; N164S; G220V; K225T; I302T; L339S,1
S162I; N164S; G220V; K225T; G374D; Q387E,1
N14D; L98P; S162I; N164S; G220V; K225T; F324L,1
G49V; G100V; S162I; N164S; G220V; K225T,1
S162I; N164S; G220V; K225T; I227V; D326E; I371T,1
S162I; N164S; G220V; K225T; G353D; I409T,1
S6T; S60N; S162I; N164S; G220V; K225T; I368V,1
L114M; P155S; S162I; N164S; G220V; K225T,1
V13I; S162C; G220V; K225T; C231R; A313T,1
M1I; S162I; N164S; R193H; G220V; K225T,1
S162I; N164S; G220V; K225T; F384L; R385E; G386V; Q387R; N388M; A389Q; N390I; L391*; N392T; P393R; R394V; I395L; I396S; K397N; P398R; I399L; T400P; G401V; R402V; G403A; L404W; V405L; K407R; I408S; I409F; R410V,1
R45S; G64S; S162I; N164S; G220V; K225T; D312N,1
S162I; N164S; G220V; K225T; N258H,1
F29S; K135R; S162I; N164S; G220V; K225T,1
S162I; N164S; G220V; K225T; I227V; A313T,1
S162I; N164S; I183M; G220V; K225T; I233V,1
T88Q; S162I; N164S; G220V; K225T; C231S,1
S162I; N164S; G220V; K225T; K311E; F337S,1
S162I; N164S; G220V; K225T; I232F; T242A,1
L98P; S162I; N164S; G220V; K225T; K407N,1
S162I; N164S; G220V; K225T; N243S; A389V,1
L98P; E154G; S162I; N164S; G220V; K225T; C231R; N390S,1
E154G; S162I; N164S; G220V; K225T; Y357H,1
N161T; S162I; N164S; G220V; K225T,1
I35V; L98P; S162I; N164S; G220V; K225T; V265A,1
S32A; S162I; N164S; G220V; K225T; I227M,1
G49D; S162I; N164S; G220V; K225T; D278N; Y355H,1
N92K; L98P; V132I; S162I; N164S; G220V; K225T,1
S162I; N164S; I199V; G220V; K225T; I316V,1
L98P; S162I; N164S; G220V; K225T; D325N; I377T,1
L98P; N164S; S198T; I199D,1
S162I; N164S; G220V; K225T; Q344N; N365D; S372T; E373Q; Y375F; N378G; N379S; K381A; V382T; F384Y; R385K; A389V; N390E; L391E; R394Q; I396V; K397E; P398E; T400K,1
L98P; S162I; N164S; G220V; K225T; E250K; S284N; D325N,1
S162I; N164S; M172I; G220V; K225T; K311R,1
N72D; S162I; N164S; G220V; K225T; C231S,1
S162I; N164S; G220V; K225T; V265D; A266E; Y268W; N269E; D270Q; Y272R; T273S; L275V; N277K; D278K; R280E; K281E; S284K,1
I39T; S162I; N164S; I199M; G220V; K225T,1
N10D; I143V; S162I; N164S; G220V; K225T,1
E154G; S162I; N164S; G220V; Y222C; K225T,1
G101S; S162I; N164S; G220V; K225T; E349K,1
N10D; L98P; D121Y; S162I; N164S; G220V; K225T,1
S162I; G220V; K225T; T341A,1
D128A; E154G; S162I; N164S; G220V; K225T; N238S; G401D,1
M151I; S162I; N164S; G220V; K225T; G246V,1
G101S; S162I; N164S; G220V; K225T; S314F,1
G127V; S162I; N164S; G220V; K225T,1
N95D; G101S; S162I; N164S; S166A; G220V; K225T,1
L98P; S162I; N164S; G220V; K225T; Q236*,1
I35V; E154G; S162I; N164S; G220V; K225T; I247T,1
C26R; S162I; N164S; G220V; K225T; C231S,1
G101S; S162I; N164S; R193C; G220V; K225T,1
G101S; A153D; S162I; N164S; G220V; K225T,1
S32A; H56L; Q75T; S76T; S162I; N164S; G220V; K225T; A313S,1
N164S; G220V; K225T; C231R,1
D54N; S162I; N164S; G220V; K225T; I232V,1
L98P; N161S; S162I; N164S; G220V; K225T; D325N,1
I134V; S162I; N164S; G220V; K225T; C231R; P294S,1
S162I; N164S; G220V; K225T; V265A; G403D,1
L98P; S162I; N164S; G220V; K225T; P294L,1
L98P; A153V; S162I; N164S; G220V; K225T; T341I,1
T59I; I102L; S162I; N164S; G220V; K225T,1
L98P; S162I; N164S; G220V; K225T; P298S; S372R,1
G101S; S162I; N164S; G220V; K225T; I371V,1
S162I; N164S; G220V; K225T; I233V; K359R,1
S162I; N164S; G220V; K225T; T273S,1
S162I; N164S; G220V; K225T; N243I; P298S,1
S162I; N164S; G220V; K225T; V265A; K330R,1
N10D; T59S; S162I; N164S; G220V; K225T,1
L98P; S162I; N164S; G220V; K225T; Q354R; K397N,1
L98P; S162I; N164S; G220V; K225T; N238S; D270N,1
L98P; S162I; N164S; S198T; I199D; K225T,1
S162I; N164S; G220V; K225T; C231R; R410L,1
L98P; S162I; N164S; G220V; K225T; D326E; N362S,1
E154G; S162I; N164S; H176Y; G220V; K225T,1
S162I; N164S; T185P; G220V; K225T; V265A,1
K22R; L98P; S162I; N164S; G220V; K225T,1
N10D; D77N; S162I; N164S; G220V; K225T,1
S60N; S162I; N164S; G220V; K225T; T242A,1
S162I; N164S; G220V; K225T; C231R; G246S,1
S162I; N164S; G220V; K225T; V291G; N376H,1
S162I; N164S; V184I; G220V; K225T; T350S,1
E154G; S162I; N164S; G220V; K225T; V345I,1
L98P; S162I; N164S; G220V; K225T; R410C,1
L98P; S162I; N164S; G220V; K225T; P298Q,1
S162I; N164S; G220V; K225T; E305K; D325N,1
S137G; S162I; N164S; G220V; K225T; N388T,1
N111D; S162I; N164S; G220V; K225T; N365D,1
D121N; S162I; N164S; G220V; K225T; A266V,1
S162I; N164S; P206Q; G220V; K225T; S284N,1
N10D; N138D; S162I; N164S; G220V; K225T,1
S162I; N164S; M172I; G220V; K225T; P298S,1
S76N; S162I; N164S; G220V; K225T; N248S,1
S162I; N164S; S198L; G220V; K225T; C231R; A313S,1
N116H; F136L; S162I; N164S; G220V; K225T; C231R,1
S60N; D65E; S162I; N164S; G220V; K225T,1
M151V; S162I; N164S; G220V; K225T; N258S,1
E154G; S162I; N164S; G220V; K225T; Y272C,1
E28D; E154K; S162I; N164S; G220V; K225T,1
S162I; N164S; G220V; Y222F; K225T; F252L; Q295R,1
L98P; A131V; S162I; N164S; G220V; K225T; E349G,1
L98P; S162I; N164S; G220V; K225T; I232V; S318G,1
S162I; N164S; G220V; K225T; K330R; Y355H; V405F,1
L98P; S162I; N164S; G220V; G223V; K225T; C231S,1
L98P; A129S; S162I; N164S; G220V; K225T; N243S,1
I41V; S162I; N164S; G220V; K225T; Q295*,1
S162I; N164S; G220V; K225T; S367A; L404P,1
N34I; S162I; N164S; G220V; K225T,1
S162I; N164S; G220V; K225T; N269S; R394H,1
N10D; S162I; N164S; G220V; K225T; A389T,1
E154G; S162I; N164S; G220V; K225T; G386S,1
S162I; N164S; I199N; G220V; K225T; K245E,1
L98P; S162I; N164S; G179D; G220V; K225T,1
F136S; S162I; N164S; G220V; K225T; A389G,1
S32A; H56L; Q75T; S76T; L98P; V148F; G220V; K225T,1
N138D; S162I; N164S; G220V; K225T; A266E; K397N,1
L98P; S162I; N164S; M172I; L208M; G220V; K225T,1
S162I; N164S; G220V; K225T; C231R; N378K,1
S162I; N164S; G220V; K225T; A283V; I371V,1
S162I; N164S; G220V; K225T; I232T; I241V,1
S162I; N164S; G220V; K225T; C231R; A313E,1
L98P; S162I; N164S; G220V; K225T; D325N; F337S,1
S162I; N164S; G220V; K225T; Y307C; A313P,1
S162I; N164S; G220V; K225T; N365Y,1
S162I; N164S; G220V; K225T; C231S; E305K,1
S162I; N164S; G220V; K225T; Q236*; V345I,1
S162I; N164S; N200D; G220V; K225T; I227V,1
N10S; S162I; N164S; F202S; G220V; K225T,1
S60N; S162I; N164S; G220V; K225T; R402H,1
G101S; S162I; N164S; A207T; G220V; K225T,1
L98P; I134V; L145R; S162I; N164S; G220V; K225T; N362D; S372R,1
E154G; S162I; N164S; G220V; K225T; S284N,1
D54E; S162I; N164S; G220V; K225T,1
S162I; N164S; G220V; K225T; N261D; I408N,1
S66F; S162I; N164S; G220V; K225T; L253F,1
S162I; N164S; G220V; K225T; V265A; D325N,1
N14D; L98P; S162I; N164S; G220V; K225T,1
N10D; S162I; N164S; G220V; K225T; S292I,1
S162I; N164S; F194L; G220V; K225T; N277S; K381R,1
N10D; S162I; N164S; N197S; K225T,1
N10D; S162I; N164S; N197S; L218Q; G220V; K225T,1
S162I; N164S; R193L; G220V; K225T; C231R,1
D65Y; S162I; N164S; M172I; G220V; K225T,1
S162I; N164S; M172I; G220V; K225T; S361A,1
S162I; N164S; G220V; K225T; I232V; D270G,1
S162I; N164S; G220V; K225T; Y272D,1
I134V; S162I; N164S; G220V; K225T; Y307*; F358S; K359N; L360C; S361L; N362T; L363C; L364*; N365T; D366T; S367L; I368S; Y369T; N370I; I371L; S372A; E373R; G374V; Y375I; N376T; I377S; N378T; N379T; L380*; K381R; V382*; N383T; F384L; R385E; G386V; Q387R; N388M; A389Q; N390I; L391*; N392T; P393R; R394V; I395L; I396S; K397N; P398R; I399L; T400P; G401V; R402V; G403A; L404W; V405L; K407R; I408S; I409F; R410V,1
Y20C; S162I; N164S; G220V; K225T; D326Y,1
P12S; S162I; N164S; G220V; K225T; N362D,1
S76G; D121A; S162I; N164S; G220V; K225T,1
D128A; S162I; N164S; G220V; K225T; S372R,1
V13I; I41V; S162I; N164S; G220V; K225T,1
L98P; S162I; N164S; G220V; K225T; I271T; D338Y; T400A,1
S137C; S162I; N164S; G220V; K225T,1
S6T; E154G; S162I; N164S; G220V; K225T; A389V,1
N118S; T119I; S162I; N164S; G220V; K225T; P398T; I399D; T400Y; G401R; R402S; G403W; L404P; V405G; K406*; I408D; I409H; R410S,1
L98P; S162I; N164S; G220V,1
N138D; S162I; N164S; M172L; G220V; K225T,1
S162I; N164S; G220V; K225T; N365D; P398T,1
S162I; N164S; G220V; K225T; F343L; N365D,1
L98P; N118D; S162I; N164S; G220V; K225T; N362S,1
S162I; N164S; G220V; K225T; G308D; K406R,1
G101S; S162I; N164S; G220V; K225T; R280H; A283S; N293S,1
S60N; S162I; N164S; G220V; K225T; I271T; G353S,1
S162I; G220V; K225T; C231L,1
I41V; S162I; N164S; G220V; K225T; T264S,1
E154G; S162I; N164S; R193H; P206T; G220V; K225T,1
Q141P; S162I; N164S; G220V; K225T,1
N72D; I134V; S162I; N164S; G220V; K225T,1
L98P; T160M; S162I; N164S; G220V; K225T,1
I102L; S108I; S162I; N164S; G220V; K225T,1
S162I; N164S; G220V; K225T; C231S; Q237R,1
S162I; N164S; I203T; G220V; K225T; N274S,1
D11Y; G24C; E28K; D128Y; S162I; N164S; S198T; I199D; G220V; K225T,1
T59A; S162I; N164S; G220V; K225T; C231R; T234P,1
L98P; S162I; N164S; G220V; K225T; S314Y; N390S,1
S162I; N164S; M172I; I199L; G220V; K225T,1
L98P; S162I; N164S; G220V; K225T; T228S,1
L98P; S162I; N164S; G220V; K225T; N269S; I327T,1
S162I; N164S; I183V; G220V; K225T; N293D,1
S162I; N164S; F192S; G220V; K225T; K285N,1
K31*; S162I; N164S; G220V; K225T; S372T; E373Q; Y375F; N378G; N379S; K381A; V382T; F384Y; R385K; A389V; N390E; L391E; R394Q; I396V; K397E; P398E; T400K; K407N; I408K; R410E; F411E,1
S162I; N164S; G220V; K225T; T264I; D325N,1
S32A; H56L; Q75T; S76T; D121P; G220V; K225T,1
G24C; S162I; N164S; G220V; K225T; A266E,1
N138D; S162I; N164S; G220V; K225T; K288R; A389T,1
S6T; Q75T; S76T; T88Q; L98P; S162I; N164S; G220V; K225T; N261D,1
S162I; N164S; G220V; K225T; L275W,1
I21T; S162I; N164S; G220V; K225T; T273N,1
V47A; L98P; I126F; S162I; N164S; G220V; K225T; N390S,1
D128A; S162I; N164S; G220V; K225T; C231R,1
N96S; S162I; N164S; G220V; K225T; Y355H,1
R45C; Q141*; S162I; N164S; G220V; K225T,1
S140G; S162I; N164S; G220V; K225T; C231S,1
L98P; F124L; S162I; N164S; G220V; K225T; N390S,1
N10D; S162I; N164S; G220V; K225T; K397N,1
E28K; L98P; K109R; S162I; N164S; G220V; K225T,1
S60N; S162I; N164S; G220V; K225T; C231R; E373D,1
N97S; E154G; S162I; N164S; V184I; G220V; K225T,1
S162I; N164S; G220V; K225T; N293D; N362D,1
E78*; S162I; N164S; G220V; K225T,1
S162I; N164S; G220V; K225T; C231S; Y369C,1
N92S; L98P; S162I; N164S; G220V; K225T,1
N138D; S162T; N164S; G220V; K225T,1
L98P; S162I; N164S; G220V; K225T; N258K; N390S,1
N10S; L98P; S162I; N164S; G220V; K225T; S318I,1
S162I; N164S; M172I; G220V; K225T; N243S,1
N96S; S162I; N164S; G220V; K225T; T335I,1
N138S; E154G; S162I; N164S; G220V; K225T,1
S162I; N164S; G220V; K225T; T273P,1
Q75K; L98P; S162I; N164S; G220V; K225T; E373D,1
Q75T; S76T; L98P; S162I; N164S; G220V; K225T; E373D,1
Y113S; S162I; N164S; G220V; K225T; Y369H,1
H56L; Q75T; S76T; T88Q; D121P; S162I; N164S; G220V; K225T; I409T,1
D156V; S162I; N164S; G220V; K225T,1
I4M; L98P; S162I; N164S; G220V; K225T; N390S,1
S162I; N164S; G177D; G220V; K225T; C231R,1
S60N; P112S; S162I; N164S; S217G; G220V; K225T,1
I41V; S162I; N164S; R193C; G220V; K225T,1
I102M; S162I; N164S; G220V; K225T; C231R,1
T17A; P23S; S162I; N164S; G220V; K225T,1
I102M; E154G; S162I; N164S; G220V; K225T,1
N122D; S130C; S162I; N164S; G220V; K225T,1
P146L; S162I; N164S; I203V; G220V; K225T; G386S,1
S162I; N164S; G220V; K225T; I263T,1
P12S; S162I; N164S; G220V; K225T; S314Y,1
S162I; N164S; G220I; K225T; D301A,1
T59I; S60N; S162I; N164S; G220V; K225T,1
F83Y; S162I; N164S; G220V; K225T; A313T,1
N8I; S162I; N164S; G220V; K225T,1
S162I; N164S; M172L; G220V; K225T; C231S,1
N92S; S162I; G220V; K225T,1
I41V; S162I; N164S; G220V; K225T; I316V,1
N138D; S162I; N164S; G220V; K225T; S292N; D325N,1
L98P; S162I; N164S; G220V; K225T; N322T,1
S162I; N164S; G220V; K225T; C231R; L391M,1
Y68C; E154G; S162I; N164S; G220V; K225T,1
P146S; S162I; N164S; M172I; G220V; K225T,1
L61M; Q75*; S162I; N164S; G220V; K225T,1
S162I; N164S; G220V; K225T; S318G,1
Q141K; M151I; S162I; N164S; G220V; K225T,1
E28K; S162I; N164S; G220V; K225T; I232T; S318I,1
E154G; S162I; N164S; G220V; K225T; G401C,1
G64S; S162I; N164S; G220V; K225T; N243S,1
N72D; L98P; S162I; N164S; G220V; K225T; I263V,1
S162I; N164S; G220V; K225T; D301A; N365D,1
S162I; N164S; D196Y; G220V; K225T; T230K,1
S162I; N164S; G220V; K225T; N390I; L391*; N392T; P393R; R394V; I395L; I396S; K397N; P398R; I399L; T400P; G401V; R402V; G403A; L404W; V405L; K407R; I408S; I409F; R410V,1
S162I; N164S; G220V; K225T; V345L; G353S,1
M1V; N10S; S162I; N164S; G220V; K225T,1
S162I; N164S; G220V; K225T; Q344N; R348H,1
S162I; N164S; M172I; G220V; K225T; K323Q; Q344N; N365D,1
N138D; S162I; N164S; G220V; K225T; A266E,1
S60N; D65N; S162I; N164S; G220V; K225T,1
H56R; G101S; S162I; N164S; G220V; K225T,1
I102V; S162I; N164S; G220V; K225T; Y355H,1
S162I; N164S; E189G; G220V; K225T,1
S162I; S163P; N164S; G220V; K225T; T230A,1
K22N; N138D; S162I; N164S; G220V; K225T,1
N138D; S162I; N164S; G220V; K225T; E349K,1
S162I; N164S; I199N; G220V; K225T; N370S,1
N96S; S162I; N164S; G220V; K225T; V405F,1
N138D; S162I; N164S; G220V; K225T; N378D,1
L98P; S162I; N164S; N195S; I199F; G220V; K225T,1
L98P; S162I; N164S; R193C; G220V; K225T; T230K,1
L98P; I134V; S162I; N164S; G220V; K225T; N376S,1
V87M; N138D; S162I; N164S; G220V; K225T,1
I102L; E154G; S162I; N164S; G220V; K225T,1
S162I; N164S; G220V; K225T; I232V; T264I; G401S,1
A129S; S162I; N164S; Y171F; G220V; K225T,1
S162I; N164S; S217G; G220V; K225T; D278N,1
S162I; N164S; G220V; K225T; C231R; I232V,1
M151V; S162I; N164S; G220V; K225T; N383D,1
Q141R; S162I; N164S; G220V; K225T; N248S,1
S162I; N164S; G220V; K225T; I232L; N258S,1
S162I; N164S; G220V; K225T; Q387K; G401D,1
N8S; S162I; N164S; G220V; K225T,1
S162I; N164S; T185N; G220V; K225T; I262V,1
V132I; E154G; S162I; N164S; G220V; K225T; F343L,1
L98P; S162I; N164S; R193C; G220V; K225T; N390S,1
N10D; S162I; N164S; G220V; K225T; I232T; T273A; G403D,1
S162I; N164S; G220V; K225T; I377S,1
S130P; S162I; N164S; G220V; K225T; C231Y,1
L98P; S162I; N164S; G220V; K225T; I233V; N243S,1
K62R; L98P; S162I; N164S; G220V; K225T; V265A; N390S,1
E154G; S162I; N164S; Y171F; G220V; K225T,1
G127V; S162V; N164S; G220V; K225T,1
V13I; H56L; S60N; S162I; N164S; G220V; K225T,1
L98I; S162I; N164S; G220V; K225T; C231S,1
L98P; S162I; N164S; N175D; G220V; K225T; N390S,1
R45C; Q141R; S162I; N164S; G220V; K225T,1
H125L; S162I; N164S; G220V; K225T; N297D,1
A129S; S162I; N164S; G220V; K225T; C231R,1
S162I; N164S; V184I; G220V; K225T; N297K; R385G,1
L98P; S162I; N164S; G220V; K225T; T234A; T242A,1
E154G; S162I; N164S; G220V; K225T; S292T; A313T,1
L98P; S162I; N164S; Y190H; G220V; K225T; N390S,1
S162I; N164S; H176Y; G220V; K225T; T228I; N362D,1
S162I; N164S; G220V; K225T; N362D; I395T,1
L98P; P112Q; S162I; N164S; G220V; K225T; D325N,1
Y20H; S162I; N164S; G220V; K225T; Q236H,1
P71S; E154G; S162I; N164S; G220V; K225T,1
T17A; N138D; S162I; N164S; G220V; K225T; N378D,1
S32A; H56L; G101S; D121P; S162I; N164S; G220V; K225T,1
S60N; S162I; N164S; G220V; K225T; S361A,1
Q123K; S162I; N164S; G220V; K225T,1
S162I; N164S; N195T; G220V; K225T; K407N; I408K; R410E; F411E,1
S60N; S162I; N164S; G220V; K225T; G403V,1
L98P; S162I; N164S; G220V; K225T; I232L,1
N138D; S162I; N164S; G220V; K225T; I408N,1
K37R; F136L; S162I; N164S; G220V; K225T,1
S162I; N164S; V184I; G220V; K225T; Y317C,1
L98P; L145V; S162I; N164S; G220V; K225T,1
E154G; S162I; N164S; G220V; K225T; D301V,1
E154G; S162I; N164S; S198L; G220V; K225T,1
L98P; S162I; N164S; G220V; K225T; I227T; I232T,1
L98P; S162I; N164S; G220V; K225T; K381E,1
S162I; N164S; H219Y; G220V; K225T; N248S,1
S162I; N164S; G220V; K225S,1
D121N; S162I; N164S; G220V; K225T; D325N,1
S162V; N164S; G220V; K225T; R385G,1
S162I; N164S; G220V; K225T; C231S; D326A,1
S162I; N164S; G220V; K225T; V265G,1
L98P; S162I; N164S; G220V; K225T; P398S,1
N10D; M36I; S162I; N164S; G220V; K225T; I232T; N379K,1
I18L; L98P; S162I; N164S; G220V; K225T; I233V,1
S162I; N164S; N195T; G220V; K225T; C231R,1
S162I; N164S; N195S; H216Y; G220V; K225T,1
E154G; S162I; N164S; V184I; G220V; K225T,1
S162I; N164S; I199T; G220V; K225T; Y332*,1
I134V; S162I; N164S; M172I; N200D; G220V; K225T,1
S162I; N164S; S198L; G220V; K225T; L296P,1
S162I; N164S; N169D; P173L; G220V; K225T; P239S,1
N72D; L98P; S162I; N164S; G220V; K225T; D270N,1
S162I; N164S; G220V; K225T; D278N; P298T,1
S162I; N164S; G220V; K225T; T341A; I408D; I409H; R410S,1
F91L; L98P; S162I; N164S; G220V; K225T,1
A153S; S162I; N164S; G220V; K225T; E349K,1
S162I; N164S; S198T; I199D; G220V; K225I; V265I,1
N138D; S162I; N164S; G220V; K225T; K406R,1
G49S; S162I; N164S; G220V; K225T; C231R,1
L98P; D128A; S162I; N164S; G220V; K225T; G226V,1
A129S; S162V; N164S; G220V; K225T,1
I134V; S162I; N164S; G220V; K225T; I352T,1
E44D; E154G; S162I; N164S; G220V; K225T,1
F136L; S162I; N164S; G220V; K225T; S314A,1
E105K; S162I; N164S; G220V; K225T; N248S,1
L98P; E106D; S162I; N164S; G220V; K225T,1
S162I; N164S; G220V; K225A,1
N10K; S162I; N164S; I199N; G220V; K225T; N274S,1
S162C; N164S; G220V; K225T; C231R,1
N138D; S162I; N164S; G220V; K225T; L253S,1
S162I; N164S; I183L; G220V; K225T; N277D,1
S99P; S162I; N164S; G220V; K225T; C231R,1
P58L; E154G; S162I; N164S; G220V; K225T,1
S162I; N164S; G220V; K225T; C231R; K359R,1
S162I; N164S; G220V; K225T; P298S; N370D,1
S162I; N164S; G220V; K225T; A283V; F324V,1
D117N; S162I; N164S; G220V; K225T; C231R,1
I134V; S162I; N164S; G220V; K225T; V382M,1
Q75R; L98P; S162I; N164S; I199T; G220V; K225T,1
I35T; S162I; N164S; G220V; K225T,1
S67C; S162I; N164S; G220V; K225T,1
G100D; S162I; N164S; G220V; K225T; I232T,1
Q75R; S162I; N164S; G220V; K225T; F252I,1
S76R; E154G; S162I; N164S; G220V; K225T,1
S60G; E78*; S162I; N164S; G220V; K225T,1
S162I; N164S; I183V; I199V; G220V; K225T,1
S162I; N164S; G220V; K225T; C231S; Q235K,1
L98P; S162I; N164S; Y190C; G220V; K225T; I232L,1
N138D; E159G; S162I; N164S; G220V; K225T,1
N10D; S162I; G220V; K225T; C231R,1
P2L; S162I; N164S; G220V; K225T; F252C,1
S162I; N164S; M172I; G220V; K225T; I271T,1
G64S; S162I; N164S; G220V; K225T; N248S,1
I39V; S162I; N164S; G220V; K225T; N362D,1
P2L; G101S; S162I; N164S; G220V; K225T,1
S162I; N164S; G220V; K225T; A313T; I396F; P398T,1
S162I; N164S; G220V; K225T; I227V; S284N,1
L98P; S162I; N164S; H212Y; G220V; K225T,1
E154G; S162I; N164S; G220V; Y222H; K225T,1
S162I; N164S; G220V; K225T; N274S; V405A,1
S162I; N164S; N169Y; G220V; K225T; Y357C,1
N164S; S198T; I199D,1
K62Q; S162I; N164S; G220V; K225T,1
E154G; S162I; N164S; G220V; K225T; R348H,1
K22N; L98P; S162I; N164S; G220V; K225T; N390S,1
S162I; N164S; G220V; K225T; Q267R; G308S,1
P120L; A129S; S162I; N164S; G220V; K225T,1
S162I; N164S; G220V; K225T; C231R; K323N,1
S162I; N164S; G220V; K225T; N383D; N390D,1
S162I; N164S; G220V; K225T; I371V; A389V,1
L98P; V132A; S162I; N164S; G220V; K225T,1
G64S; S130F; S162I; N164S; G220V; K225T,1
S60G; S162I; N164S; G220V; K225T; K381N,1
N10D; R16H; S162I; N164S; G220V; K225T; I232T; S314F,1
Y68H; E154G; S162I; S163F; N164S; G220V; K225T,1
S162I; N164S; G220F; K225T; I409V,1
K62N; S162I; N164S; G220V; K225T; N378S; R394C,1
N138D; S162I; N164S; G220V; K225T; I371V,1
L61M; S162I; N164S; G220V; K225T; N383S,1
S162I; N164S; P173S; G220V; K225T; T400N,1
I102L; S162I; N164S; G220V; K225T; I227V,1
K80R; N122D; S162I; N164S; G220V; K225T,1
S60N; S162I; N164S; G220V; K225T; C231R; I241V,1
D81G; S162I; N164S; N195K; G220V; K225T,1
K80N; F136L; S162I; N164S; G220V; K225T,1
S162I; N164S; G220V; K225T; L364P,1
K62N; S162I; N164S; G220V; K225T; C231R; I249V,1
E154G; S162I; N164S; G220V; K225T; Y369N,1
I18F; S162I; N164S; I199N; G220V; K225T; N274S,1
S130A; S162I; N164S; G220V; K225T; D278N,1
S162I; N164S; G220V; K225T; Y272H; N376D,1
L98P; S162I; N164S; G220V; K225T; R348L,1
S162I; N164S; I215T; G220V; K225T; V405I,1
Q27*; N111S; S162I; N164S; G220V; K225T,1
L98P; S162I; N164S; G220V; K225T; Q354*; N390S,1
S162I; N164S; G220V; K225T; D270Y; D301E; I409S,1
L98P; S162I; N164S; G220V; K225T; T234P; F255L,1
S162I; N164S; G220V; K225T; D270N; S372G,1
S130A; S162I; N164S; G220V; K225T,1
N63D; S162I; N164S; H176Q; G220V; K225T,1
N10D; P23L; S162I; N164S; G220V; K225T,1
N63D; V87M; S162I; N164S; G220V; K225T,1
G64V; S162I; N164S; G220V; K225T; N390S,1
S162I; N164S; G220V; K225T; T350S,1
S162I; N164S; G177V; G220V; K225T; Q387E,1
N10D; R16C; L98P; S162I; N164S; G220V; K225T; E373D,1
G101S; S162I; N164S; F178V; N195S; G220V; K225T,1
S162I; N164S; I199N; G220V; K225T; T230A,1
S6T; S162I; N164S; G220V; K225T; S292I,1
S162I; N164S; G220V; K225T; V265D; P398S,1
R45H; S162I; N164S; G220V; K225T; S292N,1
K135E; S162I; N164S; M172I; G220V; K225T,1
S162I; N164S; G220V; K225T; L309P; N379S,1
D65N; I126F; E154G; S162I; N164S; G220V; K225T,1
S162I; N164S; G220V; K225T; F334L; I409S,1
S162I; N164S; R193C; G220V; K225T; I232S; A266E,1
S162I; N164S; G220V; K225T; N383I,1
P12S; L98P; S162I; N164S; G220V; K225T,1
S162I; N164S; I199T; G220V; K225T; D325G,1
D117N; S162I; N164S; G220V; K225T; I227V; P393T,1
S162I; N164S; G220V; K225T; V382M; N390S,1
S162I; N164S; G220V; K225T; P239L; E250D; E336K,1
G24S; S162I; N164S; G220V; K225T; N370D,1
S76N; E154G; S162I; N164S; G220V; K225T; K300R,1
N97S; S162I; N164S; G220V; K225T; N362D,1
S162T; N164S; G220V; K225T; N322S,1
R16H; S60N; S162I; N164S; G220V; K225T,1
S162I; N164S; G220V; K225T; C231R; E336K,1
S162I; N164S; G220V; K225T; S314N; I316N; F358S,1
S162I; N164S; G220V; K225T; L404R; V405L; K407R; I408S; I409F; R410V,1
Y113H; N138D; S162I; N164S; G220V; K225T; N277D,1
N72S; E154K; S162I; N164S; G220V; K225T,1
S162I; N164S; M172I; G220V; K225T; N379S,1
R82C; S162I; N164S; I199T; G220V; K225T,1
S162I; N164S; N195S; G220V; K225T; N258S,1
S6T; H56L; Q75T; S76T; T88Q; D121P; S162I; S198T; I199D; S314N; I316N,1
G101S; S162I; N164S; G220V; K225T; A389T,1
T88Q; S162I; N164S; G220V; K225T; A313V,1
S162I; N164S; T185I; G220V; K225T; G401D,1
S162I; N164S; G220V; K225T; T242A; P298S,1
S162I; N164S; G220V; K225T; S367A,1
L98P; S162I; N164S; G220V; K225T; I247V; A266T,1
S162I; N164S; G220V; K225T; Y355R,1
N8S; S162I; N164S; G220V; K225T; C231R,1
L98P; I134V; S162I; N164S; G220V; K225T; I352V,1
S60N; S162I; N164S; P206S; G220V; K225T,1
Q75L; E154G; S162I; N164S; G220V; K225T,1
K62N; S162I; N164S; G220V; K225T; I232T,1
L61M; L98P; S162I; N164S; D196G; G220V; K225T,1
N63S; L98P; S162I; N164S; G220V; K225T,1
K37N; N96D; S162I; N164S; G220V; K225T,1
I126L; S162I; N164S; G220V; K225T,1
L98P; I134V; S162I; N164S; G220V; K225T; V405I,1
L98P; I102L; N138D; S162I; N164S; G220V; K225T,1
S162I; N164S; G220V; K225T; D270A; L360*; D366E,1
N96S; S162I; N164S; G220V; K225T; S314N; Q344K,1
F29L; S162I; N164S; G220V; A224T; K225T,1
S162I; N164S; G220V; K225T; Y279F,1
N10D; S162I; N164S; G220V; K225T; A266V,1
F83L; S162I; N164S; D196Y; G220V; K225T,1
K3R; S162I; N164S; G220V; K225T; C231R,1
S66P; S162I; N164S; G220V; K225T; Q344H,1
S162I; N164S; G220V; K225T; N258T; S314N; I316N,1
I134V; S162I; N164S; G220V; K225T; Q387*,1
R93C; F136S; S162I; N164S; G220V; K225T; R394S,1
Y68C; S162I; N164S; G220V; K225T; V265A,1
Y20H; F29L; S162I; N164S; G220V; K225T,1
S60N; S140G; S162I; N164S; G220V; K225T,1
G115D; S162I; N164S; G220V; K225T; K407R; I408S; I409F; R410V,1
E28K; G101S; P146L; S162I; N164S; G220V; K225T,1
S162I; N164S; G220V; K225T; R280P,1
E154G; S162I; N164S; G220V; K225T; Y268H; K330R,1
L98P; I102L; I134V; S162I; N164S; G220V; G223V; K225T,1
S162I; N164S; G220V; K225T; I316T; K330N,1
M151I; S162I; N164S; G220V; K225T; I232T,1
P52S; L98P; S162I; N164S; G220V; K225T; N390S,1
L98P; S162I; N164S; G220V; K225T; K330T,1
Y68H; L98P; S162I; N164S; G220V; K225T; N370S,1
N10S; G101S; S162I; N164S; G220V; K225T,1
M1I; S162I; N164S; I215M; G220V; K225T; N248S,1
N10T; S162I; N164S; G220V; K225T; C231R,1
N10D; S66F; S162I; N164S; G220V; K225T; I232T,1
N8S; N10D; S162I; N164S; G220V; K225T,1
N92K; S162I; N164S; G220V; K225T; S287N,1
I35V; L98P; S162I; N164S; G220V; K225T,1
G101S; S162I; N164S; G220V; K225T; N297D,1
S162I; N164S; R193L; N200D; G220V; K225T,1
S60N; S162I; N164S; G220V; K225T; N274S; N297S,1
I41V; S162I; N164S; I199N; G220V; K225T,1
N92K; S162I; N164S; G220V; K225T; R394S,1
S67N; S162I; N164S; E201G; G220V; K225T,1
S162I; N164S; G220V; K225T; P294T,1
L98P; S162I; N164S; G220V; K225T; I263V; R394H,1
E154G; S162I; N164S; G220V; K225T; N261D,1
S162I; N164S; G220V; K225T; D270N; N390S,1
E106K; S162I; N164S; G220V; K225T; S284N,1
N10S; S162I; N164S; G220V; K225T; F337S,1
N10S; L98F; S162I; N164S; G220V; K225T; F337S,1
I143V; S162I; N164S; G220V; K225T; G401D,1
R93C; E154G; G220V; K225T; C231R; L339S,1
E154G; S162I; N164S; G220V; K225T; Q236K,1
S140G; S162I; N164S; N197S; G220V; K225T,1
L98P; S162I; N164S; G220V; K225T; A313V; N390S,1
L98P; S162I; N164S; H212Y; I215V; G220V; K225T; E349K; K406E,1
L98P; S162I; N164S; A182S; G220V; K225T; N261D,1
L98P; S162I; N164S; G220V; K225T; G374D,1
S162I; N164S; G220V; K225T; D278E; S287G; G374S,1
S162I; N164S; I183M; G220V; K225T; A266E,1
L114R; S162I; N164S; G220V; K225T,1
N14D; E154A; S162I; N164S; G220V; K225T,1
N10D; S162I; N164S; G220V; K225T; I271T,1
S162V; N164S; G220V; K225T; S292N,1
L98P; D117N; S162I; N164S; G220V; K225S,1
N138D; S162I; N164S; G220V; K225T; I352T; N392D,1
D11N; S162I; N164S; N170Y; G220V; K225T,1
E154G; S162I; N164S; G220V; K225T; Y307C,1
T88S; S162I; N164S; G220V; K225T,1
N34D; A110V; S162I; N164S; G220V; K225T,1
N10D; S162I; N164S; G220V; Y222C; K225T,1
L98P; S162I; N164S; G220V; K225T; N248S; N378S,1
S162I; N164S; G220V; K225T; C231S; N388D,1
P112Q; S162I; N164S; G220V; K225T,1
H56Y; S162I; N164S; M172I; G220V; K225T,1
S162I; N164S; G220V; K225T; G401S; V405G; K406*; I408D; I409H; R410S,1
N10D; L98P; S162I; N164S; G220V; K225T; D270Y,1
P2S; L98P; S162I; N164S; G220V; K225T,1
S162I; N164S; G220V; K225T; S314A; N365D,1
N46S; S162I; N164S; G220V; K225T; C231R,1
S162I; N164S; G220V; K225T; E305K; P398T; I399D; T400Y; G401R; R402S; G403W; L404P; V405G; K406*; I408D; I409H; R410S,1
A153T; S162I; N164S; G220V; K225T; N274S,1
N10D; P12S; S162I; N164S; G220V; K225T; I352T,1
G101V; S162I; N164S; G220V; K225T; G246D,1
L98I; E154G; S162I; N164S; E201*; G220V; K225T; N322D,1
L98P; S162I; N164S; G220V; K225T; I232T; N390S,1
S140G; S162I; N164S; G220V; K225T; S361F,1
S162I; N164S; G220V; K225T; I232V; D326E,1
S162I; N164S; G220V; K225T; C231S; T242A,1
E79D; S162I; N164S; G220V; K225T; Y299H,1
S162I; N164S; N195K; G220V; K225T; I352V,1
S162I; N164S; G220V; K225I; N248S,1
S60N; S162I; N164S; G220V; K225T; F255L,1
L98P; N122D; S162I; N164S; G220V; K225T; P239Q,1
S162I; N164S; P173L; G220V; K225T; Y375C,1
S162I; N164S; G220V; K225T; F252L; D325G,1
S162I; N164S; G220V; K225T; I321T; N378S,1
Q53*; S76I; S162I; N164S; G220V; K225T,1
G101S; S162I; N164G; G220V; K225T,1
N72D; E154G; S162I; N164S; G220V; K225T; I282V; G403S,1
L98P; S162I; N164S; P173S; G220V; K225T; N390S,1
S162I; N164S; G220V; K225T; D278N; P398T; I399D; T400Y; G401R; R402S; G403W; L404P; V405G; K406*; I408D; I409H; R410S,1
S162I; N164S; M172I; G220V; K225T; I247V,1
D128A; N138D; S162I; N164S; G220V; K225T; G308C,1
A129E; N138K; S162I; N164S; G220V; K225T,1
S162I; N164S; G220V; A224E; K225T; G401D,1
I134V; S162I; N164S; G220V; K225T; N365D,1
L98P; I134V; S162I; N164S; G220V; K225T; I396T,1
S162I; N164S; G220V; K225T; D278N; S372I,1
S32R; N138D; S162I; N164S; G220V; K225T,1
Y73C; S162I; N164S; G220V; K225T; D301G,1
D156N; S162I; N164S; G220V; K225T; N258D,1
N97K; G115S; S162I; N164S; G220V; K225T,1
S60N; S162I; N164S; G220V; K225T; I408F,1
T50S; I134V; S162I; N164S; G220V; K225T; T234M,1
P52S; N122D; S162I; N164S; G220V; K225T,1
S60N; S162I; N164S; G220V; K225T; L404P; V405G; K406*; I408D; I409H; R410S,1
G101S; S162I; N164S; G220V; K225T; Y268H; A313S,1
S162I; N164S; N175S; G220V; K225T; N370S,1
S162I; N164S; G220V; K225T; I316T; N390D,1
S162I; N164S; G220V; K225T; N277D; K406E,1
S162I; N164S; T185N; G220V; K225T,1
N138D; S162I; N164G; G220V; K225T,1
S162I; N164S; A182V; G220V; K225T; N370S,1
L98P; S162I; N164S; G220V; K225T; D301V,1
G220V; K225T; K406*,1
S162I; N164S; G220V; K225T; V265D; A266E; Y268W; N269E; D270Q; Y272R; T273S; N277K; D278K; R280E; K281E; S284K; S314N; I316N; Q344N; N365D,1
I90F; S162I; N164S; M172V; G220V; K225T,1
E154G; S162I; N164S; G220V; K225T; I409T,1
S162I; N164S; M211I; G220V; K225T; I227V,1
I39T; S162I; N164S; G220V; K225T; K323R,1
S162I; N164S; G220V; K225T; C231R; K407R,1
S162I; N164S; G220V; K225T; Q235*; Y268H,1
Q27R; N138D; S162I; N164S; G220V; K225T,1
L98T; S162I; N164S; G220V; K225T,1
S162I; N164S; G220V; K225T; I232T; G403D,1
M1I; S162I; N164S; G220V; K225T; I262M,1
S162I; N164S; I181V; M211I; G220V; K225T,1
S162I; N164S; G220V; K225T; N379Y,1
S162I; N164S; N197S; G220V; K225T; N277S; D326N,1
K22M; S60N; S162I; N164S; G220V; K225T,1
S162I; N164S; G220V; K225T; N297S; K329R,1
I134V; S162I; N164S; G220V; K225T; N390S,1
P52Q; L98P; S162I; N164S; G220V; K225T; T341A,1
S162I; N164S; G220V; K225T; I232T; P298L,1
L98P; S162I; N164S; G220V; K225T; G386C; N390S,1
S162I; N164S; G220V; K225T; C231R; N258T,1
S162I; N164S; G220V; K225T; N269S; N376K,1
K62E; S162I; N164S; G220V; K225T; T230A,1
I102L; S162I; N164S; G220V; K225T; I316T,1
Q27R; S162I; N164S; G220V; K225T; D325N,1
L98P; H142N; S162I; N164S; G220V; K225T,1
S76N; E133*; S162I; N164S; G220V; K225T,1
D128A; N138S; S162I; N164S; G220V; K225T,1
K22N; L98P; S162I; N164S; G220V; K225T,1
K37E; S162I; N164S; G220V; K225T; C231R,1
L98I; S162I; N164S; G220V; K225T; N243S; I316V,1
S162I; N164S; G179C; G220V; K225T,1
L98P; N116D; A153S; S162I; N164S; G220V; A224T; K225T,1
L98P; S162I; N164S; I199N; G220V; K225T; Y272C,1
S60G; D70E; S162I; N164S; G220V; K225T,1
S162I; N164S; G220V; K225T; I232L; I408N,1
S76N; L98P; S162I; N164S; G220V; K225T; T254S,1
H56Y; S162I; N164S; G220V; K225T; I408V,1
S162I; N164S; G220V; K225T; D325G; N362D,1
S162I; N164S; F192S; G220V; K225T; L260R,1
D121G; S162I; N164S; G220V; K225T; E349A,1
L98P; S162I; N164S; G220V; K225T; D325N; N379S,1
N138D; S162I; N164S; G220V; K225T; N362D,1
L98P; P155Q; S162I; N164S; G220V; K225T; K359R,1
S162I; N164S; G220V; K225T; D325G; R402C,1
S162I; N164S; G220V; K225T; C231R; I263V,1
L98I; S162I; N164S; G220V; K225T; Q267*,1
K22E; S162I; N164S; G220V; K225T; Y355H,1
S162I; N164S; G220V; K225T; I232T; L404P,1
N138D; S162I; N164S; G220V; K225T; N322S,1
I102S; S162I; G220V; K225T,1
N147T; S162I; N164S; G220V; K225T; N370S,1
I149V; S162I; N164S; G220V; K225T; N269T,1
S162I; N164S; G220V; K225T; C231S; D326N,1
S162I; N164S; G220V; K225T; K245R; N248S,1
S32A; Q75T; S76T; T88Q; S162I; N164S; G220V; K225T,1
L98P; S162I; N164S; I215T; G220V; K225T,1
S162I; N164S; G220V; K225T; K245*; S314N; I316N,1
G64S; S162I; N164S; G220V; K225T; L360S,1
E154G; S162I; N164S; G220V; K225T; K329R; K330R,1
K135N; S162I; N164S; G220V; K225T; I232V,1
L98P; S162I; N164S; G220V; K225T; L380F; Q387*,1
L98P; S162I; N164S; R168H; G220V; K225T,1
D156N; S162I; N164S; G177S; G220V; K225T; K288R,1
P58S; E78*; S162I; N164S; G220V; K225T,1
S162I; N164S; G220V; K225T; N322S; P393L,1
S162I; N164S; G220V; K225T; A340V; T341N,1
D156N; S162I; N164S; G220V; K225T; N370S,1
K109R; S162I; N164S; G220V; K225T; T400I,1
S162I; N164S; G220V; K225T; I247N,1
S162I; N164S; R193L; G220V; K225T; T350S,1
A110D; S162I; N164S; G220V; K225T,1
P58L; P146S; S162I; N164S; G220V; K225T,1
S162I; N164S; G220V; K225T; D270Y; N274K; V405I,1
L19P; S162I; N164S; G220V; K225T,1
Q53R; S162I; N164S; G220V; K225T; N277D,1
E28K; I41V; S162I; N164S; G220V; K225T,1
S162I; N164S; H176R; G220V; K225T; D278N; A313S,1
S162I; N164S; D196G; G220V; K225T; A389T,1
S162I; N164S; G220V; K225T; S367Y,1
S6T; N10K; I18L; Q27*; H56L; Q75T; S76T; T88Q; S162I; N164S; G220V; K225T,1
S162I; N164G; G220V; K225T; F255L,1
N92K; S162I; S163F; G220V; K225T,1
S162I; N164S; G220V; K225T; G374V; Y375I; N376T; I377S; N378T; N379T; L380*; K381R; V382*; N383T; F384L; R385E; G386V; Q387R; N388M; A389Q; N390I; L391*; N392T; P393R; R394V; I395L; I396L; K397N; P398R; I399L; T400P; G401V; R402V; G403A; L404W; V405L; K407R; I408S; I409F; R410V,1
S162C; N164S; G220V; K225T,1
I41V; L98P; S162I; N164S; I165L; G220V; K225T,1
I102L; S162I; N164S; G220V; K225T; K306E,1
S162I; N164S; G220V; K225T; T335I; T400A,1
G101S; S162I; N164S; G220V; K225T; Y375H,1
L98P; S162I; N164S; G220V; K225T; G246V; D325N,1
L98P; S162I; N164S; G220V; K225T; I232T; I327V,1
S162I; N164S; G220V; K225T; Q290K; I352V,1
S162I; N164S; G220V; K225T; N277S; S372R,1
S32G; S162I; N164S; G220V; K225T; N390S,1
N111S; S162I; N164S; G220V; K225T; N293D,1
N138D; S162I; N164S; G220V; K225T; I232F; N269D,1
S60N; S162I; N164S; G220V; K225T; I232V,1
S60N; N138D; S162I; N164S; G220V; K225T; I233V,1
E154G; S162I; N164S; G220V; K225T; S292G,1
S162I; N164S; Y190C; N197S; H216R; G220V; K225T,1
P12T; S162I; N164S; M172I; G220V; K225T,1
S162I; N164S; G220V; K225T; L286I,1
D54A; F136L; S162I; N164S; G220V; K225T,1
S162I; N164S; G220V; A224T; K225T; V405I,1
G49S; S162I; N164S; G220V; K225T; G353S,1
E154G; S162I; N164S; G220V; K225T; V382A,1
S162I; N164S; G220V; K225T; I241V; N248S,1
E154D; S162I; N164S; G220V; K225T; F337V,1
N10D; S162I; N164S; H212N; G220V; K225T,1
L98P; S162I; N164S; I181V; G220V; K225T,1
S162I; N164S; S174N; G220V; K225T; C231R,1
E78Q; S162I; N164S; G220V; K225T,1
K80R; S162I; N164S; G220V; K225T; T242A,1
L98I; S162I; N164S; G220V; K225T; N261D,1
Q123H; S162I; N164S; G220V; K225T,1
N14T; S162I; N164S; G220V; K225T,1
S6T; S32A; S60G; S162I; N164S; G220V; K225T,1
T88Q; S162I; N164S; G220V; K225T; T335N,1
N96K; N97D; L98P; S162I; N164S; G220V; K225T,1
L98P; I134V; S162I; N164S; N197I; G220V; K225T,1
L145M; S162I; N164S; K330M,1
S162I; N164S; G220V; K225T; C231R; N390H,1
S6T; S32V; D121P; S162I; N164S; G220V; K225T; N258D; A389T,1
L98P; S162I; N164S; G220V; K225T; K359E,1
I18T; L98P; S162I; N164S; G220V; K225T,1
S162I; N164S; G220V; K225T; I233V; I408T,1
E28D; S140N; S162I; N164S; G220V; K225T,1
E154G; S162I; N164S; G220V; K225T; T273P,1
S162I; N164S; G220V; K225T; I262V; I408N,1
I134F; S162I; N164S; P188L; G220V; K225T; T229M; I232V,1
I134V; S162I; N164S; G220V; K225T; S284R,1
S6T; I18L; S32A; S162I; N164S; G220V; K225T; D270Y; K342Q,1
T50A; S162I; N164S; R168C; G220V; K225T; V382A,1
S162I; N164S; G220V; K225T; I232A; V405A,1
S162I; N164S; P206Q; H212N; G220V; K225T,1
S162I; N164S; G220V; K225T; Q344K; N362D,1
I35V; S162I; N164S; G220V; K225T; L360S,1
E154G; S162I; N164S; G220V; K225T; D325V,1
S108I; S162I; N164S; N195S; G220V; K225T,1
S162I; N164S; G220V; K225T; Q354L; V405I,1
S162I; N164S; G220V; K225T; N261S; N379S,1
L98P; S162I; N164S; G220V; K225T; N258D; I409V,1
S162I; N164S; G220V; A224S; K225T; S333L,1
M1I; E28K; S162I; N164S; G220V; K225T,1
S162V; N164S; G220V; K225T; D278Y,1
N63D; S162I; N164S; G220V; K225T; D310G,1
S162I; N164S; G220V; K225T; V265A; T341A,1
N138D; S162I; N164S; I199V; G220V; K225T,1
G24S; I134V; S162I; N164S; G220V; K225T,1
N138D; S162I; N164S; G220V; K225T; G401V,1
S162I; N164S; R193C; G220V; K225T; N261S,1
N72D; S162I; N164S; G220V; K225T; C231R,1
S162I; N164S; G220V; K225T; V265A; R348C,1
E154G; S162I; N164S; G220V; K225T; K311E,1
S162I; N164S; M172I; I199V; G220V; K225T,1
G101S; S162I; N164S; I183V; G220V; K225T,1
S162I; N164S; G220V; K225T; L240P; N365D,1
S162I; N164S; G220V; K225T; Q290*; I377V,1
N92K; S162I; N164S; G220V; K225T; K288R,1
S32T; S162I; N164S; G220V; K225T,1
S162I; N164S; G220V; K225T; I262V; V265A,1
I143V; S162I; N164S; G220V; K225T; N258S,1
K62N; S162C; G220V; K225T; C231R,1
S162I; N164S; G220V; K225T; I232T; A266E; I302V,1
D81N; G101D; S162I; N164S; G220V; K225T,1
G101S; S162I; N164S; G220V; K225T; P298S,1
S162I; N164S; G220V; K225T; I316T; N365D,1
I134V; S162I; N164S; G220V; A224E; K225T,1
S60G; G101S; S162I; N164S; G220V; K225T; D270G,1
E78G; N161S; S162I; N164S; G220V; K225T,1
S162I; N164S; G220V; K225T; S314N,1
L98P; S162I; N164S; N200D; G220V; K225T; T400P,1
S162I; N164S; G220V; K225T; L275S; V405F,1
S162V; N164S; G220V; K225T; I247V,1
S162I; N164S; G220V; K225T; I227T; A389S,1
S60N; A131V; S162I; N164S; G220V; K225T; N362D,1
N10D; S162I; N164S; I181M; G220V; K225T,1
S162I; N164S; G220V; K225T; C231S; P294S,1
G101S; S162I; N164S; G220V; K225T; D326E,1
S162I; N164S; G220V; K225T; E305K; T400P,1
N10D; N38Y; S162I; N164S; G220V; K225T,1
Y30C; S162I; N164S; N195S; G220V; K225T,1
S162I; N164S; G220V; K225T; K306N; E349*,1
N97Y; L98P; S162I; N164S; G220V; K225T,1
S162I; N164S; G220V; K225T; I232F; G308D,1
S162I; N164S; G220V; K225T; E250G,1
G101S; S162I; N164S; G220V; K225T; V265A; D312N,1
S162I; N164S; G220V; K225T; I399V; I408T,1
T59I; S162I; N164S; G220V; K225T; P239S,1
L98P; S162I; N164S; G220V; K225T; N277Y; D301N,1
S6T; S162I; N164S; G220V; K225T; E251A,1
S162I; N164S; G220V; K225T; R385S; N390S,1
S162I; N164S; I199N; G220V; K225T; Y357H,1
S162I; N164S; G220V; K225T; N297D; N322S,1
S162I; N164S; G220V; K225T; N365D; I408T,1
A110T; S162I; N164S; G220V; K225T; N274S,1
L98P; S162I; N164S; G220V; K225T; Y355H; I396N,1
A129T; S162I; N164S; G220V; K225T; R280H,1
N46Y; S162I; N164S; G220V; K225T; I232V,1
L98P; S162I; N164S; G220V; K225T; G401D; K406*,1
E154G; S162I; N164S; S217N; G220V; K225T,1
V13F; S162I; N164S; G220V; K225T; T230A; N243S,1
I18F; H56R; S162I; N164S; G220V; K225T,1
S162I; N164S; G220V; K225T; S292C,1
N5K; S162I; N164S; G220V; K225T,1
S67I; E154G; S162I; N164S; G220V; K225T,1
M172I; K225T; C231R,1
I41V; S162I; N164S; G220V; K225T; R394C,1
S162I; N164S; G220V; K225T; N297I; T335I,1
S162I; N164S; G220V; K225T; R244C; R385G,1
D156G; S162I; N164S; G220V; K225T,1
L98P; N118S; S162I; N164S; G220V; K225T,1
S162I; N164S; I199T; G220V; K225T; G386C,1
S67G; L98F; I134V; S162I; N164S; G220V; K225T,1
G101S; S162I; N164S; G220V; K225T; Q354R,1
S162I; N164S; G220V; K225T; C231R; K329N,1
S6T; L98P; S162I; N164S; G220V; K225T; N390S,1
F29L; S162I; N164S; G220V; K225T; C347F,1
L98P; S162I; N164S; G220V; K225T; L276P,1
I102F; E154G; S162I; N164S; A207V; G220V; K225T; F255S,1
S162I; N164S; Y190C; G220V; K225T; D310G; N378S; K407N,1
S162I; G220V; K225T; V345I,1
S162I; N164S; G220V; K225T; I233V; K330R,1
R45H; S162I; N164S; G220V; K225T; I232T,1
L98P; S162I; N164S; G220V; K225T; N390S; K407R; I408S; I409F; R410V,1
D54G; S162I; N164S; G220V; K225T; I262F,1
S60G; S162I; N164S; G220V; K225T; I232N,1
D121P; S162I; N164S,1
S32A; L98P; S162I; N164S; G220V; K225T; A313S,1
H125N; D128N; S162I; N164S; G220V; K225T; Q235H,1
L98P; N138K; S162I; N164S; G220V; K225T,1
G220I; K225I; C231R,1
I41V; S162I; N164S; G220V; K225T; Q290*; G403V,1
S162I; N164S; Y190C; G220V; K225T; D310G; N378S,1
Q27R; S162I; N164S; G220V; K225T; D278N,1
S162I; N164S; Y190C; G220V; K225T; D310G; N365D; S372T; E373Q; Y375F; N378G; N379S; K381A; V382T; F384Y; R385K; A389V; N390E; L391E; R394Q; I396V; K397E; P398E; T400K; K407N; I408K; R410E; F411E,1
S76N; S162I; N164S; G220V; K225T; D338N,1
S162I; N164S; G220V; K225T; N365Y; V382G,1
S162I; N164S; G220V; K225T; N362D; T400S,1
L98P; S162I; N164S; G220V; K225T; S372C,1
L98P; S162I; N164S; G220V; K225T; I263V; K407R; I408S; I409F; R410V,1
S162I; N164S; G220V; K225T; S314N; I316N; Q344N; E373Q; Y375F; N378G; N379S; K381A; V382M; F384Y; R385K; A389V; N390E; L391E; R394Q; I396V; K397E; P398E; T400K; K407N; I408K; R410E; F411E,1
L98I; Y113S; S162I; N164S; G220V; K225T; V382A,1
Q141R; S162I; N164S; G220V; K225T; N297S,1
L61V; L98P; S162I; N164S; G220V; K225T,1
D70N; N138D; S162I; N164S; G220V; K225T,1
S60N; S162I; N164S; N197D; G220V; K225T,1
I39V; S162I; N164S; I203V; L208M; G220V; K225T,1
S60R; S162I; N164S; G220V; K225T; I321V,1
S162I; N164S; I203S; D205G; G220V; K225T,1
L98P; S162I; N164S; G220V; K225T; F303L; N390S,1
Q75T; S76T; L98P; S162I; N164S; G220V; K225T,1
S162I; N164S; G220V; K225T; F324I,1
S162I; N164S; G220V; K225T; I262V; I302V,1
S162I; N164S; G220V; K225T; D259Y,1
N138D; S162I; N164S; D196N; I199V; G220V; K225T,1
S162I; N164S; F192C; G220V; K225T,1
S162I; N164S; G220V; K225T; D325N; G401C,1
S162I; N164S; G220V; A224T; K225T; L240M; K329N,1
S162I; N164S; G220V; K225T; V291A; P298S; N362D,1
G101S; S162I; N164S; V184A; G220V; K225T; S372R,1
S162I; N164S; G220V; K225T; T400K; K407N; I408K; R410E; F411E,1
N10D; S162I; N164S; G220V; A224S; K225T,1
I41V; S162I; N164S; M172V; G220V; K225T,1
S162I; N164S; G220V; K225T; I232L; D312E,1
G49C; S162I; N164S; G220V; K225T; I232L,1
L98P; S162I; N164S; G220V; K225T; F343L,1
N118Y; S162I; N164S; G220V; K225T; D270G,1
S60G; S162I; N164S; G220V; K225T; S292N; S372N,1
I102L; S162I; N164S; G220V; K225T; C231S; N365D,1
K109R; E154G; S162I; N164S; G220V; K225T,1
S162I; N164S; G220V; K225T; F303C,1
S162I; N164S; G220V; K225T; R348H; Y357H; N362D,1
I134N; S162I; N164S; G220V; K225T,1
N97S; S162I; N164S; G220V; G223V; K225T,1
S32A; P71A; I94V; S162I; N164S; G220V; K225T,1
T119N; G127C; S162I; N164S; G220V; K225T,1
S76N; E154G; S162I; N164S; G220V; K225T; I233V,1
S162I; N164S; G220V; K225T; N269K,1
V47A; G220V; K225T,1
V132I; N138D; S162I; N164S; G220V; K225T,1
G49S; M151I; S162I; N164S; G220V; K225T,1
S162I; N164S; G220V; K225T; I232T; Y272H,1
S32A; D121P; G220V; K225T,1
G24S; S162I; N164S; G220V; K225T; I232S,1
S6T; S162I; N164S; G220V; K225T; C231R,1
E106K; S162I; N164S; G220V; K225T; K407E,1
S162I; N164S; N169D; G220V; K225I; I227V,1
S162I; N164S; H176N; G220V; K225T; F334L; T335N,1
E154G; E159D; S162I; N164S; G220V; K225T,1
S162I; N164S; G220V; K225T; N248Y; N362D,1
S162I; N164S; G220V; K225T; V265A; N390S,1
S60N; K62R; S162I; N164S; G220V; K225T,1
N10D; S162I; N164S; G220V; K225T; N297D,1
R16H; L98P; P146S; S162I; N164S; G220V; K225T,1
L107M; S162I; N164S; G220V; K225T; C231R,1
S162I; N164S; G220V; K225T; K245E; D270N,1
E154G; S162I; N164S; G220V; K225T; K356R,1
S162I; N164S; G220V; K225T; I232T; D278N,1
S162I; N164S; G220V; K225T; S292G; Y299C,1
H56L; Q75E; S162I; N164S; G220V; K225T; N390S,1
N92H; S162I; N164S; G220V; K225T; K281R,1
L98P; S162I; N164S; M211V; G220V; K225T; N390S,1
N10D; L98R; S162I; N164S; G220V; K225T,1
Q75T; S76T; T88Q; S162I; N164S; G220V; K225T; N390S,1
N10D; T59I; T160A; S162I; N164S; N169D; G220V; K225T,1
I102N; S162I; N164S; E213K; G220V; K225T; R385K; G403D,1
S162I; N164S; N195D; G220V; K225T; I233V,1
S162I; N164S; S174I; G220V; K225T,1
S67N; I134V; I143V; S162I; N164S; G220V; K225T,1
S162I; G220V; K225T; C231R; Y355H,1
N147D; S162I; N164S; G220V; K225T,1
I134V; S162I; N164S; G220V; K225T; S372N,1
L98P; I102L; N138D; S162I; N164S; G220V; K225T; N261K,1
M151T; S162I; N164S; G220V; K225T; G257D,1
L98P; E133K; S162I; N164S; S166P; G220V; K225T,1
N92D; S162I; N164S; G220V; K225T; Y355H,1
L98P; S162I; N164S; G220V; K225T; L360S; N390S,1
S162I; N164S; N197S; G220V; K225T; V265A,1
L98P; S162I; N164S; G220V; K225T; D278Y,1
N138D; S162I; N164S; R193C; G220V; K225T,1
S162I; N164S; E201K; G220V; K225T; V265A; Y299C,1
L98P; S162I; N164S; G220V; K225T; K329N,1
S162I; N164S; L214P; G220V; K225T,1
S162I; N164S; G220V; K225T; G257S; N261K,1
E105K; S162I; N164S; G220V; K225T; V405I,1
S162I; N164S; M172I; G220V; K225T; N258Y,1
I143V; S162I; N164S; G220V; K225T; I232T,1
S32A; S162I; N164S; G220V; K225T; C231R,1
T88Q; L98P; S162I; N164S; G220V; K225T; N390S,1
S162I; N164S; G220V; K225T; N277I,1
S162I; N164S; M172I; G220V; K225T; N383D,1
L98P; S162I; N164S; G220V; K225T; N362D; N383K,1
I21V; L98P; S162I; N164S; G220V; K225T; K359R,1
S162I; N164S; G220V; K225T; R348L; N362D,1
S162I; N164S; G220V; K225T; T264P; N383D,1
S162I; N164S; G220V; K225T; C231S; Y351C,1
E154G; S162I; N164S; S217G; G220V; K225T,1
S32G; S162I; N164S; G220V; K225T; Y268H,1
D128A; S162I; N164S; G220V; K225T; N274K,1
S162I; N164S; G220V; K225T; R394L; R410H,1
L98P; S162I; N164S; G220V; K225T; L380F; K407E,1
F55L; G101S; S162I; N164S; G220V; K225T; C231S,1
P23S; S162I; N164S; G220V; K225T; C231R; D270N,1
L98P; D117G; S162I; N164S; G220V; K225T,1
L104F; S162I; N164S; G220V; K225T,1
I134V; S162I; N164S; G220V; K225T; Y357*,1
R45P; S162I; N164S; G220V; K225T; C231R,1
L98R; S162I; N164S; G220V; K225T; Y355H,1
T59I; S162I; N164S; G220V; K225T; C231S,1
S162I; N164S; M172I; G220V; K225T; S314F,1
L98P; S162I; N164S; N195S; G220V; K225T; D325N,1
S60G; E154G; S162I; N164S; G220V; K225T,1
S6T; S162I; N164S; G220V; K225T; N365D,1
L98P; S130F; S162I; N164S; G220V; K225T,1
L145M; S162I; N164S; G220V; K225T; I232T; N248S,1
S162I; N164S; G220V; K225T; K407N; I408K; R410E; F411E,1
L98P; S162I; N164S; G220V; K225T; C231S; N248S,1
S162I; N164S; G220V; K225T; C231R; N297S; K346R,1
I48V; S162I; N164S; G220V; K225T; T242A,1
D15N; L107M; S162I; N164S; G220V; K225T; Y351C; G403S,1
N10D; S162I; N164S; G220V; K225T; V405I,1
Q141K; S162I; N164S; G220V; K225T; N383D,1
V47L; S162I; N164S; G220V; K225T; N322S,1
L98P; S162I; N164S; G220V; K225T; N390S; G403C,1
L98P; N118K; S162I; N164S; G220V; K225T; I316T,1
L98P; S162I; N164S; G220V; K225T; N390S; R394S,1
S162I; N164S; G220V; K225T; N258S; K406E,1
S162I; N164S; G220V; K225T; Q267H; V405I,1
S162I; N164S; G220V; K225T; V345I; I371V,1
R16H; S162I; N164S; M172I; G220V; K225T,1
S67G; S162I; N164S; G220V; K225T; Y375H,1
S6T; S32A; N63D; S162I; N164S; G220V; K225T,1
Y30D; S162I; N164S; G220V; K225T,1
N14S; Q27L; S162I; N164S; G220V; K225T,1
S162I; N164S; G220V; K225T; R348H; N379K,1
N10S; S162I; N164S; M172V; G220V; K225T,1
L98P; S162I; N164S; G220V; K225T; N362S,1
L98P; S162I; N164S; G220V; K225T; L286R,1
N96S; S162I; G220V; K225T,1
K135E; S162I; N164S; G220V; K225T; D301A,1
D15G; V148I; S162I; N164S; G220V; K225T,1
S162I; N164S; D205Y; G220V; K225T; G403D,1
S162I; N164S; D196A; H219Y; G220V; K225T,1
N92D; S162I; N164S; G220V; K225T,1
S60G; S162I; N164S; G220V; K225T; I232V,1
E154*; S162I; N164S; G220V; K225T,1
N10D; S162I; N164S; G220V; K225T; N248K,1
S162I; N164S; G220V; K225T; Y272F; N362D,1
S162I; N164S; G220V; K225T; R402V; G403A; L404W; V405L; K407R; I408S; I409F; R410V,1
N10D; T17I; S162I; N164S; G220V; K225T,1
S60N; P146S; S162I; N164S; G220V; K225T; I368T,1
S162I; N164S; G220V; K225T; V265A; Q344K,1
E154G; S162I; N164S; H219P; G220V; K225T,1
S162I; N164S; I199M; G220V; K225T; A266V,1
G139S; S162I; N164S; G220V; K225T; G315S,1
E154G; S162I; N164S; G220V; K225T; F252L; L253M,1
I41V; S162I; N164S; I199T; G220V; K225T,1
S162I; N164S; G220V; K225T; N297S; T350A,1
E28K; S162I; N164S; G220V; K225T; Y357D; N390D,1
S6T; N38K; S162I; N164S; G220V; K225T,1
S137I; S162I; N164S; G220V; K225T; N362D,1
I126V; S162I; N164S; G220V; K225T; I232F,1
Q27H; E154G; S162I; N164S; G220V; K225T,1
K135E; S162I; N164S; G220V; K225T; S314N; I316N,1
S60N; E105G; S162I; N164S; G220V; K225T,1
I143V; I150V; S162I; N164S; G220V; K225T,1
L98P; H125Q; S162I; N164S; G220V; K225T,1
S162I; N164S; G220V; K225T; D325N; L404P,1
S162I; N164S; G220V; K225T; C231R; I232T,1
C26G; L98P; S162I; N164S; Q204R; G220V; K225T,1
I39V; H56Y; S162I; N164S; G220V; K225T,1
E28G; S60N; E154G; S162I; N164S; G220V; K225T,1
N96S; G101S; S162I; N164S; G220V; K225T,1
L61M; S162I; N164S; G220V; K225T; G403D,1
I134V; S162I; N164S; R193L; G220V; K225T,1
Q75*; S162I; N164S; G220V; K225T; G403V,1
A153T; S162I; G220V; K225T; C231R,1
S162I; N164S; G220V; K225T; G315D; V319I,1
S162I; N164S; I199N; P206S; G220V; K225T,1
S6T; S162I; N164S; M172I; G220V; K225T,1
P57H; S162I; N164S; G220V; K225T,1
S162I; N164S; L210Q; G220V; K225T,1
S162I; N164S; G220V; K225T; N392H; K397E,1
L98P; S162I; N164S; G220V; K225T; E250K; V345I,1
E105G; S162I; N164S; I199T; G220V; K225T,1
I41V; I102M; S162I; N164S; G220V; K225T,1
S6T; S162I; N164S; G220V; K225T; N362D,1
S162I; S163P; N164S; G220V; K225T; I227V,1
S162I; N164S; I199N; G220V; K225T; T273A,1
S162I; N164S; G220V; K225T; D326E; N392S,1
I41V; S162I; N164S; G220V; K225T; N379S,1
G101S; N138D; S162I; N164S; G220V; K225T; V265A; D312N,1
L98P; S162I; N164S; A182T; G220V; K225T; F358L,1
N116D; E154G; S162I; N164S; G220V; K225T,1
S162I; N164S; A182V; G220V; K225T; G257D,1
I41V; L98R; S162I; N164S; G220V; K225T; D325N,1
L19Q; S162I; N164S; G220V; K225T; C231R; N365D,1
S162I; N164S; S217G; G220V; K225T; P393S,1
N92K; S162I; N164S; G220V; K225T; L253F,1
L98P; Y113H; S162I; N164S; G220V; K225T,1
S162I; N164S; G220V; K225T; P393Q,1
G101S; S162I; N164S; G220V; K225T; T230A,1
S162I; N164S; E213D; G220V; K225T; N297S,1
S162I; N164S; V382M; G401D,1
N118H; S162I; N164S; I199N; G220V; K225T; I377V,1
S60T; D128E; S162I; N164S; G220V; K225T,1
S162I; N164S; G220V; K225T; I232N; D259N,1
N8D; S67I; S162I; N164S; G220V; K225T,1
S162I; N164S; R193L; G220V; K225T; N362D,1
S162I; N164S; G179D; G220V; K225T; C231R,1
L98P; S162I; N164S; G220V; K225T; N258S; N362D,1
T88P; S162I; N164S; G220V; K225T; I352V,1
E154G; S162I; N164S; A182S; G220V; K225T,1
S140N; S162I; N164S; G220V; K225T; T230K,1
S162I; N164S; G220V; K225T; G226V; C231R,1
N138D; S162V; N164S; G220V; K225T,1
S162I; N164S; D205E; G220V; K225T; G374V,1
N96S; S162I; N164S; G220V; K225T; N238K,1
S66F; S162I; N164S; G220V; K225T; D325N,1
S162I; N164S; G220V; K225T; K285R; Q290*,1
S162I; N164S; N195S; G220V; K225T; Y369C,1
S162I; N164S; G220V; K225T; C231R; D270A,1
S162I; N164S; G220V; K225T; C231S; G403C,1
L98P; S162I; N164S; G220V; K225T; S372T; E373Q; Y375F; N378G; N379S; K381A; V382T; F384Y; R385K; A389V; N390E; L391E; R394Q; I396V; K397E; P398E; T400K; K407N; I408K; R410E; F411E,1
N161H; S162I; N164S; G220V; K225T; K406E,1
S60N; I126F; E154G; S162I; N164S; G220V; K225T; K330N,1
T59A; N138D; S162I; N164S; G220V; K225T,1
G101S; S162I; N164S; P188R; G220V; K225T,1
S162I; N164S; G220V; K225T; T242P,1
S162I; N164S; G220V; K225T; F334V,1
S162I; N164S; K330E,1
L98P; S162I; N164S; G220V; K225T; S361P,1
S99L; S162V; N164S; M172I; G220V; K225T,1
N72S; S162I; N164S; G220V; K225T; I321L,1
S162I; N169D; G220V; K225T,1
S162V; N164S; G220V; Y222F; K225T,1
S162I; N164S; G220V; K225T; N248S; I263V,1
E106G; S162I; N164S; F192S; G220V; K225T,1
Y73H; S162I; N164S; G220V; K225T; L296M,1
L98P; S162I; N164S; S174I; G220V; K225T,1
S162I; N164S; N170D; G220V; K225T; N365S,1
L98P; S162I; N164S; G220V; K225T; L286I,1
S162I; N164S; G220V; K225T; N274H; G374V; Y375I; N376T; I377S; N378T; N379T; L380*; K381R; V382*; N383T; F384L; R385E; G386V; Q387R; N388M; A389Q; N390I; L391*; N392T; P393R; R394V; I395L; I396S; K397N; P398R; I399L; T400P; G401V; R402V; G403A; L404W; V405L; K407R; I408S; I409F; R410V,1
N8D; L98P; S162I; N164S; G220V; K225T,1
S130F; E154G; S162I; N164S; G220V; K225T,1
S60N; N147S; S162I; N164S; G220V; K225T,1
F136L; S162I; N164S; G220V; K225T; R410H,1
I18L; S162I; N164S; N170D; G220V; K225T,1
N10D; S162I; N164S; G220V; K225T; L328Q,1
S162I; N164S; G220V; K225T; I232T; N370S,1
Y9C; T59I; S162I; N164S; G220V; K225T,1
L98P; S162I; N164S; G220V; K225T; N297T,1
N122S; S162I; N164S; G220V; K225T; C231R,1
L98P; I102M; S162I; N164S; G220V; K225T,1
L98P; S162I; N164S; G220V; K225T; N390S; I408N,1
N10D; S162I; N164S; I183V; G220V; K225T; C231R; R280L; I377V,1
S162I; N164S; L208M; G220V; K225T; I352T,1
E154G; S162I; N164S; I203T; G220V; K225T,1
I39V; S162V; N164S; G220V; K225T,1
L84V; S162I; N164S; D196N; G220V; K225T,1
L98P; S162I; N164S; G220V; K225T; V265D; A266E; Y268W; N269E; D270Q; Y272R; T273S; N277K; D278K; R280E; K281E; S284K; Q387*,1
E154G; S162I; N164S; F178L; G220V; K225T; F358I,1
K22R; S162I; N164S; G220V; K225T; I232T; K356E,1
L98P; S162I; N164S; G220V; K225T; N277D; V382E,1
S162I; N164S; N169D; G220V; K225T; S284N,1
M151I; S162I; N164S; G220V; K225T; T273I,1
Y68D; L98P; S162I; N164S; G220V; K225T; N258D; I409T,1
K62T; S67N; E154G; S162I; N164S; G220V; K225T,1
S162I; N164S; G220V; Y222F; K225T,1
R193L; G220V; K225T,1
N138D; S162I; N164S; G220V; K225T; I396V,1
S162I; N164S; G220V; K225T; Q290*; N383S,1
K62Q; S162I; N164S; G220V; K225T; C231R,1
P43S; S162I; N164S; G220V; K225T; A266E,1
I134V; S162I; N164S; G220V; K225T; L275F,1
S162I; N164S; G220V; K225T; T264P; P298L,1
N122D; S162I; N164S; G220V; K225T; V382M,1
S60N; S162I; N164S; H219R; G220V; K225T,1
I134V; S162I; N164S; G220V; K225T; K285N,1
S6T; S32A; S162I; N164S; G220V; K225T; S367F,1
S162I; N164R; M172I; G220V; K225T; D326N; P398Q,1
S162I; N164S; G220V; K225T; R348H; N390S,1
N95S; S162I; N164S; H219N; G220V; K225T; K381N,1
N95D; L98P; S162I; N164S; G220V; K225T,1
N10D; S162I; N164S; G220V; K225T; I368V,1
S6T; I18V; S162I; N164S; G220V; K225T,1
S162I; N164S; S180P; F186L; G220V; K225T,1
L98P; S162I; N164S; S166F; G220V; K225T; L276I,1
T50S; S162I; N164S; G220V; K225T; D278G,1
S162I; N164S; G220V; K225T; Y299*; N388H,1
N14K; N63H; S162I; N164S; G220V; K225T; C231R; Y375H,1
S162I; N164S; G220V; K225T; S284N; N370S,1
S162I; N164S; G220V; K225T; L296M; N365D,1
S162I; N164S; M172I; G220V; K225T; N362D,1
S162I; N164S; G220V; K225T; C347G,1
K89N; S162I; N164S; G220V; K225T,1
S162I; N164S; G220V; K225T; I232V; V345I,1
S162I; N164S; G220V; K225T; N277Y; K311E,1
H56L; Q75T; S76T; T88Q; D121P; S162I; N164S; G220V; K225T; Q290*,1
D15V; S162I; N164S; G220V; K225T,1
N10D; N161S; S162I; N164S; G220V; K225T,1
R82C; L98P; S162I; N164S; G220V; K225T,1
S162I; N164S; G220V; K225T; G246S; K330R,1
S162I; N164S; G220V; K225T; I232V; D338G,1
S162I; N164S; I199T; G220V; K225T; V345I,1
T88Q; N138D; S162I; N164S; G220V; K225T,1
S66F; S162I; N164S; G220V; K225T; A266E,1
S162I; N164S; N170H; G220V; K225T; I262M; K330R,1
L98P; S162I; N164S; G220V; K225T; Q236H; G403V,1
N122T; S162I; N164S; G220V; K225T,1
S162I; N164S; G220V; K225T; S314N; I316N; Q344H; N365D,1
S66P; S162I; N164S; G220V; K225T; Y357C,1
I102M; S162I; N164S; M211I; G220V; K225T; N258S,1
D77G; N96S; S162I; N164S; G220V; K225T,1
E79D; D81Y; E154G; S162I; N164S; G220V; K225T,1
Q75T; S76T; T88Q; S162I; N164S,1
S162I; N164S; F186S; G220V; K225T; N297D,1
S162I; N164S; G220V; K225T; N320Y,1
I134V; S162I; N164S; S166Y; G220V; K225T,1
Y68C; S162I; N164S; G220V; K225T; S292I; I316V,1
E154G; S162I; N164S; G220V; K225T; I249T,1
H56L; S60R; S162I; N164S; G220V; K225T,1
S162I; N164S; G220V; K225T; I352V; N379S,1
N138D; S162I; N164S; G220V; K225T; K245R,1
L98P; S162I; N164S; P206S; G220V; K225T; N390S,1
S162I; N164S; G220V; K225T; A283D,1
S60N; I126F; E154G; S162I; N164S; G220V; K225T; G257D,1
E28K; L98P; S162I; N164S; S166P; G220V; K225T,1
Q123R; S162I; N164S; G220V; K225T; A389T,1
V87M; A129T; S162I; N164S; G220V; K225T,1
S162I; N164S; G220V; K225T; D338Y,1
N72S; K80R; S162I; N164S; G220V; K225T; A283T; L286F,1
S60N; K62E; S162I; N164S; G220V; K225T; N248S,1
E154G; S162I; N164S; N169D; G220V; K225T,1
N118D; S162I; N164S; L167Q; G220V; K225T,1
S162I; N164S; G220V; K225T; D325E; Y355H,1
S162I; N164S; G220V; K225T; N248S; I396T,1
L98P; S162I; N164S; N195S; G220V; K225T; N390S,1
S32G; S162I; N164S; G220V; K225T; N362D,1
E28K; L98P; S162I; N164S; G220V; K225T; I232T; N390S,1
S162I; N164S; G220V; K225T; C231R; A389S,1
S162I; N164S; G220V; K225T; C231S; N261D,1
S162I; N164S; G220V; K225T; I377N,1
S162I; N164S; I183T; G220V; K225T; T242A,1
N14K; S162I; N164S; G220V; K225T; N365D,1
E154G; S162I; N164S; G220V; K225T; L328M,1
S162I; N164S; S166Y; G220V; K225T; I233V,1
S162I; N164S; G220V; K225T; I232V; N277D; D325N,1
L98P; S162I; N164S; G220V; K225T; D278N; N362D,1
I4T; L98P; S162I; N164S; G220V; K225T,1
S162T; N164S; F186L; G220V; K225T,1
E28K; S32A; S162I; N164S; G220V; K225T,1
E154G; S162I; N164S; G220V; K225T; K329R; G403S,1
Q27R; S162I; N164S; G220V; K225T; I377F,1
G100S; A129V; S162I; N164S; G220V; K225T,1
Q141R; S162I; N164S; G220V; K225T; T400A,1
T59I; Q141K; S162I; N164S; G220V; K225T,1
R93L; K135R; S162I; N164S; G220V; K225T,1
S162I; N164S; G220V; K225T; C231R; Q236K; V265A,1
E154G; S162I; N164S; G220V; K225T; P298L; I327S,1
V148I; E154G; S162I; N164S; G220V; K225T; N261D,1
L98P; I134V; S162I; N164S; G220V; K225T; I282V,1
T51N; S162I; N164S; G220V; K225T,1
L98P; S162I; N164S; G220V; K225T; N322D; S361P,1
L98P; S162I; N164S; G220V; K225T; E336K,1
N46I; S162I; N164S; G220V; K225T,1
N138D; S162I; N164S; G220V; K225T; L276F; Y355H,1
S6T; S32A; H56L; L98P; D156V; S198T; I199D; G220V; K225T,1
A153T; S162I; N164S; N200D; G220V; K225T,1
S162I; N164S; M172L; G220V; K225T; C231R,1
V13F; S162I; N164S; M172I; G220V; K225T,1
S162I; N164S; G220V; K225T; I321F,1
G25D; N138D; S162I; N164S; G220V; K225T,1
N34S; L98P; S162I; N164S; G220V; K225T,1
L98P; E154G; S162I; N164S; G220V; K225T; D312N,1
N92S; E154G; S162I; N164S; G220V; K225T,1
E154G; S162I; N164S; S198P; G220V; K225T,1
V47A; L98P; S162I; N164S; G220V; K225T; D325N,1
S162I; N164S; G220V; K225T; R280C; D325N,1
S162I; N164S; H216Y; G220V; K225T; C231R,1
E28D; S162I; N164S; G220V; K225T; S372R,1
S162I; N164S; G220V; K225T; F337L; N365H,1
K80R; L98P; S162I; N164S; G220V; K225T; T273I,1
L98P; H142R; S162I; N164S; G220V; K225T; N390S,1
S162I; N164S; G220V; K225T; V382G; N383E; F384L; R385*; G386R; Q387S; N388E; A389C; N390K; L391S; N392E; R394A; I395Y; I396Y; K397Q; P398T; I399D; T400Y; G401R; R402S; G403W; L404P; V405G; K406*; I408D; I409H; R410S,1
L98P; S162I; N164S; G220V; K225T; S333L; E336*,1
I102V; S162I; N164S; G220V; K225T; D325E,1
N34H; H56L; L98P; S162I; N164S; G220V; K225T,1
C26Y; G49R; L98P; S162I; N164S; G220V; K225T; D325N,1
I39V; E154G; S162I; N164S; G220V; K225T; I302T,1
G101S; K109R; S162I; N164S; G220V; K225T; A340V,1
S162I; N164S; H176N; G220V; K225T; N243S,1
L145M; S162I; N164S; G220V; K225T; A389V,1
N92K; S162I; N164S; G220V; K225T; N322S,1
S162I; N164S; G220V; K225T; C231R; D301N,1
L98S; S162I; N164S; G220V; K225T; I399T,1
S60N; S162I; N164S; G220V; K225T; I233V,1
N10D; V87M; S162I; N164S; G220V; K225T,1
S162V; N164S; G220V; K225T; G403S,1
S162I; N164S; G220V; K225T; I396Y; K397Q; P398T; I399D; T400Y; G401R; R402S; G403W; L404P; V405G; K406*; I408D; I409H; R410S,1
G101S; S162I; N164S; M172I; G220V; K225T; N274S,1
S162I; N164S; G220V; K225T; C231R; I247V,1
I86V; S162I; N164S; G220V; K225T; C231R,1
S162I; N164S; G220V; K225T; L380*,1
G24S; S162I; N164S; G220V; K225T; T273I,1
T88I; S162I; N164S; G220V; K225T; T341A,1
S162I; N164S; G220V; K225T; D326N; P398Q,1
P58Q; S162I; N164S; G220V; K225T,1
Q75T; S76T; T88P; S162I; N164S; G220V; K225T,1
L98P; S162I; N164S; T185I; G220V; K225T,1
N138T; S162I; N164S; G220V; K225T,1
V87A; L98P; S162I; N164S; G220V; K225T,1
S162I; N164S; G220V; K225T; N243S; N248S,1
S162I; N164S; G220V; K225T; Q235*; D325N,1
L98P; S108G; S162I; N164S; G220V; K225T,1
N72D; S162I; N164S; G220V; K225T; S284G,1
H56L; Q75T; S76T; T88Q; D121P; S162I; G220V; K225T,1
S162I; N164S; G220V; K225T; A266E; A389T,1
G220V; K225T; C231R; I316T,1
T59A; H125Y; S162I; N164S; G220V; K225T,1
L98P; S162I; N164S; G220V; K225T; D270N; D325E,1
S32A; H56L; E154G; S162I; N164S; G220V; K225T,1
N5I; L98P; S162I; N164S; G220V; K225T,1
S162I; N164S; G220V; K225T; Y272S,1
P52L; S162I; N164S; G220V; K225T; D326N,1
N161H; S162I; N164S; M172I; G220V; K225T; N376S,1
L98P; I134V; S162I; N164S; G220V; K225T; I316V,1
L98P; S162I; N164S; F178L; D196N; S198T; I199D; G220V; K225T; Q344N,1
S162I; N164S; G220V; K225T; I232S; V382A,1
G101S; S162I; N164S; G220V; K225T; Y355H,1
S162I; N164S; G220V; K225T; D326N; V405I,1
S162I; N164S; G220V; K225T; C231R; Y268H,1
F136Y; S162I; N164S; I199M; G220V; K225T,1
S6T; S32A; D121P; S162I; N164S; G220V; K225T,1
S60N; S162I; N164S; V184A; G220V; K225T,1
S162I; N164S; M172I; G220V; K225T; I396V,1
S162I; N164S; G220V; K225T; T230S; N390S,1
E154G; S162I; N164S; G220V; K225T; S318I,1
S67R; L98P; S162I; N164S; G220V; K225T,1
Q53*; S162I; N164S; G220V; K225T; N362D,1
I126F; S162I; N164S; G220V; K225T; N297S,1
T119A; S162I; N164S; M172I; G220V; K225T,1
S162I; N164S; H176R; M211V; G220V; K225T; A389T,1
S162I; N164S; G220V; K225T; C231R; Y332C,1
S162I; N164S; A182S; G220V; K225T; I408N,1
Q75*; E154G; S162I; N164S; G220V; K225T,1
I41V; V87M; S162I; N164S; G220V; K225T; I232T,1
L98P; S162I; N164S; Y171H; G220V; K225T,1
D121P; S162I; N164S; G220V; K225T; N390D,1
F136I; S162I; N164S; M172I; G220V; K225T; P298L,1
N138D; S162I; N164S; G220V; K225T; I409T,1
S162I; N164S; G220V; K225T; N365D; R394C,1
S162I; N164S; N195S; G220V; K225I,1
Q141H; A153S; P155T; S162I; N164S; G220V; K225T,1
L98P; S162I; N164S; G220V; K225T; Q387K,1
S162I; N164S; I215V; G220V; K225T; N243S,1
H56Y; K80E; N122S; S162I; N164S; G220V; K225T,1
L98R; S162I; N164S; G220V; K225T; Q304*,1
N10S; L98P; S162I; N164S; G220V; K225T; I368V,1
F136L; S162I; N164S; H212P; G220V; K225T; T400A,1
N10D; S162I; N164S; G220V; K225T; K407*,1
S162I; N164S; F194L; G220V; K225T; I262S,1
I41V; S162I; N164S; G220V; K225T; N297K,1
R45H; E154G; S162I; N164S; G220V; K225T,1
I149M; S162I; N164S; G220V; K225T,1
R45H; S108N; K109Q; S162I; N164S; G220V; K225T,1
E106G; S162I; N164S; G220V; K225T; A266E,1
P23S; L98P; S162I; N164S; G220V; K225T; Y355H,1
L98P; I134V; S162I; N164S; G220V; K225T; I321T,1
S162I; N164S; G220V; K225T; C231R; N379K,1
S162I; N164S; G220V; K225T; T228A; V265A,1
S162I; N164S; G220V; K225T; T242I; F252L,1
Q75T; S76T; L98P; S162I; N164S; G220V; K225T; N390S,1
H56L; L98P; S162I; N164S; G220V; K225T; N390S,1
L98P; S162I; N164S; G220V; K225T; D270N; N390S,1
S162I; N164S; I199N; G220V; K225T; C347Y,1
S162V; N164S; S166P; G220V; K225T; N261S,1
S162I; N164S; G220V; K225T; Q344H; S372T,1
L98P; I134V; S162I; N164S; G220V; K225T; V265A; S314T,1
E154G; S162I; N164S; G220V; K225T; V382M; L391V,1
I143V; S162I; N164S; G220V; K225T; C231R; N238S; D338N,1
Q27R; D65Y; N164S; G220V; K225T,1
S6T; S32A; H56L; Q75T; S76T; T88Q; S162I,1
K62N; N92S; S162I; N164S; G220V; K225T,1
G101S; S162I; N164S; G220V; K225T; V265A; S361A,1
N138D; S162I; N164S; G220V; K225T; V345A,1
I41V; S162I; N164S; G220V; K225T; N248S,1
L98P; S162I; N164S; G220V; K225T; K359R; I408T,1
G101S; S162I; N164S; S217G; G220V; K225T; I302L,1
Y73H; G101S; S162I; N164S; G220V; K225T,1
L98P; S162I; N164S; H176N; G220V; K225T; L391M,1
L98P; D121N; S162I; N164S; G220V; K225T; K407E,1
N10D; S162I; N164S; G220V; K225T; Y355C,1
G25S; S162I; N164S; G220V; K225T; K356R; N362D,1
S162I; N164S; G220V; K225T; Q267L,1
S162I; N164S; G220V; K225T; N274D; N365D,1
S162I; N164S; V184I; G220V; K225T; V265A,1
L98P; S162I; N164S; G220V; K225T; D312N,1
I41L; I90M; S162I; N164S; G220V; K225T,1
S162I; N164S; G220V; K225T; D270N; Q295*,1
L98P; S162I; N164S; G220V; K225T; F337L; N390S,1
N161Y; S162I; N164S; G220V; K225T; N261D; N362D; Y375H,1
I21T; S162I; N164S; G220V; K225T; I408N,1
Q141K; S162I; N164S; I199N; S217G; G220V; K225T,1
S162I; N164S; H219Y; G220V; K225T; E349K,1
L98P; S162I; N164S; G220V; K225T; Q304R; F334L,1
K225L; K311E,1
S162I; N164S; G220V; K225T; V289A; K346M,1
S162I; N164S; G220V; V265D; A266E; Y268W; N269E; D270Q; Y272R; T273S; N277K; D278K; R280E; K281E; S284K,1
F83L; S162I; N164S; G220V; K225T; D301G,1
S162I; N164S; G220V; K225T; Q304H,1
S162I; N164S; G220V; K225T; C231R; Y357H,1
S162I; N164S; G220V; K225T; D325Y,1
S162I; N164S; N274S,1
F55L; S162I; N164S; G220V; K225T; I232T,1
S162I; N164S; G220V; K225T; N261D; Q344N; S372T; E373Q; Y375F; N378G; N379S; K381A; V382T; F384Y; R385K; A389V; N390E; L391E; R394Q; I396V; K397E; P398E; T400K; K407N; I408K; R410E; F411E,1
I126F; E154G; S162I; N164S; G220V; K225T; I232L,1
S162I; N164S; N197T; I199N; G220V; K225T,1
K37N; L98P; S162I; N164S; G220V; K225T,1
G101D; E154G; S162I; N164S; G220V; K225T; V265A,1
E28A; S162I; N164S; G220V; K225T; T230M,1
S162I; N164S; G220V; K225T; I232V; I371V,1
H56L; S162I; N164S; G220V; K225T; C231S; R402H,1
N95S; L98P; S162I; N164S; G220V; K225T; N274S,1
S162I; N164S; P173Q; G220V; K225T,1
H56L; Q75T; S76T; S162I; G220V; K225T,1
S162I; N164S; G220V; K225T; I316V; R385G,1
D70Y; S162I; N164S; G220V; K225T,1
S6L; L98P; P120S; S162I; N164S; G220V; K225T,1
S162I; N164S; G220V; K225T; E250*; K356R,1
H56L; N96S; S162I; N164S; G220V; K225T,1
S60N; S162I; N164S; G220V; K225T; N379K,1
I41V; S162I; N164S; G220V; K225T; T234M,1
E154G; S162I; N164S; I181T; G220V; K225T,1
S162I; N164S; G220V; K225T; Q267P; N277H,1
L98P; S162I; N164S; G220V; K225T; P294S,1
S162I; N164S; G220V; K225T; I232T; A266T,1
N111S; E154G; S162I; N164S; N197D; G220V; K225T; I227V,1
Y68C; N138D; S162I; N164S; G220V; K225T,1
S162I; N164S; G220V; K225T; Q304K; I316V,1
S162I; N164S; G220V; K225T; Y307H; Y332H,1
I102L; S162I; N164S; G220V; K225T; E349K,1
N161K; S162I; N164S; G220V; K225T; Q235H,1
S66F; L98P; S162I; N164S; G220V; K225T; N390S,1
L98P; N122S; S162I; N164S; G220V; K225T,1
N10D; S162I; N164S; G220V; K225T; N293D,1
S60N; S162I; N164S; G220V; K225T; N370S,1
S162I; N164S; G177D; G220V; K225T; I352T,1
S162I; G220V; K225T; C231R; N365D,1
L98P; S162I; N164S; G177V; G220V; K225T; N362D; N390S,1
S162I; N164S; I181V; G220V; K225T; R402S,1
S162I; N164S; G220V; K225T; V265D; N390S,1
S162I; N164S; G220V; K225T; T335P,1
K135*; S162I; N164S; G220V; K225T,1
P43L; V47L; L98P; S162I; N164S; G220V; K225T; K306E; N390S,1
S162I; N164S; G220V; K225T; D270Y; S314Y; S333*; Q344*,1
Y20F; S162I; N164S; G220V; K225T,1
S162I; N164S; G220V; K225T; D325N; D338G,1
N122S; S162I; N164S; F192S; G220V; K225T,1
L98P; S162I; N164S; I199N; G220V; K225T; N392S,1
S162I; N164S; G220V; K225T; I241V; D278N,1
S60N; S162I; N164S; G220V; K225T; I409T,1
S162I; N164S; G220V; K225T; K300Q,1
S32A; H56L; Q75T; S76T; S162I; N164S; G220V; K225T,1
K85R; S162I; N164S; G220V; K225T; G246D,1
N95D; S162I; N164S; G220V; K225T; I232L,1
S6T; S32A; H56L; Q75T; S76T; T88Q; D121P; S198T; I199D,1
S162I; N164S; G220V; K225T; Y268D; I409L,1
S162I; N164S; G220V; K225T; G226S; N379S,1
S60N; S162I; N164S; H212Y; G220V; K225T,1
S162I; N164S; G220V; K225T; I352V; F384L; R385E; G386V; Q387R; N388M; A389Q; N390I; L391*; N392T; P393R; R394V; I395L; I396S; K397N; P398R; I399L; T400P; G401V; R402V; G403A; L404W; V405L; K407R; I408S; I409F; R410V,1
S162I; N164S; G220V; K225T; C231R; I352V; I377T,1
N138D; S162I; N164S; G220V; K225T; Q295*,1
S6T; E154G; L157S; S162I; N164S; S198T; I199D; G220V; K225T,1
S162I; N164S; G220V; K225T; C231S; I316S; N376S,1
L98P; S162I; N164S; G220V; K225T; N388D,1
L98P; S162I; N164S; G220V; K225T; D366G,1
N138D; S162I; N164S; G220V; K225T; I262V,1
S162I; N164S; G220V; K225T; C231S; S372N,1
N34S; S162I; N164S; G220V; K225T; L404M,1
S162I; N164S; I183V; G220V; K225T; I233V,1
S162I; N164S; G220V; K225T; T230K; N248S,1
S162I; N164S; G220V; K225T; Q236*; N261D,1
S162I; N164S; G220V; K225T; I352V; N379D,1
T88I; S162I; N164S; R168C; G220V; K225T,1
E44G; S162I; N164S; G220V; K225T,1
S6T; S32A; H56L; Q75T; S76T; T88Q; D121P; S162I; N164S; G220V; K225T; D326G,1
G101S; S162I; N164S; G220V; K225T; F324I,1
N138D; S162I; N164S; N197D; G220V; K225T,1
L98P; I134V; S162I; N164S; I199V; G220V; K225T; S372R,1
N161H; S162I; N164S; G220V; K225T; N390S,1
L98P; S162I; N164S; G220V; K225T; A283D,1
S162M; N164S; G220V; K225T,1
L98P; S162I; N164S; G220V; K225T; D325N; Q354R,1
L98P; I102V; S162I; N164S; G220V; K225T; P239L,1
S162I; N164S; N195S; I199N; G220V; K225T,1
S6T; S162I; N164S; G220V; K225T; I282V,1
S162I; N164S; G220V; K225T; D259N; D366N,1
N138D; S162I; N164S; G220V; K225T; K359R,1
L145M; S162I; N164S; G220V; K225T; A313T,1
S60N; S162I; N164S; G220V; K225T; P298T,1
N10D; G24D; S162I; N164S; G220V; K225T,1
S162I; N164S; R193C; G220V; K225T; I232L; N261S,1
S162I; N164S; G220V; K225T; S292N; N378S,1
G24D; S162I; N164S; G220V; K225T; N243S; G401D,1
K22N; S162I; N164S; G220V; K225T; F334L,1
P58S; S162I; N164S; G220V; K225T; K407R; I408S; I409F; R410V,1
V148A; S162I; N164S; G220V; K225T; Q235P,1
N46T; E154G; S162I; N164S; G220V; K225T,1
S162V; N164S; G220V; K225T; N365D,1
G101S; S162V; N164S; G220V; K225T; L286F,1
L98P; S162I; N164S; G220V; K225T; E250G,1
S162I; N164S; S217G; G220V; K225T; C231S; N365I,1
S162I; N164S; R193C; G220V; K225T; N362D; Q387K,1
S162I; N164S; G220V; K225T; I232T; N258S,1
Q141R; S162I; N164S; G220V; K225T; V405I,1
K22R; S162I; N164S; G220V; K225T; I232T,1
N72H; S162I; N164S; G220V; K225T,1
L98P; S162I; N164S; T185A; G220V; K225T; I227T,1
I102N; S162I; N164S; G220V; K225T,1
S162I; N164S; G220V; K225T; I247V; R385S,1
S162I; N164S; G220V; K225T; A266E; F334L,1
Y9H; N10S; S162I; N164S; G220V; K225T,1
E28K; S162I; N164S; G220V; K225T; I232T; K406*,1
N10S; F91L; L98P; S162I; N164S; G220V; K225T,1
L98P; S162I; N164S; M172R; G220V; K225T,1
S162I; N164S; S191L; G220V; K225T; I232S; N274S,1
S162I; N164S; V184I; G220V; K225T; Q236R,1
S162I; N164S; G220V; Y222C; K225T; G403D,1
G64D; L98P; S162I; N164S; G220V; K225T,1
S162I; N164S; S174N; G220V; K225T; C231R; V265A,1
K135E; S162I; N164S; G220V; K225T; P298S,1
S162I; N164S; G220V; K225T; N243S; I316V,1
H142Y; S162I; N164S; G220V; K225T; D270G,1
S6T; W40*; S162I; N164S; G220V; K225T; C231S,1
I134V; S162I; N164S; G220V; K225T; D270H,1
W40*; S162I; N164S; G220V; K225T; C231S; Q344N; N365D,1
S162I; N164S; G220V; K225T; C231R; P294L,1
S6T; S32A; H56L; T88Q; N138D; S162I; N164S; G220V; K225T,1
S162I; N164S; G220V; K225T; I352T; D366N,1
S162I; N164S; G220V; K225T; N269S; S284N,1
D15E; S162I; N164S; G220V; K225T; C231R,1
S162I; N164S; R193C; G220V; K225T; K329R,1
F91S; L98I; S162I; N164S; G220V; K225T; P393Q,1
S60N; S162I; N164S; M172R; G220V; K225T,1
E154G; S162I; N164S; G220V; K225T; D312N,1
S6T; T88K; S162I; N164S; G220V; K225T; N243D,1
S162I; N164S; G220V; K225T; I227V; F411S,1
S162I; N164S; S198L; G220V; K225T; V265A,1
S162I; N164S; N195S; G220V; K225T; S372N,1
S162I; N164S; G220V; K225T; I232T; T341A,1
S162I; N164S; G220V; K225T; I232T; V382A,1
S162I; N164S; G220V; K225T; F337V,1
S162I; N164S; G220V; K225T; A313V; Q354R,1
S99*; S162I; N164S; G220V; K225T; I232T,1
S162I; N164S; G220V; K225T; N390S; R410H,1
E79D; S108N; S162I; N164S; G220V; K225T,1
S32R; Q75T; S76T; T88Q; D121P; E154G; S162I; N164S; M172I; G220V; K225T,1
H56Y; S162I; N164R; G220V; K225T,1
S162I; N164S; G220V; K225T; I371V; Y375H,1
N138D; S162I; N164S; G220V; K225T; F252L,1
G49W; S162I; N164S; G220V; K225T,1
H56L; D77N; S162I; N164S; M172R; G220V; K225T,1
L98P; S162I; N164S; G220V; K225T; L260P,1
N138K; S162I; N164S; G220V; K225T; N390D,1
S162I; S163F; G220V; K225T; D326N,1
S162I; N164S; R193H; G220V; K225T; S292I,1
N46T; S162I; N164S; G220V; K225T,1
L98P; S162I; N164S; G220V; K225T; L360M,1
E106A; S162I; N164S; N195I; G220V; K225T,1
S162I; N164S; G220V; K225T; D278N; E349*,1
S6T; S162I; N164S; I199N; G220V; K225T,1
G64D; S162I; N164S; G220V; K225T; D270Y; N365Y,1
S6T; S32A; Q75T; S76T; T88Q; S162I; N164S; G220V; K225T,1
E28K; S162I; N164S; G220V; K225T; N274H,1
S162I; N164S; G220V; K225T; V265A; G386D,1
S162I; N164S; G220V; K225T; N269S; S314P,1
C26F; S162I; N164S; G220V; K225T,1
N10D; S162I; N164S; G220V; K225T; I232T; N261S,1
H56Y; L98P; S162I; N164S; G220V; K225T; N390S,1
Q53*; G101S; S162I; N164S; G220V; K225T,1
E154G; S162I; N164S; G220V; K225T; K245R,1
S162I; N164S; G220V; K225T; N370D; S372N,1
S162I; N164S; V184I; G220V; K225T; I233V,1
S162I; N164S; G220V; K225T; C231R; K311R,1
H56L; S162I; N164S; G220V; K225T; I352V,1
L98P; S162I; N164S; G220V; K225T; D270N; V382A,1
L98P; S162I; N164S; G220V; K225T; Y268H; N390S,1
F136L; S162I; N164S; R193L; G220V; K225T; L380M,1
Q75K; S162I; N164S; G220V; G223S; K225T,1
Y68H; S162I; N164S; G220V; K225T; I263L,1
S60N; H125Q; S162I; N164S; I199V; G220V; K225T; N390S,1
H56L; S162I; N164S; G220V; K225T; D259E; N362D,1
S162I; N164S; R168H; G220V; K225T; G401S,1
N111S; S162I; N164S; G220V; K225T; S292N,1
M1I; K109E; E154A; S162I; N164S; G220V; K225T,1
S162I; N164S; G220V; K225T; L380M,1
S162I; N164S; G220V; K225T; I263V; G374C,1
Q53R; L98P; S162I; N164S; G220V; K225T; N390S,1
S162I; N164S; G220V; K225T; N293S; N365D,1
G101S; S162I; N164S; G220V; K225T; N376T; I377S; N378T; N379T; L380*; K381R; V382*; N383T; F384L; R385E; G386V; Q387R; N388M; A389Q; N390I; L391*; N392T; P393R; R394V; I395L; I396S; K397N; P398R; I399L; T400P; G401V; R402V; G403A; L404W; V405L; K407R; I408S; I409F; R410V,1
R45C; S137N; S162I; N164S; G220V; K225T,1
T51I; S162I; N164S; G220V; K225T; P393L,1
E154G; S162I; N164S; G220V; K225T; D259G,1
Q75R; S162I; N164S; G220V; K225T; S284G,1
S162I; N164S; G220V; K225T; N243S; N376K,1
I41V; L98P; S162I; N164S; G220V; K225T; I327T,1
S162I; N164S; G220V; K225T; T228I; C231R,1
K62R; S162I; N164S; G220V; K225T; C231R,1
K31R; L98P; S162I; N164S; G220V; K225T,1
S162I; N164S; G220V; K225T; L286V,1
S162I; N164S; G220V; K225T; I232V; L363S,1
V148I; S162I; N164S; M211I; G220V; K225T,1
I134V; S162I; N164S; G220F; K225T,1
M1I; V47M; S162I; N164S; G220V; K225T; C231R,1
N10D; E28K; S162I; N164S; G220V; K225T,1
L98P; S108R; S162I; N164S; G220V; K225T,1
H56L; L98P; E133K; S162I; N164S; G220V; K225T,1
N14D; S162I; N164S; M172I; G220V; K225T,1
G100C; S162I; N164S; G220V; K225T,1
S162I; N164S; G220V; K225T; G246C,1
F55L; S162I; N164S; G220V; K225T; N379K,1
K89*; S162I; N164S; G220V; K225T,1
S162I; N164S; G220V; K225T; F303L; C347G,1
S162I; N164S; I199F; G220V; K225T; Q354K,1
N122S; S162I; N164S; G220V; K225T; K359R,1
N111S; S162I; N164S; G220V; K225T; I227M,1
G101S; S162I; G220V; K225T,1
G101S; S162I; N164S; N197S; G220V; K225T; I395V,1
S162I; G220V; A224S; K225T,1
G127R; S162I; N164S; G220V; K225T,1
N122D; S162I; N164S; G220V; K225T; N365D,1
S162I; N164S; G220V; K225T; I227S,1
S32A; L98P; S162I; N164S; N170D; G220V; K225T,1
S162I; N164S; G220V; K225T; K381*; R385K,1
S162I; N164S; G220V; K225T; C231R; I262L; I395V,1
S162I; N164S; V265D; A266E; Y268W; N269E; D270Q; Y272R; T273S; N277K; D278K; R280E; K281E; S284K,1
N10D; S162I; N164S; G220V; K225T; Y357*,1
I18L; L98P; E133K; S162I; N164S; G220V; K225T,1
S32A; H56L; D121P; S162I; N164S; G220V; K225T,1
L98P; D128E; S162I; N164S; G220V; K225T,1
N138D; S162I; N164S; G179V; G220V; K225T,1
S162I; N164S; G179V; G220V; K225T; C231S,1
S162I; N164R; G220V; K225T; N258K,1
L98P; S162I; N164S; G220V; K225T; A266P,1
S162I; N164S; G220V; K225T; I227T; N248S; V265A,1
S162I; N164S; M172I; G220V; K225T; F411L,1
S162I; N164S; Y190H; G220V; K225T; T230K,1
S162I; N164S; G220V; K225T; N248S; N293S,1
S162I; N164S; D196G; G220V; K225T; N269D,1
K62R; S162I; N164S; G220V; K225T; N297S,1
N95S; S162I; N164S; G220V; K225T; S372N,1
V47L; L98P; S162I; N164S; G220V; K225T,1
E154G; S162I; N164S; G220V; K225T; K407R,1
S162I; N164S; G220V; K225T; C231R; I352T,1
S162I; N164S; G220V; K225T; Y268S,1
S162I; N164S; N170S; G220V; K225T; Y355H,1
S162I; N164S; G220V; K225T; V382E; N390S,1
S162I; N164S; K225T; V265D; A266E; Y268W; N269E; D270Q; Y272R; T273S; N277K; D278K; R280E; K281E; S284K; S314N; I316N,1
S32A; Q75T; S76T; S162I; N164S; G220V; K225T,1
I21F; S162I; N164S; G220V; K225T,1
N147K; E154K; S162I; N164S; G220V; K225T,1
E154G; S162I; N164S; G220V; K225T; G386V,1
N122D; S162I; N164S; G220V; K225T; I233V,1
S162I; N164S; I199N; G220V; K225T; N383D,1
S76N; L98P; S162I; N164S; G220V; K225T; S372R,1
I41L; S162I; N164S; G220V; K225T,1
E154G; S162I; N164S; G220V; K225T; R402H,1
S162I; N164S; G220V; K225T; N248S; A389T,1
S162I; N164S; S166A; G220V; K225T; I232T,1
S162I; N164S; G220V; K225T; K329R; I396V,1
E154G; S162I; N164S; G220V; K225T; K330R; T400A,1
S162I; N164S; G220V; K225T; F384L,1
S162I; N164S; G220V; K225T; I232V; K245E; F334S,1
G101S; S162I; N164S; G220V; K225T; I302T,1
V47L; G49V; S162I; N164S; G220V; K225T,1
G101S; S162I; N164S; G220V; K225T; N383S,1
G220V; K225I; C231S; Y355H,1
S162I; N164S; I199V; G220V; K225T; N293D,1
K109Q; S162I; N164S; G220V; K225T; I232T; D326N,1
S162I; N164S; G220V; K225T; A313E; L364M,1
S162I; N164S; G220V; K225T; C347*,1
S162I; N164S; G220V; K225T; A389T; I409T,1
S162I; N164S; G220V; K225T; V345I; N390T,1
S140G; S162I; N164S; G220V; K225T; Q290*; T341N,1
S60N; S162I; N164S; G220V; K225T; I396S,1
S162I; N164S; N197S; G220V; K225T; N248S,1
N14S; S162I; N164S; G220V; K225T; S361F,1
S162I; N164S; M172I; G220V; K225T; N388S,1
Q53*; G101D; S162I; N164S; G220V; K225T,1
S162I; N164S; M172I; G220V; K225T; D270Y; Y317*,1
S162I; N164S; M172I; G220V; K225T; D270H; N379T,1
S162I; N164S; M172I; G220V; K225T; A313T,1
G101D; S162I; N164S; G220V; K225T; N274S,1
S6T; S32A; A110S; S162I; N164S; G220V; K225T; C231R,1
N96S; S162I; N164S; G220V; K225T; S292N,1
S162I; N164S; P188S; G220V; K225T; I408N,1
S60N; I134V; S162I; N164S; G220V; K225T,1
L98P; E133K; M151I; S162I; N164S; G220V; K225T,1
L98P; S162I; N164S; G220V; K225T; N258Y,1
T17A; L98P; S162I; N164S; G220V; K225T; V265A; V405I,1
S162I; N164S; G220V; K225T; D325V,1
S162I; N164S; G220V; K225T; I302V; N322S,1
P155L; S162I; N164S; G220V; K225T; V291A,1
W40R; D121P; S162I; N164S; G220V; K225T,1
S162I; N164S; G220V; K225T; A389E,1
I143V; S162I; N164S; G220V; K225T; V289M; N365D,1
S162I; N164S; G220V; K225T; N365D; P393S,1
E154G; S162I; N164S; G220V; K225T; G246C,1
K135R; E154G; S162I; N164S; G220V; K225T; N322S,1
S162I; N164S; I199T; G220V; K225T; C231S,1
S162I; N164S; G220V; Y222C; K225T; V265A,1
Q75R; S99*; S162I; N164S; G220V; K225T,1
N138D; S162I; N164S; G220V; K225T; L286R; Q344*,1
Y73C; S162I; N164S; G220V; K225T; I233V,1
S162I; N164S; G220V; K225T; Y332N,1
S162I; N164S; G220V; K225T; V265A; E349K; K397E,1
L103M; S162I; N164S; G220V; K225T,1
S162I; N164S; G220V; A224S; K225T; I247T,1
G101R; S162I; N164S; G220V; K225T,1
L98P; S162I; N164S; G220V; K225T; C231S; K329N; I352V,1
N92K; N122D; P146L; S162I; N164S; G220V; K225T,1
S162I; N164I; G220V; K225T; T230K,1
L61R; S162I; N164S; M172R; G220V; K225T; D325N,1
S162I; N164S; N169H; G220V; K225T,1
N122Y; S162I; N164S; G220V; K225T,1
L98P; S162I; N164S; G220V; K225T; D325N; N378S,1
S76I; E154G; S162I; N164S; G220V; K225T,1
S162I; N164S; G220V; K225T; N365K; N376K; N379K,1
S162I; N164S; G220V; K225T; E349K; N365S,1
T88I; S162I; N164S; G220V; K225T; D278N,1
N122D; S162I; N164S; M172I; G220V; K225T,1
A131T; S162I; N164S; G220V; K225T; N293D,1
L98P; K109R; S162I; N164S; G220V; K225T,1
E28K; S162I; N164S; G220V; K225T; A266E,1
H56Y; S162I; N164S; H212R; G220V; K225T; S284N,1
S6T; H56L; Q75T; S76T; D121P; S162I; N164S; G220V; K225T; V265A,1
N96S; S162I; N164S; N175S; I199T; G220V; K225T,1
I4M; S162I; N164S; S198T; I199D; G220V; K225T,1
E28K; S162I; N164S; G220V; K225T; N365D,1
E154G; S162I; N164S; G220V; K225T; F252L,1
I39T; L145M; S162I; N164S; G220V; K225T,1
D117E; S162I; N164S; G220V; K225T; C231R,1
S76N; G101S; S162I; N164S; G220V; K225T,1
G152R; S162I; N164S; G220V; K225T,1
E154G; S162I; N164S; Y171N; G220V; K225T,1
I94T; S162I; N164S; G220V; K225T; G246C,1
L98P; S162I; N164S; F202S; G220V; K225T,1
N63D; S162I; N164S; G220V; K225T; C231S,1
L145R; S162I; N164S; G220V; K225T,1
D65G; S162I; N164S; G220V; K225T; K397N,1
F136L; S162I; N164S; G220V; K225T; I232L; A313V,1
G101S; I134F; S162I; N164S; G220V; K225T,1
S162I; N164S; G220V; K225T; N293S; Q354K,1
N92K; L98P; S162I; N164S; Y190H; G220V; K225T,1
G101S; S162I; N164S; G220V; K225T; G401D,1
S6T; S32A; H56Q; S162I; N164S; N195S; G220V; K225T,1
H56R; E154G; S162I; N164S; G220V; K225T; V405A,1
G101S; S162I; N164S; R193H; G220V; K225T; P298L,1
S162I; N164S; G220V; K225T; T230S; R385G,1
A129S; S162I; N164S; G220V; K225T; S292N,1
L98P; S162I; N164S; G220V; K225T; S284I,1
N138D; S162I; N164S; G220V; K225T; N248H; Y355H,1
S162I; N164S; Y171C; G220V; K225T; I232L,1
E154G; S162I; N164S; G220V; K225T; F384L,1
N95S; S162I; N164S; G220V; K225T; N277S,1
H56L; Q75T; S76T; T88Q; D121P; S162I; N164S; G220V; K225T; N362D,1
I102V; S162I; N164S; G220V; K225T; F411S,1
L98P; S162I; N164S; G220V; K225T; R348H; S372N; N390S,1
S162I; N164S; G220V; K225T; C231S; I316S,1
N118D; S162I; N164S; G220V; K225T; I233S,1
L98P; S162I; N164S; G220V; K225T; S318I,1
F136L; S162I; N164S; G220V; K225T; K330R,1
S162I; N164S; G220V; K225T; N258D; D301G,1
S162I; N164S; G220V; K225T; N248S; S314N; I316N,1
G115D; I134V; S162I; N164S; G220V; K225T; A266T,1
P2S; S162I; N164S; A182T; G220V; K225T,1
S60N; S162I; N164S; G220V; K225T; D325G,1
I41V; S162I; N164S; G220V; K225T; Y375H,1
S162I; N164S; M172I; G220V; K225T; K381R,1
S162I; N164S; S191W; G220V; K225T,1
N96K; E106K; S162I; N164S; G220V; K225T,1
I39T; L98P; S162I; N164S; G220V; K225T; D325N,1
S60N; S162I; N164S; R168C; G220V; K225T; K407E,1
S162I; N164S; G220V; K225T; I316V; N390S,1
S162I; N164S; G220V; K225T; N258Y,1
L98P; S162I; N164S; G220V; K225T; I399V,1
Q75R; G101S; S162I; N164S; G220V; K225T,1
T17A; S162I; N164S; G220V; K225T; K346E; I371V,1
S162I; N164S; G220V; K225T; C231R; V382M; R402H,1
E133K; S162I; N164S; G220V; K225T; D325N; R410P,1
N122S; E154G; S162I; N164S; N197K; G220V; K225T,1
G25D; D121P; S162I; N164S; G220V; K225T; I262V,1
N96S; S162I; N164S; G220V; K225T; L404P,1
I102L; S162I; N164S; G220V; K225T; Y268H,1
S162I; N164S; G220V; K225T; I233V; Y355H,1
N138D; S162I; N164S; G220V; K225T; K397E,1
K37N; S162I; N164S; G220V; K225T; C231R,1
R16C; S162I; N164S; G220V; K225T; N390S,1
S162I; N164S; G220V; K225T; P239S; V265A,1
S162I; N164S; I165V; G220V; K225T; C231R,1
N138D; S162I; N164S; G220V; K225T; I232T; K346R,1
E154A; S162I; N164S; N170D; G220V; K225T,1
L19Q; S162I; N164S; G220V; K225T; G403D,1
N97D; S162I; N164S; G220V; K225T; N297D,1
S162I; N164S; G220V; K225T; A266E; P393S,1
S162I; N164S; G220V; K225T; S284R; N297K,1
K3E; D117Y; Q141R; S162I; N164S; G220V; K225T,1
S162I; N164S; H212Y; G220V; K225T; G308S,1
I134V; S162I; N164S; G220V; K225T; C231R; V291M,1
D70E; E154G; S162I; N164S; G220V; K225T,1
T59S; L98P; S162I; N164S; G220V; K225T; N390S,1
L98P; S162I; N164S; F186V; G220V; K225T,1
L98P; S162I; N164S; F186V; G220V; K225T; S314N; I316N,1
E154G; S162I; N164S; N195S; G220V; K225T,1
S162I; N164S; G220V; K225T; N379H,1
I143V; S162I; N164S; G220V; K225T; N269S,1
S162I; N164S; G220V; K225T; Q290H,1
Y69C; S162I; N164S; G220V; K225T; I227V,1
E28K; N96S; S162I; N164S; G220V; K225T,1
S162I; N164S; G220V; K225T; Y355*,1
I102A; S162I; N164S; G220V; K225T,1
N10D; E133G; S162I; N164S; G220V; K225T,1
L98P; S162I; N164S; G220V; K225T; S292G,1
S162I; N164S; G220V; K225T; A266E; G353D,1
L98P; S162I; N164S; G220V; K225T; P294S; I316T; D325N,1
H125R; E154G; S162I; N164S; G220V; K225T; N388S,1
I4M; H56L; S162I; N164S; G220V; K225T,1
L61R; S162I; N164S; G220V; K225T; Y355H,1
S162I; N164S; G220V; K225T; I232L; D325N,1
E154G; S162I; N164S; G220V; K225T; V289A,1
N138D; S162I; N164S; G220V; K225T; A340V; N362D,1
G24C; S162I; N164S; G220V; K225T; C231R,1
S162I; N164S; N169T; G220V; K225T,1
S32A; H56L; L98P; S162I; N164S; S198T; I199D; G220V; K225T,1
L98P; S162I; N164S; G179S; G220V; K225T,1
G101S; S162I; N164S; G220V; K225T; K356T,1
G101D; E154G; S162I; N164S; G220V; K225T; N383S,1
G101S; H125R; S162I; N164S; G220V; K225T,1
N10D; A153T; S162I; N164S; G220V; K225T,1
E154G; S162I; N164S; G220V; K225T; S292N; F324L,1
I102M; S162I; N164S; G220V; K225T; N365D,1
S162I; N164S; G220V; K225T; Q235H; N379S,1
N10D; S162V; N164S; G220V; K225T,1
N122D; S130F; S162I; N164S; G220V; K225T; C231R,1
L98P; S162I; N164S; R168L; G220V; K225T,1
N111S; A153V; S162I; N164S; G220V; K225T,1
L98P; S162I; N164S; G220V; K225T; D326A,1
N14S; P155S; S162I; N164S; G220V; K225T,1
I134V; S162I; N164S; I199N; G220V; K225T,1
S162I; N164S; G220V; K225T; N376K; I377H; N378Q; N379Q; K381E; V382G; N383E; F384L; R385*; G386R; Q387S; N388E; A389Y; N390K; L391S; N392E; R394A; I395Y; I396Y; K397Q; P398T; I399D; T400Y; G401R; R402S; G403W; L404P; V405G; K406*; I408D; I409H; R410S,1
S6T; S162I; N164S; G220V; K225T; C231S; T341I,1
S162I; N164S; G220V; K225T; V265A; V289A,1
S162I; N164S; G220V; K225T; A313P; D338N,1
S162I; N164S; Q204K; G220V; K225T; T273I,1
S162I; N164S; H216R; G220V; K225T; I327T,1
S162I; N164S; G177S; G220V; K225T; D325N; G401S,1
S162I; N164S; G220V; K225T; I232V; N322S,1
I42T; S162I; N164S; G220V; K225T; V345I,1
S162I; N164S; G220V; K225T; I232T; D270A,1
L98P; S162I; N164S; Y190C; G220V; K225T; T341S,1
E154G; S162I; N164S; G220V; K225T; S372R,1
S162I; N164S; I183S; G220V; K225T,1
N138D; S162I; N164S; L208M; G220V; K225T,1
S162I; N164S; G220V; K225T; I247T; N365D,1
L107V; S162I; N164S; G220V; K225T; N390S,1
N96S; S162I; N164S; G220V; K225T; C231R; V405I,1
L98P; S162I; S163F; G220V; K225T; T341S,1
K37N; S162V; N164S; G220V; K225T,1
N14D; S162I; N164S; G220V; K225T; C231R; Q344N,1
N10D; R82H; S162I; N164S; G220V; K225T,1
L104V; S162I; N164S; G220V; K225T; F358L,1
N92K; S162I; N164S; S166T; G220V; K225T,1
F158L; S162I; N164S; G220V; K225T; L404P; V405G; K406*; I408D; I409H; R410S,1
S162I; N164S; G220V; K225T; K330R; R385G,1
S162I; N164S; G220V; K225T; C231R; N261I,1
G101S; M151I; S162I; N164S; G220V; K225T,1
K22R; S162I; N164S; G220V; K225T; D326N,1
S162I; N164S; G220V; K225T; D259E,1
L98P; S162I; N164S; I165F; G220V; K225T,1
L98P; S162I; N164S; P188T; G220V; K225T,1
Y30H; S162I; N164S; G220V; K225T; I232V,1
L98P; S162I; N164S; G220V; K225T; I227V; S314N; I316N,1
P57H; S162I; N164S; G220V; K225T; C231R; R348C,1
S162I; N164S; G220V; K225T; G315C,1
S6T; S162I; N164S; S198L; G220V; K225T,1
S162I; N164S; G220V; K225T; P298S; N383D,1
N34K; S162I; N164S; G220V; K225T,1
S32G; S162I; N164S; G220V; K225T; A340E,1
L98P; S162I; N164S; G220V; K225T; C231G,1
A129S; S162I; N164S; G220V; K225T; N390S,1
E154G; S162I; N164S; G220V; K225T; K397E,1
N92K; L98P; S162I; N164S; G220V; G223V; K225T; N390D,1
S162I; N164S; G220V; K225T; N293D; G401D,1
Y20H; S32A; H56L; D121P; S162I; N164S; G220V; K225T,1
L98P; S162I; N164S; G220V; K225T; T350S,1
L98P; E105G; S162I; N164S; G220V; K225T; N390S,1
D70N; N92K; S162I; N164S; G220V; K225T,1
N92S; S162C; G220V; K225T; C231R,1
D65G; S162I; N164S; G220V; K225T; I232T,1
L98P; S162I; N164S; N200S; G220V; K225T,1
L98P; S162I; N164S; G220V; K225T; D326N; N390S,1
K135*; E154G; S162I; N164S; G220V; K225T,1
F29C; S162I; N164S; G220V; K225T,1
S162I; N164S; M172V; G220V; K225T; C231S,1
S6T; S162I; N164S; G220V; K225T; N261D; N362D,1
D117N; S162I; N164S; G220V; K225T; A389S,1
L98P; S162I; N164S; G220V; K225T; K245R,1
D77N; S162I; N164S; G220V; K225T; Q344K,1
L98P; S162I; N164S; G220V; A224T; K225T,1
S162I; N164S; G220V; K225T; A266E; I352T,1
S6T; E78K; D121P; S162I; S163F; G220V; K225T; K281Q,1
S162I; N164S; G220V; K225T; N297S; R402C,1
L98P; S162I; N164S; N197S; G220V; K225T; N269D,1
H56Y; S162I; N164S; G220V; K225T; C231R,1
S162I; N164S; G220V; K225T; I262T; N365D,1
S162I; N164S; G220V; K225T; Q354H,1
L98P; S162I; N164S; G220V; K225T; P294L; I396L,1
S162I; N164S; G220V; K225T; I247T; S361F,1
I41V; L98P; S162I; N164S; G220V; K225T; N390S; I395V,1
S162I; N164S; G220V; A224E; K225T; I371V,1
E154G; S162I; N164S; G220V; K225T; F343S,1
S162I; N164S; G220V; K225T; I227V; N248S,1
K62N; S162I; N164S; G220V; K225T; N376S,1
L98P; P155S; S162I; S163F; N164S; G220V; K225T,1
S60G; S162I; N164S; G220V; K225T; A313S,1
P71L; S162I; N164S; G220V; K225T,1
N122K; E154G; S162I; N164S; G220V; K225T,1
S6T; S32A; Q75T; S76T; T88Q; E154G; S162I; N164S; G220V; K225T,1
I39V; S162I; N164S; G220V; K225T; E336G,1
S162I; N164S; I199V; M211V; G220V; K225T,1
I143V; E154G; S162I; N164S; G220V; K225T; S372N,1
K62N; P112T; S162I; N164S; G220V; K225T; I232T,1
S162I; N164S; G220V; K225T; E305K; N365D,1
S162I; N164S; G220V; K225T; I408M,1
S162I; N164S; G220V; K225T; C231S; D278N,1
P71L; G101S; S162I; N164S; G220V; K225T; E250*,1
G101S; S162I; N164S; G220V; K225T; I352T,1
Q27K; S162I; N164S; G220V; K225T; F384S,1
I41V; I126V; S162I; N164S; G220V; K225T,1
S60N; N138D; S162I; N164S; G220V; K225T; T228I,1
G101D; E154G; S162I; N164S; G220V; K225T,1
Q75E; S162I; N164S; G220V; K225T; G226R; Q267L,1
S162I; N164S; G220V; Y222S; K225T; N379D,1
S162I; N164S; I199V; G220V; K225T; N274K,1
I41V; N118Y; S162I; N164S; G220V; K225T,1
S162I; N164S; G220V; K225T; N370K; I371M; G374S; Y375N,1
N138D; S162I; N164S; S166T; G220V; K225T,1
I126N; S162I; N164S; G220V; K225T,1
I126F; S162I; N164S; G220V; K225T,1
S162I; N164S; G220V; K225T; I232T; Y279H,1
I35N; S162I; N164S; G220V; K225T; C231R; I241V,1
L98P; Q123H; S162I; N164S; G220V; K225T,1
I102L; S162I; N164S; E213K; G220V; K225T,1
T88I; E154G; S162I; N164S; G220V; K225T,1
P2S; N138D; S162I; N164S; G220V; K225T,1
Q141K; S162I; N164S; G220V; K225T; D326N,1
I18V; K62N; S162I; N164S; G220V; K225T,1
L98P; S137T; S162I; N164S; G220V; K225T,1
N96S; L98P; S162I; N164S; G220V; K225T; N390S,1
S162I; N164S; N197D; G220V; K225T; C231R,1
K37M; H56L; S162I; N164S; G220V; K225T,1
L98P; S162I; N164S; I183V; G220V; K225T,1
Q123K; S162I; N164S; G220V; K225T; D366Y,1
F7S; S60N; S162I; N164S; G220V; K225T,1
P52S; S162V; N164S; S217R; G220V; K225T,1
E28K; S162I; N164S; G220V; K225T; G403S,1
N97D; S162I; N164S; G220V; K225T; K359Q,1
L98I; S162I; N164S; V184I; G220V; K225T,1
I41V; Y113H; S162I; N164S; G220V; K225T; Q387K,1
E154G; S162I; N164S; G220V; K225T; Q354R,1
N97S; L98P; S162I; N164S; G220V; K225T; D325N,1
E154G; S162I; N164S; G220V; K225T; K300E; A313T,1
L98P; S162I; N164S; G220V; K225T; Q236K; T400P,1
S162I; N164S; G220V; K225T; F343I; S372N,1
S162C; G220V; K225T; C231R; V345A,1
G101S; S162I; N164S; G220V; K225T; N297I,1
S6T; S32A; H56L; Q75T; S76T; T88Q; E154G; S162I; N164S; G220V; K225T,1
L98P; S162I; N164S; G220V; K225T; I327V,1
S162I; N164S; G220V; K225T; I316T; R410H,1
Y30H; S162I; N164S; G220V; K225T; C231S,1
S162C; G220V; K225T; C231R; P298S,1
K62E; G101S; S162I; N164S; M172I; G220V; K225T,1
L98P; S162I; N164S; G220V; K225T; I409L,1
S162I; N164S; G220V; K225T; C231R; N390S,1
K3E; R82L; E154G; S162I; N164S; G220V; K225T; N243S,1
H56L; S162I; N164S; G220V; K225T; G401D,1
V47E; S162I; N164S; G220V; K225T; L275S,1
G49R; V87M; P112R; S162I; N164S; G220V; K225T,1
L98P; N122D; S162I; N164S; G220V; K225T; I396V,1
S6P; L98P; S162I; N164S; G220V; K225T,1
R82H; F136S; S162I; N164S; G220V; K225T; C231R; N362D,1
S162I; N164S; G220V; K225T; L240P; D325N,1
S162I; N164S; F194V; G220V; K225T; I395V,1
V148A; S162I; N164S; L210M; G220V; K225T; S314N; I316N,1
S162I; N164S; G220V; K225T; F252L; E349K,1
S162I; N164S; G220V; K225T; D278N; I352V,1
E154G; S162I; N164S; G220V; K225T; Q267R,1
N122S; S162I; N164S; L167P; G220V; K225T,1
N72T; L98P; S162I; N164S; G220V; K225T,1
K37R; S162I; N164S; G220V; K225T; V265A,1
S162I; N164S; F178V; S191L; G220V; K225T,1
S162I; N164S; R193H; G220V; K225T; N362S,1
S162I; N164S; F202S; G220V; K225T,1
G101S; S162I; N164S; G220V; K225T; S372G,1
N10D; S162I; N164S; G220V; K225T; V382M,1
I134L; S162I; N164S; M172I; G220V; K225T,1
S162I; N164S; G220V; K225T; D301G; I316V,1
S162I; N164S; G220V; K225T; I316V; D326N,1
P43A; S162I; N164S; G220V; K225T,1
N96K; L98P; S162I; N164S; G220V; K225T; N390S,1
S162I; N164S; T185A; G220V; K225T; K330M,1
S162I; N164S; G220V; K225T; I316S,1
S162I; N164S; N195S; G220V; K225T; F252L,1
S140N; E154G; S162I; N164S; G220V; K225T; D270Y; S367P,1
G101A; S162I; N164S; G220V; K225T; S372N,1
D11N; S162I; N164S; G220V; K225T; Q235K,1
S60N; S162I; N164S; G220V; K225T; V265A,1
G101D; S162I; N164S; G220V; K225T; N362D,1
N96S; S162I; N164S; G220V; K225T; N269S,1
E105K; S162I; N164S; G220V; K225T; F252L,1
S162I; N164S; M172I; G220V; K225T; N274K,1
G24S; S162I; N164S; G220V; K225T; R402L,1
S162I; N164S; G220V; K225T; A266E; F337S,1
Q141R; S162I; N164S; G220V; K225T; T273I; I316T,1
G101S; S162I; N164S; G220V; K225T; A283T; N365D; S372T; E373Q; Y375F; N378G; N379S; K381A; V382T; F384Y; R385K; A389V; N390E; L391E; R394Q; I396V; K397E; P398E; T400K; K407N; I408K; R410E; F411E,1
N111K; S162V; N164S; G220V; K225T,1
N92K; S162I; N164S; G220V; K225T; I241M,1
M1T; S162I; N164S; G220V; K225T; K397N,1
S130Y; E154G; S162I; N164S; G220V; K225T,1
I102M; S162I; N164S; G220V; K225T; L240M; I271T,1
L98P; S162I; N164S; D205N; G220V; K225T,1
S162I; N164S; G220V; K225T; L328M; S372I,1
I143L; S162I; N164S; N170K; G220V; K225T,1
S162I; N164S; G220V; K225T; N365D; N388D,1
S162I; N164S; G220V; K225T; I227T; P393S,1
N96D; S162I; N164S; G220V; K225T; I408N,1
S6T; S32A; Q75T; S76T; D121P; S162I; N164S; G220V; K225T,1
S162I; N164S; G220V; K225T; A266E; D278N,1
G49V; T88I; S162I; N164S; G220V; K225T,1
S162I; N164S; G220V; K225T; N269S; K285N,1
S162I; N164S; G220V; K225T; I232F; Q235K,1
S162I; N164S; G220V; K225T; I232V; V405F,1
L98P; Q123R; S162I; N164S; E201A; G220V; K225T; N277D,1
I41V; D65G; S162I; N164S; G220V; K225T; I232T,1
V148I; S162I; N164S; G220V; K225T; C231R,1
L98P; S162I; N164S; S166A; G220V; K225T; G315D,1
T59A; S162I; N164S; G220V; K225T; C231R; S284N,1
L98P; S162I; N164S; G220V; K225T; N258D; D278N,1
S162I; N164S; E201D; G220V; K225T; I232T,1
N10D; S162I; N164S; G220V; K225T; N365S,1
Q27R; S162I; N164S; G220V; K225T; N297S,1
Q141R; S162I; N164S; G220V; K225T; I232M,1
E154G; S162I; N164S; G220V; K225T; I371V,1
S162I; N164S; G220V; Y222F; K225T; I232L; N370S,1
E154G; S162I; N164S; M172I; G220V; K225T; S318N,1
L98P; S162I; N164S; G220V; K225T; I377V,1
S162I; N164S; G220V; K225T; S372N; A389S,1
K62N; N92K; L98P; S162I; N164S; G220V; K225T,1
L98P; D121V; S162I; N164S; G220V; K225T,1
T59I; S162I; N164S; G220V; K225T; A266E,1
Q75K; E154G; S162I; N164S; E189K; G220V; K225T,1
S162I; N164S; G220V; K225T; I247S,1
D70E; S162I; N164S; G220V; K225T; I262L,1
S162I; N164S; V184I; G220V; K225T; K330N; V405A,1
S6T; S32A; P52L; H56L; T88Q; S162I; N164S; G220V; K225T,1
P23Q; I39V; S162I; N164S; G220V; K225T; L253F; D270H,1
D81N; L98P; N147K; S162I; N164S; G220V; K225T,1
E154G; S162I; N164S; G220V; K225T; D270G; K311E,1
S162I; N164S; N175T; G220V; K225T,1
R45L; S162I; N164S; G220V; K225T; N297D,1
G25C; S162I; N164S; G220V; K225T,1
S60N; S162I; N164S; G220V; K225T; Q387K; P393R; R402L,1
D54N; N72H; S162I; N164S; G220V; K225T,1
S67I; E106*; S162I; N164S; G220V; K225T,1
S162I; N164S; G220V; K225T; D325N; I409V,1
H125Y; E154G; S162I; N164S; G220V; K225T,1
L98P; S162I; N164S; I183V; G220V; K225T; I316T; N390S,1
S162I; N164S; T209P; G220V; K225T; I232T,1
R16C; S162I; N164S; G220V; K225T; I232T,1
S162I; N164S; M172I; G220V; K225T; Q354K,1
K135N; S162I; N164S; G220V; K225T; A389T,1
P2T; L98P; S162I; N164S; G220V; K225T,1
L98P; S162I; N164S; G220V; K225T; N365S; N390S,1
I94M; E154G; S162I; N164S; G220V; K225T,1
D11Y; L98P; S162I; N164S; G220V; K225T,1
S162I; N164S; N197Y; G220V; K225T; C231S,1
K135E; S162I; N164S; G220V; K225T; Q236H,1
S162I; N164S; G220V; K225T; I232T; V319L,1
N138D; S162I; N164S; M172I; G220V; K225T; T273A,1
S162I; N164S; G220V; K225T; N248S; I262V,1
L98P; S162I; N164S; G220V; K225T; N261K,1
I102L; S162I; N164S; G220V; K225T; N297S,1
S162I; N164S; G220V; K225T; N248S; G403D,1
E154G; S162I; N164G; G220V; K225T,1
S130C; S162I; N164S; I165V; G220V; K225T; F384L,1
L145M; S162I; G220V; K225T; C231R,1
L84P; S162I; N164S; G220V; K225T,1
Q75R; E154G; S162I; N164S; G220V; K225T; I233V,1
S162I; N164S; G220V; K225T; G256*,1
M1V; N10D; S162I; N164S; G220V; K225T,1
N10D; S162I; N164S; G220V; K225T; P298S,1
N8D; E154G; S162I; N164S; F194L; G220V; K225T,1
G101S; S162I; N164S; G220V; K225T; D278N,1
G24S; P57S; S162I; N164S; G220V; K225T; N365D,1
S162I; N164S; G220V; K225T; A266E; N383K,1
I102V; S162I; N164S; G220V; K225T; N379S,1
L98P; S162I; N164S; I181V; G220V; K225T; N390S,1
L98P; L114P; S162I; N164S; G220V; K225T,1
H56L; D121P; G220V; K225T,1
Q123*; S162I; N164S; G220V; K225T; I232T,1
L98P; S162I; N164S; G220V; K225T; N390S; R394H,1
L98P; S162I; N164S; A182V; G220V; K225T,1
E154G; S162I; N164S; G220V; K225T; Q344H,1
P43Q; I126V; S162I; N164S; G220V; K225T; V265A,1
S162I; N164S; G220V; K225T; C231S; S284N; N362D,1
G25S; L98P; S162I; N164S; G220V; K225T; I241V,1
H56L; K109Q; S162I; N164S; G220V; K225T,1
K225I; K300N; Q354R,1
L98P; S162I; N164S; Y190C; G220V; K225T; D326Y,1
E154G; S162I; N164S; G220V; K225T; I262V,1
R93L; F136S; S162I; N164S; G220V; K225T,1
L98P; S162I; N164S; G220V; K225T; I233V; G308S,1
S162I; N164S; I165V; G220V; K225T; N370S,1
S162I; N164S; R168C; G220V; K225T; T264A,1
Q123H; S162I; N164S; G220V; K225T; F337L,1
S162I; N164S; G220V; K225T; N322S; N362H,1
L98P; S162I; N164S; G220V; K225T; T254I; N388D,1
D15N; T50S; S162I; N164S; G220V; K225T,1
I41V; E133A; S162I; N164S; G220V; K225T,1
Q123K; S162I; N164S; G220V; K225T; K330R,1
S162I; N164S; G220V; K225T; I241S,1
S162I; N164S; G220V; K225T; I232S; Q354R,1
S162I; N164S; G220V; K225T; N378Y,1
K31N; S162I; N164S; G220V; K225T; N362D,1
L98P; S162I; N164S; G220V; K225T; V319A,1
S6L; S162I; N164S; I199N; G220V; K225T,1
G101D; N138D; S162I; N164S; G220V; K225T,1
S162I; N164S; G220V; K225T; T229M; S292I,1
L98P; I149V; S162I; N164S; G220V; K225T; N390S,1
K62N; L98P; S162I; N164S; G220V; K225T; N379S,1
S162I; N164S; E213K; G220V; K225T; C231S,1
L98P; S162I; N164S; G220V; K225T; S292R,1
E28K; S162I; N164S; G220V; K225T; N362D; K407E,1
L98P; S162I; N164S; G220V; K225T; N261H,1
S162I; N164S; G220V; K225T; C231R; Q235H,1
G101S; S162I; N164S; G220V; K225T; N258D; N390S,1
G101S; S162I; N164S; G220V; K225T; V345I,1
N10D; N63D; S162I; N164S; G220V; K225T,1
E79D; E154G; S162I; N164S; G220V; K225T,1
F83L; L98P; E154G; S162I; N164S; G220V; K225T,1
S162I; N164S; G220V; K225T; Y299*,1
H56L; L98P; G101S; S162I; N164S; G220V; K225T,1
N8D; S162I; N164S; G220V; K225T; S292N,1
N92K; S162I; N164S; G220V; K225T; I409V,1
F136L; S162I; N164S; G220V; K225T; R402C,1
S162I; N164S; G220V; K225T; Q235P; V265A,1
S6T; S32A; H56L; T88Q; S162I; N164S; G220V; K225T; A313T,1
L98P; S162I; N164S; G220V; K225T; E336G,1
L98P; S162I; N164S; G220V; K225T; N297H,1
G101S; S162I; N164S; G220V; K225T; N378D,1
S162I; N164S; G220V; K225T; Y268S; N365D; I368V,1
N10D; S162I; N164S; G220V; K225T; G386C,1
S162I; N164S; G220V; K225T; I233V; I396V,1
E44G; S162I; N164S; G220V; K225T; Y355C,1
Q75P; N138D; S162I; N164S; G220V; K225T,1
H125Y; S162I; N164S; R193C; G220V; K225T,1
S162I; N164S; M172I; G177S; G220V; K225T,1
L98P; S162I; N164S; G220V; K225T; K300R,1
N10D; G115C; S162I; N164S; G220V; K225T,1
V13A; S162I; N164S; G220V; K225T; C231R,1
S162I; N164S; G220V; K225T; C231R; F343L,1
S162I; N164S; G220V; K225T; C231R; I262V; P298L,1
L98P; S162I; N164S; G220V; K225T; S314P,1
E154G; S162I; N164S; G220V; K225T; S318N; K330R,1
G152D; S162I; N164S; G220V; K225T; G308S,1
N138D; N161H; S162I; N164S; G220V; K225T; N379H,1
Q27H; S162I; N164S; G220V; K225T; I316M,1
E154G; S162I; N164S; G220V; K225T; P298S,1
I39V; S162I; N164S; G220V; K225T; N274S,1
E105D; E154G; S162I; N164S; G220V; K225T; V291E,1
D128A; S162I; N164S; G220V; K225T; F255L,1
C26W; S162I; N164S; G220V; K225T,1
N96S; I102M; S162I; N164S; G220V; K225T,1
L114M; S162I; N164S; G220V; K225T; V265A; S314F; N388S,1
L98P; S162I; N164S; G220V; K225T; D312N; I352V,1
S162I; N164S; M172I; G220V; K225T; I409T; F411S,1
S162I; N164S; G220V; K225T; N243S; E250K,1
S60N; S162I; N164S; H219Y; G220V; K225T,1
S162I; N164S; G220V; K225T; D325N; Y355H; A389V,1
S137N; S162I; N164S; I199V; G220V; K225T,1
S162V; N164S; N195S; G220V; K225T,1
I39T; V132I; S162I; N164S; S180F; G220V; K225T,1
L98P; S162I; N164S; G220V; K225T; T254N,1
S162I; N164S; G220V; K225T; I249V; T273A,1
I41V; S162I; N164S; G220V; K225T; I232V; V405F,1
H56Y; S162I; N164S; G220V; K225T; S372N; V405G; K406*; I408D; I409H; R410S,1
D70N; L98P; S130A; S162I; N164S; G220V; K225T; A313S,1
N138D; S162I; N164S; I181V; G220V; K225T; N383D,1
V47A; S162I; N164S; G220V; K225T; C231R,1
L98P; N122D; S162I; N164S; G220V; K225T; I233V; I316T,1
S32A; N138D; S162I; N164S; G220V; K225T,1
S162I; N164S; G220V; K225T; I232A,1
I48V; N138D; S162I; N164S; G220V; K225T,1
N138D; S162I; N164S; M211V; G220V; K225T; V405A,1
S60N; S162I; N164S; G220V; K225T; T273A,1
S99A; S162I; N164S; G220V; K225T; N383S,1
L98P; S162I; N164S; G220V; K225T; G386S,1
A131T; S162I; N164S; G220V; K225T; I233V,1
N138D; S162I; N164S; G220V; K225T; I233V; K397E,1
S60N; T88I; S162I; N164S; G220V; K225T; N248S,1
N10D; S162I; N164S; G220V; K225T; K330R,1
S162I; N164S; N197D; G220V; K225T; S292N,1
I39F; S162I; N164S; G220V; K225T,1
N10S; S162I; N164S; G220V; K225T; D326N,1
S162I; N164S; G220V; K225T; T242A; F411L,1
S162I; N164S; G220V; K225T; N248S; I409T,1
S162I; N164S; G220V; K225T; I262N; K330R,1
K37N; T59A; S162I; N164S; G220V; K225T; I232T,1
D65G; E154G; S162I; N164S; G220V; K225T,1
S162I; N164S; G220V; K225T; L253S; Y272H; Q290H,1
N92K; I134V; S162I; N164S; G220V; K225T,1
R45H; S162I; N164S; M172I; G220V; K225T; L404P,1
I149V; S162I; N164S; G220V; K225T; K407R; I408S; I409F; R410V,1
K22R; S162I; N164S; G220V; K225T; C231S,1
S162I; N164S; G220V; K225T; Y307N,1
N138D; S162I; N164S; G220V; K225T; N269Y,1
S162I; N164S; G220V; K225T; N365D; N392K,1
S162I; N164S; G220V; K225T; A389T; I409V,1
S162I; N164S; G220V; K225T; E251K; L253F,1
C26*; S162I; N164S; G220V; K225T,1
L98P; S162I; N164S; E201G; G220V; K225T,1
L98P; A110S; S162I; N164S; G220V; K225T,1
N96S; G101S; S162I; N164S; G220V; K225T; K346R,1
P57H; N138D; S162I; N164S; G220V; K225T,1
S162I; N164S; N197D; G220V; K225T; I408N,1
S162I; N164S; D196G; G220V; K225T; E349K; I408T,1
N164S; G220V; K225T; N320D,1
I18L; S162I; N164S; S198T; I199D; G220V; K225T; V265A,1
Q75T; S76T; T88Q; S162I; N164S; G220V; K225T; F252L,1
S162I; N164S; G220V; K225T; I232T; I371V,1
I41M; S162I; N164S; G220V; K225T; C231R,1
I41V; S162I; N164S; G220V; K225T; A313E; S372N,1
E79D; S162I; N164S; G220V; K225T; N297S,1
S162I; N164S; G220V; K225T; C231R; G386D,1
S162I; N164S; G220V; K225T; T230K; K381T,1
S162I; N164S; G220V; K225T; T341A; L391M,1
N96S; L98P; I134V; S162I; N164S; G220V; K225T,1
S162I; N164S; G220V; K225T; S292N; I352V,1
N96S; L98P; S162I; N164S; G220V; K225T; K407R; I408S; I409F; R410V,1
L98P; S162I; N164S; G220V; K225T; I227V; S333*,1
S162I; N164S; G220V; K225T; I247V; I316T,1
N46D; S162I; N164S; G220V; Y222C; K225T,1
E79G; L98P; S162I; N164S; G220V; K225T,1
F55S; S162I; N164S; G220V; K225T; G257D,1
S162I; N164S; G220V; K225T; Q344H; I399V,1
Y20S; L98P; S162I; N164S; G220V; K225T,1
S60G; S162I; N164S; G220V; K225T; N269S,1
S162V; N164S; G220V; K225T; N370D,1
E28G; S162I; N164S; M172I; G220V; K225T,1
N138D; S162I; N164S; D205N; G220V; K225T,1
N10D; S67G; S162I; N164S; G220V; K225T,1
H142N; S162I; N164S; G220V; K225T,1
S162I; N164S; G220V; K225T; N274S; L276I,1
I102M; S162I; N164S; G220V; K225T; K329N,1
N138D; S162I; N164S; G220V; K225T; N243K,1
N10D; S162I; N164S; G220V; K225T; L296P; N390S,1
T59A; S60G; S162I; N164S; G220V; K225T,1
S162I; N164S; I199T; G220V; K225T; F337S,1
N97S; S162I; N164S; R193C; G220V; K225T,1
S162I; N164S; M172K; G220V; K225T; S284K,1
S162I; N164S; I199N; K225T,1
N138D; S162I; N164S; G220V; K225T; S292N,1
S162I; N164S; M172I; G220V; K225T; V405I,1
K135R; S162I; N164S; G220V; K225T; L328M,1
N138D; S162I; N164S; G220V; K225T; N383D; V405A,1
S162I; N164S; G220V; K225T; N258S; I263V,1
I126L; N138D; S162I; N164S; G220V; K225T,1
K31N; S162I; N164S; G220V; K225T,1
N92K; S162I; N164S; G220V; K225T; F252S,1
D15N; S60N; S162I; N164S; G220V; K225T; S284N,1
L98P; P155L; S162I; N164S; G220V; K225T,1
E28G; L98P; S162I; N164S; G220V; K225T; N390S,1
L61P; L98P; S162I; N164S; G220V; K225T; G257D,1
P2L; L98P; S162I; N164S; G220V; K225T,1
E28K; S76I; S162I; N164S; G220V; K225T; I232T; K406*,1
L98P; S162I; N164S; G220V; K225T; C231R; I316M,1
E44D; L98P; S162I; N164S; G220V; K225T,1
S162I; N164S; E189Q; G220V; K225T,1
N14D; S162I; N164S; N170S; G220V; K225T; I232V; I316V,1
L98P; S162I; N164S; P173L; G220V; K225T; L404M,1
P2L; S162I; N164S; G220V; K225T; N248S,1
S6T; T88Q; S162I; N164S; G220V; K225T; N362D,1
N96K; S162I; S163F; G220V; K225T,1
P12L; L98P; S162I; N164S; G220V; K225T; D325N; Y357H,1
S162I; N164S; G220V; K225T; N390D; T400P,1
N96H; L98P; S162I; N164S; G220V; K225T,1
S162I; N164S; G220V; K225T; C231R; N277D,1
S162I; N164S; G220V; K225T; V265A; R410H,1
I21T; S162I; N164S; G220V; K225T,1
E154G; S162I; N164S; N195I; G220V; K225T,1
S162I; N164S; G220V; K225T; I232F; V291M,1
S162I; N164S; G220V; K225T; N248S; V265F,1
N95K; S162I; N164S; G220V; K225T; I232M,1
E28D; S162I; N164S; G220V; K225T; P393S,1
L98P; S162I; N164S; G220V; K225T; R280H; G353C,1
L98P; S162I; N164S; G220V; K225T; C231R; N258D,1
K80E; S162I; N164S; G220V; K225T; N293D,1
S162I; N164S; G220V; K225T; N258S; D325N,1
N97D; I150V; S162I; N164S; G220V; K225T,1
S162I; N164S; G220V; K225T; N383T,1
H56N; K225L,1
S162C; G220V; K225T; C231R; K245R,1
V87A; S162I; N164S; G220V; K225T,1
N10S; S162I; N164S; M172I; G220V; K225T,1
E28K; S162I; N164S; G220V; K225T; N388D,1
S6T; E44G; L61V; L98P; S162I; N164S; G220V; K225T,1
S6T; E154G; S162I; N164S; G220V; K225T,1
E28K; S32A; H56L; Q75T; S76T; S162I; N164S; G220V; K225T; C231S,1
M1I; L98P; S162I; N164S; G220V; A224E; K225T,1
P23L; Q53R; S162I; N164S; G220V; K225T,1
D65G; L98P; S162I; N164S; G220V; K225T,1
S162I; N164S; M172I; G220V; K225T; C347F,1
T59A; S162I; N164S; G220V; K225T; A313T,1
S162I; N164S; G220V; K225T; N362D; R385G,1
S162I; N164S; G220V; K225T; A266E; N379S,1
S162I; N164S; G220V; K225T; N248S; K342R,1
N14D; S162I; N164S; R168S; G220V; K225T,1
E28A; L98P; S162I; N164S; G220V; K225T; D270N,1
L98P; S162I; N164S; G220V; K225T; G401D,1
S162I; N164S; K225T; T341A,1
S162I; N164R; S198T; G220V; K225T; T341A,1
S6T; S162I; N164S; G220V; K225T; Y355H,1
S162I; N164S; G220V; K225T; S284N; N293D,1
E106A; S162I; N164S; G220V; K225T; C231R,1
G101C; S162V; N164S; G220V; K225T,1
L98P; S162I; N164S; G220V; K225T; I263L,1
L98P; S162I; N164S; I203V; G220V; K225T; N258D,1
E154G; S162I; N164S; G220V; K225T; D301G,1
N118D; N161H; S162I; N164S; G220V; K225T,1
E159G; S162I; N164S; G220V; K225T; T341I,1
S162I; N164S; G220V; K225T; D325E; N379S,1
S162C; G220V; K225T; C231R; T242A,1
T59A; S162I; N164S; I183V; G220V; K225T,1
N14D; N138D; S162I; N164S; G220V; K225T,1
N10D; S162I; N164S; G220V; K225T; S372G,1
Q53R; S162I; N164S; I199N; G220V; K225T; F252L; V291M,1
S162I; N164S; G220V; K225T; Y299S,1
S162I; N164S; G220V; K225T; C231S; I247V,1
L98P; S140N; S162I; N164S; N195D; G220V; K225T,1
S162I; N164S; G220V; K225T; N277S; N370S,1
S162I; N164S; G220V; K225T; L296M; R394C,1
S162I; N164S; D196A; G220V; K225T; Y375L; N376*; I377H; N378Q; N379Q; K381E; V382G; N383E; F384L; R385W; G386R; Q387S; N388E; A389C; N390K; L391S; N392E; R394A; I395Y; I396Y; K397Q; P398T; I399G; T400Y; G401R; R402S; G403W; L404P; V405G; K406*; I408D; I409H; R410S,1
S162I; N164S; G220V; K225T; C347*; N365D; S372T; E373Q; Y375F; N378G; N379S; K381A; V382T; F384Y; R385K; A389V; N390E; L391E; R394Q; I396V; K397E; P398E; T400K; K407N; I408K; R410E; F411E,1
N63T; E154G; S162I; N164S; Y171C; G220V; K225T,1
S162I; N164S; M172I; G220V; K225T; D278A,1
N10T; S162I; N164S; G220V; K225T,1
F55L; S162I; N164S; G220V; K225T; D278N,1
L98P; S162I; N164S; G220V; K225T; S292N; K306R; S314T,1
G101S; D128N; S162I; N164S; G220V; K225T,1
S162I; N164S; G220V; K225T; C231R; I241T,1
G49C; S162I; N164S; S198T; I199D; G220V; K225T,1
S162I; N164S; M172I; G220V; K225T; R385G,1
S162I; N164S; S166T; G220V; K225T; N274K,1
N96D; S162I; N164S; G220V; K225T; S292I,1
S162I; N164S; G220V; K225T; C231R; T400A,1
N96H; G101S; S162I; N164S; G220V; K225T; N274K,1
S162I; N164S; G220V; Y222H; K225T; L404P; V405G; K406*; I408D; I409H; R410S,1
L98P; D121G; E154D; S162I; N164S; G220V; K225T,1
N96H; S162I; N164S; G220V; K225T; L240P,1
Q141H; S162I; N164S; G220V; K225T; N383D,1
S162I; N164S; G220V; K225T; Q236R; D301A,1
S60N; S162I; N164S; G220V; K225T; D270N,1
S162I; G220V; K225T; C231R; D326Y,1
L98P; S162I; N164S; G220V; K225T; I302N,1
T88I; S162I; N164S; G220V; K225T; S292I,1
N10D; N111S; S162I; N164S; G220V; K225T,1
S162I; N164S; G220V; K225T; R280S,1
G101S; S162I; N164S; G220V; K225T; S292N; P298T,1
S162I; N164S; G220V; K225T; K342R; N362D,1
L98P; I134V; S162I; N164S; G220V; K225T; D270H,1
L98P; S162I; N164S; G220V; K225T; N365D; E373D; I409T,1
G101S; S162I; N164S; S166A; G220V; K225T,1
N10D; S162I; N164S; G220V; K225T; I232T; I399V,1
L98P; S162I; N164S; G220V; K225T; Q236R; N390S,1
P71S; S162I; N164S; G220V; K225T; D270N,1
L98P; S162I; N164S; G220V; K225T; K285N,1
S162I; N164S; N195S; G220V; K225T; I232T,1
S162I; N164S; G220V; K225T; N365D; N392S,1
S162I; N164S; G220V; K225T; V265A; V405A,1
S60N; S162I; N164S; G220V; K225T; I409L,1
K80R; A110T; S162I; N164S; G220V; K225T,1
L98R; S162I; N164S; D196A; G220V; K225T,1
S162I; N164S; G220V; K225T; N261D; N297S,1
L98P; S130A; S162I; N164S; G220V; K225T,1
S60G; S162I; N164S; G220V; K225T; Y357H,1
E154G; S162I; N164S; G220V; K225T; G256E,1
S60N; S162I; N164S; G220V; K225T; I247V,1
S162I; N164S; G220V; K225T; V265A; D325G,1
S162I; N164S; G220V; K225T; V405D,1
H56L; S162I; N164S; G220V; K225T; P294L; S372G,1
S162I; N164S; G220V; K225T; P393R; R394V; I395L; I396S; K397N; P398R; I399L; T400P; G401V; R402V; G403A; L404W; V405L; K407R; I408S; I409F; R410V,1
L145M; S162I; N164S; G220V; K225T; T229M; C231R,1
L98P; S162I; N164S; G220V; K225T; N258D; P398S,1
E154A; S162I; N164S; G220V; K225T; C231R,1
D77N; E154G; S162I; N164S; G220V; K225T,1
S67R; S162I; N164S; G220V; K225T; C231R,1
S162I; N164S; G220V; K225T; N248S; N365D,1
S162I; N164S; M211I; G220V; K225T; N378S,1
P58Q; S162I; N164S; N200D; G220V; K225T,1
S162I; N164S; G220V; K225T; I408S; I409F; R410V,1
N97K; L98P; S162I; N164S; G220V; K225T,1
H56L; L98P; S162I; N164S; G220V; K225T; I371T,1
S162I; N164S; G220V; K225T; V382M; R402C,1
N63S; G115C; S162I; N164S; G220V; K225T,1
S162I; N164S; L167P; G220V; K225T; Y268C; D326N; I408D; I409H; R410S,1
S108N; E154G; S162I; N164S; G220V; K225T,1
L98P; S162I; N164S; E213*; G220V; K225T; G246C,1
L98P; S162I; N164S; G220V; K225T; N248K,1
Y69C; S162I; N164S; I203V; G220V; K225T,1
Y190F; G220V; K225T,1
L98P; S162I; N164S; G220V; K225T; S292N; N390S,1
S162I; G220V; K225T; I232T; D326N,1
S162I; N164S; G220V; K225T; R348L; N365D,1
S67R; S162I; N164S; G220V; K225T; N238D,1
N161S; S162I; N164S; I199T; G220V; K225T; T400I,1
S76N; L98P; S162I; N164S; G220V; K225T; C231G,1
Y30F; S162I; N164S; G220V; K225T,1
N138D; S162I; N164S; S191L; G220V; K225T,1
L98P; S162I; N164S; G220V; G223S; K225T,1
G64D; S162I; N164S; N200D; D205E; G220V; K225T,1
T17I; I39V; L98P; S162I; N164S; G220V; K225T,1
Y69F; S162I; N164S; G220V; K225T; L276F,1
G101S; I102M; S162I; N164S; G220V; K225T,1
P155S; S162I; N164S; G220V; K225T; A266E,1
H56L; Q75T; S76T; D81A; T88Q; S162I; N164S; G220V; K225T; K342E,1
I143V; S162I; N164S; G220V; K225T; V289M; Q304K; N322K,1
S60N; S162I; N164S; G220V; K225T; I262F; N362D,1
L98P; S162I; N164S; G220V; K225T; N383H,1
S162I; N164S; G220V; K225T; N297S; N370S,1
E154G; S162I; N164S; G220V; K225T; N383S,1
S6T; S32A; Q75T; S76T; T88Q; E106Q; S162I; N164S; V184I; G220V; K225T,1
G101D; S162I; N164S; G220V; K225T; D270H,1
L98P; S162I; N164G; G220V; K225T,1
S162I; N164S; G220V; K225T; V382M; V405F,1
S60N; Y69H; S162I; N164S; G220V; K225T; N362D,1
S60R; L98P; S162I; N164S; G220V; K225T; N390S,1
Y68F; S162I; N164S; G220V; K225T,1
S162I; N164S; G220V; K225T; C231S; P239L,1
N10D; S162I; N164S; G220V; K225T; N383D,1
V148I; S162I; N164S; G220V; K225T; Q387R,1
S162I; N164S; S198T; I199D; G220V,1
S60N; T160A; S162I; N164S; G220V; K225T; N277S,1
Q123*; S162I; N164S; G220V; K225T; T341A,1
F33L; S162I; N164S; G220V; K225T; I352T,1
R82L; E154G; S162I; N164S; R168H; G220V; K225T,1
I134V; S162I; N164S; G220V; K225T; T400A,1
S162I; N164S; V184I; I199T; G220V; K225T,1
T59A; S162I; N164S; G220V; K225T; V265A,1
S162I; N164S; N197S; G220V; K225T; K397E,1
S162I; N164S; G220V; K225T; N392T; P393R; R394V; I395L; I396S; K397N; P398R; I399L; T400P; G401V; R402V; G403A; L404W; V405L; K407R; I408S; I409F; R410V,1
L98P; S162I; N164S; G220V; K225T; N274S; N390S,1
I48V; S162I; N164S; G220V; K225T,1
N10D; S162I; N164S; I199V; G220V; K225T; L331M,1
G115V; S162I; N164S; G220V; K225T,1
S162I; N164S; G220V; K225T; C231S; Q354R,1
L98P; S162I; N164S; K225T,1
N63S; S162I; N164S; G220V; K225T; I232T,1
N10D; S162I; N164S; G220V; K225T; C231R; I316T; A389T; G403V,1
N10D; L98P; S162I; N164S; M172I; M211I; G220V; K225T,1
Y30H; S162I; N164S; G220V; K225T; I232V; T242A,1
P23S; G101S; S162I; N164S; M172I; G220V; K225T,1
T160A; S162I; N164S; S180F; G220V; K225T,1
E78K; S162I; N164S; G220V; K225T; D325E,1
D128E; E154G; S162I; N164S; G220V; K225T; N248S,1
S162I; N164S; N169Y; G220V; K225T,1
I102S; S162I; N164S; G220V; K225T; S314F,1
S162I; N164S; G220V; K225T; L253*,1
N8D; S162I; N164S; G220V; K225T; T264A; V265A,1
S162I; N164S; I199V; G220V; K225T; N365D,1
N138D; S162I; N164S; G220V; K225T; P393L,1
S60N; S162I; N164S; G220V; K225T; D312N,1
S162I; N164S; G220V; K225T; G226V,1
L98P; I134V; S162I; N164S; G220V; K225T; G353D,1
S162I; N164S; I199T; G220V; K225T; G401C,1
L98P; I134V; S162I; N164S; G220V; K225T; T228A,1
Y30C; S162I; N164S; G220V; K225T; C231R,1
L98P; S162I; N164S; N175S; G220V; K225T; V265A,1
N92K; S99L; S162I; N164S; G220V; K225T,1
M1I; R16H; S162I; N164S; G220V; K225T; I262L,1
S67I; S162I; N164S; G220V; K225T; N362D,1
S162I; N164S; G220V; K225T; I409P,1
H56L; Q75T; S76T; T88Q; D121P; S162I; N164S; G220V; K225T; P298S,1
G101S; N116D; S162I; N164S; P173L; G220V; K225T,1
L98P; S162I; N164S; Y190C; G220V; K225T; C231R,1
S60N; S140N; S162I; N164S; G220V; K225T; D325E,1
K85R; L98P; S162I; N164S; G220V; K225T; N322S; N383D,1
S162I; N164S; G220V; K225T; N297D; A389V,1
S162I; N164S; N195S; I199V; G220V; K225T,1
I42F; S162I; N164S; G220V; K225T,1
E154G; S162I; N164S; G220V; K225T; A389E,1
E154K; S162I; N164S; G220V; K225T; D312N,1
N138D; L145M; S162I; N164S; G220V; K225T,1
N138D; E154G; S162I; N164S; G220V; K225T; I263T,1
K31Q; H56L; S162I; N164S; G220V; K225T,1
E154G; S162I; N164S; S180T; G220V; K225T,1
V47A; Q53R; S162I; N164S; G220V; K225T,1
L98P; S162I; N164S; G220V; K225T; A313E; F358S,1
Y30H; S67I; L98P; S162I; N164S; G220V; K225T,1
N138D; S162I; N164S; M172T; G220V; K225T,1
S162I; N164S; R193L; G220V; K225T; N238D,1
S162I; N164S; M211V; G220V; K225T; T228S,1
S162I; N164S; N170S; G220V; Y222C; K225T,1
S6T; S32A; T59I; S162I; N164S; G220V; K225T; D325A,1
Y73H; S162I; N164S; G220V; K225T; C231R,1
L98P; S162I; N164S; I203V; G220V; K225T,1
S162I; N164S; G220V; K225T; C231R; N379S,1
S162I; N164S; G220V; K225T; Q344K; N365D,1
N147S; S162I; N164S; G220V; K225T; N238S,1
S60N; S162I; N164S; G220V; K225T; N277S,1
S162I; N164S; G220V; K225T; N238H,1
T59A; S162I; N164S; M172I; G220V; K225T,1
K85E; S162I; N164S; M172V; G220V; K225T,1
G24C; N72S; S162I; N164S; G220V; K225T; S284R,1
Y69H; N72D; S162I; N164S; G220V; K225T; I408D; I409H; R410S,1
G101A; S162I; N164S; G220V; K225T; V319I,1
P2T; S162I; N164S; G220V; K225T; C231R,1
L98P; S162I; N164S; G220V; K225T; G257V,1
P23S; S162I; N164S; G220V; K225T; I409T,1
S162I; G220V; K225T; V265A,1
H56L; S162I; N164S; N170Y; G220V; K225T; D270H,1
S162I; N164S; N195S; G220V; K225T; I262V,1
D128E; S162I; N164S; G220V; K225T; I263V,1
S162I; N164S; G220V; K225T; E373D; G374C,1
N96D; L98P; S162I; N164S; G220V; K225T; I377T,1
N46S; S162I; N164S; G220V; K225T; D325N,1
S67I; G101S; D121N; S162I; N164S; G220V; K225T,1
L98P; S162I; N164S; G220V; K225T; N379Y,1
Q75K; L98P; S162I; N164S; G220V; K225T; N390S,1
D54G; L98P; S162I; N164S; G220V; K225T,1
S60T; L98P; S162I; N164S; F194L; G220V; K225T,1
K109R; S162I; N164S; G220V; K225T; C231R,1
S66P; S162I; N164S; G220V; K225T; R244C,1
S162I; N164S; M172I; G220V; K225T; I232T; N362D,1
Q27*; L98P; Q141*; S162I; N164S; G220V; K225T,1
S162I; N164S; G220V; K225T; I233V; V345I,1
Q53*; N138D; S162I; N164S; G220V; K225T,1
E28K; S162I; N164S; I199T; G220V; K225T; N258S,1
I41V; S162I; N164S; G220V; K225T; S284R,1
L98P; S162I; N164S; G220V; K225T; N376I,1
S162I; N164S; G220V; K225T; Q304K,1
E154G; S162I; N164S; G220V; K225T; A313E,1
L98P; S162I; N164S; G220V; K225T; G386D,1
S162I; N164S; G220V; K225T; E251D; N261S,1
Q75T; S76T; T88Q; G101V; S162I; N164S; G220V; K225T,1
S162I; N164S; G220V; K225T; I232L; A389T,1
S162I; N164S; M172I; K225T; N362D,1
D54H; L98P; S162I; N164S; R193L; G220V; K225T,1
H56L; S162I; N164S; G220V; Y222*; K225T; I262M,1
E154G; S162I; N164S; G220V; K225T; L339S,1
S162I; N164S; G220V; K225T; F252L; D312E,1
L98P; S162I; N164S; G220V; K225T; S292N; S314T; D325N,1
L98P; S162I; N164S; G220V; K225T; D278A,1
Q27*; S162I; N164S; G220V; K225T; N293S,1
S60G; L98P; S162I; N164S; G220V; K225T; I262V,1
I41V; S162I; N164S; G220V; K225T; K406R,1
N138D; S162I; N164S; G220V; K225T; K245E; R280C,1
E154G; S162I; M172I; G220V; K225T,1
M1L; S6T; S162I; N164S; G220V; K225T,1
S162I; N164S; M172I; G220V; K225T; G401S,1
S162I; N164S; G220V; K225T; N261D; Y355H,1
S162I; N164S; R168S; I199N; G220V; K225T,1
S162I; N164S; G220V; K225T; C231R; I395T,1
S162I; N164S; F178L; D196E; G220V; K225T,1
P146L; S162I; N164S; G220V; K225T; S372I,1
K62N; G101S; S162I; N164S; G220V; K225T,1
L98P; N138D; S162I; N164S; G220V; Y222C; K225T,1
L98P; S162I; N164S; G220V; K225T; I408V,1
S60N; S162I; N164S; G220V; K225T; I352T,1
S162I; N164S; G220V; K225T; T230S; R402C,1
S162I; N164S; R168S; M172I; G220V; K225T,1
E105V; S162I; N164S; M172I; G220V; K225T,1
S32A; S162I; S163F; G220V; K225T,1
S162I; N164S; G220V; K225T; N243D,1
L98P; N164S; G220V; K225T,1
P112L; S162I; N164S; G220V; K225T; I409V,1
R45C; L98P; S162I; N164S; G220V; K225T,1
P58S; L98P; S162I; N164S; G220V; K225T; V382M; N390S,1
E79K; N138D; S162I; N164S; G220V; K225T; Y307*,1
E28K; S162I; N164S; G220V; K225T; Y268C,1
L98P; G101C; S162I; N164S; G220V; K225T; D278G,1
T50N; S162I; N164S; G220V; K225T,1
P2S; T50I; S162I; N164S; G220V; K225T,1
I41M; L98P; S162I; N164S; G220V; K225T,1
S162I; N164S; G220V; K225T; C231S; A313S,1
S162I; N164S; G220V; K225T; L240M; N383D,1
S162I; N164S; M172R; G220V; K225T; I247V; D325N,1
Y20H; L98P; S162I; N164S; E189*; G220V; K225T,1
A110T; S162I; N164S; N195S; G220V; K225T,1
L98P; S162I; N164S; G220V; K225T; K330N,1
S162I; N164S; G220V; K225T; N365D; R402C,1
S162I; N164S; G220V; K225T; P298S; D312N,1
L98P; S162I; N164S; N170Y; G220V; K225T,1
S162I; N164S; N170K; I181M; G220V; K225T,1
S162I; N164S; G220V; K225T; I262V; D278A,1
T88I; S162I; N164S; N197S; G220V; K225T,1
N122D; S162I; N164S; G220V; K225T; T341N,1
N116H; S162I; N164S; G220V; K225T; C231R,1
S162I; N164S; G220V; K225T; F337L; T341A,1
M1I; S162I; N164S; N195S; G220V; K225T,1
E154G; S162I; N164S; Q204P; G220V; K225T,1
S162I; N164S; G220V; K225T; A266E; P398S,1
S60G; S162I; N164S; G220V; K225T; N248S,1
L98P; E154G; S162I; N164S; G220V; K225T; T230A,1
S162I; N164S; G179S; S187F; G220V; K225T,1
S162C; S174N; G220V; K225T; C231R,1
N38D; S162I; N164S; G220V; K225T; K356R,1
S162I; N164S; G220V; K225T; D259N; K306E,1
K62M; L98P; S162I; N164S; G220V; K225T; Y332F,1
I21V; L98P; S162I; N164S; E189K; G220V; K225T,1
S162I; N164S; M211I; G220V; K225T; V382M,1
E154G; S162I; N164S; G220V; K225T; L286I,1
L98F; T119I; S162I; N164S; G220V; K225T,1
I18L; G220V; K225T; Q387*,1
D81N; L98P; S162I; N164S; M172I; G220V; K225T,1
I102M; S162I; N164S; G220V; K225T; Y299H,1
E106A; S162I; N164S; G220V; K225T; C231R; F334L,1
S162I; N164S; G220V; K225T; C231S; L404R,1
L98P; S162I; N164S; G220V; K225T; T229M; D325N,1
G101S; S162I; N164S; G220V; K225T; P294T,1
N138D; S162I; N164S; G220V; K225T; V289M,1
K62R; N138D; S162I; N164S; G220V; K225T; K406E,1
M1I; S162I; N164S; G220V; K225T; N362D,1
S162I; N164S; G220V; K225T; A313V; Y355H; G386S,1
S32N; S162I; N164S; G220V; K225T; C231R,1
S162I; N164S; G220V; K225T; I232V; T350S,1
S162I; N164S; G220V; K225T; Y355H; K397R,1
S6T; S162I; N164S; G220V; K225T; I352S,1
V47M; S162I; N164S; G220V; K225T; G403S,1
E28K; S162I; N164S; G220V; K225T; Q344N,1
N10S; S60N; S162I; N164S; G220V; K225T; S284N,1
S162I; N164I; G220V; K225T; C231R,1
H56L; L98R; S162I; N164S; G220V; K225T,1
G25D; S162I; N164S; N195S; G220V; K225T,1
N10D; S162I; N164S; G220V; K225T; L363F,1
P52S; S76N; E154G; S162I; N164S; S174N; G220V; K225T,1
S162I; N164S; G220V; K225T; I282V; N365D,1
N92S; S162I; N164S; N195S; G220V; K225T,1
H56R; S162I; N164S; G220V; K225T; N378D,1
N10D; S162I; N164S; G220V; K225T; T264A,1
L98P; N122D; S162I; N164S; D205N; G220V; K225T,1
F83S; S162I; N164S; G220V; K225T; Y369C,1
N138D; S162I; N164S; G220V; K225T; N365D,1
S6T; S32A; H56L; Q75T; S76T; T88Q; S162I; N164S; D196Y; K225L,1
T59A; S162I; N164S; G220V; K225T; D278A,1
F136Y; S162I; N164S; R193H; G220V; K225T; A389V,1
L98P; S162I; N164S; D196N; S198T; I199D; G220V; K225T,1
S162I; N164S; N195S; G220V; K225T; V265A,1
S162I; N164S; R168H; G220V; K225T; Q304E,1
S162I; N164S; G220V; K225T; A313V; T400P,1
F136S; S162I; N164S; G220V; K225T,1
E154G; S162I; N164S; D196G; G220V; K225T,1
E154G; S162I; N164S; G220V; K225T; Q344K,1
S162I; N164S; G220V; K225T; V291M; D326N,1
L98P; S162I; N164S; G220V; K225T; E373Q; Y375F; N378G; N379S; K381A; V382T; F384Y; R385K; A389V; N390E; L391E; R394Q; I396V; K397E; P398E; T400K; K407N; I408K; R410E; F411E,1
G220I; K225I; K288E,1
S162I; N164S; G220V; K225T; I232T; R394C,1
L98P; S162I; N164S; G220V; K225T; I247T; K356Q,1
L98P; S162I; N164S; G220V; K225T; D325N; E373K,1
I149T; S162I; N164S; G220V; K225T; E250*,1
G220V; K225I; C231S; I263V; Y355H,1
S6L; E154G; S162I; N164S; G220V; K225T,1
E154G; S162I; N164S; G220V; K225T; S367T,1
S162I; N164S; S187T; G220V; K225T; T273A,1
V47A; L98P; S162I; N164S; G220V; K225T,1
L98P; S162I; N164S; I181V; G220V; K225T; G226S; N390S,1
S162I; N164S; G220V; K225T; C231R; N379D,1
S162I; N164S; G220V; K225T; K306R; N379S,1
S162I; N164S; I183N; G220V; K225T,1
L98P; S162I; N164S; G220V; K225T; I316N; R394C,1
S162I; N164S; G220V; K225T; K346E,1
G100V; N122S; D128Y; S162I; N164S; G220V; K225T,1
L98F; S162I; N164S; G220V; K225T; P393S,1
N118H; S162I; N164S; G220V; K225T; C231R,1
S162I; N164S; G220V; K225T; Q236R; T242A,1
G101D; S162I; N164S; G220V; K225T; I408T,1
S162C; Y190C; G220V; K225T; C231R,1
S162I; N164S; G220V; K225T; I316T; V382L,1
S162I; N164S; G220V; K225T; Q235R; A389T,1
S162I; N164S; G177V; G220V; K225T; I371T,1
N138D; S162I; N164S; G220V; K225T; F252I,1
G25V; S60N; S162I; N164S; G220V; K225T,1
D121P; S162I; N164S; G220V; K225T; I232T,1
S162V; N164S; G220V; K225T; T228S,1
N14K; S162I; N164S; G220V; K225T,1
N138D; S162I; N164S; G220V; K225T; D325G,1
S162I; N164S; G220V; K225T; V319A; F337S,1
I39V; E133K; S162I; N164S; G220V; K225T,1
S162I; N164S; G220V; K225T; G226D; S372T; E373Q; Y375F; N378G; N379S; K381A; V382T; F384Y; R385K; A389V; N390E; L391E; R394Q; I396V; K397E; P398E; T400K; K407N; I408K; R410E; F411E,1
T88Q; E154G; S162I; N164S; G220V; K225T; A313T,1
S162I; N164S; I165F; G220V; K225T,1
H125Q; S162I; N164S; G220V; K225T,1
P23S; S162V; N164S; G220V; K225T,1
E154G; S162I; N164S; G220V; Y222N; K225T,1
E154G; S162I; N164S; G220V; K225T; K288N,1
E154G; S162I; N164S; F194L; G220V; K225T; I271L,1
S162I; N164S; G220V; K225T; N379K; K381E; V382G; N383E; F384L; R385*; G386R; Q387S; N388E; A389C; N390K; L391S; N392E; R394A; I395Y; I396Y; K397Q; P398T; I399D; T400Y; G401R; R402S; G403W; L404P; V405G; K406*; I408D; I409H; R410S,1
I4M; S162I; N164S; G220V; K225T; C231R; I262L,1
L98F; G101S; S162I; N164S; G220V; K225T,1
L98P; I102M; N138D; S162I; N164S; G220V; K225T; D278N,1
S162I; N164S; G220V; K225T; R402L; V405I,1
S162I; N164S; N170Y; G220V; K225T; Q267E,1
Q27H; G127S; S162I; N164S; G220V; K225T; I352S,1
L98P; S162I; N164S; G220V; K225T; Y357C,1
S162I; N164S; S191W; F194L,1
S60N; S162I; N164S; G220V; K225T; I227V,1
L98P; S162I; N164S; G220V; K225T; K407E,1
L98P; S162I; N164S; G220V; K225T; Y268H; S372R,1
S162I; N164S; P188L; N195S; G220V; K225T,1
S162I; N164S; G220V; K225T; L286P,1
S6T; H56L; D121P; S162I; N164S; G220V; K225T,1
S162I; N164S; G220I; K225T; V291M,1
K37M; S162I; N164S; G220V; K225T,1
L98P; K135R; S162I; N164S; I199V; G220V; K225T,1
L98P; S162I; N164S; G220V; K225T; C231R; I321V,1
G24S; L98P; S162I; N164S; G220V; K225T; S372R,1
G101S; S162I; N164S; R168H; G220V; K225T,1
E79D; K80N; S162I; N164S; G220V; K225T,1
L98P; S162I; N164S; G220V; K225T; I247T,1
S162I; N164S; M172V; G220V; K225T; C231R,1
N138D; S162I; N164S; I181V; G220V; K225T,1
S60N; E79D; S162I; N164S; G220V; K225T; D278N,1
M1I; L98P; S162I; N164S; G220V; K225T; N390S,1
A153V; E154G; S162I; N164S; G220V; K225T,1
E106D; S162I; N164S; T209A; G220V; K225T; A266E,1
M1I; S162V; N164S; G220V; K225T,1
L98I; S162I; N164S; G220V; K225T; I377L,1
S162I; N164S; M172I; G220V; K225T; V265I,1
S162I; N164S; G220V; K225T; D312A,1
S162I; N164S; G220V; K225T; K329R; V382M,1
E28K; S162I; N164S; G220V; K225T; V405I,1
S162I; N164S; G220V; K225T; I321T; N365D,1
S162C; G220V; K225T; C231R; I377T,1
S162I; N164S; G220V; K225T; N238S; E349K,1
S162I; N164S; L214I; G220V; K225T; V265A,1
E28K; S162I; N164S; G220V; K225T; N293D,1
S162I; N164S; G220V; K225T; V265A; Q354P; D366N,1
F83L; S162I; N164S; G220V; K225T; N362D,1
P146T; E154G; S162I; N164S; G220V; K225T,1
S162I; N164S; G220V; K225T; D270N; V405A,1
S140N; S162I; N164S; G220V; K225T; I233V,1
E154G; S162I; N164S; G220V; K225T; N365D,1
L98P; S162I; N164S; I199T; G220V; K225T; I233V; N370S,1
M151L; S162I; N164S; G220V; K225T,1
S140N; S162I; N164S; G220V; K225T; C231S,1
E154G; S162I; N164S; G220V; K225T; Y332S,1
S162I; N164S; G220V; K225T; S372R; I377M,1
L98P; E106G; S162I; N164S; G220V; K225T,1
N72S; S162I; N164S; R193H; G220V; K225T,1
P120L; N161Y; S162I; N164S; N200D; G220V; K225T,1
V13F; D65Y; S162I; N164S; G220V; K225T,1
W40*; S162I; N164S; G220V; K225T; D326N,1
S99A; S162I; N164S; G220V; K225T; C231R,1
V47M; N138D; S162I; N164S; G220V; K225T,1
S162I; N164S; G220V; K225T; Q387E,1
L98P; S130T; S162I; N164S; G220V; K225T; N390S,1
S162I; N164S; G220V; K225T; S287N; Q354R,1
S162I; N164S; G220V; Y222H; K225T; I232V,1
S162V; N164S; G220V; K225T; R394L,1
Y73H; S162I; N164S; G220V; K225T; I232T; N293D,1
S162I; N164S; G220V; K225T; C231R; Q290*,1
G24S; S162I; N164S; M172I; G220V; K225T,1
N10D; S162I; N164S; G220V; K225T; L286P,1
S6T; S162I; N164S; V184I; G220V; K225T,1
N92K; S162I; N164S; G220V; K225T; N261D,1
S162I; N164S; V184I; G220V; K225T; N269T,1
V87M; L98P; S162I; N164S; G220V; K225T; G401S; I409T,1
G101S; S162I; N164S; G220V; K225T; C231R; Y332H,1
K22N; S162I; N164S; D205N; G220V; K225T,1
D54A; T160A; S162I; N164S; G220V; K225T,1
E28K; S162I; N164S; I199V; G220V; K225T,1
S162C; P188L; G220V; K225T; C231R; R385K,1
G101S; S162I; N164S; G220V; K225T; V382A,1
L98P; S162I; N164S; G220V; K225T; N390S; I396V,1
S162I; G220V; K225T; C231R; V265D; Q267E,1
S162I; N164S; M172I; G220V; K225T; T230S,1
I41V; S162I; N164S; G220V; K225T; R410H,1
L98P; S162I; N164S; F186S; G220V; K225T,1
E154G; S162I; N164S; G220V; K225T; Q267K,1
S162I; N164S; G220V; K225T; F384L; R385F; G386*; Q387A; N388G; A389Q; N390D; L391R; N392V; P393L; R394S; I395N; I396R; K397L; I399V; T400V; G401A; R402W; G403L; L404K; V405R; K406S; K407F; I408V; I409F; R410N; F411N,1
S162I; N164S; G220V; K225T; D270N; K407N,1
N10D; S162I; N164S; G177S; G220V; K225T,1
S162I; N164S; G220V; K225T; I271L; N362D,1
D81G; E154G; S162I; N164S; G220V; K225T; L260P; K330R,1
N10D; S162I; N164S; G220V; K225T; C347Y,1
I102V; S162I; N164S; G220V; K225T; N248S,1
N8S; L98P; S162I; N164S; S217N; G220V; K225T; D259N,1
S76N; N138D; S162I; N164S; G220V; K225T; C231R,1
S60N; S162C; G220V; K225T; C231R,1
N72D; S162I; N164S; S174G; G220V; K225T,1
G101S; S162I; N164S; G220V; K225T; N370S,1
L98P; I134V; S162I; N164S; G220V; K225T; F252L,1
E154G; S162I; N164S; G220V; K225T; I227V,1
S162I; N164S; G220V; K225T; V289M; N297S,1
N138D; S162I; N164S; G220V; K225T; Y357*,1
S162I; N164S; E189*; G220V; K225T,1
S162I; N164S; G220V; K225T; V345I; N365D,1
S162I; N164S; G220V; K225T; N378K; G403D,1
M151T; S162I; N164S; G220V; K225T,1
P146S; S162I; N164S; G220V; K225T; C231S,1
D117N; S162I; N164S; G220V; K225T; D270N,1
Q141R; S162I; N164S; G220V; K225T; K245R,1
V47M; S162I; N164S; G220V; K225T; I232T,1
L98P; S162I; N164S; G220V; K225T; N248D; N390S,1
G24D; S162C; G220V; K225T; C231R,1
K22R; I102M; S162I; N164S; G220V; K225T,1
N92K; K135*; S162I; N164S; G220V; K225T,1
L98P; S162I; N164S; G220V; K225T; P298T; N390S,1
L98P; S162I; N164S; G220V; K225T; A283V,1
S162I; N164S; N195T; G220V; K225T; N365S,1
D65G; E154G; S162I; N164S; G220V; K225T; I316T,1
L98P; S162I; N164S; G220V; K225T; K356E,1
S162I; N164S; G220V; K225T; D326G; K407*,1
S162I; N164S; G220V; K225T; D301E; A313V,1
Q53K; S60N; S162I; N164S; G220V; K225T,1
S162I; N164S; G220V; K225T; Y279*,1
S162I; N164S; S217R; G220V; K225T; Y332C,1
S162I; N164S; G220V; K225T; N297S; Y355H,1
L98P; Q141*; S162I; N164S; G220V; K225T; N390S,1
S32A; S162I; N164S; G220V; K225T; L276F,1
S162I; N164S; G220V; K225T; C231R; N370S; T400N,1
E154G; S162I; N164S; A207V; G220V; K225T,1
S60N; S162I; N164S; G220V; K225T; E251G; N293D,1
T88Q; S162I; N164S; G220V; K225T; Q344N,1
G101S; S162I; N164S; G220V; A224T; K225T,1
N138D; S162I; N164S; G220V; K225T; R394H,1
I41V; S162I; N164S; M172I; G220V; K225T,1
N10D; S162I; N164S; G220V; K225T; K397R,1
E154G; S162I; N164S; G220V; K225T; K342N,1
G101S; S162I; N164S; G220V; K225T; R394H,1
E44K; S162I; N164S; G220V; K225T; N365D; G374S,1
N10D; S162I; N164S; G220V; K225T; N274S,1
S162I; N164S; G220V; K225T; I232S; I327V,1
D128E; V132L; S162I; N164S; G220V; K225T,1
E154G; S162I; N164S; T185A; G220V; K225T,1
N63S; S162I; N164S; I199T; G220V; K225T,1
S66F; P146S; S162I; N164S; G220V; K225T,1
S162I; N164S; G220V; K225T; I233V; N362D,1
N46S; F83C; S162I; N164S; G220V; K225T,1
S162I; N164S; G179S; G220V; K225T; Y268H,1
E28K; S162I; N164S; M172I; N195S; G220V; K225T,1
S162I; N164S; G220V; K225T; A266T; Q344N; S372T; E373Q; Y375F; N378G; N379S; K381A; V382T; F384Y; R385K; A389V; N390E; L391E; R394Q; I396V; K397E; P398E; T400K; K407N; I408K; R410E; F411E,1
S162I; N164S; G220V; K225T; N248T; K406E,1
P52L; S162I; N164S; G220V; K225T; T229A,1
S162I; N164S; G220V; K225T; N274S; Q344N,1
L98P; S162I; N164S; G220V; K225T; V291E,1
S60N; S162I; N164S; M172I; G220V; K225T,1
S162I; N164S; I199T; G220V; K225T; N274K,1
N122D; S162I; N164S; G220V; K225T; D270A,1
L98P; L107P; S162I; N164S; G220V; K225T,1
S162I; N164S; G220V; K225T; E251A,1
I41V; S162I; N164S; G220V; K225T; I302L,1
S162I; N164S; D205E; G220V; K225T; T335I,1
S162I; N164S; S166P; G220V; K225T; I371T,1
S60N; S162I; N164S; G220V; K225T; T254N,1
L98P; S162I; N164S; G220V; K225T; N269S; N390S,1
S162I; N164S; M172L; G220V; K225T; N379S,1
S162I; N164S; G220V; K225T; N322S; E336K; K342E,1
N138D; S162I; N164S; G220V; K225T; I302L,1
S162I; N164S; V184I; G220V; K225T; E305G,1
S162I; N164S; Y190F; G220V; K225T,1
N10D; S162I; N164S; G220V; K225T; S318N,1
L98P; S162I; N164S; F178Y; G220V; K225T,1
W40*; S162I; N164S; G220V; K225T; L296P,1
T160A; S162I; N164S; G220V; K225T; Y272F,1
N72K; S162I; N164S; G220V; K225T; K342E,1
L98P; S162I; N164S; G220V; K225T; N322S; N390S,1
D65E; G101S; S162I; N164S; G220V; K225T,1
P58L; S162I; N164S; G220V; K225T; K407*,1
S162I; N164S; N197S; G220V; K225T; N258S,1
S162I; N164S; G220V; K225T; D278N; N378D,1
T17A; S162I; N164S; G220V; K225T; S372N,1
T59I; L98P; S162I; N164S; G220V; K225T; N390S,1
S162I; N164S; G220V; K225T; C231R; T234A,1
I102M; S162I; N164S; G220V; K225T; T242I,1
S162I; N164S; G220V; K225T; T234I,1
I48N; S162I; N164S; G220V; K225T; C231Y,1
F158L; S162I; N164S; G220V; K225T; V405A,1
S162I; N164S; G220V; A224T; K225T; N390S,1
E28K; S140G; S162I; N164S; G220V; K225T; K407Q,1
S162I; N164S; G220V; K225T; I232F; I262T,1
L98P; L107P; S162I; N164S; G220V; K225T; I227V,1
S162I; N164S; G220V; K225I; K407E,1
L84R; D121P; H142P; N147D; A153G; S162I; N164S; G220V; K225T,1
L98P; S162I; N164S; G220V; K225T; K245E,1
E28K; S162I; N164S; G220V; K225T; P294S,1
S162I; N164S; G220V; K225T; Y307S; N365D,1
S162I; N164S; M172I; G220V; K225T; R402C,1
L98P; S162I; N164S; G220V; K225T; Q290H,1
I134V; S162I; N164S; G220V; K225T; C231R; F358L,1
F83L; L98P; S162I; N164S; M172I; G220V; K225T,1
V87M; G101S; S162I; N164S; G220V; K225T,1
S162I; N164S; S198L; G220V; K225T; Q295R,1
S6T; S32A; H56L; Q75T; S76T; T88Q; D121P; S198T; I199D; G220V; K225T,1
L98P; S162I; N164S; G220V; K225T; S367F; R410C,1
N138D; S162I; N164S; G220V; K225T; I352V,1
D65E; L98P; S162I; N164S; G220V; K225T,1
N10D; S162I; N164S; G220V; K225T; D326N,1
G101S; S162I; N164S; G220V; K225T; T228S; G257S,1
L98P; S162I; N164S; G220V; K225T; S318R,1
L98P; S162I; N164S; G220V; K225T; N320S,1
I90V; S162I; N164S; G220V; K225T; A313E,1
M36T; S162I; N164S; G220V; K225T,1
P43T; S162I; N164S; G220V; K225T,1
F29S; S162I; N164S; G220V; K225T; K406*,1
S162I; N164S; G220V; K225T; C347Y; Y355H,1
G220I; K225I; N370D,1
S6T; S32A; L84P; D121P; G220V; K225T,1
S162I; N164S; V184I; G220V; K225T; P398S,1
N147T; S162I; N164S; G220V; K225T; A389T,1
K89R; S162I; N164S; G220V; K225T,1
S162I; N164S; G220V; K225T; V265A; I352T,1
D156N; S162I; N164S; G220V; K225T; C231R,1
S162I; N164S; G220V; K225T; K346*,1
S162I; N164S; E189G; G220V; A224T; K225T,1
I102L; S162I; N164S; G220D; K225T; C231R,1
S162I; N164S; G220V; K225T; N362D; N388D,1
S162I; N164S; G220V; K225T; L253V,1
I18V; S162I; N164S; G220V; K225T; N365D,1
S162I; N164S; G220V; K225T; I232V; I408V,1
I41V; S162I; N164S; H219Y; G220V; K225T,1
N116D; S162I; N164S; G220V; K225T; I232S,1
I4L; S162I; N164S; G220V; K225T; C231R,1
S162I; N164S; G220V; K225A; V382L,1
P57T; E154G; S162I; N164S; G220V; K225T; Y375H,1
F33L; S162I; N164S; G220V; K225T; V382M,1
S162I; N164S; S187A; G220V; K225T,1
S67G; N138D; S162I; N164S; G220V; K225T,1
E106K; S162I; N164S; P188T; G220V; K225T,1
S162I; N164S; G220V; K225T; Q236K; I408N,1
K85E; L98P; S162I; N164S; G220V; K225T; Y355H,1
S162I; N164S; G220V; G223S; K225T; S333*,1
S60N; S162I; N164S; G220V; K225T; F337L,1
G49S; S162I; N164S; G220V; K225T; K397E,1
D54V; G101S; S162I; N164S; G220V; K225T,1
E154G; S162I; N164S; G220V; K225T; K329M,1
S162I; N164S; G220V; K225T; I232T; N383D,1
S162I; N164S; G220V; K225T; I227V; I399T,1
Q141*; S162I; N164S; G220V; K225T; F303L,1
S162I; N164S; G220V; K225T; C231S; P298S,1
Q75R; L98P; S162I; N164S; G220V; K225T; K397E,1
S162I; N164S; G220V; K225T; T230S; R385K,1
S76I; S162I; N164S; G220V; K225T; I233V,1
N10D; S162I; N164S; G220V; K225T; F343L; N379D,1
S162I; N164S; G220V; K225T; T350P,1
R45C; E154G; S162I; N164S; G220V; K225T,1
L98F; S162I; N164S; G220V; K225T; V382E,1
S162I; N164S; Q204*; G220V; K225T; N243T,1
S66F; L98P; S162I; N164S; G220V; K225T; N362D; N390S,1
S162I; N164S; G220V; K225T; D270N; N297D; Q304K,1
S162I; N164S; M211I; G220V; K225T; L404P,1
L98P; S162I; N164S; G220V; K225T; I249V; S361P,1
L98P; S162I; N164S; G220V; K225T; S292N; D325N; F411L,1
S60N; S162I; N164S; G220V; K225T; T273I; S333L,1
E28K; S162I; N164S; G220V; K225T; S292N,1
S60G; S162I; N164S; G220V; Y222H; K225T,1
N138D; S162I; N164S; G220V; K225T; L276F,1
S162I; N164S; M172I; G220V; K225T; I368T,1
S137G; S162I; N164S; G220V; K225T,1
Q75L; S162I; N164S; G220V; K225T,1
N138D; S162I; N164S; G220V; K225T; I352T,1
L98P; S162I; N164S; G220V; K225T; V319L,1
E28K; S108N; S162I; N164S; G220V; K225T,1
G101S; S162I; N164S; G220V; K225T; G386C,1
I134V; S162I; N164S; G220V; A224S; K225T,1
N10D; S162I; N164S; G220V; K225T; I408N,1
S162I; N164S; G220V; K225T; C231R; I262T,1
S162I; N164S; G220V; K225T; C231R; F384S,1
I94T; S162I; N164S; G220V; K225T,1
M1I; E28K; L98P; S162I; N164S; G220V; K225T,1
S67G; N72S; S162I; N164S; G220V; K225T,1
Q75T; S76T; S162I; N164S; N195S; G220V; K225T,1
L98P; S162I; N164S; G220V; K225T; S361A,1
I134V; S162I; N164S; G220V; K225T; F411L,1
I149L; S162I; N164S; G220V; K225T; N261D,1
L98P; K225I,1
G101S; S162I; N164S; G220V; K225T; I321V,1
L98P; S162I; N164S; G220V; K225T; I377V; N390S; G403A,1
H56L; S76N; S162I; N164S; G220V; K225T,1
S6T; L98P; I134V; S162I; N164S; S191*; G220V; K225T,1
P58L; L98P; S162I; N164S; G220V; K225T,1
S162I; N164S; G220V; K225T; Q295H; N378S,1
S60G; R82H; S162I; N164S; G220V; K225T,1
P120L; S162I; N164S; V184I; G220V; K225T,1
Q75K; S162I; N164S; G220V; K225T; N370S,1
S6T; S32A; H56L; Q75T; S76T; T88Q; S162I; N164S; G220V; K225T; S287R,1
N92K; S162I; N164S; G220V; K225T; N365D,1
S32A; G220V; K225I; T400A,1
K62N; N138D; S162I; N164S; G220V; K225T; D278N; L296M,1
S162I; N164S; G220V; K225T; L363F,1
L104V; S162I; N164S; G220V; K225T,1
L98P; S162I; N164S; G220V; K225T; F337S; Y375H,1
S60N; L98P; S162I; N164S; G220V; K225T; E349G,1
H56L; L98P; S162I; N164S; G220V; K225T,1
G101S; S162I; N164S; G220V; K225T; S314N; I316N,1
E154G; S162I; N164S; N197D; G220V; K225T; V382E,1
S162I; N164S; N195K; G220V; K225T; N322S,1
S162I; N164S; G220V; K225T; N376I,1
L107P; S162I; N164S; G220V; K225T; I263L,1
S162I; N164S; G220V; K225T; C231S; A389V,1
G139V; S162I; N164S; G220V; K225T,1
N111H; S162I; N164S; G220V; K225T; G403D,1
N10D; P57S; S162I; N164S; G220V; K225T; N379S,1
S162I; N164S; G220V; K225T; N297S; S372R,1
H56L; Q75T; S76T; S162I; N164S; G220V; K225T; S292N,1
L98P; S162I; N164S; G220V; K225T; Y355H; I408T,1
S162I; N164S; G220V; K225T; T242P; N365D,1
A110T; S162I; N164S; G220V; K225T; T341A,1
S162I; N164S; G220V; K225T; N261D; S284N,1
S162I; N164S; M211V; G220V; K225T; A389V; N390S,1
S162I; N164S; F178S; G220V; K225T; E305K,1
L98I; S162I; N164S; G220V; K225T; V382A,1
S162I; N164S; G220V; K225T; S292T,1
N138D; S162I; N164S; G220V; K225T; S333*,1
S162I; N164S; M172I; G220V; K225T; I263V,1
H56L; Q75T; S76T; T88Q; S162I; N164S; A182V; G220V; K225T,1
S162I; N164S; G220V; K225T; C231R; G246V,1
E154G; S162I; N164S; G220V; K225T; N378S,1
L98P; S162I; N164S; G220V; K225T; F252L; A266E,1
S162I; N164S; G220V; K225T; V382T,1
L98P; S162I; N164S; G220V; K225T; K346T,1
L98P; I102L; S162I; N164S; G220V; K225T; I232T,1
S162I; N164S; I199N; G220V; K225T; A266E,1
D128G; S162I; N164S; D196G; G220V; K225T,1
S162I; N164S; G220V; K225T; K300R; N362D,1
S162I; N164S; I199T; G220V; K225T; F358V,1
S162I; N164S; R193L; E201K; G220V; K225T; A389V,1
G49D; S162I; N164S; G220V; K225T; I316N,1
I102T; S162I; N164S; G220V; K225T; E349K,1
S162I; N164S; G220V; K225T; T229M; C231S,1
I41V; S162I; N164S; V184I; G220V; K225T,1
S162I; N164S; G220V; K225T; N365D; E373K,1
S162I; N164S; G220V; K225T; I232T; I396V,1
K62R; S162I; N164S; N195T; G220V; K225T,1
I42T; S162I; N164S; G220V; K225T; N248S,1
M36R; L98P; L157V; S162I; N164S; G220V; K225T,1
C26Y; Y30*; S162I; N164S; G220V; K225T,1
S162I; N164S; N197D; G220V; K225T; S361A,1
D54Y; S162I; N164S; G220V; K225T; N269S; D338N,1
L98P; L114R; S162I; N164S; G220V; K225T; N390S,1
S162I; N164S; G220V; K225T; V405F; K407E,1
S162I; N164S; G220V; K225T; S367P,1
L98P; D128Y; S162I; N164S; G220V; K225T,1
T119A; S162I; N164S; G220V; K225T; A266E,1
N138D; S162I; N164S; G220V; K225T; I241V,1
I134V; S162I; S163P; N164S; G220V; K225T,1
S6T; S32A; H56L; Q75T; S76T; T88Q; S162I; N164S; N170S; G220V; K225T; N390S,1
S162I; N164S; G220V; K225T; K306E; N362D,1
S32N; L98P; S162I; N164S; G220V; K225T; D270G,1
S162I; N164S; G220V; K225T; I263V; A266E,1
K109E; E154G; S162I; N164S; G220V; K225T,1
S162I; N164S; G220V; K225T; C231S; K306Q,1
N96S; S162I; N164S; G220V; K225T; T264A,1
N46D; S162I; N164S; H212R; G220V; K225T,1
G101S; S162I; N164S; G220V; K225T; K329R,1
S162I; N164S; G220V; K225T; C231R; Q387K,1
K3R; E154G; S162I; N164S; G220V; K225T,1
S162I; N164S; G220V; K225T; T400Y; G401R; R402S; G403W; L404P; V405G; K406*; I408D; I409H; R410S,1
P57H; S162I; N164S; G220V; K225T; D270E,1
I102L; S162I; N164S; G220V; K225T; N388D,1
N118D; S162I; N164S; N197S; G220V; K225T,1
S162I; N164S; G220V; K225T; I232L; K306E,1
F91L; S162I; N164S; I199V; G220V; K225T; N376S,1
S162I; N164S; I199T; G220V; K225T; I408T,1
N72S; L98P; S162I; N164S; G220V; K225T; S314N; I316N,1
N122D; S162I; N164S; G220V; K225T; S292N,1
E154A; S162I; N164S; M172I; G220V; K225T; V291M,1
K62N; E154G; S162I; N164S; G220V; K225T,1
L98P; S162I; N164S; G220V; K225T; E251G,1
S162I; N164S; G220V; K225T; I232T; L276I,1
L98P; S162I; N164S; G220V; K225T; N379D; G403S,1
E105D; N138D; S162I; N164S; G220V; K225T; V382M,1
D121P; V132L; S162I; N164S; G220V; K225T,1
S162I; N164S; G220V; K225T; I395N,1
N10S; L98P; S140N; S162I; N164S; G220V; K225T,1
V47E; S162I; N164S; G220V; K225T,1
S162I; N164S; G220V; K225T; S292R; V405D,1
R45L; E154G; S162I; N164S; G220V; K225T,1
S162I; N164S; G220V; K225T; G256V; D270Y,1
A110T; N138D; S162I; N164S; G220V; K225T,1
L98P; S162I; N164S; P206S; G220V; K225T,1
N10D; S162I; N164S; G220V; K225T; D326G,1
R45L; L98P; S162I; N164S; G220V; K225T; N390S,1
L98P; S162I; N164S; N175K; G220V; K225T,1
S162I; N164S; G220V; K225T; L240M; K342E,1
L98P; S162I; N164S; G220V; K225T; K311N,1
L98P; I102V; S162I; N164S; G220V; K225T; S318N,1
L98P; S162I; N164S; G220V; K225T; I377N,1
S162I; N164S; G220V; K225T; N238K; I399T,1
D11E; S162I; N164S; G220V; K225T,1
L98P; S162I; N164S; A182T; G220V; K225T,1
Y68H; S162I; N164S; G220V; K225T; T341N,1
E154G; S162I; N164S; G220V; K225T; V291E,1
N118Y; S162I; N164S; I199N; G220V; K225T,1
L98P; S162I; N164S; G220V; K225T; Q304R,1
S60G; S162I; N164S; G220V; K225T; N297S,1
S162I; N164S; V184I; G220V; K225T; A313S,1
I143V; S162I; N164S; G220V; K225T; I316T,1
S162I; N164S; G220V; K225T; I352S; V382A,1
P146L; S162I; N164S; M172I; G220V; K225T,1
N46S; S162I; N164S; G220V; K225T; N248K,1
S162I; N164S; G220V; K225T; N362K,1
E154G; S162I; N164S; G220V; K225T; Q304R,1
S66A; N138D; S162I; N164S; G220V; K225T,1
I41V; G101S; S162I; N164S; G220V; K225T,1
L98P; E154G; S162I; N164S; G220V; K225T; I327T,1
E154G; S162I; N164S; G220V; K225T; R394C,1
E154G; S162I; N164S; G220V; K225T; Q344N; R394C,1
N138D; S162I; N164S; G220V; K225T; N370S,1
E154A; S162I; N164S; M172I; G220V; K225T,1
S162I; N164S; H176Y; G220V; K225T; C231R,1
I102L; S162I; N164S; G220V; K225T; T341A,1
E133D; E154G; S162I; N164S; G220V; K225T,1
S162I; N164S; S198T; I199D; V265D; A266E; Y268W; N269E; D270Q; Y272R; T273S; N277K; D278K; R280E; K281E; A283T; S284K; S314N; I316N; L391Q,1
S162I; N164S; G220V; K225T; L296P; K406*,1
S162I; N164S; G220V; K225T; Q237K,1
S60N; E79K; S162I; N164S; G220V; K225T,1
S162V; N164S; G220V; K225T; D338G; N390K; L391S; N392E; R394A; I395Y; I396Y; K397Q; P398T; I399D; T400Y; G401R; R402S; G403W; L404P; V405G; K406*; I408D; I409H; R410S,1
N10H; S162I; G220V; K225T,1
E154G; S162I; N164S; G220V; K225T; V291M,1
S162I; N164S; G220V; K225T; N277D; Q295K,1
M1I; S162I; N164S; G177C; G220V; K225T; Q267*; D270Y,1
S162I; N164S; G220V; K225T; S314T,1
S6T; S162I; N164S; G220V; K225T; L275F,1
N10S; S162I; N164S; G220V; K225T; P298L,1
S162I; N164S; G220V; K225T; A266E; Q344N,1
S162I; N164S; G220V; K225T; P239L; N378S,1
N10D; S162I; N164S; G220V; K225T; I232L,1
S162I; N164S; N197D; G220V; K225T; K381R,1
N111S; S162I; N164S; G220V; K225T; N248S; P298Q,1
S162I; N164S; D196Y; I199S; G220V; K225T,1
Y20D; S162I; N164S; M172I; G220V; K225T,1
S162I; N164S; G220V; K225T; I227V; N261S,1
S162C; G179D; G220V; K225T; P294Q,1
I42V; E154G; S162I; N164S; G220V; K225T,1
K3R; L98P; S162I; N164S; G220V; K225T; Y268H,1
R45L; G101S; S162I; N164S; G220V; K225T,1
S162I; N164S; Y171N; G220V; K225T,1
E154G; S162I; N164S; G220V; K225T; C231Y,1
E154G; S162I; N164S; G220V; K225T; N258D,1
N63S; G101S; S162I; N164S; G220V; K225T; L328I,1
N10D; D121A; S162I; N164S; V184I; G220V; K225T,1
I35V; S162I; N164S; G220V; K225T; I233V; S292N,1
G101S; S162I; N164S; G220V; K225T; N274S,1
S162I; N164S; S174C; G220V; K225T,1
I86T; S162I; N164S; G220V; K225T; P298L,1
E154G; S162I; N164S; G220V; K225T; D259N,1
N96S; S162I; N164S; G220V; K225T; N379K,1
N116D; S162I; N164S; G220V; K225T; N365D,1
N138D; E154D; S162I; N164S; G220V; K225T,1
S162I; N164S; G220V; K225T; K330E,1
N122S; S162I; N164S; G220V; K225T; A389T,1
I86V; L98P; S162I; N164S; S166T; G220V; K225T,1
G101S; S162I; N164S; G220V; K225T; I263L,1
Q53K; S162I; N164S; I199T; G220V; K225T; I232L,1
I4M; I126V; S162I; N164S; G220V; K225T,1
R82H; S162I; N164S; G220V; K225T; I408N,1
S162I; N164S; G220V; K225T; S367F; V382L,1
L98P; S162I; N164S; G220V; K225T; E251G; T341A,1
S162I; N164S; G220V; K225T; N269Y,1
L98P; S162I; N164S; G220V; K225T; Q290H; N297S,1
S162I; N164S; M172R; G220V; K225T; K306R,1
S162I; N164S; G220V; K225T; C231R; S372N,1
S6T; S162I; N164S; G220V; K225T; S372T; E373Q; Y375F; N378G; N379S; K381A; V382T; F384Y; R385K; A389V; N390E; L391E; R394Q; I396V; K397E; P398E; T400K; K407N; I408K; R410E; F411E,1
G101C; P146S; S162I; N164S; G220V; K225T; I352T,1
N8S; L98P; S162I; N164S; G220V; K225T,1
E154G; S162I; G220V; K225T,1
S66Y; N138D; S162I; N164S; G220V; K225T,1
N161Y; S162I; N164S; G220V; K225T; T264A,1
S162I; N164R; G179V; G220V; K225T,1
N116D; E133K; S162I; N164S; G220V; K225T,1
S162I; N164S; G220V; K225T; V265A; Q267*,1
S162I; N164S; G220V; K225T; V289E,1
V13I; L98P; S162I; N164S; G220V; K225T; D325N,1
S60N; S162I; N164S; G220V; K225T; K397E,1
Y68*; Q75T; S76T; T88Q; Q123P; S162I; N164S; G220V; K225T,1
S162I; N164S; M172I; D196G; G220V; K225T,1
E154G; S162I; N164S; R193L; G220V; K225T,1
S162I; N164S; G220V; K225T; N258D; G374D,1
V87E; S162I; N164S; G220V; K225T,1
T17P; R82H; E154G; S162I; N164S; G220V; K225T,1
D128A; S162I; N164S; G220V; K225T; K323R,1
L98P; G127C; S162I; N164S; G220V; K225T; N390S,1
S60N; S162I; N164S; G220V; K225T; T254A,1
E78K; S162I; N164S; G220V; K225T; C231R,1
H56Y; S162I; N164S; G220V; K225T; D278N,1
N92K; S162I; N164S; G220V; K225T; N258D,1
S76G; L98P; G101S; S162I; N164S; G220V; K225T,1
S162I; N164S; N195S; G220V; K225T; E305K; N383D,1
N10D; S162I; N164S; I165T; G220V; K225T,1
L84Q; L98P; S162I; N164S; G220V; K225T,1
L98R; S162I; N164S; G220V; K225T; R402C,1
N10H; L98P; H125Y; S162I; N164S; G220V; K225T; G401S,1
S162I; N164S; G220A; K225T; N274D,1
S162I; N164S; G220V; K225T; I368V; L404P,1
P155S; S162I; N164S; G220V; K225T; Q344N,1
S162I; N164S; G220V; K225T; I232L; V265I,1
S162I; N164S; G220V; K225T; Y272H,1
L98P; S162I; N164S; D205G; G220V; K225T,1
N10D; E28K; L98F; S162I; N164S; G220V; K225T,1
S162I; N164S; I165T; G220V; K225T; P298Q,1
S162I; N164S; V184I; G220V; K225T; N362D; N388D,1
L98P; S162I; N164S; G220V; K225T; I377L,1
I102M; S162I; N164S; M172R; G220V; K225T,1
T88N; L98P; S162I; N164S; G220V; K225T; I232T,1
V47A; N72D; S162I; N164S; G220V; K225T; C231R,1
E159K; S162I; N164S; G220V; K225T; E305*; N383T; F384L; R385E; G386V; Q387R; N388M; A389Q; N390I; L391*; N392T; P393R; R394V; I395L; I396S; K397N; P398R; I399L; T400P; G401V; R402V; G403A; L404W; V405L; K407R; I408S; I409F; R410V,1
M36I; S162I; N164S; S191*; F192S; D196Y; G220V; K225T,1
S162I; N164S; G220V; K225T; C231S; N376D,1
L98P; S162I; N164S; R193L; G220V; K225T; N258D,1
N164S; G220I; K225I; G308D,1
S162I; N164S; G220V; K225T; I262N; N293T,1
Q53R; S162I; N164S; G220V; K225T; G315D,1
S162I; N164S; H219Q; G220V; K225T; V265D,1
N161Y; S162I; N164S; G220V; K225T; R394H,1
S162I; N164S; G220V; K225T; D270N; K285M,1
L98P; S162I; N164S; G220V; K225T; V291G,1
R16H; S162I; N164S; G220V; K225T; T400A,1
L98P; S162I; N164S; G220V; K225T; D301N; S361A,1
A153T; S162I; N164S; I199V; G220V; K225T; S372N,1
S162I; N164S; G220V; K225T; N258K; V265I,1
I86T; F136L; S162I; N164S; G220V; K225T,1
I134V; S162I; N164S; G220V; K225T; Y375H,1
F124I; S162I; N164S; G220V; K225T,1
L98P; P112S; S162I; N164S; G220V; K225T; I233L,1
I41V; S162I; N164S; M172T; G220V; K225T,1
S162I; N164S; G220V; K225I; N365D; V405G; K406*; I408D; I409H; R410S,1
L98P; S162I; N164S; G220V; K225T; N392K,1
S162I; N164S; G220V; K225T; N365D; N379K,1
S162I; N164S; G220V; K225T; S284N; Q295R,1
Q27R; S162I; N164S; G220V; K225T; R402H,1
N138D; S162I; N164S; G220V; K225T; N274K,1
S162I; N164S; G220V; K225T; I232S; G403S,1
S162I; N164S; N170H; G220V; K225T; S284N,1
S162I; N164S; G220V; K225T; C231R; D301G,1
N14I; S162I; N164S; G220V; K225T,1
N10D; H142Y; S162I; N164S; G220V; K225T,1
I41V; S162I; N164S; M172L; G220V; K225T,1
S162I; N164S; G220V; K225T; L391R,1
L98S; S162I; N164S; G220V; K225T; S318N,1
G49S; R93H; S162I; N164S; G220V; K225T,1
S6T; H56L; Q75T; S76T; S162I; N164S; G220V; K225T; T264A,1
S162I; N164S; G220V; K225T; C231R; F358S,1
S32A; L98P; S162I; N164S; G220V; K225T,1
S162I; N164S; G220V; K225T; A266E; A313V,1
H56Y; N92K; S162I; N164S; G220V; K225T,1
S162V; N164S; G220V; K225T; I271V,1
S162I; N164S; G220V; K225T; A266E; G401D,1
H56Y; S60N; S162I; N164S; G220V; K225T,1
N63H; A129V; S162I; N164S; G220V; K225T,1
F158L; S162I; N164S; G220V; K225T; V382E,1
E154*; S162I; N164S; G220V; K225T; V265D; A266E; Y268W; N269E; D270Q; Y272R; T273S; N277K; D278K; R280E; K281E; S284K,1
H125L; S162I; N164S; G220V; K225T,1
R82H; S162I; N164S; G220V; K225T; S314T; N390S,1
S162I; N164S; S174R; S198T; I199D,1
S162I; N164S; G220V; K225T; C231S; N322S,1
E154G; S162I; N164S; P206L; G220V; K225T,1
S162I; N164S; G220V; K225T; D326N; A389T,1
S60N; S162I; N164S; S217N; G220V; K225T,1
S76I; P112S; S162I; N164S; G220V; K225T,1
S162I; N164S; S217G; G220V; K225T; Q387K,1
S32A; L98P; S162I; N164S; G220V; K225T; N378D,1
H56L; L98P; S162I; N164S; G220V; K225T; N378D,1
S32A; L98P; A110V; S162I; N164S; G220V; K225T,1
S32A; S162I; N164S; G220V; K225T; S314N; I316N,1
S162I; N164S; G220V; K225T; L363S,1
D11G; S162I; N164S; H212Y; G220V; K225T,1
N138D; S162I; N164S; G220V; K225T; N379S,1
S162I; N164S; S217N; G220V; K225T; A313S,1
Q141R; S162I; N164S; G220V; K225T; I232T,1
S162I; N164S; G220V; K225T; R348S; S361Y,1
L98P; S162I; N164S; P173S; G220V; K225T,1
S162I; N164S; G220V; K225T; A313S; R402H,1
Q27R; S162I; N164S; G220V; K225T; V405G; K406*; I408D; I409H; R410S,1
S162I; N164S; G220V; K225T; C231R; N248S,1
S162I; N164S; G220V; K225T; D259Y; S372G,1
K62Q; S162I; N164S; G220V; K225T; F358L,1
N38K; R82H; E154G; S162I; N164S; G220V; K225T,1
D15Y; S162I; N164S; G220V; K225T; V405I,1
T51A; L98P; S162I; N164S; G220V; K225T,1
G101S; S162I; N164S; G220V; K225T; K407E,1
Q75K; S162I; N164S; S191L; G220V; K225T,1
K62R; I143V; S162I; N164S; G220V; K225T; D270H,1
G101D; S162I; N164S; G220V; K225T; Q290*,1
N10D; S162I; N164S; G220V; K225T; Y268H,1
E28K; S162I; N164S; G220V; K225T; I232T,1
P57T; L98P; S162I; N164S; G220V; K225T; N390S,1
N122D; S162I; N164S; V184G; G220V; K225T,1
S162I; N164S; G220V; K225T; S372R; R402H,1
S66Y; G101S; S162I; N164S; G220V; K225T,1
N10D; N138D; S162I; N164S; G220V; K225T; I262L,1
Y68H; S162I; N164S; G220V; K225T; N293D,1
L98F; F158S; S162I; N164S; G220V; K225T,1
N10D; S162I; N164S; I199T; G220V; K225T,1
S162I; N164S; G220V; K225T; C231R; Y355H,1
G49D; S162I; N164S; G220V; K225T; G256E,1
S162I; N164S; N169D; G220V; K225T; A389V,1
S162I; N164S; G220V; K225T; N392K,1
S162I; N164S; N169D; S217R; G220V; K225T; G403S,1
L98P; E154G; S162I; N164S; G220V; K225T; K330R,1
L98P; S162I; N164S; G220V; K225T; K281R,1
S162I; N164S; G220V; K225T; D278N; S314N; I316N,1
N138D; E154K; S162I; N164S; G220V; K225T,1
E154G; S162I; N164S; G220V; K225T; S284N; Y355H; L380F,1
N122D; S162I; N164S; G220V; K225T; G257D; G315D,1
I102L; S140G; S162I; N164S; G220V; K225T,1
S162I; N164S; G220V; K225T; N362D; V405A,1
S162I; N164S; G220V; K225T; Y375F; N378G; N379S; K381A; V382T; F384Y; R385K; A389V; N390E; L391E; R394Q; I396V; K397E; P398E; T400K; K407N; I408K; R410E; F411E,1
S60N; S162I; N164S; G220V; K225T; Y355H,1
I134V; S162V; N164S; G220V; K225T,1
Q27*; S162I; N164S; G220V; K225T; I227T,1
K3R; G220V; K225T; I232T,1
S162V; N164S; G220V; K225T; I263V; Y268H; N277D,1
T59A; S162I; N164S; G220V; K225T; R385K,1
G115D; S162I; N164S; N195T; G220V; K225T,1
S108N; S162I; N164S; M172I; G220V; K225T,1
S162I; N164S; N200D; G220V; K225T; D325N,1
G64V; N116D; S162I; N164S; G220V; K225T,1
S162I; N164S; G220V; K225T; N362D; I408T,1
S162I; N164S; M211V; G220V; K225T; I262N,1
D121Y; S162I; N164S; G220V; K225T; S314N; I316N,1
S162I; N164S; M172I; G220V; K225T; S314N; I316N; Q344N,1
P112L; S162I; N164S; G220V; K225T; I263V,1
S162F; N164S; G220V; K225T,1
L98P; S162I; N164S; Y171C; G220V; K225T; T341I,1
I35F; L98R; E133*; S162I; N164S; G220V; K225T,1
S6T; L107P; S108C; S162I; N164S; G220V; K225T,1
S137G; S162I; N164S; G220V; K225T; Q344N; I377M,1
K22E; S162I; N164S; G220V; K225T; Q295K,1
K62E; L98P; S162I; N164S; G220V; K225T; R385S; N390S,1
S162I; N164S; G220V; K225T; I396F,1
N122S; S162I; N164S; G220V; K225T; P298S,1
L98P; S162I; N164S; G220V; K225T; D325N; T400I,1
S162I; N164S; M172R; G220V; K225T; D325N; I408T,1
G127C; S162I; N164S; G220V; K225T; V291A,1
S60N; S162I; N164S; G220V; K225T; N379D,1
S162I; N164S; G220F; K225T; S372T; E373Q; Y375F; N378G; N379S; K381A; V382T; F384Y; R385K; A389V; N390E; L391E; R394Q; I396V; K397E; P398E; T400K; K407N; I408K; R410E; F411E,1
S162I; N164S; G220V; K225T; G401V; R402G; G403A; L404W; V405L; K407R; I408S; I409F; R410V,1
Y20F; S162I; N164S; G220V; K225T; C231R,1
L98P; S162I; N164S; G220V; K225T; N277K,1
S6T; S32A; S162I; N164S; G220V; K225T; N238S,1
Q123R; S162I; N164S; G220V; K225T; I316T,1
S162I; N164S; G220V; K225T; C231R; K245N,1
S140G; S162I; N164S; G220V; K225T; N258S,1
S162I; N164S; G220V; K225T; Y357*,1
E154G; S162I; N164S; G220V; K225T; G226S; K311R,1
L98P; S162I; N164S; G220V; K225T; N390I,1
S162I; N164S; G220V; K225T; I262T; Y268N,1
D70N; S162I; N164S; G220V; K225T; Y355H,1
N97D; S162I; N164S; G220V; K225T; E305K,1
S162I; N164S; R193C; G220V; K225T; Q290R,1
E154G; S162I; N164S; G220V; K225T; I282L,1
S162I; N164S; N195S; I227M,1
G24S; L98R; S162I; N164S; G220V; K225T,1
P43S; S162I; N164S; G220V; K225T; C231R,1
F55C; S162I; N164S; G220V; K225T,1
L98P; S162I; N164S; G220V; K225T; Q235H; S292I,1
S162I; N164S; G220V; K225T; I241L,1
N138D; S162I; N164S; G220V; K225T; Q236K,1
S162I; N164S; G220V; K225T; D326E; K356R; N365D,1
Q53K; I134V; S162I; N164S; G220V; K225T,1
Q75T; S76T; S162I; N164S; G220V; K225T; T254P,1
S162I; N164S; M172I; F194S; G220V; K225T,1
P71L; S162I; N164S; G220V; K225T; I232T,1
H56L; Q75T; S76T; T88Q; S162I; N164S; G220V; K225T; N269S; I352V; K397E,1
R93H; S162I; N164S; G220V; K225T; N390S,1
I134V; S162I; N164S; G220I; K225T,1
N10D; N92K; S162I; N164S; G220V; K225T,1
S162I; N164S; N170S; G220V; K225T; F252L,1
E154G; S162I; N164S; G220V; K225A,1
V47M; S162I; N164S; T209A; G220V; K225T,1
L98P; S162I; N164S; G220V; K225T; G386V,1
E154G; S162I; N164S; M172I; G220V; K225T; S333T,1
L145M; S162I; N164S; G220V; K225T; Y357C,1
P57L; N138D; S162I; N164S; G220V; K225T,1
T88Q; S162I; N164S; I181V; G220V; K225T,1
L98P; S162I; N164S; P173T; G220V; K225T,1
E28K; S162I; N164S; G220V; K225T; V265A,1
S162I; N164S; G220V; K225T; N362D; L404P,1
S162I; N164S; G220V; K225T; I262N; F324S,1
N122D; S162I; N164S; G220V; K225T; I352T,1
S162I; N164S; G220V; K225T; N362D; K397E,1
L98P; S162I; N164S; G220V; K225T; S284R,1
L98P; D128G; S162I; N164S; G220V; K225T; N258D,1
E154G; S162I; N164S; E201D; G220V; K225T,1
S162I; N164S; G220V; K225T; C231R; N383D,1
D65N; S162I; S163P; N164S; G220V; K225T,1
I102V; E154G; S162I; N164S; G220V; K225T,1
I143V; E154G; S162I; N164S; G220V; K225T; R348L; S361C,1
S162I; N164S; G220V; K225T; T229A; N261D,1
N10D; L98P; S162I; N164S; N200D; G220V; K225T,1
S162I; N164S; G220V; K225T; S372T; E373Q; Y375F; N378G; N379L; K381A; V382T; F384Y; R385K; Q387K; A389V; N390E; L391E; R394Q; I396V; K397E; P398E; T400K; K407N; I408K; R410E; F411E,1
S162I; N164S; N195Y; G220V; K225T; N379K,1
E154G; S162I; N164S; G220V; K225T; I271M,1
S76N; E154G; S162I; N164S; G220V; K225T,1
V13A; S162I; N164S; G220V; K225T; N269S; I352V; K397E,1
S162I; N164S; G220V; K225T; N293D; I327T,1
I41V; S162I; N164S; G220V; K225T; D270H,1
S162I; N164S; G220V; K225T; Q354*; N362K,1
S162I; N164S; G220V; K225T; C231S; K300R,1
E133*; S162I; N164S; G220V; K225T,1
L98P; S162I; N164S; G220V; K225T; Q344K,1
G101S; A129T; S162I; N164S; G220V; K225T; K311R,1
R16L; S162I; N164S; G220V; K225T; I233V; N362D,1
S162I; N164S; G220V; K225T; I232T; T234P,1
L98P; D121Y; S162I; N164S; G220V; K225T,1
N138K; S162I; N164S; G220V; K225T; A389V,1
F136L; S162I; N164S; I199M; G220V; K225T,1
S6T; S32R; H56L; S162I; N164S; G220V; K225T,1
I90N; S162I; N164S; G220V; K225T,1
P52L; S67G; S162I; N164S; G220V; K225T; G403S,1
L98P; S162I; N164S; G220V; K225T; I241L; S292N; I396V,1
S6T; S32A; H56R; D121P; S162I; N164S; G220V; K225T; N390S,1
S162I; N164S; G220V; K225T; D278N; I399T,1
R82L; S162I; N164S; G220V; K225T; I232V,1
S162I; N164S; Y190C; G220V; K225T; C231S,1
E28K; Q53K; S162I; N164S; G220V; K225T,1
S162I; S163A; N164S; G220V; K225T; F334V,1
S162I; N164S; I183M; N197T; G220V; K225T,1
L98P; S162I; N164S; G220V; K225T; K407R,1
S67G; L98P; S162I; N164S; G220V; K225T; I247V,1
S162I; G220V; K225T; C231R; N390T,1
G101S; S162I; N164S; G220V; K225T; I232T; E349G,1
G101S; F136L; S162I; N164S; G220V; K225T; C231R; N383D,1
S162I; N164S; N195S; G220V; K225T; E250K,1
L98F; S162I; N164S; G220V; K225T; I227V,1
H56Y; L98P; S162I; N164S; G220V; K225T; D301G,1
S162I; N164S; G220V; K225T; G353V; I396T,1
Q27*; H56L; S162I; N164S; G220V; K225T; T341S; K381R,1
S162I; N164S; E189*; G220V; K225T; E349K,1
E79A; S162I; N164S; G220V; K225T,1
Q27K; S162I; N164S; G220V; K225T; C231R,1
S162C; G220V; K225T; C231R; Y268C,1
P58T; S67R; S162I; N164S; G220V; K225T,1
R45H; S162I; N164S; G220V; K225T; V265A,1
Q75T; S76T; T88Q; I134M; S198T; I199D; G220V; K225T,1
L98P; S162I; N164S; F178L; G220V; K225T; I232T,1
L98P; S162I; N164S; M211T; G220V; K225T,1
N95D; S162I; N164S; G220V; K225T; D325N,1
S60G; S162I; N164S; G220V; K225T; E349K,1
I134L; S162I; N164S; G220V; K225T,1
S162I; N164S; G220V; K225T; C231S; L328M,1
L98P; S162I; N164S; G220A; K225T,1
N138D; S162I; N164S; G220V; K225T; K342E,1
N138D; S162I; N164S; G220V; K225T; V405I,1
D121P; S162I; N164S; G220V; K225T; D270Y,1
S162I; N164S; G220V; K225T; T341P; Q344H; A389S; R394L; G403C,1
T88I; S162I; N164S; G220V; K225T; T400A,1
L98P; S162I; N164S; G220V; K225T; G374V,1
N111S; S162I; N164S; G220V; K225T; N383S,1
S162I; N164S; Y171S; G220V; K225T; L364M,1
S162I; N164S; G220V; K225T; I232T; N390K,1
S162I; N164S; G220V; K225T; R402H; I409T,1
E105A; S162I; N164S; G220V; K225T; K330R,1
N122D; E154G; S162I; N164S; G220V; K225T,1
S162I; N164S; N175S; G220V; K225T; D278Y,1
S162I; N164S; G220V; K225T; N248S; S292R,1
S60N; S162I; N164S; G220V; K225T; N390S,1
N122D; S162I; N164S; I203V; G220V; K225T,1
D54V; S162I; N164S; G220V; K225T; Y268H,1
S162I; N164S; V184I; G220V; K225T; C231R; I262L,1
S162I; N164S; G220V; K225T; D325N; N390S,1
S162I; N164S; G220V; K225T; N277Y; N390K,1
S162I; N164S; G220V; K225T; C231S; Q237K,1
S162I; N164S; G220V; K225T; K407Q,1
G101S; D128G; M151V; S162I; N164S; G220V; K225T,1
E154G; S162I; N164S; G220V; K225T; A266S,1
S162I; N164S; Y171H; G220V; K225T; N365D,1
Q27K; P120Q; S162I; N164S; G220V; K225T,1
N14D; N72S; S162I; N164S; G220V; K225T,1
I102M; E154G; S162I; N164S; R193C; G220V; K225T,1
S162I; N164S; G220V; K225T; Y355H; I399V,1
I102M; S162I; N164S; G220V; K225T; I233V,1
S162I; N164S; G220V; K225T; I232F; N388D,1
S162I; N164S; G220V; K225T; K359N; L360C; S361L; N362T; L363C; L364W; N365T; D366T; S367L; I368S; Y369T; N370I; I371L; S372A; E373R; G374V; Y375I; N376T; I377S; N378T; N379T; L380*; K381R; V382*; N383T; F384L; R385E; G386V; Q387R; N388M; A389Q; N390I; L391*; N392T; P393R; R394V; I395L; I396S; K397N; P398R; I399L; T400P; G401V; R402V; G403A; L404W; V405L; K407R; I408S; I409F; R410V,1
F55L; S162I; N164S; G220V; K225T; C231S,1
L98P; S162I; N164I; G220V; K225T,1
N10D; V132F; S162I; N164S; G220V; K225T,1
S162I; N164S; G220V; K225T; I232F; S372R,1
T59A; S162I; N164S; G220V; K225T; N297T,1
P58L; L98P; S162I; N164S; G220V; K225T; D366N; I408F,1
S162I; G220V; K225T; C231R; T341I,1
D121A; S162I; N164S; G220V; K225T; T242N; V382M,1
S162I; N164S; G220V; K225T; S314N; I316N; Q354K,1
S162I; N164S; G220V; K225T; G308S; K356E,1
S162I; N164S; G220V; K225T; K245N,1
S162I; N164S; G220V; K225T; C231R; L260M,1
L98R; S162I; N164S; G220V; K225T; I247T,1
S140N; S162I; N164S; G220V; K225T; F303L,1
L98R; S162I; N164S; I199N; G220V; K225T,1
E154G; P155S; S162I; N164S; G220V; K225T; T341A,1
L98P; S162I; N164S; G220V; K225T; I396L,1
P57S; E154G; S162I; N164S; G220V; K225T; N261D,1
G101S; S162I; N164S; G220V; K225T; G226S,1
M1I; L98P; S162I; N164S; G220V; K225T; N388D,1
S162I; N164S; G220V; K225T; N274S; S292G,1
Q141K; S162I; N164S; G220V; K225T; D270H,1
Q27K; S162I; N164S; G220V; K225T; N390S,1
S162I; N164S; G220V; K225T; L240M; A266E,1
D128V; S162I; N164S; G220V; K225T; I232L; F384L,1
P52S; K135E; S162I; N164S; G220V; K225T,1
S162I; N164S; G220V; K225T; A313S; G315S,1
S162I; N164S; G220V; K225T; I232V; R244S,1
L157I; S162I; N164S; G220V; K225T,1
I35V; S60G; S162I; N164S; G220V; K225T,1
H56L; H125Y; F136L; S162I; N164S; G220V; K225T,1
S162I; N164S; G220V; K225T; C231R; I241V,1
L98P; S162I; N164S; G220V; K225T; N365T,1
R16C; S162I; N164S; G220V; K225T; V265A,1
A153T; S162I; N164S; G220V; K225T; C231S; N365D,1
T59A; S162I; N164S; V184I; G220V; K225T; D325N,1
L98P; S162I; N164S; S166F; G220V; K225T,1
S162I; N164S; G220V; K225T; C231R; T264K,1
Y20D; S162I; N164S; G220V; K225T,1
L98P; S162I; N164S; G220V; K225T; T341A; Y357C,1
D121P; S198T; I199D; G220V; K225T,1
L104M; S162I; N164S; G220V; K225T,1
M1L; S162I; N164S; G220V; K225T,1
L98P; N147T; S162I; N164S; G220V; K225T; S367P,1
S162I; N164S; G220V; K225T; N390S; I409T,1
E154G; S162I; N164S; G220V; K225T; Y357S,1
N92S; G101S; S162I; N164S; G220V; K225T,1
N92K; S162I; N164S; A182T; G220V; K225T,1
E28K; N164S; G220V; K225T; E336G,1
L98P; S162I; N164S; G220V; K225T; Y317F,1
S162I; N164S; G220V; K225T; C231S; I232V,1
S162I; N164S; G220V; K225T; N376D; I395T; G403D,1
I39V; S162I; N164S; G220V; K225T; Y279H,1
L98P; S162I; N164S; G220V; K225T; N362S; N390S,1
S162I; N164S; S198T; I199D; G220V; K225T; I227T,1
S162I; N164S; G220V; K225T; N274S; K330N,1
S162I; N164S; G220V; L221F; K225T,1
L98P; S162I; N164S; G220V; K225T; A266T,1
T88P; L98P; S162I; N164S; G220V; K225T; G226D; I232T,1
I42V; N96S; S162I; N164S; G220V; K225T,1
N10D; S162I; N164S; G220V; K225T; T242A,1
E154G; S162I; N164S; G220V; K225T; G315V; K381T,1
D54A; L98P; I134V; S162I; N164S; G220V; K225T; S372R,1
R16H; S162I; N164S; G220V; K225T; D278A,1
N72S; S162I; N164S; H216Y; G220V; K225T,1
S162I; N164S; G220V; K225T; F343L; T350A,1
S162I; N164S; G220V; K225T; I232T; N269T,1
L98P; S162I; N164G; G220V; K225T; N390S,1
P43L; S60G; S162I; N164S; G220V; K225T,1
S60N; S162I; N164S; G220V; K225T; N269S,1
A153V; S162I; N164S; G220V; K225T; F384L; R385E; G386V; Q387R; N388M; A389Q; N390I; L391*; N392T; P393R; R394V; I395L; I396S; K397N; P398R; I399L; T400P; G401V; R402V; G403A; L404W; V405L; K407R; I408S; I409F; R410V,1
S60G; S162I; N164S; G220V; K225T; K359N,1
S162I; N164S; G220V; K225T; R402P,1
S162I; N164S; G220V; A224V; K225T; I408N,1
S162I; N164S; M172I; G220V; K225T; E349K,1
L98P; S162T; N164S; G220V; K225T; N261S; S284N,1
S60I; S162I; N164S; G220V; K225T; I399T,1
L98P; S162I; N164S; Y190*; G220V; K225T,1
I102L; N111S; S162I; N164S; G220V; K225T; N365K,1
N10D; S162I; N164S; G220V; K225T; L276F,1
D65N; L98P; S162I; N164S; N195S; G220V; K225T,1
E154G; S162I; N164I; G220V; K225T,1
S6T; D128E; S162I; N164S; G220V; K225T,1
L98P; S162I; N164S; G220V; K225T; Y299H; I316V,1
E28G; S162I; N164S; G220V; K225T; F252L; T254I,1
L98P; S162I; N164S; G220V; K225T; A266E; I352V,1
L98P; S162I; N164S; G220V; K225T; K288E,1
E79D; S162I; N164S; G220V; K225T; N370S,1
R16H; S162I; N164S; G220V; K225T; T273A,1
S162I; N164S; G220V; K225T; S284N; K288*,1
T17P; S162I; N164S; G220V; K225T; I408T,1
S162I; N164S; G220V; K225T; R244L,1
L98P; S162I; N164S; R168S; G220V; K225T; A266E,1
S162I; N164S; G220V; K225T; E305G; S372N,1
P58S; E154G; S162I; N164S; G220V; K225T,1
L98P; D128G; S162I; N164S; G220V; K225T,1
D81E; L98P; S162I; N164S; G220V; K225T,1
S162I; N164S; G220V; K225T; S314N; I316N; R394H,1
I90T; E154G; S162I; N164S; G220V; K225T; D325N,1
T50A; H56Q; S162I; N164S; G220V; K225T,1
L98P; S162I; N164S; G220V; K225T; C231R; K323R,1
S162I; N164S; G220V; K225T; P239S; I282L,1
S66P; N92K; N138D; S162I; N164S; N170D; G220V; K225T,1
G101S; S162I; N164S; G220V; K225T; D270A; Y355C,1
L98P; S162I; N164S; R168C; G220V; K225T,1
D128Y; S162I; N164R; N197S; G220V; K225T; V382E,1
D70N; E154G; S162I; N164S; G220V; K225T,1
S162I; N164S; G220V; K225T; K407M,1
S60N; D121P; S162I; N164S; G220V; K225T,1
S6T; H56L; Q75H; S76T; T88Q; S162I; N164S; G220V; K225T,1
S162I; N164S; G220V; K225T; N362D; I371V,1
S162I; N164S; G220V; K225T; G246S; F358L,1
S60N; S162I; N164S; G220V; K225T; T228S,1
S32R; S162I; N164S; G220V; K225T; C231R,1
Q27R; L98F; S162I; N164S; G220V; K225T,1
S162I; N164S; G220V; K225T; D270N; A340T; N370S; G386C,1
E28K; S162I; N164S; G220V; K225T; F337S,1
Y9H; N10S; N138D; S162I; N164S; G220V; K225T,1
S162I; N164S; G220V; K225T; Y268C; L331M,1
S162I; N164S; G220V; K225T; Y307C; Y355H,1
S162I; N164S; F192L; G220V; K225T; S292N,1
P2S; L98P; I134V; S162I; N164S; G220V; K225T,1
I102M; N122D; S162I; N164S; G220V; K225T,1
S162I; N164S; G220V; K225T; C231S; K330R,1
E106D; S162I; N164S; G220V; K225T; D270G,1
A131S; E154A; T160S; S162I; N164S; G220V; K225T,1
S162I; N164S; G220V; Y222C; K225T; G403A; L404W; V405L; K407R; I408S; I409F; R410V,1
L98P; I134V; S162I; N164S; G220V; K225T; V319I,1
S162I; N164S; G220V; K225T; D325N; I409T,1
N10D; S162I; N164S; G220V; K225T; T234M; E305A,1
Y20H; R45C; S162I; N164S; G220V; K225T,1
Y20H; S162I; N164S; G220V; K225T; D270H,1
L98P; T160S; S162I; N164S; G220V; K225T; V265A; N390S,1
S162I; N164S; G220V; K225T; F343L; N370S,1
N10S; S162V; N164S; G220V; K225T,1
L98P; S162I; N164S; G220V; K225T; Y351N,1
S162I; N164S; G220V; K225T; T341N; K397E,1
S162I; N164S; G220V; K225T; A340T; S372N,1
N96S; S162I; N164S; G220V; K225T; V265A,1
N10D; A129S; S162I; N164S; G220V; K225T,1
S162I; N164S; E201K; G220V; K225T; K342R,1
V148G; S162I; N164S; G220V; K225T; Y351C,1
S162I; N164S; G220V; K225T; Q236*,1
K62E; L98P; S162I; N164S; G220V; K225T; L363F,1
S162I; N164S; F202L; G220V; K225T; Q267R,1
S162I; N164S; G220V; K225T; G257V; V265A; G401S,1
N138D; S162I; N164S; R168H; G220V; K225T; I262T; N383S,1
S162I; N164S; N195S; I199T; G220V; K225T,1
I143V; S162I; N164S; G220V; K225T; C231R,1
S162I; N164S; G220V; K225T; N248K,1
S162I; N164S; G220V; K225T; G257S; N297T,1
S60G; E79D; S162I; N164S; G220V; K225T,1
L98P; S162I; N164S; G220V; K225T; R280C,1
S162I; N164S; G220V; K225T; N258I,1
G101S; S162I; N164S; G220V; K225T; N297S,1
Q75T; S76T; G101S; N138K; S162I; N164S; G220V; K225T,1
I102V; S162I; N164S; G220V; K225T; I352V,1
L98P; S162I; N164S; G220V; K225T; Q295L,1
G101S; S162I; N164S; G220V; K225T; K329R; E349K,1
S162I; N164S; G220V; K225T; D326Y; Y357C,1
H56Y; S162I; N164S; G220V; K225T; N365D,1
S162I; N164S; G220V; K225T; T273A; S314A,1
P2S; G49D; S162I; N164S; G220V; K225T,1
S162I; N164S; G220V; K225T; I352M,1
L61M; S162I; N164S; M172I; G220V; K225T,1
S66F; S162I; N164S; N195S; G220V; K225T,1
Y68C; S162I; N164S; I199S; G220V; K225T,1
V47G; S162I; N164S; G220V; K225T; Q267K,1
A129V; S162I; N164S; I199V; G220V; K225T; N390K; L391S; N392E; R394A; I395Y; I396Y; K397Q; P398T; I399D; T400Y; G401R; R402S; G403W; L404P; V405G; K406*; I408D; I409H; R410S,1
S6T; H56L; Q75T; S76T; T88Q; R93H; S162I; N164S; G220V; K225T,1
N96D; S162I; N164S; I199N; G220V; K225T,1
S67N; S162I; N164S; G220V; K225T; R402S,1
F55L; S162I; N164S; G220V; K225T; D312A,1
L98P; G101C; S162I; N164S; I183T; G220V; K225T,1
T59P; S162I; N164S; G220V; K225T,1
L98P; S162I; S163Y; N164S; G220V; K225T,1
S162I; N164S; G220V; K225T; S292N; N379S,1
L98P; S162I; N164S; G220V; K225T; G256R,1
N10D; I21V; S162I; N164S; G220V; K225T,1
I41V; S162I; N164S; G220V; K225T; N390S,1
Q53R; D81Y; S162I; N164S; G220V; K225T,1
L98P; S162I; N164S; G220V; K225T; I399M,1
F7V; S162I; N164S; G220V; K225T; I232T,1
S162I; N164S; G220V; K225T; T273I; S314N,1
E154G; S162I; N164S; H216Y; G220V; K225T,1
I18T; S162I; N164S; G220V; K225T; I227V,1
S162I; N164S; S166F; G220V; K225T; D310E,1
S60G; S162I; N164S; G220V; K225T; N390S,1
F91L; S162I; N164S; G220V; K225T; N277D,1
I102L; S162I; N164S; G220V; K225T; K281R,1
S162I; N164S; G220V; K225T; N383T; F384L; R385E; G386V; Q387R; N388M; A389Q; N390I; L391*; N392T; P393R; R394V; I395L; I396S; K397N; P398R; I399L; T400P; G401V; R402V; G403A; L404W; V405L; K407R; I408S; I409F; R410V,1
L98P; S162I; N164S; M172L; G220V; K225T; Y299C,1
Y20H; S162I; N164S; R193C; G220V; K225T,1
I102M; S162I; N164S; G220V; K225T; S284G,1
D65N; L98P; S162I; N164S; G220V; K225T,1
S99A; S162I; N164S; G220V; K225T; Q236R; V265A,1
S162I; N164S; G220V; K225T; I409T; R410C,1
T59A; S162I; N164S; G220V; K225T; C231R,1
N10D; A129V; S162I; N164S; G220V; K225T,1
L98P; S99L; S162I; N164S; G220V; K225T,1
S162I; G220V; K225T; G401D,1
S162I; N164S; G220V; K225T; I232V; G401S,1
S162I; N164S; G220V; K225T; K311R; N370S,1
V47A; S60G; S162I; N164S; G220V; K225T; L276F,1
T50I; S60N; I126F; E154G; S162I; N164S; G220V; K225T,1
Q75*; S162I; N164S; L214V; G220V; K225T,1
L19R; S162I; N164S; G220V; K225T; A266E,1
S162I; N164S; G220V; K225T; I232N; V382A,1
L98P; S162I; N164S; G220V; K225T; I352V; N365D,1
R82C; E154G; S162I; N164S; G220V; K225T,1
N10D; T50I; S162I; N164S; G220V; K225T,1
Q75R; S162I; N164S; G220V; K225T; I232F; Q290K; N379D,1
H142P; S162I; N164S; G220V; K225T; C231R,1
E154G; S162I; N164S; M172I; G220V; K225T; A313S,1
N72S; S162I; N164S; G220V; K225T; L240M,1
R45L; S162I; N164S; G220V; K225T; S372R,1
L98P; H125Y; S162I; N164S; G220V; K225T,1
S162I; N164S; S217R; G220V; K225T; N362D,1
S162I; N164S; G220V; K225T; C231R; Q295R,1
S162I; N164S; G220V; K225T; N248Y,1
L98P; S162I; N164S; G220V; K225T; C231R; S287G,1
G101S; S162I; N164S; G220V; K225T; I227V,1
S162I; N164S; G220V; K225T; I241V; N269T; N274I,1
L98P; N138D; M151I; S162I; N164S; Q204*; G220V; K225T,1
T88Q; S162I; N164S; G220V; K225T; T400A,1
S162I; N164S; M172R; G220V; K225T; C231R; N277D,1
H56L; S162I; N164S; I199T; G220V; K225T,1
S162I; N164S; G220V; K225T; V265A; L276P,1
L98P; S162I; N164S; G220V; K225T; S314N; I316N; N390S,1
L98P; E105G; S162I; N164S; G220V; K225T,1
K62Q; R82H; S162I; N164S; G220V; K225T,1
S162I; N164S; G220V; K225T; V345I; D366N,1
K62R; N164S; G220V; K225T; T264I,1
K62R; S162I; N164S; G220V; K225T; T264I,1
N111S; N161K; S162I; N164S; G220V; K225T,1
S32A; S162I; N164S; G220V; K225T; C231S,1
T59I; S162I; N164S; G220V; K225T; R410C,1
S162V; N164S; G220V; K225T; I316N,1
S162I; G220V; K225T; C231R; A313S,1
S162I; N164S; I165V; G220V; K225T; K300R,1
S162I; N164S; G220V; K225T; A266E; I408V,1
N10D; S162I; N164S; G220V; K225T; A266T,1
P112T; S162I; N164S; G220V; K225T,1
W40*; S162I; N164S; G220V; K225T; C231R,1
N10S; D65E; S162I; N164S; G220V; K225T,1
L98P; S162I; N164S; G220V; K225T; Y307H; N390S,1
C26R; L98P; S162I; N164S; G220V; K225T,1
S162I; N164S; I199T; G220V; K225T; N379K,1
I90M; S162I; N164S; I181L; G220V; K225T; N365D,1
S162I; N164S; M211V; G220V; K225T; C231R; V265A,1
S162I; N164S; G220V; K225T; D278N; K306E,1
S162I; N164S; G220V; K225T; V265D; E336G; Q354R,1
L103M; S162I; N164S; G220V; K225T; G257D,1
S162I; N164S; G220V; K225T; I302V; I409T,1
S162I; N164S; G220V; K225T; F303Y; L404P,1
G101S; S162I; N164S; G220V; K225T; S287G,1
S60G; S162I; N164S; G220V; K225T; S284G; N293D,1
I102M; S162I; N164S; G220V; K225T; N274S,1
N10D; S162I; N164S; M211I; G220V; K225T,1
S162I; N164S; I199N; G220V; K225T; I316T,1
D65N; S162I; N164S; G220V; K225T; C231R,1
N96S; S162I; N164S; I183V; G220V; K225T,1
S162I; N164S; M172I; G220V; K225T; Q344R,1
S162I; N164S; G220V; K225T; E250*,1
I48V; S162V; N164S; G220V; K225T,1
K109R; S137R; S162I; N164S; G220V; K225T; I399T,1
D65N; S162I; N164S; G220V; K225T; K288E,1
N138D; S162I; N164S; D196G; G220V; K225T,1
S162I; N164S; G220V; K225T; N248S; E373D,1
L98P; S162I; N164S; I183V; G220V; K225T; T230A,1
L98P; S162I; N164S; G220V; K225T; I352V; A389T,1
S162I; N164S; V184I; G220V; K225T; S372N,1
S162I; N164R; G220V; K225T; N248S,1
R16L; S162I; N164S; G220V; K225T; N261S,1
N92K; S162I; N164S; G220V; K225T; D301G,1
I150F; S162I; N164S; G220V; K225T,1
S162I; N164S; G220V; K225T; K407R; I408S; I409F; R410V; F411S,1
L98P; N138D; S162I; N164S; G220V; K225T; P298L; G401S,1
S162I; N164S; N195D; G220V; K225T; N274S,1
S162I; N164S; G220V; Y222H; K225T; C231R,1
Q53H; S162I; N164S; G220V; K225T,1
S162I; N164S; N170Y; G220V; K225T; C231S,1
F29L; E154G; S162I; N164S; G220V; K225T,1
E44D; S108I; S162I; N164S; G220V; K225T,1
H125Y; S162I; N164S; G220V; K225T; N383D,1
N63S; F136L; S162I; N164S; G220V; K225T,1
G152D; S162I; N164S; G220V; K225T; I232T,1
L98P; S162I; N164S; Y171H; G220V; K225T; N390S,1
E154G; S162I; N164S; I181V; G220V; K225T,1
S67N; S162I; N164S; G220V; K225T; V382E,1
G64D; S162I; N164S; G220V; K225T; N390S,1
L98P; E159K; S162I; N164S; G220V; K225T; N392T,1
S162I; N164S; G220V; K225T; V382Y; N383L; F384Y; R385W; G386P; Q387I; N388T; A389G; N390R; L391G; N392L; P393V; R394K; I395K; K397I; P398R; I399F; T400*; G401*; R402W; G403R; L404F; V405S; K406T; K407W; I408A; I409S; R410S; F411A,1
L98P; S162I; N164S; G220V; K225T; D270E; I352V,1
S162I; N164S; G220V; L221S; K225T,1
S162I; N164S; I183M; N200D; G220V; K225T,1
S162I; N164S; G220V; K225T; K330R; N379D,1
Q75*; S162I; N164S; G220V; K225T; C231R,1
L98P; S162I; N164S; G220V; K225T; S314P; N390S,1
A110T; S162C; S198L; G220V; K225T; C231R,1
S32A; S162I; N164S; G220V; K225T; E250*; L253F,1
N96D; S162I; N164S; G220V; K225T; C231R; N362D,1
N38I; S162I; N164S; G220V; K225T,1
M1I; S162I; N164S; F186L; G220V; K225T; I316V,1
G101S; S162I; N164S; G220V; K225T; N248K,1
G220V; K225I,1
G101S; N122D; S162I; N164S; G220V; K225T,1
S162I; N164S; G220V; K225T; K311I,1
S162I; N164G; G220V; K225T; N297S,1
S60N; N122D; S162I; N164S; G220V; K225T,1
S162I; N164S; G220V; K225T; D325N; T335N,1
T51I; S162I; N164S; G220V; K225T; N365D,1
E154G; S162I; N164S; N195S; G220V; K225T; F358S,1
I35T; L98P; S162I; N164S; G220V; K225T,1
A131D; S162I; N164S; G220V; K225T,1
N138D; S162I; N164S; G220V; K225T; N379K,1
E28K; K62R; S162I; N164S; G220V; K225T; N269K,1
S162I; N164S; G220V; K225T; I327S,1
S162I; N164S; G177V; S217I; G220V; K225T,1
E154G; S162I; N164S; G220V; K225T; T229M,1
W40*; S162I; N164S; I199N; G220V; K225T,1
L98P; S162I; N164S; G220V; K225T; K300N; N370S,1
S162I; N164S; G220V; K225T; D325Y; I327N; Q387E,1
S162I; N164S; G220V; K225T; D301Y; L328P,1
S162I; N164S; I165V; G220V; K225T; N383D,1
S162I; N164S; G220V; K225T; I232T; N378S,1
L98R; S162I; N164S; G220V; K225T; I232T,1
S162I; N164S; G220V; K225T; V291A; F343S,1
S162I; N164S; G220V; K225T; N243S; G401D,1
I143V; S162I; N164S; G220V; Q344*,1
L98P; S162I; N164S; G220V; K225T; N248H; I408T,1
L98P; S162I; N164S; G220V; K225T; Y307C,1
P71S; G101S; S162I; N164S; G220V; K225T; G401D,1
L98P; A131V; S162I; N164S; G220V; K225T; D310N,1
S162I; N164S; N197S; G220V; K225T; Y268H,1
S162I; N164S; F194L; E201G; G220V; K225T; F343S,1
S162I; N164S; G220V; K225T; T229M; N274S,1
S162I; N164S; M172I; I199N; G220V; K225T,1
T51I; E154G; S162I; N164S; G220V; K225T,1
G101S; S162I; N164S; G220V; K225T; L404P,1
N122D; S162I; N164S; G220V; K225T; Q295R,1
S6T; S32A; H56L; G64S; S162I; N164S; G220V; K225T; D326N,1
L98P; S162I; N164S; G220V; K225T; I399T,1
S162I; N164S; G220V; K225T; I233S,1
S162I; N164S; G220V; K225T; R385G; R410H,1
S162I; N164S; V184I; G220V; K225T; K288R,1
S162I; N164S; G220V; K225T; E336V; D338Y; P393Q,1
N10D; Y68C; S162I; N164S; G220V; K225T,1
T59A; S162I; N164S; G220V; K225T; Q235K,1
S137T; S162I; N164S; G220V; K225T,1
I41V; E154G; S162I; N164S; G220V; K225T; D312N,1
L98P; S162I; N164S; G220V; K225T; D326E,1
N10D; S162I; N164S; G220V; K225T; E349K,1
Y68C; N111S; E154G; S162I; N164S; G220V; K225T,1
S162I; N164S; G220V; K225T; F303S; Y307H,1
E79*; S162I; N164S; V184I; G220V; K225T,1
Q75*; S162I; N164S; G220V; K225T; K342Q,1
G101S; F136L; S162I; N164S; G220V; K225T,1
S162I; N164S; G220V; K225T; K288N; A313V,1
S162I; N164S; I183M; S198T; I199D; G220V; K225T,1
D11G; N122D; S162I; N164S; G220V; K225T,1
S60N; N72S; S162I; N164S; G220V; K225T; N258D,1
Q141R; S162I; N164S; S180Y; G220V; K225T; N378S,1
L98P; S162I; N164S; L214P; G220V; K225T,1
L98P; N161T; S162I; N164S; G220V; K225T; N390S,1
S162I; N164S; Q204R; G220V; K225T; T335S,1
S162I; N164S; G220V; K225T; N277S; K407E,1
E44K; L98P; S162I; N164S; G220V; K225T; N390D,1
N96D; S162I; N164S; M172I; I199N; G220V; K225T,1
N138D; S162I; N164S; G220V; K225T; L364P,1
S32A; S162I; N164S; G220V; K225T; N297T,1
D65N; K80E; S162I; N164S; G220V; K225T; S372R,1
K85R; E154G; S162I; N164S; G220V; K225T,1
E154G; S162I; G220V; K225T; S292N,1
G101D; S162I; N164S; G220V; K225T; C231R,1
T59I; N138D; S162I; N164S; G220V; K225T,1
N138D; S162I; N164S; G220V; K225T; N258D,1
Q141H; S162I; N164S; G220V; K225T; N293D,1
S162I; N164S; N195S; G220V; K225T; I262T,1
N10D; F83S; S162I; N164S; G220V; K225T,1
N10D; S162I; N164S; G220V; K225T; N277D,1
S162I; N164S; G220V; K225T; N248S; Y355H,1
S162I; N164S; S198L; G220V; K225T; C231R; N390S,1
S162I; N164S; G220V; K225T; I316V; N365D,1
S162I; N164S; G220V; K225T; C231R; D326N,1
S99P; E154G; S162I; N164S; G220V; K225T; I352V,1
S162C; G220V; K225T; C231R; D301G,1
G101S; S162I; N164S; Q204H; G220V; K225T,1
S162I; N164S; M172I; G220V; K225T; Y299C; N365D,1
A153V; S162I; N164S; G220V; K225T; N370S,1
D156G; S162I; N164S; G220V; K225T; N365D,1
S162I; N164S; N200H; G220V; K225T,1
I102V; S162I; N164S; G220V; K225T; A313E; N390S,1
S162I; N164S; G220V; K225T; T264I; I316V,1
S162I; N164S; G220V; K225T; L260P,1
S162I; N164S; G220V; K225T; N261D; R410H,1
L98I; S162I; N164S; T185I; G220V; K225T,1
S162I; N164S; I199N; G220V; K225T; Q295R,1
S32G; L98P; L114P; S162I; N164S; G220V; K225T,1
S162I; N164S; G220V; K225T; I232F; A389V,1
S162I; N164S; G220V; K225T; C231R; N258D,1
G101S; S162I; N164S; G220V; K225T; A266E,1
S162I; N164S; F192S; G220V; K225T; I247T; V291E,1
I18L; S162I; N164S; G220V; K225T; N390S,1
S162I; N164S; G220V; K225T; K397Q,1
D54N; S162I; N164S; G220V; K225T; V291A,1
D121Y; S162I; N164S; N195S; G220V; K225T,1
L98P; N122S; S162I; N164S; G220V; K225T; Y299C,1
N138D; G220V; K225T,1
S162I; N164S; Q204H; G220V; K225T; S372G,1
P58S; L98P; S162I; N164S; G220V; K225T,1
I134V; S162I; N164S; G220V; K225T; N258S,1
I41V; H142R; S162I; N164S; G220V; K225T,1
I102V; E154G; S162I; N164S; G220V; K225T; G403D,1
S162I; N164S; M172I; G220V; K225T; F343S,1
S162I; N164S; E189A; G220V; K225T,1
I41V; L98P; S162I; N164S; G220V; K225T; T273I,1
E28K; M36I; S162I; N164S; G220V; K225T,1
S32A; H56L; Q75T; S76T; D121H; S162I; N164S; G220V; K225T,1
S162I; N164S; G220V; K225T; A283G,1
S162I; N164S; G220V; K225T; D312E; D326N,1
S162I; N164S; G220V; K225T; C231R; T273I,1
E28K; S162I; N164S; G220V; K225T; Q237K,1
S162I; N164S; G220V; K225T; C231S; R244C,1
P120S; I143V; S162I; N164S; G220V; K225T; I232T,1
N10D; S162I; N164S; G220V; K225T; G226D,1
S162I; N164S; G220V; K225T; C231S; T400S,1
V87M; L98P; S162I; N164S; G220V; K225T,1
L98P; S162I; N164S; G220V; K225T; Y375*,1
E154G; S162I; N164S; D205E; G220V; K225T; Y351C,1
E154G; S162I; N164S; I199T; G220V; K225T,1
S162I; N164S; G220V; K225T; N365D; V382A,1
S162I; N164S; M172I; G220V; K225T; I232N,1
G101S; S162I; N164S; G220V; K225T; N258D,1
S162I; N164S; G220V; K225T; N248G,1
N34K; S162I; N164S; E213K; G220V; K225T,1
S162I; N164S; M172R; V184I; G220V; K225T,1
S32A; S162I; N164S; G220V; K225T; F358L,1
S162I; N164S; G220V; K225T; I247T; K406E,1
S162I; N164S; G220V; K225T; D325N; F411L,1
S162I; N164S; G220V; K225T; N258D; V345I,1
Q27H; E106A; S162I; N164S; I199N; G220V; K225T,1
L98P; S140N; S162I; N164S; G220V; K225T,1
L98P; S162I; N164S; G220V; K225T; R280H,1
M1I; K80N; L98R; S162I; N164S; G220V; K225T,1
Q27*; G101S; S162I; N164S; G220V; K225T; I271V,1
S162I; N164S; G220V; K225T; I408M; I409L,1
P52L; S162I; N164S; G220V; K225T; I233T,1
S162I; N164S; G220V; K225T; N248S; I262T,1
E154G; S162I; N164S; G220V; K225T; V265A,1
S162I; N164S; G220V; Y222*; K225T,1
M1V; L98P; S162I; N164S; G220V; K225T; K288R,1
N138D; S162I; N164S; G220V; K225T; I282T,1
S67G; S162I; N164S; G220V; K225T; N390I,1
S162I; N164S; N175K; G220V; K225T; V382A,1
L98P; S162I; N164S; G220V; K225T; T350S; N390D,1
S162I; N164S; G220V; K225T; V265D; A266E; Y268W; N269E; D270Q; Y272R; T273S; N274Y; N277K; D278K; R280E; K281E; S284K,1
S162I; N164S; G220V; K225T; I233V; N243S,1
L61M; N92H; S162I; N164S; G220V; K225T,1
Q27R; S162I; N164S; G220V; K225T; C231R; I247T,1
L98P; S162I; N164S; G220V; K225T; P298L,1
N111D; E154G; S162I; N164S; G220V; K225T,1
N10D; S162I; N164S; G220V; K225T; A389V,1
L98P; N122H; S162I; N164S; G220V; K225T,1
D65N; S162I; N164S; G220V; K225T; L360F,1
G101S; S108N; S162I; N164S; G220V; K225T; K397N; P398R; I399L; T400P; G401V; R402V; G403A; L404W; V405L; K407R; I408S; I409F; R410V,1
G25S; R45C; S162I; N164S; G220V; K225T,1
H125R; S162I; N164S; G220V; K225T; C231S,1
S162I; N164S; S180F; G220V; K225T; C231S; G257S,1
L98P; S162I; N164S; G220V; K225I; A313E,1
D128H; S162I; N164S; G220V; K225T,1
S162I; N164S; G220V; K225T; Y307D,1
N63T; S162I; N164S; G220V; K225T; A266S,1
I39V; S162I; N164S; G220V; K225T; R394L; G401D,1
S162I; N164S; G220V; K225T; C231R; D325E,1
L98I; S162I; N164S; G220V; K225T; Y357H,1
S162I; N164S; G220V; K225T; Q344P,1
I134L; S162I; N164S; G220V; K225T; C231R,1
N8S; S162I; N164S; G220V; K225T; V382E,1
N138D; S162I; N164S; G220V; K225T; N261S; K359R,1
N72S; S162I; N164S; G220V; K225T; I321V; K329N,1
S32A; E154G; L157S; S162I; N164S; G220V; K225T,1
S162I; N164S; S187F; G220V; K225T; I368V,1
M36T; S162I; N164S; G220V; K225T; D270A,1
S162I; N164S; K225L,1
S162I; N164S; G220V; K225T; N274Y; V319L,1
S162I; N164S; V184I; G220V; K225T; C231S,1
G101S; S162I; N164S; G220V; K225T; F358L,1
S162I; N164S; G220V; K225T; I232T; N378D,1
G101S; S162I; N164S; M172I; G220V; K225T; N362D,1
H56L; Q75T; S76T; T88Q; D121P; S162I; N164S; G220V; K225T,1
N8S; S162I; N164S; E201D; G220V; K225T,1
L98P; S162I; N164S; G220V; K225T; S287I,1
S162I; N164S; G220V; K225T; N362D; T400N,1
I143M; S162I; N164S; G220V; K225T,1
I134V; S162I; N164S; G220V; K225T; D326N,1
L98P; S162I; N164S; G220V; K225T; N362T,1
L98P; S162I; N164S; G220V; K225T; T273S,1
I41V; S162I; N164S; G220V; K225T; A340E,1
N95D; N138D; S162I; N164S; G220V; K225T,1
N10S; S162I; N164S; G220V; K225T; N365D,1
E154G; S162I; N164S; G220V; K225T; C231F,1
S162I; N164S; G220V; K225T; N238D; N261S,1
Y9H; Y20C; L98P; S162I; N164S; G220V; K225T; T400A,1
V132A; N138D; S162I; N164S; G220V; K225T,1
L98P; S162I; N164S; G220V; K225T; A313V; F343L,1
Y68C; S162I; N164S; G220V; K225T; V265D; P298S; T350A,1
S162I; N164S; N365D,1
N10D; S162I; N164S; G179D; G220V; K225T,1
S60N; S162I; N164S; G220V; K225T; N248S; N362D,1
N138D; S162I; N164S; G220V; K225T; Q236R,1
S162I; N164S; S198T; I199D; G220V; K225T; N261K,1
L98P; I134V; S162I; N164S; F186I; G220V; K225T,1
S162I; N164S; G220V; G223S; K225I,1
R16C; L98P; S162I; N164S; G220V; K225T,1
S162I; N164S; G220V; K225T; D325H,1
S162I; N164S; G220V; K225T; N365D; G403D,1
N10D; S162I; N164S; G220V; K225T; D259N,1
P23S; L98P; S162I; N164S; G220V; K225T,1
L98P; S162I; N164S; D196N; G220V; K225T; N390S,1
S162I; N164S; G220V; K225T; I316T; V405G,1
G115S; S162I; N164S; G220V; K225T,1
S162I; N164S; I199V; G220V; K225T; I408F,1
S60G; S162I; N164S; G220V; K225T; Q290*,1
L104S; S162I; N164S; G220V; K225T,1
N95S; S162I; N164S; G220V; K225T; K407E,1
S162I; N164S; G220V; K225T; V265D; N362D,1
I102T; S162I; N164S; G220V; K225T; V289M,1
S162I; N164S; N200S; G220V; K225T; G403D,1
K225L; P398T,1
S162I; N164S; I199N; G220V; K225T; K329N,1
S162I; N164S; G220V; K225T; N297D; Y317C,1
T59I; L98P; S162I; N164S; M211I; G220V; K225T,1
Q27*; Q75T; S76T; T88Q; L98P; S162I; N164S; G220V; K225T,1
Y69*; S162I; N164S; G220V; K225T; C231R; N390T,1
N96S; S162I; N164S; G220V; K225T; I408N,1
H125Y; S162I; N164S; G220V; K225T; Q235H,1
E154G; S162I; N164S; G220V; K225T; Q235K,1
S162I; N164S; G220V; K225T; I232V; K323R,1
E28K; S162I; N164S; G220V; K225T; C231R; D326G,1
N122D; S162I; N164S; I199T; G220V; K225T,1
G24S; S162I; N164S; G220V; K225T; D278G,1
Q141K; E154G; S162I; N164S; G220V; K225T,1
L61M; S162I; N164S; G220V; K225T; N261D; N277S,1
N10D; L98I; S162I; N164S; G220V; K225T; G401D,1
S162I; N164S; G220V; G223S; K225T; A313E,1
N118S; S162I; N164S; G220V; K225T; I232T; D278N,1
D128G; S162I; N164S; R168C; G220V; K225T,1
S162I; N164S; M172I; G220V; K225T; F384S,1
H56L; Q75T; S76T; T88Q; D121P; H125R; S162I; G220V; K225T,1
S162I; N164S; I199M; G220V; K225T; D325N,1
L98P; E154G; S162I; N164S; G220V; K225T; S287G,1
N46D; S162I; N164S; G220V; K225T; N243S,1
S162I; N164S; G220V; K225T; S284N; R402H,1
S162I; N164S; G220V; K225T; S292R,1
I35V; S162I; N164G; G220V; K225T; I232T,1
N63D; S162I; N164S; G220V; K225T; V265A,1
S162I; N164S; G220V; K225T; A340P; S372T; E373Q; Y375F; N378G; N379S; K381A; V382T; F384Y; R385K; A389V; N390E; L391E; R394Q; I396V; K397E; P398E; T400K; K407N; I408K; R410E; F411E,1
P23L; S162I; N164S; G220V; K225T; I232T,1
L98P; S162I; N164S; G220V; K225T; N258D; K407N,1
S162I; N164S; G220V; K225T; I232S; D270N,1
W40*; D128A; S162I; N164S; G220V; K225T; N293D,1
N10D; I35V; E44D; S162I; N164S; I183V; G220V; K225T; F255S,1
S162I; N164S; G220V; K225T; I232S; S333*,1
L98P; I134V; S162V; N164S; G220V; K225T; F358S,1
S162I; N164S; G220V; K225A; I232V,1
S162I; N164S; R193C; G220V; K225T; Y268H,1
S162I; N164S; G220V; K225T; K356E; A389T,1
S162I; N164S; G220V; K225T; N258K; A389T,1
S162I; N164S; G220V; K225T; Q235R; N365S,1
L98P; S162I; N164S; M172I; G220V; K225T; L240P,1
E28D; S162V; N164S; G220V; K225T,1
I126N; S162I; N164S; S198T; I199V; G220V; K225T,1
K22E; S162I; N164S; G220V; K225T; V265D,1
L98P; S162I; N164S; G220V; K225T; G386C,1
S162I; N164S; G220V; K225T; C231R; D278N; N388D,1
M1I; S162I; N164S; G220V; K225T; R394S,1
E154G; S162I; N164S; G220V; K225T; I316V,1
D128E; S162I; N164S; S198T; I199D; G220V; K225T; I371V; I399T,1
S162I; N164S; G220V; Y222C; K225T; V265A; V345I,1
E133*; S162I; N164S; A207S; G220V; K225T,1
M1I; L98P; V132I; S162I; N164S; G220V; K225T,1
N92K; S162I; N164S; M172I; G220V; K225T; I316S,1
N161D; S162I; N164S; G220V; K225T; I262T,1
G115S; S162I; N164S; G220V; K225T; N362D,1
H125Y; N138D; S162I; N164S; G220V; K225T,1
E154G; S162I; N164S; G220V; K225T; I327T,1
E154G; S162I; N164S; G220V; K225T; N392S,1
K62N; P112L; S162I; N164S; G220V; K225T,1
S162I; N164S; M172I; G220V; K225T; N269S,1
N111S; E154G; S162I; N164S; G220V; K225T,1
L98P; S162I; N164S; G220V; K225T; F411L,1
G101S; S162I; N164S; G220V; K225T; N379K,1
L98P; S108I; S162I; N164S; G220V; K225T; C231R,1
S162I; N164S; G220V; K225T; F252S; T254S,1
S162I; N164S; G220V; K225T; C231S; K342N,1
E154G; S162I; N164S; G220V; K225T; L380F,1
E154G; S162I; N164S; G220V; K225T; G386R; Q387S; N388E; A389C; N390K; L391S; N392E; R394A; I395Y; I396Y; K397Q; P398T; I399D; T400Y; G401R; R402S; G403W; L404P; V405G; K406*; I408D; I409H; R410S,1
E133D; S162I; N164S; G220V; K225T,1
N10D; S162I; N164S; G220V; K225T; R244C,1
T50N; G101S; S162I; N164S; G220V; K225T,1
H56Y; S162I; N164S; G220V; K225T; Y355H,1
L98P; S162I; N164S; F194L; G220V; K225T,1
N46D; S162I; N164S; G220V; K225T,1
S162I; N164S; G220V; K225T; C231R; R348H,1
M151I; S162I; N164S; G220V; K225T; N293H,1
N161K; S162I; N164S; G220V; K225T; Y268C,1
G101S; S162I; N164S; G220V; K225T; C231F,1
N138D; S162I; N164S; I199T; E201G; G220V; K225T,1
N96S; N138D; S162I; N164S; G220V; K225T,1
S60N; E154G; S162I; N164S; G220V; K225T; L276F; N365D,1
R16H; E154G; S162I; N164S; G220V; K225T,1
S162I; N164S; G220V; K225T; C231Y; K329R,1
N10D; S99A; S162I; N164S; G220V; K225T,1
S162I; N164S; G220V; K225T; Q295H; D310G,1
E44*; N138D; S162I; N164S; G220V; K225T,1
S67I; S108I; S162I; N164S; G220V; K225T; R410H,1
L98P; S162I; N164S; G220V; K225T; S284N; G315D,1
S162I; N164S; G220V; K225T; Y268N; D270Y; S372N,1
S162I; N164S; G220V; K225T; C231S; I232L,1
G101C; S162I; N164S; G220V; K225T; D278N,1
S162I; N164S; G220V; K225T; S372N; I399V,1
L98P; A131T; S162I; N164S; G220V; K225T,1
T59I; L98I; S162I; N164S; G220V; K225T,1
L98P; S162I; N164S; G220V; K225T; Y332C,1
E154G; S162I; N164S; G220V; K225T; I408N,1
G101S; S162I; N164S; G220V; K225T; A340E,1
S162I; N164S; S198T; I199D; L218R; H219Y; G220I; Q295K,1
S162I; N164S; G220V; K225T; D270A; N388D,1
N72D; S162I; N164S; G220V; K225T; G401S,1
W40*; L98P; S162I; N164S; G220V; A224T; K225T,1
T119N; E154G; S162I; N164S; G220V; K225T,1
S108N; G127D; S162I; N164S; G220V; K225T,1
T59I; S162I; N164S; G220V; K225T; D278N,1
E154G; S162I; N164S; G220V; K225T; K381R,1
L98P; S162I; N164S; G220V; K225T; S318N; N390S,1
L98P; S162I; N164S; Q204H; G220V; K225T,1
G101S; S162I; N164S; M172I; G220V; K225T; S372N,1
Q75T; S76T; T88Q; M151V; S162I; N164S; G220V; K225T,1
F136L; S162I; N164S; G220V; K225T; N365D,1
N122S; S162I; N164S; G220V; K225T; N258D,1
S162I; N164S; F178L; G220V; K225T; Q295K,1
S32A; N122D; S162I; N164S; N170Y; E189*; G220V; K225T,1
S162I; N164S; G220V; K225T; Y355C; N362D,1
S162I; N164S; G220V; K225T; C231R; V319I,1
N10D; G49C; S162I; N164S; G220V; K225T,1
N116I; S162I; N164S; G220V; K225T,1
N97T; N138D; S162I; N164S; G220V; K225T; D326G,1
S162I; N164S; G220V; K225T; C231S; G403D,1
S162I; N164S; I183M; I199V; G220V; K225T,1
V148I; S162I; N164S; G220V; K225T; Q236*; I302L,1
S162I; N164S; G220V; K225T; N269S; V319I,1
N95K; E154G; S162I; N164S; G220V; K225T; T341A,1
G101S; S162I; N164S; G220V; K225T; I232L,1
S162I; N164S; G220V; K225T; Q354R; N370S,1
S162I; N164S; G220V; K225T; K245N; F358L,1
S162I; N164S; G220V; K225T; E250K; K406*,1
E79D; S162I; N164S; P206S; G220V; K225T; N365D,1
N63D; S162I; N164S; G220V; K225T; T341A,1
N46D; I134V; S162I; N164S; G220V; K225T,1
H56L; Q75K; T88H; S162I; N164S; G220V; K225T,1
S162I; N164S; G220V; K225T; G256E; V265A,1
D77N; S162I; N164S; M172L; G220V; K225T,1
L114P; E154G; S162I; N164S; G220V; K225T,1
N72H; S162I; N164S; M172I; G220V; K225T,1
N10S; S162I; N164S; G220V; K225T; I262V,1
S162I; N164S; G220V; K225T; K306E; Y369H,1
I18F; Q27K; L98P; S162I; N164S; G220V; K225T,1
L98P; S162I; N164S; G220V; K225T; I247V; D325N,1
S162I; N164S; G220V; K225T; Q344N; N362D,1
V13F; L98P; S162I; N164S; G220V; K225T,1
M36V; S162I; N164S; G220V; K225T; I241V,1
L98P; S162I; N164S; G220V; K225T; Q236R,1
S6T; H56L; T59I; D121P; S162I; N164S; S198T; I199D; G220V; K225T; D325N,1
E154G; S162I; N164S; G220V; K225T; N378D,1
T88Q; S162I; N164S; N197D; G220V; K225T; C231R; R394C,1
S162I; N164S; N195T; G220V; K225I; D270Y,1
N10D; S162I; N164S; H212Y; G220V; K225T,1
S162I; N164S; G220V; K225T; S314N; I316N; N390R; N392K; P393T,1
S162I; N164S; M172I; N197S; G220V; K225T; A389T,1
S162I; S163F; G220V; K225T; V265A,1
I18F; Q27*; S32A; H56Q; S162I; N164S; G220V; K225T,1
S162I; N164S; G220V; K225T; C231S; Y299N,1
N38K; S162I; N164S; M172V; G220V; K225T; I352V,1
N138D; S162I; N164S; I203T; G220V; K225T,1
L98I; S162I; N164S; N175K; G220V; K225T,1
S162I; N164S; G220V; K225T; I232T; K342R,1
S162I; N164S; G220V; K225T; D325E; Q354R,1
S60N; S162I; N164S; V184I; G220V; K225T; I262M; S284G,1
V132D; S162I; N164S; G220V; K225T,1
S162I; N164S; G220V; K225T; N362D; K406E,1
L98P; T119N; S162I; N164S; G220V; K225T,1
I18L; L98P; S162I; N164S; G220V; K225T,1
E154G; S162I; N164S; G220V; K225T; D366G,1
Q75K; S162I; N164S; G220V; K225T; S372R,1
S162I; N164S; G220V; K225T; I321L; V345I,1
S60N; S76R; S162I; N164S; G220V; K225T,1
L98P; P146S; S162I; N164S; G220V; K225T,1
L98P; S162I; N164S; P206L; G220V; K225T; N390S,1
S60G; S162I; N164S; G220V; K225T; K407E,1
N10D; N63T; S162I; N164S; G220V; K225T,1
S32A; T88Q; G220V; K225T,1
S162I; N164S; G220V; K225T; I352V; N370S,1
S162I; N164S; G220V; K225T; I232T; R385S,1
L98P; V148A; S162I; N164S; G220V; K225T,1
S162I; N164S; G220V; K225T; N274K; A313S,1
S6T; S32A; L98P; S162I; N164S; G220V; K225T; F324V; A389S,1
S162I; N164S; G220V; K225T; C231R; I321V,1
K62M; E154G; S162I; N164S; G220V; K225T,1
N72S; S162I; N164S; G220V; K225T; N383D,1
Q123L; S162I; N164S; G220V; K225T; T264A,1
S60N; S162I; N164S; G220V; K225T; I316T,1
L98P; S162I; N164S; G220V; K225T; D326Y; G403D,1
E154G; S162I; N164S; G220V; K225T; N269Y,1
S162I; N164S; G220V; K225T; T341A; V382M,1
G25A; S162I; N164S; G220V; K225T; N293D,1
S162I; N164S; G220V; K225T; C231R; Q387K; I408V,1
Y68D; S162I; N164S; G179D; G220V; K225T,1
S162I; N164S; G220V; K225T; V382A; G403D,1
N138D; S162I; N164S; G220V; K225T; D270Y,1
S60N; S162I; N164S; M172I; G220V; K225T; S284N,1
S162I; N164S; G220V; K225T; C231R; P239S,1
T51I; S162I; N164S; T185A; G220V; K225T; C231R,1
S162I; N164S; G220V; K225T; I232T; T242A,1
E44G; N138D; S162I; N164S; G220V; K225T; N238S,1
V148G; S162I; N164S; G177D; G220V; K225T; N277S,1
G64D; N138D; S162I; N164S; G220V; K225T,1
S162V; N164S; G220V; K225T; G257D,1
S6T; L98P; S162I; N164S; G220V; K225T; N269S,1
E154G; F194L; K225I,1
S162I; N164S; G220V; K225T; C231R; A266V,1
S60N; S162I; N164S; G220V; K225T; Q290*,1
D54E; S60N; S162I; N164S; G220V; K225T,1
S162I; N164S; G220V; K225T; N365S; K406E,1
N138D; S162I; N164S; G220V; K225T; A389S,1
N5K; S162I; N164S; G220V; K225T; N297Y,1
S162I; N164S; G220V; K225T; I232V; N248Y,1
P12L; S162I; N164S; G220V; K225T; C231R,1
K62R; S162I; N164S; M172I; G220V; K225T,1
L98P; S162I; N164S; D196V; G220V; K225T,1
Y68C; S162I; N164S; G220V; K225T; Y299C,1
N63D; S162I; N164S; G220V; K225T; L328M,1
P2L; L98P; S162I; N164S; G220V; K225T; N390S,1
S162I; N164S; M172I; G220V; K225T; D301E,1
F29L; S162I; N164S; G220V; K225T; N378S,1
N138D; S162I; N164S; G220V; K225T; F252L; Y299C,1
S162C; G220V; K225T; C231R; L260M,1
L98P; G101D; S162I; N164S; G220V; K225T,1
S162I; N164S; G220V; K225T; S284R; N383S,1
S99A; E154G; S162I; N164S; G220V; K225T,1
S60N; S162I; N164S; G220V; K225T; N383K,1
L157*; S162I; N164S; G220V; K225T; E251G; A266E,1
L74M; S162I; N164S; G220V; K225T,1
S162I; N164S; G220V; K225T; I232M; N362D,1
G101S; S162I; N164S; A182T; G220V; K225T,1
E154G; S162I; N164S; E201A; G220V; K225T; N365D; S372T; E373Q; Y375F; N378G; N379S; K381A; V382T; F384Y; R385K; A389V; N390E; L391E; R394Q; I396V; K397E; P398E; T400K; K407N; I408K; R410E; F411E,1
S162I; N164S; G220V; K225T; N243S; N365D,1
N10S; T119I; S162I; N164S; G220V; K225T; A266E,1
P71S; N118D; S162I; N164S; G220V; K225T,1
K62*; S162I; N164S; G220V; K225T,1
S162I; N164S; G220V; K225T; I232N; N293D,1
S162I; N164S; G220V; K225T; C231R; N365K,1
S162I; N164S; N197I; G220V; K225T,1
E79A; E154G; S162I; N164S; G220V; K225T,1
G101S; S162I; N164S; G220V; K225T; T273A,1
S162I; N164S; M172I; G220V; K225T; T242A,1
S162I; N164S; P188T; G220V; K225T,1
E154G; S162I; N164S; M172I; G220V; K225T; Y299C,1
L98P; I102L; S162I; N164S; N197S; G220V; K225T,1
E154G; S162I; N164S; A182V; G220V; K225T; D278N,1
N8D; I143V; S162I; N164S; G220V; K225T; N269D; A313E,1
N118S; S162I; N164S; G220V; K225T; I232T,1
S162I; N164S; G220V; K225T; K381T,1
S162I; N164S; G220V; K225T; I232V; Y268C,1
S162I; N164S; M172I; E201G; G220V; K225T; N269S,1
I134V; S162I; N164S; G220V; K225T; N378D,1
P23L; S162I; N164S; G220V; K225T; C231R,1
A131V; S162I; N164S; G220V; K225T; N261D,1
N10D; I42T; S162I; N164S; G220V; K225T,1
L98P; A131V; S162I; N164S; G220V; K225T; Y355H; N390S,1
N10D; E28D; S162I; N164S; G220V; K225T,1
E28K; G127S; S162I; N164S; G220V; K225T,1
D65N; S162I; N164S; G220V; K225T; F358I,1
E154G; S162I; N164S; G220V; K225T; S372G,1
N92K; S162I; N164S; R193L; G220V; K225T,1
H56Y; S162I; N164S; G220V; K225T; N248S,1
K62R; S162I; N164S; G220V; K225T; V289A,1
S162I; N164S; G220V; K225T; K342T,1
S162I; N164S; G220V; K225T; E250*; I352T,1
E28K; L98P; S162I; N164S; G220V; K225T; K300R; K397E,1
K62Q; L98P; S162I; N164S; G220V; K225T,1
T88I; N122D; S162I; N164S; G220V; K225T,1
E28K; F124S; S162I; N164S; G220V; K225T,1
S162I; N164S; S180F; G220V; K225T; C231R,1
L98F; S140R; S162I; N164S; G220V; K225T,1
S162I; N164S; G220V; A224S; K225T; I232T,1
S162I; N164S; G220V; K225T; D270N; F337V,1
S162I; N164S; N170D; G220V; K225T; C231S,1
E154A; S162I; N164S; G220V; K225T; N293D,1
E28D; S162I; N164S; G220V; K225T; Y268H,1
D65E; I134V; S162I; N164S; G220V; K225T,1
L98P; S162I; N164S; G220V; K225T; F255L,1
S140N; S162I; N164S; G220V; K225T; T400I,1
D128E; S162I; N164S; G220V; K225T; A313T,1
S130Y; S162I; N164S; G220V; K225T; D270Y,1
R82C; E106D; S162I; N164S; G220V; K225T,1
N138D; S162I; N164S; G220V; K225T; F252V; D310G,1
K62N; S162I; N164S; G220V; K225T; C231R,1
L98P; Q123H; S162I; N164S; G220V; K225T; I262T; N390S,1
S162I; N164S; G220V; K225T; Q236E; N388D,1
E28K; N161Y; S162I; N164S; G220V; K225T; E349K,1
M1I; S162I; N164S; G220V; K225T; I232F,1
S162I; N164S; G220V; K225T; N370S; I396V,1
P2L; S162I; N164S; G220V; K225T; E349K,1
L98P; S162I; N164S; G220V; K225T; N297H; N390S,1
D65G; L98P; S162I; N164S; G220V; K225T; V265D,1
S60G; S162I; N164S,1
P112S; S162I; N164S; G220V; K225T; V265D,1
G49S; Q141R; S162I; N164S; G220V; K225T,1
L98P; S162I; N164S; E201G; G220V; K225T; I371V,1
R93S; S162I; N164S; E201G; G220V; K225T,1
L98P; N116D; G127S; S162I; N164S; G220V; K225T,1
Y20C; S162I; N164S; G220V; K225T; N365D,1
T88Q; S162I; N164S; G220V; K225T; A313T,1
S162I; G220V; K225T; C231R; N383D,1
Q141R; S162I; N164S; G220V; K225T; F337S,1
S162I; N164S; G220V; K225T; L363S; G403V,1
N72S; N116D; S162I; N164S; G220V; K225T,1
V87L; G101S; S162I; N164S; G220V; K225T,1
H56L; S162I; N164S; G220V; K225T; C231R; K330R,1
L61K; S162I; N164S; G220V; K225T,1
S60N; S162I; N164S; R193L; G220V; K225T,1
S162I; N164S; G220V; K225T; I232L; N274S,1
T17I; E28A; S162I; N164S; H219P; G220V; K225T,1
S162V; N164S; G220V; K225T; N378S,1
S162I; N164S; G220V; K225T; N376K,1
F55L; I134V; I150T; S162I; N164S; G220V; K225T,1
S6T; S32A; H56L; Q75T; S76T; F136V; S162I; N164S; G220V; K225T,1
S162I; N164S; G220V; K225T; T400S,1
S162I; N164S; M172I; G220V; K225A,1
E154G; S162I; N164S; G220V; K225T; N370H,1
F158L; E159K; S162I; N164S; G220V; K225T; K330R,1
S162N; G220V; K225T; D325A,1
L98P; N164S; A182S; G220V; K225T,1
F136L; S162I; N164S; G220V; K225T; K245N,1
L98P; H142Q; S162I; N164S; G220V; K225T,1
L98P; S162I; N164S; G220V; K225T; Q267R; D338E,1
K22R; S162I; N164S; G220V; K225T; S287N,1
I41V; S162I; N164S; G220V; K225T; T273S; N320S,1
E154K; S162I; N164S; G220V; K225T; I232T,1
N138D; S162I; N164S; G220V; K225T; I271T,1
R82L; E154G; S162I; N164S; G220V; K225T,1
S162I; N164S; G220V; K225T; S314N; I316N; G353D,1
S76G; L98P; S162I; N164S; G220V; K225T; N390S,1
L98I; E154G; S162I; N164S; G220V; K225T,1
L98P; F136L; S162I; N164S; M172I; G220V; K225T,1
G101S; S162I; N164S; I199V; G220V; K225T,1
S162I; N164S; G220V; K225T; I247V; V289A,1
I41V; S162I; N164S; G220V; K225T; D366Y,1
N138D; S162I; N164S; G220V; K225T; T229A,1
S162I; N164S; G220V; K225T; C231R; I408N,1
S162I; N164S; S180F; G220V; K225T; V405I,1
V13I; S162I; N164S; G220V; K225T; V382M,1
N96S; S162I; N164S; G220V; K225T; N248S,1
S162I; N164S; G220V; Y222H; K225T; K329N,1
T88I; L98P; S162I; N164S; G220V; K225T; N390S,1
S162I; N164S; G220V; K225T; V265A; E349K,1
T51I; L98P; S162I; N164S; G220V; K225T; G403A,1
N10D; S162I; N164S; G220V; K225T; G308C,1
S162T; N164S; G220V; K225T; I262S,1
N10D; L98F; S162I; N164S; G220V; K225T,1
S162I; N164S; M172I; G220V; K225T; A389T,1
N10S; S162I; N164S; T185P; G220V; K225T,1
S162I; N164S; S187F; G220V; K225T; L309M,1
I18F; S162I; N164S; M172I; G220V; K225T; Q267K; A389T,1
S66F; S162I; N164S; G220V; K225T; Y268C,1
P120Q; S162I; N164S; G220V; K225T,1
S162I; N164S; G220V; K225T; R402G,1
L98P; S162I; N164S; I165V; G220V; K225T; N390S,1
A129S; S162I; N164S; G220V; K225T; V265A,1
S162I; N164S; I199N; G220V; K225T; Y268N,1
L61M; S162I; N164S; G220V; K225T; D259A; T350S,1
L98P; S162I; N164S; G220V; K225T; I316S,1
S162I; N164S; S217I; G220V; K225T; V265A,1
L98P; S162I; N164S; G220V; K225T; Q290K; Y369H,1
I134V; S162I; N164S; G220V; K225T; L404R,1
L98P; N147S; S162I; N164S; G220V; K225T,1
S162I; N164S; G220V; K225T; E349Q,1
E28K; S162I; N164S; G220V; K225T; D278N,1
S162I; N164S; R168H; G220V; K225T; D270N,1
N72D; S162I; N164S; S174N; G220V; K225T,1
K31*; S162I; N164S; G220V; K225T; N274S,1
M1I; F55S; S108I; S162I; N164S; G220V; K225T; C231R,1
S162I; N164S; G220V; K225T; C231R; Y268C,1
L98P; S162I; N164S; G220V; K225T; K311R; D325N,1
P2L; S60N; S162I; N164S; G220V; K225T,1
S162I; N164S; N195S; G220V; K225T; N362D,1
S162I; N164S; G220V; K225T; K397N; P398R; I399L; T400P; G401V; R402V; G403A; L404W; V405L; K407R; I408S; I409F; R410V,1
L98P; S162I; N164S; Y190H; G220V; K225T,1
Q75*; R82C; L98P; S162I; N164S; G220V; K225T,1
N147S; S162I; N164S; G220V; K225T; N297D,1
S162I; N164S; G220V; K225T; V265A; I321T,1
L98P; H125R; S162I; N164S; G220V; K225T,1
L98P; S162I; N164S; G220V; K225T; G308S,1
Y20C; L98P; S162I; N164S; G220V; K225T; N390S,1
I126V; S162I; N164S; G220V; K225T; C231S; I247V,1
G101D; S162I; N164S; G220V; K225T; V345I,1
S162I; N164S; G220V; K225T; D278N; T335N,1
Q27K; L107P; S162I; N164S; G220V; K225T,1
I134V; S162I; N164S; G220V; K225T; A266E,1
K80E; L98P; N161S; S162I; N164S; G220V; K225T,1
S162I; N164S; R168S; P173T; G220V; K225T,1
N10D; Q141H; E154G; S162I; N164S; G220V; K225T,1
L98P; S162I; N164S; Y190H; G220V; K225T; V265D; A266E; Y268W; N269E; D270Q; Y272R; T273S; N277K; D278K; R280E; K281E; S284K; G386C,1
S162I; N164S; G220V; K225T; C231R; Q290R,1
S162I; N164S; G220V; K225T; Y279N,1
I21M; S162I; N164S; G220V; K225T,1
P146S; S162I; N164S; G220V; K225T; N322S,1
S162I; N164S; I199N; G220V; K225T; E349K,1
L98P; A131T; S162I; N164S; G220V; K225T; N390S,1
L98P; S162I; N164S; G220V; K225T; N297I; R402H,1
L98P; S162I; N164S; G220V; K225T; T242I,1
L98P; S162I; N164S; G220V; K225T; L240P,1
S162I; N164S; G220V; K225T; I247T; E349K,1
G101S; S162I; N164S; G220V; K225T; I247V,1
S162I; N164S; G220V; K225T; I232T; R402H,1
N147S; A153S; S162I; N164S; G220V; K225T; I263L,1
N10D; S162I; N164S; G220V; K225T; K359R,1
S162I; N164S; T209S; G220V; K225T,1
S162I; N164S; G220V; K225T; I395S; K406*,1
L107P; S162I; N164S; G220V; K225T,1
Q75T; S76T; S162I; G220V; K225T,1
S162I; N164S; I181V; G220V; K225T; L404P,1
S162I; N164S; G220V; K225T; N248S; S287N,1
L98P; S162I; N164S; G220V; K225T; Y357F; N390S,1
S162I; N164S; G220V; K225T; N248S; K330R,1
T88I; S162I; N164S; G220V; K225T; V405I,1
N161H; S162I; N164S; G220V; K225T; C231R,1
E154G; S162I; N164S; G220V; K225T; L286F,1
S162I; N164S; M172I; N200D; G220V; K225T,1
S162I; N164S; M172I; G220V; K225T; T229M; C231R,1
L98P; S162I; N164S; G220V; K225T; A313S; N390S,1
S162I; N164S; I199F; G220V; K225T; N258D,1
E154G; S162I; N164S; G220V; K225T; P393S,1
P2L; S76I; L98P; S162I; N164S; G220V; K225T; N390S,1
I94F; T160K; S162I; N164S; G220V; K225T,1
P2S; S162I; N164S; G220V; K225T; C231S,1
L61M; K62N; S162I; N164S; G220V; K225T,1
G101S; S162I; N164S; S166P; G220V; K225T,1
S6T; H56L; Q75P; S76T; F124L; G220V; K225T; N390S,1
N161S; S162I; N164S; G220V; K225T; F411L,1
S162I; N164S; I181V; G220V; K225T; N390S,1
L98P; I134V; S162I; N164S; G220V; K225T; S292I; S372R,1
N72D; S162I; N164S; G220V; K225T; N379S,1
S162I; N164S; G220V; K225T; I247V; N269S,1
I102M; S162I; N164S; V184I; G220V; K225T,1
D121G; E154G; S162I; N164S; G220V; K225T; L240M; A266E,1
S162I; N164S; M172I; G220V; K225T; I262F; N362D,1
S99L; N138D; S162I; N164S; G220V; K225T,1
N116S; S162I; N164S; G220V; K225T; I232T,1
L107Q; S162I; N164S; G220V; K225T,1
S162I; N164S; G220V; K225T; T273A; D325N,1
Y30F; L98P; S162I; N164S; G220V; K225T,1
H56Y; S162I; N164S; A207E; G220V; K225T,1
L98P; S162I; N164S; G220V; K225T; T230P,1
I134V; S162I; N164S; G220V; K225T; R385G,1
I102F; S162I; N164S; I183L; G220V; K225T,1
S162I; N164S; G220V; K225T; Q236K; Q304*,1
V13I; L98P; S162I; N164S; G220V; K225T; N293D,1
G100D; S162I; N164S; G220V; K225T; A389T,1
L61M; S162I; N164S; N195S; G220V; K225T,1
S162I; S163Y; N164S; G220V; K225T; C231R,1
S162I; N164S; V184G; G220V; K225T,1
I18L; S162I; N164S; N195S; G220V; K225T; A313Q; G315E,1
R93H; S162I; N164S; G220V; K225T; N362D,1
S60R; S162I; N164S; G220V; K225T; N365D,1
S162I; N164S; N195S; G220V; K225T; S314N; G315V; I316N,1
Y68H; L98P; S162I; N164S; G220V; K225T; N293D,1
S60N; N97S; L98P; S162I; N164S; G220V; K225T,1
H56R; S60N; S162I; N164S; N197S; G220V; K225T,1
L98P; S162I; N164S; G220V; K225T; Y357H,1
F91L; S162I; N164S; G220V; K225T; N362D,1
L98P; G127S; S162I; N164S; G220V; K225T; N390S,1
S162I; N164S; G220V; K225T; C231R; N261S,1
P57L; E154G; S162I; N164S; M172I; G220V; K225T; V265D,1
S60N; F136L; S162I; N164S; G220V; K225T,1
S162I; N164S; L167P; G220V; K225T; N365D,1
Q75T; S76T; T88Q; S162I; N164S; G220V; K225T; F334L,1
S162I; N164S; M211I; G220V; K225T; I232V,1
F83Y; L98P; S162I; N164S; G220V; K225T; S284G,1
N10D; E154G; S162I; N164S; G220V; K225T; N365D,1
N10D; S162I; N164S; G220V; K225T; S367F,1
S162I; N164S; G220V; K225T; I227V; G403D,1
S162I; N164S; G220V; K225I; I232T,1
L98P; S162I; N164S; A182T; G220V; K225T; T400P; G401V; R402V; G403A; L404W; V405L; K407R; I408S; I409F; R410V,1
S162I; N164S; G220V; K225T; Y375H; N390Y; K407N,1
E154G; S162I; N164S; G220V; K225T; K406*,1
S162I; N164S; G220V; K225T; N297K; I368T,1
E154G; S162I; N164S; G220V; K225T; D278G,1
S162I; N164S; G220V; K225T; A283S,1
N138D; S162I; N164S; G220V; K225T; V405G; K406*; I408D; I409H; R410S,1
K109*; S162I; N164S; G220V; K225T; C231S,1
L98P; S162I; N164S; G220V; K225T; D312G,1
S6T; S32A; Q75T; S76T; T88Q; D121P; S162I; N164S; G220V; K225T; I368L,1
K22N; S162I; N164S; G220V; K225T; V382G,1
R82H; S162I; N164S; G220V; K225T; N362D,1
S162I; N164S; G220V; K225T; I232S; N258D,1
K89N; N138D; S162I; N164S; G220V; K225T; I409V,1
L98P; S162I; N164S; G220V; K225T; D325N; V405I,1
L98P; S162I; N164S; G220V; Y222S; K225T,1
I41V; H125R; S162I; N164S; G220V; K225T,1
S162I; N164S; M172I; G220V; K225T; D326E,1
D65N; G101S; S162I; N164S; G220V; K225T,1
G101C; S162I; N164S; G220V; K225T; C231R,1
I143T; S162I; N164S; G220V; K225T,1
S162I; N164S; G220V; K225T; D301G; F411L,1
Q75*; S162I; N164S; I199V; G220V; K225T,1
N10D; P57L; Y73C; S162I; N164S; G220V; K225T,1
L98P; S162I; N164S; Q204R; G220V; K225T; T341I,1
L98P; I134V; S162I; N164S; G220V; K225T; P239S,1
Q75P; S76T; T88Q; S162I; N164S; G220V; K225T,1
I35V; N138D; S162I; N164S; G220V; K225T,1
T59S; S162I; N164S; G220V; K225T; N248S,1
S162I; G220V; K225T; C231R; T400A,1
K62R; I90T; S162I; N164S; G220V; K225T,1
N72S; L98P; S162I; N164S; G220V; K225T; N362D,1
I102L; H125Y; S162I; N164S; G220V; K225T,1
S162I; N164S; G220V; K225T; Y268D; E349*; Q387K,1
S162I; N164S; G220V; K225T; C231R; Q236H,1
S162V; N164S; G220V; K225T; D278N,1
S162I; N164S; I199N; G220V; K225T; C231S,1
L98P; S162I; N164S; D196A; G220V; K225T,1
N161H; S162I; N164S; G220V; K225T; K329N,1
L98P; S162I; N164S; G220V; K225T; Y355H; I399V,1
Q53R; E154A; S162I; N164S; G220V; K225T,1
T88Q; L98P; S162I; N164S; G220V; K225T,1
N10D; S162I; N164S; G220V; K225T; I232F,1
S162I; N164S; G220V; K225T; D270N; D278N,1
S162I; N164S; F194C; G220V; K225T,1
P2L; H56R; S60N; S162I; N164S; G220V; K225T,1
K109Q; S162I; N164S; G220V; K225T,1
E154G; S162I; N164S; Y171C; G220V; K225T,1
Q75*; L98P; S162I; N164S; G220V; K225T,1
S162I; N164S; D205G; G220V; K225T; F303L; N365D,1
S162I; N164S; G220V; K225T; C231R; N365T; D366T; S367L; I368S; Y369T; N370I; I371L; S372A; E373R; G374V; Y375I; N376T; I377S; N378T; N379T; L380*; K381R; V382*; N383T; F384L; R385E; G386V; Q387R; N388M; A389Q; N390I; L391*; N392T; P393R; R394V; I395L; I396S; K397N; P398R; I399L; T400P; G401V; R402V; G403A; L404W; V405L; K407R; I408S; I409F; R410V,1
L98P; S162I; N164S; G220V; K225T; I263V; N390S,1
S162I; N164S; G220V; K225T; C231R; V291G,1
S162I; N164S; A182T; G220V; K225T; N365D; R410L,1
E28K; I41V; S162I; N164S; G220V; K225T; T234M,1
N38D; S162C; G220V; K225T; C231R,1
N5D; S162I; N164S; G220V; K225T,1
L98F; S162I; N164S; G220V; K225T; I352V,1
S108N; S162I; N164S; G220V; K225T; N261D,1
S162I; N164S; G220V; K225T; N248S; T350A,1
N122K; S162I; N164S; G220V; K225T; I232T,1
S162I; N164S; G220V; K225T; I321V; E349K; P398L,1
S162I; N164S; I183V; G220V; K225T; C231S,1
S162I; N164S; M172L; G220V; K225T; L363F,1
S162I; N164S; G220V; K225T; G257R; Q387E,1
S162I; N164S; G220V; K225T; C231S; I409L,1
L98P; G152D; S162I; N164S; G220V; K225T,1
N10D; S32A; H56L; Q75T; S76T; T88Q; H125Y; S198T; I199D,1
D54G; S162I; N164S; M172I; G220V; K225T,1
F136L; S162I; N164S; G220V; K225T; T230M,1
E154G; S162I; N164S; G220V; K225T; I399V,1
L98P; S99L; S162I; N164S; G220V; K225T; N390S,1
S162I; N164S; G220V; K225T; E305A,1
S162I; N164S; G220V; K225T; I263L; K381R,1
H56Y; N138D; S162I; N164S; G220V; K225T,1
S60N; S162I; N164S; G220V; K225T; T273I,1
M1I; S32R; S162I; N164S; G220V; A224T; K225T; I409T,1
S162I; N164S; G220V; K225T; S292N; V382A,1
S6L; S162I; N164S; G220V; K225T; N261T; D278N,1
N14D; S162I; N164S; G220V; K225T; I247T,1
S162I; N164S; G220V; K225T; I247V; N362D,1
A153D; S162I; N164S; G220V; K225T,1
I39V; L98P; S162I; N164S; G220V; K225T; D325N,1
D128G; E154G; S162I; N164S; G220V; K225T,1
D121P; S162I; N164S; K225T,1
S162I; N164S; G220V; K225A; C231R; D301N,1
K37N; S162I; N164S; G220V; K225T; E251*,1
N138D; S162I; N164R; G220V; K225T,1
I126T; S162I; N164S; G220V; K225T; I232T,1
G139D; S162I; N164S; G220V; K225T; D325N,1
N10S; T50I; S162I; N164S; G220V; K225T,1
K3R; S162I; N164S; T209N; G220V; K225T; C231R,1
L98P; S162I; N164S; G220V; K225T; D366Y,1
L98P; S162I; N164S; G220V; K225T; K288*,1
S162*; G220V; K225T; C231R,1
S162I; N164S; S187F; G220V; K225T; G226V; N269S,1
E28K; S162I; N164S; G220V; K225T; R244H,1
S162I; N164S; F186V; G220V; K225T,1
S60N; N96S; S162I; N164S; G220V; K225T,1
F136Y; S162I; N164S; G220V; K225T; I232T,1
H56Y; S162I; N164I; G220V; K225T,1
L98P; S162I; N164S; G220V; K225T; I302V; N390S,1
L98P; S162I; N164S; G220V; K225T; Y307*,1
Y68C; S162I; N164S; I199N; G220V; K225T,1
E28K; K62R; S162I; N164S; G220V; K225T; K306T,1
K37R; E154G; S162I; N164S; G220V; K225T,1
F136L; S162I; N164S; Y190F; G220V; K225T,1
R82H; S162I; N164S; I199T; G220V; K225T; V405A,1
H56L; E105K; S162I; N164S; G220V; K225T,1
L98P; S162I; N164S; V184I; G220V; K225T; I232T,1
S162I; N164S; G220V; K225T; F337S; I368V,1
K37R; L98P; S162I; N164S; G220V; K225T; N390S,1
D121H; S162I; N164S; I183M; G220V; K225T; K346R,1
R82S; L98P; S162I; N164S; G220V; K225T,1
E159K; S162I; N164S; G220V; K225T,1
S162I; N164S; G220V; K225T; D278N; D326N,1
Q27K; S162I; N164S; R168C; G220V; K225T,1
N10D; K62N; S162I; N164S; G220V; K225T,1
L98P; S137N; S162I; N164S; G220V; K225T,1
N10D; S162I; N164S; G220V; G223D; K225T,1
I41V; N72S; S162I; N164S; G220V; K225T; A313E,1
S162I; N164S; G220V; K225T; C231S; Q344N,1
S6*; L98P; I134V; S162I; N164S; G220V; K225T,1
S162I; N164S; G220V; K225T; T341A; V345I,1
L98P; S162I; N164S; G220V; K225T; D301N; N322Y; N390S,1
N72S; L98P; N161S; S162I; N164S; G220V; K225T,1
L98P; A129V; S162I; N164S; G220V; K225T,1
S162I; N164S; G220V; K225T; N320D; S372R,1
F83L; S162I; N164S; S174G; G220V; K225T,1
S162I; N164S; G220V; Y222C; K225T; G256R,1
M151T; E154G; S162I; N164S; G220V; K225T; N383S,1
N10D; N96S; S162I; N164S; G220V; K225T,1
N10D; S162I; N164S; G220V; K225T; R402H,1
A110T; S162I; N164S; G220V; K225T; K381R,1
L98P; S162I; N164S; G220V; K225T; P298Q; I396V,1
R82S; N138D; S162I; N164S; G220V; K225T,1
N138D; S162I; N164S; G220V; K225T; S361Y,1
Q75T; S76T; T88Q; E154G; S162I; N164S; G220V; K225T; V289A,1
S60N; L98P; S162I; N164S; G220V; K225T; Q236*,1
S162I; N164S; V184I; G220V; K225T; T229M,1
E154G; S162I; N164S; G220V; K225T; I377L,1
S162I; N164S; G220V; K225T; C231S; V345I; T400I,1
N96S; S162I; N164S; G220V; K225T; T228S,1
L98P; S162I; N164S; G220V; K225T; D325N; Y357H,1
S162I; G220V; K225T; C231R; S372N,1
S162V; N164S; G220V; K225T; E373G,1
N34D; S162I; N164S; G220V; K225T; N370S,1
S162I; N164S; G220V; K225T; A266E; P298S,1
N38I; P146S; S162I; N164S; G220V; K225T,1
M1I; L98P; Q141K; S162I; N164S; S198T; I199D; I396V,1
I41V; S162I; N164S; R193L; G220V; K225T,1
H56Y; S162I; N164S; G220V; K225T; V382M,1
K62N; L98P; I134V; I150V; S162I; N164S; G220V; K225T,1
S162I; N164S; G220V; K225T; A266S; G401S,1
S162I; N164S; Q204L; G220V; K225T,1
N118H; S162I; N164S; G220V; K225T; D278N,1
F7S; S162I; N164S; G220V; K225T; K288R,1
S66F; S162I; N164S; G220V; K225T; C231R; N277H,1
S162I; N164S; G220V; K225T; C231R; I262L; S372N,1
N92K; S140R; S162I; N164S; G220V; K225T,1
N138D; S162I; N164S; G220V; K225T; I395T,1
S162I; N164S; G220V; K225T; R244L; V265I,1
S162I; N164S; G220V; K225T; I232V; P398T; I399D; T400Y; G401R; R402S; G403W; L404P; V405G; K406*; I408D; I409H; R410S,1
S162I; N164S; G220V; K225T; I232V; G403D,1
H56L; S162I; N164S; I199N; G220V; K225T,1
S162I; N164S; G179D; G220V; K225T; I232T,1
S162I; N164S; G220V; K225T; D325G; R402S,1
I102M; S162I; N164S; G220V; K225T; N379S,1
S6T; S32A; E154G; S162I; N164S; G220V; K225T,1
S162I; N164S; G220V; K225T; T234A; K311E,1
P146T; S162I; N164S; G220V; K225T; C231R,1
E154G; S162I; N164S; G220V; K225T; R244H; K300R,1
N138D; S162I; N164S; G220V; K225T; I262T,1
I18V; S162I; N164S; F192L; G220V; K225T; C231R,1
P58Q; E154G; S162I; N164S; G220V; K225T,1
S162I; N164S; G220V; K225T; N365D; G401S,1
R45S; S162I; N164S; G220V; K225T,1
N92K; S162I; N164S; G220V; K225T; C231R; N362D,1
D156Y; S162I; N164S; G220V; K225T; D326G,1
S162I; N164S; Q204P; G220V; K225T,1
S108N; N138D; S162I; N164S; G220V; K225T,1
R82C; N92K; L98P; S162I; N164S; G220V; K225T,1
S162I; N164S; M172I; I199M; G220V; K225T,1
N72D; S162I; N164S; G220V; K225T; N390S,1
S162I; N164S; G220V; K225T; Q235R; N261S,1
M1I; S162I; N164S; G220V; K225T; D326Y,1
S162I; N164S; N197S; G220V; K225T; F252L,1
S162I; N164S; G220V; K225T; D301V,1
L98P; S162I; N164S; G220V; K225T; I232L; K356E; N390S,1
S162I; N164S; G220V; K225T; I232T; V345I,1
S60I; S162I; N164S; I199T; G220V; K225T,1
S162I; N164S; G177C; G220V; K225T,1
S162I; N164S; G220V; K225T; C231R; S361Y,1
S60N; S162I; N164S; G220V; K225T; I352V,1
D70N; S162I; N164S; G220V; K225T; N383K,1
L98P; S162I; N164S; G220V; K225T; I352S,1
S162I; N164S; S187F; G220V; K225T; N297S,1
L98P; S162I; N164S; G220V; K225T; N269K,1
S162I; N164S; G220V; K225T; A313E; T350S,1
P23S; G101S; S162I; N164S; G220V; K225T,1
T59I; I102M; S162I; N164S; G220V; K225T,1
S162I; N164S; S198T; I199D; G220V; K225T; C231R,1
S99T; S162I; N164S; N195S; G220V; K225T; N322S,1
S162I; N164S; M172I; G220V; K225T; V405A,1
S162I; N164S; G220V; K225T; T230K; Q354R,1
P112S; S162I; N164S; G220V; K225T; F411S,1
L98P; S162I; N164S; G220V; K225T; L286F,1
S162I; N164S; G220V; K225T; Y317C; N362D,1
S162I; N164S; G220V; K225T; C231S; I233V; E349K,1
N10S; S162I; N164R; G220V; K225T,1
N138D; S162I; N164S; G220V; K225T; Q235R,1
E154G; S162I; N164S; G220V; K225T; I396L,1
S162I; N164S; G220V; K225T; Q290K; I408F,1
D121P; S162I; N164S; G220V; K225T; F252L,1
S162I; N164S; G220V; K225T; I232T; F324L,1
E28K; L98P; S162I; N164S; I165T; G220V; K225T,1
E154G; S162I; N164S; N170D; G220V; K225T,1
E105K; N138D; S162I; N164S; G220V; K225T; N248S,1
W40C; S162I; N164S; G220V; K225T; S292N; D312Y,1
S162I; N164S; G220V; K225T; Y355H; V405I,1
S108I; S162V; N164S; G220V; K225T,1
E154G; S162I; N164S; G220V; K225T; G403S,1
Y9H; S162I; N164S; G220V; K225T; F324L,1
E28K; S162I; N164S; G220V; K225T; C231Y,1
G101D; T119A; S162I; N164S; G220V; K225T; I232T,1
S162I; N164S; G220V; K225T; N248S; F324I,1
S162I; N164S; G220V; K225T; I247V; V265A,1
R45L; N92S; S162I; N164S; G220V; K225T,1
L98I; G101S; S162I; N164S; G220V; K225T,1
L98P; S162I; N164S; G220V; K225T; N269S; A313T,1
D128E; S162I; N164S; G220V; K225T; I227T,1
S162I; N164S; S180P; G220V; K225T; K330E,1
S162I; N164S; G220V; K225T; I241V; P298Q,1
H56N; L98P; S162I; N164S; G220V; K225T,1
S162I; N164S; G220V; K225T; V265A; E305K,1
N122D; S162I; N164S; G220V; K225T; I316T,1
S162I; N164S; G220V; K225T; N243S; N362D,1
S162I; N164S; G220V; K225T; C231R; R394H,1
L98P; S162I; N164S; G220V; K225T; G257S; R348H,1
R45H; S162I; N164S; G220V; K225T; A266V; N362D,1
Y68H; E154G; S162I; N164S; G220V; K225T,1
S60N; S162I; N164S; S166P; G220V; K225T,1
S162I; N164S; G220V; K225T; L286F; G401C,1
S162I; N164S; G220V; K225T; V265A; Q344N,1
S162I; N164S; N195D; G220V; K225T; V265D; A266E; Y268W; N269E; D270Q; Y272R; T273S; N277K; D278K; R280E; K281E; S284K; Q344N; N365D,1
S162I; N164S; M172I; R193L; G220V; K225T,1
I41V; N116H; S162I; N164S; G220V; K225T,1
G49D; S66Y; S162I; N164S; G220V; K225T; I232T,1
P12S; S162I; N164S; G220V; K225T; L296M; D325E,1
S162I; N164S; G220V; K225T; I232L; Y272F,1
P112L; S162I; N164S; G220V; K225T; F384L; R385E; G386V; Q387R; N388M; A389Q; N390I; L391*; N392T; P393R; R394V; I395L; I396S; K397N; P398R; I399L; T400P; G401V; R402V; G403A; L404W; V405L; K407R; I408S; I409F; R410V,1
S162I; N164S; G220V; K225T; I241V; N390S,1
G127S; S162I; N164S; G220V; K225T; N269S,1
Q123H; S162I; N164S; G220V; K225T; D301G,1
S162I; N164S; G220V; K225T; P239Q; K397E,1
Y113F; N138D; S162I; N164S; G220V; K225T; N390D,1
N147S; S162I; N164S; G220V; K225T; C231R,1
L98P; S162I; N164S; R168H; G220V; K225T; N390S,1
N10D; N122D; S162I; N164S; G220V; K225T,1
D65E; S162I; N164S; G220V; A224T; K225T,1
L98P; S162I; N164S; G220V; K225T; R385S,1
Y30D; S60N; S162I; N164S; G220V; K225T; N362D,1
E154G; S162I; N164S; G220V; K225T; I302T,1
S162I; N164S; V184I; G220V; K225T; V345I; N383H,1
I21M; F83Y; S162I; N164S; G220V; K225T,1
S162I; N164S; G220V; K225T; N274H; D325G,1
S162I; N164S; G220V; K225T; N293D; I399T,1
S162I; N164S; G220V; K225T; I232T; N362D,1
S162I; N164S; G220V; K225T; I263L; P398S,1
N147K; S162I; N164S; G220V; K225T,1
F33L; D121P; S162I; N164S; N195D; G220V; K225T,1
L98P; A153T; S162I; N164S; G220V; K225T,1
S162I; N164S; G220V; K225T; I233T; D325N,1
N96S; S162I; N164S; N195S; G220V; K225T,1
D156N; S162I; N164S; H216L; G220V; K225T,1
S162I; N164S; H219N; G220V; K225T; I233V,1
F136L; S162I; N164S; M172I; G220V; K225T,1
S162I; G220V; K225T; V265I,1
L98I; S162I; N164S; G220V; K225T; K323N,1
S140I; S162I; N164S; N170H; G220V; K225T,1
L98P; T119A; S162I; N164S; G220V; K225T,1
E79D; L98P; S162I; N164S; I183V; G220V; K225T,1
S162I; N164S; G220V; K225T; G226C,1
S162I; N164S; S217R; G220V; K225T; I227V; D326E,1
F55L; S162I; N164S; G220V; K225T; N370S,1
E154G; S162I; N164S; G220V; K225T; I271S,1
Q75K; L98P; S162I; N164S; G220V; K225T; G401V; R402V; G403A; L404W; V405L; K407R; I408S; I409F; R410V,1
N10D; L98P; G220V; K225T,1
I86V; S162I; N164S; G220V; K225T; Y355H,1
G101S; K225L,1
S162I; N164S; N195K; G220V; K225T; N390S,1
N72S; L98P; S162I; N164S; G220V; K225T; V265I,1
Q27R; E154G; S162I; N164S; G220V; K225T,1
S162I; N164S; G220V; K225T; S284N; N322D,1
E28K; S162I; N164S; G220V; K225T; I262T,1
S162I; N164S; G220V; K225T; F252L; P298L,1
E154G; S162I; N164S; G220V; K225T; N320D,1
D128A; S162I; N164S; G220V; K225T; I409V,1
N138D; S162I; N164S; S166P; G220V; K225T,1
I102L; S162I; N164S; G220V; K225T; N322S,1
S162I; N164S; G220V; K225T; K329T,1
L98P; I134V; S162I; N164S; G220V; K225T; S372R; G386D,1
N138D; S162I; N164S; G220V; K225T; G403A; L404W; V405L; K407R; I408S; I409F; R410V,1
N96S; S162I; N164S; I181V; G220V; K225T,1
S162I; N164S; G220V; K225T; D278N; T341I,1
L98P; S162I; N164S; G220V; K225T; I232T; N379K,1
S162I; N164S; G220V; K225T; L309V,1
L98P; N111K; S162I; N164S; G220V; K225T,1
L98P; S162I; N164S; G220V; K225T; G226V,1
S162I; N164S; H212Y; G220V; K225T; V265A,1
N10D; S130C; S162I; N164S; G220V; K225T,1
S6T; K85R; S162I; N164S; G220V; K225T,1
P57T; S162I; N164S; G220V; K225T; V265A,1
M36L; S162I; N164S; G220V; K225T,1
T17P; S162I; N164S; G220V; K225T; N297D,1
S162I; N164S; G220V; K225T; S333*; N392S,1
S162I; N164S; G220V; K225T; G315D; N383S,1
L98P; S162I; N164S; G220V; K225T; F252L; I316V,1
S162I; N164S; N200D; G220V; K225T; S314N; I316N; N365D,1
G101A; S162I; N164S; G220V; K225T; I232F,1
N72S; Q75R; S162I; N164S; S198T; I199D; G220V; K225T; Q267L,1
P12T; I18L; P23S; L98P; S162I; N164S; G220V; K225T,1
S162I; N164S; M172I; G220V; K225T; Y268H,1
T59A; S162I; N164S; G220V; K225T; Q354K,1
R16H; S162I; N164S; G220V; K225T; N293D,1
K3N; E154G; S162I; N164S; G220V; K225T,1
S162I; N164S; G220V; K225T; I249N,1
S162I; N164S; M172I; G220V; K225T; K342E,1
S162I; N164S; G220V; K225T; I262L; Y375H,1
S162I; N164S; V184I; G220V; K225T; Y307N; N365D,1
S162I; N164S; G220V; K225T; G374V; I409T,1
N92S; S162I; N164S; G220V; K225T; N365D,1
S32A; H56L; S162I; N164S; M211I; G220V; K225T,1
E28K; S162I; N164S; G220V; K225T; S314F,1
L98P; S162I; N164S; G220V; K225T; F252L; N390S,1
S162I; N164S; V184I; G220V; K225T; N362D,1
S162I; N164S; G220V; K225T; I399N,1
S162I; N164S; G220V; K225T; N238D; K329R,1
E154G; S162I; N164S; G220V; K225T; N388S,1
S162I; N164S; G220V; K225T; C231R; G353V,1
S162I; N164S; A182T; G220V; K225T; I232T,1
S162I; N164S; I199T; G220V; K225T; K406R,1
K80R; N138D; S162I; N164S; G220V; K225T,1
S60N; E133*; S162I; N164S; G220V; K225T,1
G101S; D121Y; H125Y; D128Y; S162I; N164S; G220V; K225T,1
F83S; S162I; N164S; G220V; K225T,1
N122D; S162I; N164S; G220V; K225T; Q236R,1
N138D; S162I; N164S; G220V; K225T; Q344N; N365D,1
S162I; G220V; K225T; G401C,1
P12T; L98P; S162I; N164S; G220V; K225T,1
L98P; E154G; S162I; N164S; P206S; G220V; K225T,1
S162I; N164S; G220V; K225T; T254I; G403D,1
S162I; N164S; G220V; K225T; I241V; V345I,1
S6T; H56L; Q75T; S76T; D121P; G220V; K225T,1
L98P; S162I; N164S; G220V; K225T; G246V; I316V,1
Q141R; S162I; N164S; G220V; K225T; N293D,1
N10D; S162I; N164S; G220V; K225T; A313T,1
E79D; S162I; N164S; G220V; K225T; I262T,1
S162I; N164S; G220V; K225T; C231R; V405G; K406*; I408D; I409H; R410S,1
S32A; H56L; G64S; S162I; N164S; G220V; K225T,1
M1I; K85R; D117Y; S162I; N164S; G220V; K225T,1
S162I; N164S; M172I; G220V; K225T; Q295H,1
F91S; S162I; N164S; G220V; K225T; K300N,1
P57L; E154G; S162I; N164S; G220V; K225T,1
L98P; I134V; S162I; N164S; G220V; Y222C; K225T,1
S162I; N164S; G220V; K225T; N261D; D270N,1
N138D; S162I; N164S; G220V; K225T; K329N,1
G127D; S162I; N164S; G220V; K225T; N261D,1
P43A; S162I; N164S; M172I; G220V; K225T,1
I39L; S162I; N164S; G220V; K225T,1
S162I; N164S; I183T; G220V; K225T; I227V,1
S162I; N164S; D196N; G220V; K225T; I352V,1
L98P; P112S; S162I; N164S; G220V; K225T,1
H56L; Q75T; S76T; T88Q; S162I; N164S; G220V; K225T; R402H,1
S60R; I143V; S162I; N164S; G220V; K225T,1
S60N; S162I; N164S; G220V; K225T; V405A,1
D128Y; S162I; N164S; G220V; K225T; S314N; I316N,1
L98P; S162I; N164S; G220V; K225T; S292N; D325N; Y357C,1
S6T; D121P; S162I; N164S; G220V; K225T,1
N138D; S162I; N164S; G220V; K225T; D278N,1
D121N; S162I; N164S; G220V; K225T; G256R,1
S162I; N164S; G220V; K225T; I247V; D325E,1
S162I; N164S; G220V; K225T; I232T; N379S,1
S162I; N164S; G220V; K225T; P294L; N297D,1
N138D; S162I; N164S; G220V; A313V,1
L98P; S162I; N164S; G220V; K225T; N248S; N383S,1
S66T; S162I; N164S; G220V; K225T,1
L98P; S162I; N164S; G220V; K225T; N261D; N293S,1
S99A; S162I; N164S; G220V; K225T; N370S,1
H142Y; S162I; N164S; G220V; K225T; R385S,1
S162I; N164S; G220V; K225T; F337C,1
S162I; N164S; G220V; K225T; I249V; I408N,1
N138D; Q141H; S162I; N164S; G220V; K225T,1
L98P; S162I; N164S; G220V; K225T; T273I; V382A,1
E105K; S162I; N164S; G220V; K225T; D278N,1
L98P; S162I; N164S; G220V; K225T; A313T; Q344K,1
E106D; E154G; S162I; N164S; G220V; K225T,1
S162L; N164S; G220V; K225T,1
S60N; S162I; N164S; G220V; K225T; Q344N,1
S6T; S32A; S162I; N164S; G220V; K225T; A266E,1
E106D; S162I; N164S; L167V; G220V; K225T; I232T; I395V,1
D121G; S162I; N164S; G220V; K225T; T230K,1
S6T; S32A; T88Q; D121P; S162I; N164S; G220V; K225T,1
T88I; L98P; S162I; N164S; G220V; K225T,1
L98P; S162I; N164S; M172I; G220V; K225T; K397R,1
S162I; N164S; L210M; G220V; K225T,1
K85R; L98P; S162I; N164S; G220V; K225T,1
R45L; T160M; S162I; N164S; G220V; K225T,1
S162I; M172I; G220V; K225T,1
L98P; S162I; N164S; G220V; K225T; Y279F; K381R,1
S60G; S162I; N164S; S174N; G220V; K225T,1
N138D; S162I; N164S; R168H; G220V; K225T,1
L98P; S162I; N164S; G220V; K225T; N365S,1
L98P; S162I; N164S; G220V; K225T; R348H; N362D,1
H56Q; S162I; N164S; G220V; K225T; N365D,1
L98P; E154G; S162I; N164S; I183T; G220V; K225T,1
S162I; N164S; G220V; K225T; K359R; G403C,1
R16H; S162I; N164S; G220V; K225T; I263V,1
K62R; V87M; L98P; S162I; N164S; G220V; K225T; V265A; N390S,1
Q53R; L98P; V148F; S162I; N164S; G220V; K225T,1
N10D; Y68H; S162I; N164S; G220V; K225T,1
L98P; A153D; S162I; N164S; G220V; K225T; I232F; L404P,1
S6T; T88Q; S162I; N164S; G220V; K225T,1
L98P; Q123R; S162I; N164S; G220V; K225T,1
N10D; S162I; N164S; V265D; A266E; Y268W; N269E; D270Q; Y272R; T273S; N277K; D278K; R280E; K281E; S284K; Q344N,1
S162I; N164S; M172I; G220V; K225T; N248T; G257D,1
S162I; N164S; E213D; G220V; K225T,1
S162I; N164S; G220V; K225T; N248S; N269T; N322S,1
S162I; N164S; G220V; K225T; K406N,1
N10D; S162I; N164S; G220V; K225T; I232T; Y355C,1
I102T; H125N; S162I; N164S; G220V; K225T; K359Q; L360I; S361V; N362*; L364A; N365E; D366R; S367L; I368Y; Y369L; N370Q; I371Y; S372*; E373R; Y375L; N376*; I377H; N378Q; N379Q; K381E; V382G; N383E; F384L; R385*; G386R; Q387S; N388E; A389C; N390K; L391S; N392E; R394A; I395Y; I396Y; K397Q; P398T; I399D; T400Y; G401R; R402S; G403W; L404P; V405G; K406*; I408D; I409H; R410S,1
S140N; S162I; N164S; M211I; G220V; K225T,1
S162I; N164S; H219P; G220V; K225T,1
H56L; N138D; S162I; N164S; G220V; K225T,1
L98P; S162I; N164S; G220V; K225T; S292I; E305G,1
L98P; N161D; S162I; N164S; N195S; G220V; K225T,1
S162I; N164S; G220V; K225T; C231S; I371T,1
S162I; N164S; G220V; K225T; V265D; A266E; Y268W; N269E; D270Q; Y272R; T273S; N277K; D278K; R280E; K281E; S284K; N293S,1
S162I; N164S; G220V; K225T; K356N,1
S162I; N164S; G220V; K225T; N274K; N362D,1
L98P; I134V; N138D; S162I; N164S; G220V; K225T,1
S162I; N164I; I199T; G220V; K225T,1
S60N; S162I; N164S; G220V; K225T; N383D; F411S,1
G101S; S162I; N164S; G220V; K225I,1
F124L; S162I; N164S; G220V; K225T; N248S,1
D117Y; S162I; N164S; G220V; K225T; S372N,1
E28K; V47M; S162I; N164S; G220I; K225T,1
S162I; N164S; G220V; K225T; N365D; A389T,1
S162I; N164S; G220V; K225T; I232F; L296P,1
I4M; E154G; S162I; N164S; G220V; K225T; N269S,1
P155T; S162I; N164S; M172R; G220V; K225T; T264S,1
S32I; E154G; S162I; N164S; G220V; K225T,1
S162I; N164S; M172I; G220V; K225T; R244H,1
P58T; S162I; N164S; G220V; K225T,1
E154G; S162I; N164S; G220V; K225T; I368V,1
P120T; S162I; N164S; M211I; G220V; K225T,1
L98P; S162I; N164S; G220V; K225T; Q290K,1
S32A; M36I; L98P; S162I; N164S; G220V; K225T; I396T,1
S66F; L98P; S162I; N164S; G220V; K225T; V265A,1
Q75T; S76T; T88Q; S162I; N164S; S198T; I199D; G220V; K225T,1
N96S; S162I; N164S; G220V; K225T; N379S,1
I41V; S162I; N164S; S217G; G220V; K225T,1
S162I; N164S; G220V; K225T; N378H,1
S162I; N164S; H216Q; G220V; K225T; N248S,1
S162I; N164S; G220V; K225T; T229A; I316V,1
N38H; S162I; N164S; G220V; K225T,1
G101S; S162I; N164S; G220V; K225T; N238S,1
S162I; N164S; G220V; A224E; K225T; D325V; Y357H,1
E154G; S162I; N164S; H212N; G220V; K225T; N238S,1
I41V; S162I; N164S; G220V; K225T; I232T,1
S162I; N164S; G220V; K225T; K381R; N383D,1
N111H; S162I; N164S; G220V; K225T,1
I126V; E154G; S162I; N164S; G220V; K225T,1
T88N; S162I; N164S; G220V; K225T,1
N138D; S162I; N164S; G220V; K225T; K330R,1
L98P; S162I; N164S; G220V; K225T; D301N; N390S,1
S162I; N164S; G220V; K225T; C231R; T234S,1
I94N; S162I; N164S; G220V; K225T; N248S,1
H125R; S162I; N164S; G220V; K225T; N376S,1
E154G; S162I; N164S; G220V; K225T; K285E,1
N138D; S162I; N164S; G220V; K225T; K306E,1
E79K; L98P; S162I; N164S; G220V; K225T,1
S162I; N164S; G220V; K225T; V265D; G315C,1
S162I; N164S; S166F; G220V; K225T; G257V,1
S162I; N164S; G220V; K225T; N248S; I395M,1
L98P; S162I; N164S; M172I; G220V; K225T; Q236R,1
G101S; S162I; N164S; G220V; K225T; E305G,1
T50I; N116D; S162I; N164S; R193H; G220V; K225T,1
S99P; E154G; S162I; N164S; G220V; K225T,1
E154G; S162I; N164S; A207T; G220V; K225T,1
L98P; S162I; N164S; G220V; K225T; T234A,1
L98P; S162I; N164S; G220V; K225T; P393L,1
D65G; S67G; E154G; S162I; N164S; T185N; G220V; K225T,1
S162I; N164S; G220V; K225T; I241V; N365D,1
N138D; S162I; N164S; G220V; K225T; K311E,1
T59A; G101S; S162I; N164S; G220V; K225T,1
S140I; S162I; N164S; G220V; K225T,1
S162I; N164S; R168C; G220V; K225T; G353V,1
N122D; S162I; N164S; G220V; K225T; C231S,1
S162I; N164S; G220V; K225T; N390K; I408N,1
S162I; N164S; G220V; K225T; A266E; Y375F; N378G; N379S; K381A; V382T; F384Y; R385K; A389V; N390E; L391E; R394Q; I396V; K397E; P398E; T400K; K407N; I408K; R410E; F411E,1
S162I; N164S; I199T,1
S162I; N164S; G220V; K225T; N248S; A313T,1
S162I; N164S; G220V; K225T; F252L; Y299S,1
A129S; N138D; S162I; N164S; G220V; K225T,1
G152S; S162I; N164S; G220V; K225T; C231R,1
R82L; S162I; N164S; G220V; K225T; C231Y; N269D; K330R,1
Q75T; S76T; T88Q; S162I; N164S; G220V; K225T; I227V,1
M1I; S162I; N164S; G220V; K225T; V382A,1
H142D; S162I; N164S; G220V; K225T; N248S,1
E154G; S162I; N164S; G220V; K225T; T234A,1
L98P; S162I; N164S; G220V; K225T; N390S; R410C,1
S162I; N164S; G220V; K225T; L296P; T400P,1
S162I; N164R; G220V; K225T; V265I,1
L98P; S162I; N164S; G220V; K225T; I316T; R394S,1
S162I; N164S; G220V; K225T; N274S; I321V,1
Q53R; N138D; S162I; N164S; G220V; K225T,1
Q141R; S162I; N164S; G220V; K225T; N365D,1
S60N; I126L; S162I; N164S; G220V; K225T,1
L98P; S162I; N164S; G220V; K225T; N378K; N379T; L380*; K381R; V382*; N383T; F384L; R385E; G386V; Q387R; N388M; A389Q; N390I; L391*; N392T; P393R; R394V; I395L; I396S; K397N; P398R; I399L; T400P; G401V; R402V; G403A; L404W; V405L; K407R; I408S; I409F; R410V,1
K22N; S162I; N164S; G220V; K225T; I232T,1
H56Y; I134V; S162I; N164S; G220V; K225T,1
I39V; S162I; N164S; G220V; K225T; D326N,1
L98P; S162I; N164S; G220V; S292N,1
I134V; S162I; N164S; H219P; G220V; K225T,1
N138D; S162I; N164S; G220V; K225T; I233V; S292I,1
S32A; H56L; Q75T; S76T; T88Q; D121P; S162I; G220V; K225T,1
L98P; S162I; N164S; G220V; K225T; S287N,1
S162I; N164S; G220V; K225T; C231R; I262L; A340S,1
N72S; S162I; N164S; G220V; K225T; A313T,1
L98P; I134V; S162I; N164S; G220V; K225T; Y332H,1
R16H; V47A; S162I; N164S; I183V; G220V; K225T,1
N138D; S162I; N164S; G220V; K225T; T400I,1
Y20*; S32C; S162I; N164S; K225T,1
S162I; N164S; G220V; K225T; S292G; Y355H,1
L98P; S162I; N164S; G220V; K225T; I352T; N390D,1
L98P; D121G; S162I; N164S; G220V; K225T,1
S162I; N164S; G220V; K225T; Y357H; R394C,1
S162I; N164S; G220V; K225T; Q235P; N365D,1
E79*; S162I; N164S; I199F; G220V; K225T,1
T50A; S162V; G220V; K225T; C231R,1
K3R; N10D; S162I; N164S; G220V; K225T,1
S60N; S162I; N164S; G220V; K225T; S284N; Y355H,1
K3R; N10D; S162I; N164S; G220V; K225T; D312E,1
N5S; F55S; S162I; N164S; G220V; K225T; A313S,1
R93H; L98P; S162I; N164S; G220V; K225T; G403S,1
S137N; S162I; N164S; G220V; K225T; C231R,1
I41V; S67N; S162I; N164S; G220V; K225T,1
S162I; N164S; G220V; K225T; P239S; N261D,1
Q75T; S76T; D81A; T88Q; D121P; S162I; N164S; G220V; K225T,1
S162I; N164S; G220V; K225T; V345I; G403D,1
L98P; S162I; N164S; G220V; K225T; V382L,1
S162I; N164S; G220V; K225T; C231S; P393S,1
S162I; N164S; G220V; K225T; Q387K; P393S,1
S6T; S162I; N164S; Y171N; G220V; K225T,1
S162I; N164S; D205N; G220V; K225T; I233V,1
K22R; E28K; S162I; N164S; G220V; K225T,1
L98P; E154K; S162I; N164S; G220V; K225T,1
G101S; S162I; N164S; G220V; K225T; N261D,1
S162I; N164S; G220V; K225T; N322D; I408N,1
S76N; S162I; N164S; G220V; K225T; T254I,1
N72D; S162I; N164S; G220V; K225T; I232T,1
P12L; S162I; N164S; G220V; K225T; V265A,1
S162I; N164S; G220V; K225T; C231S; N274S,1
S162I; N164S; G220V; K225T; S292N; N293S,1
F55L; S162I; N164S; G220V; K225T; I395V,1
S162I; N164S; S166F; I203V; G220V; K225T; N248S,1
S162I; N164S; G220V; K225T; Y299D,1
S162I; N164S; G220V; K225T; I316N; P393Q,1
S162I; N164S; G220V; K225T; S372T; E373Q; Y375F; N378G; N379S; K381A; V382T; F384Y; R385K; A389V; N390E; L391E; R394K; I396F; K397E; P398E; T400K; K407N; I408K; R410E; F411E,1
E28K; L98P; G101S; S162I; N164S; G220V; K225T,1
G101S; S162I; N164S; G220V; K225T; V291G,1
F124L; S162I; N164S; G220V; K225T; L328M,1
L98P; V148F; S162I; N164S; G220V; K225T,1
L98P; S162I; N164S; G220V; K225T; C231F; D326N,1
P57S; S60N; S162I; N164S; G220V; K225T,1
S162I; N164S; I183T; G220V; K225T; D326N,1
S140N; S162I; N164S; G220V; K225T; R394H,1
N10D; S162I; N164S; G220V; K225T; F252L; T400A,1
S162I; N164S; N195S; G220V; K225T; I262V; D325N,1
N63D; E154G; S162I; N164S; G220V; K225T,1
S162I; N164S; M172I; F194L; G220V; K225T; N362D,1
S162I; N164S; I199N; G220V; K225T; I262T,1
Y30*; L98P; S162I; N164S; G220V; K225T,1
S162I; N164S; G220V; K225T; V291G,1
S162I; N164S; M211V; G220V; K225T; Q344N,1
S162I; N164S; G220V; K225T; C231S; N379D,1
S60N; S162I; N164S; G220V; K225T; K407*,1
S162I; N164S; G220V; K225T; I247V; Q267*,1
N138D; S162I; N164S; G220V; K225T; K300R,1
L98P; S162I; N164S; G220V; K225T; I302T,1
S162I; N164S; G220V; K225T; N362D; G401D,1
M1L; E154G; S162I; N164S; F194L; G220V; K225T,1
P57H; E154G; S162I; N164S; G220V; K225T,1
N63D; E154G; S162I; N164S; G220V; K225T; V291A,1
S162I; N164S; G220V; K225T; C231R; N274D,1
A129E; S162I; N164S; G220V; K225T; I262T,1
I134V; S162I; N164S; G220V; K225T; R244H,1
Q75T; S76T; T88Q; E154G; G220V; K225T,1
S162I; N164S; G220V; K225T; L240M; N293D,1
H56Y; L98P; S162I; N164S; G220V; K225T; I352V,1
I41V; S162I; N164S; G220V; K225T; N383D,1
S162I; N164S; G220V; K225T; N269S; T335A; S361P,1
S162I; N164S; G220V; K225T; N297D; G386R; Q387S; N388E; A389C; N390K; L391S; N392E; R394A; I395Y; I396Y; K397Q; P398T; I399D; T400Y; G401R; R402S; G403W; L404P; V405G; K406*; I408D; I409H; R410S,1
N138D; S162I; N164S; G220V; K225T; S314N; I316N,1
S162I; N164S; G220V; K225T; Q267K; D270N,1
N10D; K62R; S162I; N164S; G220V; K225T,1
S162I; N164S; G220V; K225T; D312E,1
S162I; N164S; D196N; G220V; K225T; I233V; N269S; A313V,1
S60R; L98P; S162I; N164S; G220V; K225T; R385K,1
R16H; S66F; S162I; N164S; G220V; K225T,1
I134V; S162I; N164S; G220V; K225T; L404P; V405G; K406*; I408D; I409H; R410S,1
N97D; S162I; N164S; G220V; K225T; K330R; T341A,1
S162I; N164S; G220V; K225T; N365K,1
N138D; E159D; S162I; N164S; G220V; K225T,1
S162I; N164S; Q344N; S361A; N365D; S372T; E373Q; Y375F; N378G; N379S; K381A; V382T; F384Y; R385K; A389V; N390E; L391E; R394Q; I396V; K397E; P398E; T400K; K407N; I408K; R410E; F411E,1
P12Q; A110D; S162I; N164S; G220V; K225T,1
S6T; S162I; N164S; A207V; G220V; K225T,1
T51S; S162I; N164S; G220V; K225T; V405A,1
S162I; N164S; G220V; K225T; N274S; N383K,1
S162I; N164S; G220V; K225T; C231R; N383S,1
S162I; N164S; G220V; K225T; T230M; R394P,1
K62N; L98P; S162I; N164S; R193L; G220V; K225T; N390S,1
E105G; E154G; S162I; N164S; G220V; K225T,1
P43T; I134V; S162I; N164S; R193L; G220V; K225T; I371V,1
P12R; S162I; N164S; G220V; K225T; C231R,1
E105*; S162I; N164S; G220V; K225T,1
S162I; N164S; G220V; K225T; N378G; N379S; K381A; V382T; F384Y; R385K; A389V; N390E; L391E; R394Q; I396V; K397E; P398E; T400K; K407N; I408K; R410E; F411E,1
S162V; N164S; I181V; G220V; K225T,1
N10D; S162I; N164S; G220V; K225T; I227V,1
S162I; N164S; G220V; K225T; C231R; K245R; N248S,1
S162I; N164S; G220V; K225T; S333P,1
G220V; K225T; V319I,1
L98P; S162I; N164S; G220V; K225T; C231R; K288R,1
L98P; A129V; S162I; N164S; G220V; K225T; D325N,1
D121P; N138K; S162I; N164S; S191*; G220V; K225T; D312H,1
N10D; S162I; N164S; G220V; K225T; I262M,1
I48T; S162I; N164S; G220V; K225T; A266E,1
M36I; E154G; S162I; N164S; G220V; K225T,1
S162I; N164S; G220V; K225T; C231S; N258D,1
S162I; N164S; G220V; K225T; I232L; I247V,1
S162I; N164S; M172I; G220V; K225T; T341I,1
S140R; E154G; S162I; N164S; G220V; K225T,1
G25D; S162I; N164S; G220V; K225T; D326G,1
S162I; N164S; V184I; G220V; K225T; N274S,1
I134V; S162I; N164S; G220V; K225T; I368V,1
L61M; S162I; N164S; G220V; K225T; A266E; K330R,1
S162I; N164S; M172I; G220V; K225T; I227V; N297D,1
S162I; N164S; I199L; G220V; K225T; Q354K,1
S162I; N164S; G220V; K225T; I232T; N243S,1
E154K; S162I; N164S; G220V; K225T; I232S,1
E154G; S162I; N164S; G220V; K225T; P294S; K329R,1
F29Y; S162I; N164S; G220V; K225T; V382E,1
S32A; R82S; S162I; N164S; G220V; K225T,1
M1I; Q75R; S162I; N164S; G220V; K225T,1
P43S; L98P; S162I; N164S; G220V; K225T,1
E154G; S162I; N164S; G220V; K225T; D325E,1
S162I; N164S; Y171C; G220V; K225T; N390K,1
A110S; S162I; N164S; D205Y; G220V; K225T,1
S162I; N164S; N195H; G220V; K225T,1
L98P; I134V; S162I; N164S; G220V; K225T; I263V,1
S6T; S32A; H56L; Q75T; S76T; N138D; S162I; N164S; G220V; K225T,1
L98P; N116S; S162I; N164S; E201G; G220V; K225T; K359R,1
P71S; S162I; N164S; M172I; G220V; K225T,1
S162I; N164S; G220V; K225T; I233V; I263V,1
S162I; N164S; G220V; K225T; C231R; V382M,1
S162I; N164S; G220V; K225T; C231R; N322D,1
S162I; N164S; G220V; K225T; V265F; D325N,1
S6T; P43L; E159V; S162I; N164S; V184I; G220V; K225T; A389T,1
Q75*; S162I; N164S; G220V; K225T; T264S,1
H56Y; S162I; N164S; G220V; K225T; N258K,1
G101D; S162I; N164S; G220V; K225T; G403D,1
S162I; N164S; G220V; K225T; G403W; L404P; V405G; K406*; I408D; I409H; R410S,1
N72S; S162I; N164S; G220V; K225T; F358S,1
K62N; N118K; S162I; N164S; G220V; K225T,1
D65G; S162I; N164S; G220V; K225T; G403D,1
H56L; Q75T; S76T; T88Q; S162I; N164S; G220V; K225T; D325N,1
L114M; S162I; N164S; G220V; K225T; T264S,1
L98P; S162I; N164S; G220V; K225T; T335N,1
N96D; S162I; N164S; G220V; K225T; N248S; Y357H,1
L98P; S162I; N164S; G220V; K225T; T234A; N390S,1
N138D; S162I; N164S; S187P; G220V; K225T,1
N10D; S162I; N164S; G220V; K225T; I262M; Y268H,1
S162I; N164S; G220V; K225T; N297Y,1
E154G; S162I; N164S; G220V; K225T; T273A; I377S,1
N122D; S162I; N164S; G220V; K225T; N390K,1
S60N; I126F; E154G; S162I; N164S; I183V; G220V; K225T,1
P52S; E154G; S162I; N164S; H219R; G220V; K225T,1
S162I; N164S; S166P; G220V; K225T; N365D,1
N14Y; S32C; P112L; S162I; N164S; G220V; K225T; I232T,1
N138D; S162I; N164S; G220V; K225T; N274S; I316V,1
S162I; N164S; G220V; K225T; Y268H; N362D,1
L98P; S162I; N164S; G220V; K225T; N258D; L404R,1
T50I; S162C; G220V; K225T; C231R,1
M151I; S162I; N164S; M172I; G220V; K225T,1
L61Q; S162I; N164S; G220V; K225T; K359N,1
K62Q; S162I; N164S; G220V; K225T; C231S,1
S162I; N164S; R193C; G220V; K225T; N388D,1
M1I; S162I; N164S; G220V; K225T; K397E,1
S99A; S162I; N164S; M172R; G220V; K225T,1
S162I; N164S; G220V; K225T; Y268F; N274K,1
S162I; N164S; G220V; K225T; I232T; D270G,1
S162I; N164S; D205E; G220V; K225T; C231S; K407R; I408S; I409F; R410V,1
L98P; S162I; N164S; G220V; K225T; V265I,1
G101S; S162I; N164S; P188Q; G220V; K225T; K342E,1
G24C; S162I; N164S; G220V; K225T,1
S162I; N164S; G220V; K225T; Q344H; Q387K,1
I39V; L98P; S162I; N164S; G220V; K225T; V405A,1
S162I; N164S; G220V; K225T; L331M,1
E154G; S162I; N164S; G220V; K225T; T234P; S318G,1
S162I; N164S; G220V; K225T; R244H; A283T,1
E28*; K62R; S162I; N164S; G220V; K225T,1
S162I; N164S; G220V; K225T; D301A; N390S,1
Q75T; S76T; T88Q; N138D; S162I; N164S; G220V; K225T,1
N10D; S162I; N164S; G220V; K225T; N390D,1
S162I; N164S; R193C; G220V; K225T; I396V,1
N164S; G220V; K225T; Y355H,1
S162I; N164S; E201G; G220V; K225T; E336*,1
D128G; S162I; N164S; T185I; G220V; K225T,1
S32I; S162I; N164S; G220V; K225T; Q235R,1
G25S; Q27E; S32I; F33I; S162I; N164S; G220V; K225T; I227T,1
S162I; N164S; G220V; K225T; V265A; K381R,1
N138D; N161S; S162I; N164S; G220V; K225T,1
L98P; S162I; N164S; G220V; K225T; I302V; D325N,1
K62N; S162I; N164S; G220V; K225T; Y355H; N370S,1
S66F; N138D; S162I; N164S; G220V; K225T; P298S; Y375F,1
S162I; N164S; Q204P; G220V; K225T; I232N; G403D,1
L98P; L157S; S162I; N164S; G220V; K225T; N390S,1
S162I; N164S; G220V; K225T; C231R; A266T,1
S60G; S162I; N164S; G220V; K225T; A313V,1
G101S; S162I; N164S; G220V; K225T; R280H,1
N138D; S162I; N164S; G220V; K225T; P398S,1
S162I; N164S; H176R; Q204*; G220V; K225T,1
S162I; N164S; G220V; K225T; I232T; K407E; I408T,1
S32R; N111S; S162I; N164S; G220V; K225T,1
V132F; S162I; N164S; G220V; K225T,1
