position_1,position_2,mutation_pair,observed_frequency,expected_frequency,position_pair
10,60,Pos10_I-Pos60_G,0.0,2.80467565228439e-08,Pos10-Pos60
10,60,Pos10_I-Pos60_N,0.0,1.0172398738855302e-07,Pos10-Pos60
10,60,Pos10_I-Pos60_R,0.0,2.325119711738355e-09,Pos10-Pos60
10,60,Pos10_I-Pos60_T,0.0,8.719198919018831e-10,Pos10-Pos60
10,60,Pos10_I-Pos60_I,0.0,1.7438397838037662e-09,Pos10-Pos60
10,60,Pos10_I-Pos60_C,0.0,2.9063996396729436e-10,Pos10-Pos60
10,60,Pos10_D-Pos60_G,0.0,2.198865711390962e-05,Pos10-Pos60
10,60,Pos10_D-Pos60_N,2.4109747570942933e-05,7.975160611262556e-05,Pos10-Pos60
10,60,Pos10_D-Pos60_R,0.0,1.82289385400287e-06,Pos10-Pos60
10,60,Pos10_D-Pos60_T,0.0,6.835851952510763e-07,Pos10-Pos60
10,60,Pos10_D-Pos60_I,0.0,1.3671703905021526e-06,Pos10-Pos60
10,60,Pos10_D-Pos60_C,0.0,2.2786173175035876e-07,Pos10-Pos60
10,60,Pos10_S-Pos60_G,0.0,3.085143217512829e-06,Pos10-Pos60
10,60,Pos10_S-Pos60_N,3.61646213564144e-05,1.1189638612740831e-05,Pos10-Pos60
10,60,Pos10_S-Pos60_R,0.0,2.55763168291219e-07,Pos10-Pos60
10,60,Pos10_S-Pos60_T,0.0,9.591118810920714e-08,Pos10-Pos60
10,60,Pos10_S-Pos60_I,0.0,1.9182237621841427e-07,Pos10-Pos60
10,60,Pos10_S-Pos60_C,0.0,3.1970396036402374e-08,Pos10-Pos60
10,60,Pos10_K-Pos60_G,0.0,1.402337826142195e-07,Pos10-Pos60
10,60,Pos10_K-Pos60_N,0.0,5.08619936942765e-07,Pos10-Pos60
10,60,Pos10_K-Pos60_R,0.0,1.1625598558691774e-08,Pos10-Pos60
10,60,Pos10_K-Pos60_T,0.0,4.359599459509415e-09,Pos10-Pos60
10,60,Pos10_K-Pos60_I,0.0,8.71919891901883e-09,Pos10-Pos60
10,60,Pos10_K-Pos60_C,0.0,1.4531998198364717e-09,Pos10-Pos60
10,60,Pos10_T-Pos60_G,0.0,1.121870260913756e-07,Pos10-Pos60
10,60,Pos10_T-Pos60_N,0.0,4.0689594955421206e-07,Pos10-Pos60
10,60,Pos10_T-Pos60_R,0.0,9.30047884695342e-09,Pos10-Pos60
10,60,Pos10_T-Pos60_T,0.0,3.4876795676075323e-09,Pos10-Pos60
10,60,Pos10_T-Pos60_I,0.0,6.975359135215065e-09,Pos10-Pos60
10,60,Pos10_T-Pos60_C,0.0,1.1625598558691774e-09,Pos10-Pos60
10,60,Pos10_H-Pos60_G,0.0,5.60935130456878e-08,Pos10-Pos60
10,60,Pos10_H-Pos60_N,0.0,2.0344797477710603e-07,Pos10-Pos60
10,60,Pos10_H-Pos60_R,0.0,4.65023942347671e-09,Pos10-Pos60
10,60,Pos10_H-Pos60_T,0.0,1.7438397838037662e-09,Pos10-Pos60
10,60,Pos10_H-Pos60_I,0.0,3.4876795676075323e-09,Pos10-Pos60
10,60,Pos10_H-Pos60_C,0.0,5.812799279345887e-10,Pos10-Pos60
10,98,Pos10_I-Pos98_P,0.0,1.4138181047189033e-06,Pos10-Pos98
10,98,Pos10_I-Pos98_I,0.0,8.428558955051536e-09,Pos10-Pos98
10,98,Pos10_I-Pos98_S,0.0,1.889159765787413e-09,Pos10-Pos98
10,98,Pos10_I-Pos98_R,0.0,4.504919441493062e-09,Pos10-Pos98
10,98,Pos10_I-Pos98_V,0.0,2.9063996396729436e-10,Pos10-Pos98
10,98,Pos10_I-Pos98_F,0.0,3.1970396036402377e-09,Pos10-Pos98
10,98,Pos10_I-Pos98_T,0.0,1.4531998198364718e-10,Pos10-Pos98
10,98,Pos10_I-Pos98_H,0.0,7.265999099182358e-10,Pos10-Pos98
10,98,Pos10_D-Pos98_P,0.0003134267184222581,0.0011084333940996202,Pos10-Pos98
10,98,Pos10_D-Pos98_I,1.2054873785471467e-05,6.607990220760403e-06,Pos10-Pos98
10,98,Pos10_D-Pos98_S,0.0,1.4811012563773318e-06,Pos10-Pos98
10,98,Pos10_D-Pos98_R,1.2054873785471467e-05,3.5318568421305603e-06,Pos10-Pos98
10,98,Pos10_D-Pos98_V,0.0,2.2786173175035876e-07,Pos10-Pos98
10,98,Pos10_D-Pos98_F,2.4109747570942933e-05,2.5064790492539466e-06,Pos10-Pos98
10,98,Pos10_D-Pos98_T,0.0,1.1393086587517938e-07,Pos10-Pos98
10,98,Pos10_D-Pos98_H,0.0,5.696543293758969e-07,Pos10-Pos98
10,98,Pos10_S-Pos98_P,0.00010849386406924319,0.00015551999151907936,Pos10-Pos98
10,98,Pos10_S-Pos98_I,0.0,9.271414850556688e-07,Pos10-Pos98
10,98,Pos10_S-Pos98_S,0.0,2.0780757423661542e-07,Pos10-Pos98
10,98,Pos10_S-Pos98_R,0.0,4.955411385642368e-07,Pos10-Pos98
10,98,Pos10_S-Pos98_V,0.0,3.1970396036402374e-08,Pos10-Pos98
10,98,Pos10_S-Pos98_F,1.2054873785471467e-05,3.5167435640042614e-07,Pos10-Pos98
10,98,Pos10_S-Pos98_T,0.0,1.5985198018201187e-08,Pos10-Pos98
10,98,Pos10_S-Pos98_H,0.0,7.992599009100594e-08,Pos10-Pos98
10,98,Pos10_K-Pos98_P,0.0,7.069090523594516e-06,Pos10-Pos98
10,98,Pos10_K-Pos98_I,0.0,4.2142794775257674e-08,Pos10-Pos98
10,98,Pos10_K-Pos98_S,0.0,9.445798828937065e-09,Pos10-Pos98
10,98,Pos10_K-Pos98_R,0.0,2.2524597207465307e-08,Pos10-Pos98
10,98,Pos10_K-Pos98_V,0.0,1.4531998198364717e-09,Pos10-Pos98
10,98,Pos10_K-Pos98_F,0.0,1.5985198018201187e-08,Pos10-Pos98
10,98,Pos10_K-Pos98_T,0.0,7.265999099182358e-10,Pos10-Pos98
10,98,Pos10_K-Pos98_H,0.0,3.632999549591179e-09,Pos10-Pos98
10,98,Pos10_T-Pos98_P,2.4109747570942933e-05,5.655272418875613e-06,Pos10-Pos98
10,98,Pos10_T-Pos98_I,0.0,3.371423582020614e-08,Pos10-Pos98
10,98,Pos10_T-Pos98_S,0.0,7.556639063149652e-09,Pos10-Pos98
10,98,Pos10_T-Pos98_R,0.0,1.8019677765972246e-08,Pos10-Pos98
10,98,Pos10_T-Pos98_V,0.0,1.1625598558691774e-09,Pos10-Pos98
10,98,Pos10_T-Pos98_F,0.0,1.278815841456095e-08,Pos10-Pos98
10,98,Pos10_T-Pos98_T,0.0,5.812799279345887e-10,Pos10-Pos98
10,98,Pos10_T-Pos98_H,0.0,2.9063996396729434e-09,Pos10-Pos98
10,98,Pos10_H-Pos98_P,1.2054873785471467e-05,2.8276362094378065e-06,Pos10-Pos98
10,98,Pos10_H-Pos98_I,0.0,1.685711791010307e-08,Pos10-Pos98
10,98,Pos10_H-Pos98_S,0.0,3.778319531574826e-09,Pos10-Pos98
10,98,Pos10_H-Pos98_R,0.0,9.009838882986123e-09,Pos10-Pos98
10,98,Pos10_H-Pos98_V,0.0,5.812799279345887e-10,Pos10-Pos98
10,98,Pos10_H-Pos98_F,0.0,6.394079207280475e-09,Pos10-Pos98
10,98,Pos10_H-Pos98_T,0.0,2.9063996396729436e-10,Pos10-Pos98
10,98,Pos10_H-Pos98_H,0.0,1.4531998198364717e-09,Pos10-Pos98
10,101,Pos10_I-Pos101_S,0.0,1.6319433976763577e-07,Pos10-Pos101
10,101,Pos10_I-Pos101_C,0.0,4.65023942347671e-09,Pos10-Pos101
10,101,Pos10_I-Pos101_A,0.0,1.0172398738855301e-09,Pos10-Pos101
10,101,Pos10_I-Pos101_V,0.0,1.889159765787413e-09,Pos10-Pos101
10,101,Pos10_I-Pos101_D,0.0,4.795559405460356e-09,Pos10-Pos101
10,101,Pos10_I-Pos101_R,0.0,1.4531998198364718e-10,Pos10-Pos101
10,101,Pos10_D-Pos101_S,0.00016876823299660052,0.00012794436237782643,Pos10-Pos101
10,101,Pos10_D-Pos101_C,0.0,3.64578770800574e-06,Pos10-Pos101
10,101,Pos10_D-Pos101_A,0.0,7.975160611262556e-07,Pos10-Pos101
10,101,Pos10_D-Pos101_V,0.0,1.4811012563773318e-06,Pos10-Pos101
10,101,Pos10_D-Pos101_D,0.0,3.7597185738809195e-06,Pos10-Pos101
10,101,Pos10_D-Pos101_R,0.0,1.1393086587517938e-07,Pos10-Pos101
10,101,Pos10_S-Pos101_S,1.2054873785471467e-05,1.7951377374439933e-05,Pos10-Pos101
10,101,Pos10_S-Pos101_C,0.0,5.11526336582438e-07,Pos10-Pos101
10,101,Pos10_S-Pos101_A,0.0,1.1189638612740831e-07,Pos10-Pos101
10,101,Pos10_S-Pos101_V,0.0,2.0780757423661542e-07,Pos10-Pos101
10,101,Pos10_S-Pos101_D,0.0,5.275115346006392e-07,Pos10-Pos101
10,101,Pos10_S-Pos101_R,0.0,1.5985198018201187e-08,Pos10-Pos101
10,101,Pos10_K-Pos101_S,0.0,8.159716988381788e-07,Pos10-Pos101
10,101,Pos10_K-Pos101_C,0.0,2.3251197117383547e-08,Pos10-Pos101
10,101,Pos10_K-Pos101_A,0.0,5.08619936942765e-09,Pos10-Pos101
10,101,Pos10_K-Pos101_V,0.0,9.445798828937065e-09,Pos10-Pos101
10,101,Pos10_K-Pos101_D,0.0,2.397779702730178e-08,Pos10-Pos101
10,101,Pos10_K-Pos101_R,0.0,7.265999099182358e-10,Pos10-Pos101
10,101,Pos10_T-Pos101_S,0.0,6.527773590705431e-07,Pos10-Pos101
10,101,Pos10_T-Pos101_C,0.0,1.860095769390684e-08,Pos10-Pos101
10,101,Pos10_T-Pos101_A,0.0,4.0689594955421204e-09,Pos10-Pos101
10,101,Pos10_T-Pos101_V,0.0,7.556639063149652e-09,Pos10-Pos101
10,101,Pos10_T-Pos101_D,0.0,1.9182237621841425e-08,Pos10-Pos101
10,101,Pos10_T-Pos101_R,0.0,5.812799279345887e-10,Pos10-Pos101
10,101,Pos10_H-Pos101_S,0.0,3.2638867953527154e-07,Pos10-Pos101
10,101,Pos10_H-Pos101_C,0.0,9.30047884695342e-09,Pos10-Pos101
10,101,Pos10_H-Pos101_A,0.0,2.0344797477710602e-09,Pos10-Pos101
10,101,Pos10_H-Pos101_V,0.0,3.778319531574826e-09,Pos10-Pos101
10,101,Pos10_H-Pos101_D,0.0,9.591118810920713e-09,Pos10-Pos101
10,101,Pos10_H-Pos101_R,0.0,2.9063996396729436e-10,Pos10-Pos101
10,138,Pos10_I-Pos138_D,0.0,2.0475585461495887e-07,Pos10-Pos138
10,138,Pos10_I-Pos138_S,0.0,1.0172398738855301e-09,Pos10-Pos138
10,138,Pos10_I-Pos138_K,0.0,1.3078798378528244e-09,Pos10-Pos138
10,138,Pos10_I-Pos138_T,0.0,1.4531998198364718e-10,Pos10-Pos138
10,138,Pos10_D-Pos138_D,3.61646213564144e-05,0.00016052859001812776,Pos10-Pos138
10,138,Pos10_D-Pos138_S,0.0,7.975160611262556e-07,Pos10-Pos138
10,138,Pos10_D-Pos138_K,0.0,1.0253777928766144e-06,Pos10-Pos138
10,138,Pos10_D-Pos138_T,0.0,1.1393086587517938e-07,Pos10-Pos138
10,138,Pos10_S-Pos138_D,3.61646213564144e-05,2.2523144007645473e-05,Pos10-Pos138
10,138,Pos10_S-Pos138_S,0.0,1.1189638612740831e-07,Pos10-Pos138
10,138,Pos10_S-Pos138_K,0.0,1.4386678216381067e-07,Pos10-Pos138
10,138,Pos10_S-Pos138_T,0.0,1.5985198018201187e-08,Pos10-Pos138
10,138,Pos10_K-Pos138_D,0.0,1.0237792730747944e-06,Pos10-Pos138
10,138,Pos10_K-Pos138_S,0.0,5.08619936942765e-09,Pos10-Pos138
10,138,Pos10_K-Pos138_K,0.0,6.539399189264122e-09,Pos10-Pos138
10,138,Pos10_K-Pos138_T,0.0,7.265999099182358e-10,Pos10-Pos138
10,138,Pos10_T-Pos138_D,0.0,8.190234184598355e-07,Pos10-Pos138
10,138,Pos10_T-Pos138_S,0.0,4.0689594955421204e-09,Pos10-Pos138
10,138,Pos10_T-Pos138_K,0.0,5.2315193514112975e-09,Pos10-Pos138
10,138,Pos10_T-Pos138_T,0.0,5.812799279345887e-10,Pos10-Pos138
10,138,Pos10_H-Pos138_D,0.0,4.0951170922991775e-07,Pos10-Pos138
10,138,Pos10_H-Pos138_S,0.0,2.0344797477710602e-09,Pos10-Pos138
10,138,Pos10_H-Pos138_K,0.0,2.6157596757056487e-09,Pos10-Pos138
10,138,Pos10_H-Pos138_T,0.0,2.9063996396729436e-10,Pos10-Pos138
10,154,Pos10_I-Pos154_G,0.0,2.643370472282542e-07,Pos10-Pos154
10,154,Pos10_I-Pos154_A,0.0,7.701959045133299e-09,Pos10-Pos154
10,154,Pos10_I-Pos154_K,0.0,2.325119711738355e-09,Pos10-Pos154
10,154,Pos10_I-Pos154_V,0.0,1.4531998198364718e-10,Pos10-Pos154
10,154,Pos10_I-Pos154_D,0.0,1.1625598558691774e-09,Pos10-Pos154
10,154,Pos10_I-Pos154_*,0.0,2.9063996396729436e-10,Pos10-Pos154
10,154,Pos10_D-Pos154_G,0.00015671335921112905,0.00020724024502695129,Pos10-Pos154
10,154,Pos10_D-Pos154_A,0.0,6.0383358913845065e-06,Pos10-Pos154
10,154,Pos10_D-Pos154_K,0.0,1.82289385400287e-06,Pos10-Pos154
10,154,Pos10_D-Pos154_V,0.0,1.1393086587517938e-07,Pos10-Pos154
10,154,Pos10_D-Pos154_D,0.0,9.11446927001435e-07,Pos10-Pos154
10,154,Pos10_D-Pos154_*,0.0,2.2786173175035876e-07,Pos10-Pos154
10,154,Pos10_S-Pos154_G,0.0,2.907707519510796e-05,Pos10-Pos154
10,154,Pos10_S-Pos154_A,0.0,8.472154949646628e-07,Pos10-Pos154
10,154,Pos10_S-Pos154_K,0.0,2.55763168291219e-07,Pos10-Pos154
10,154,Pos10_S-Pos154_V,0.0,1.5985198018201187e-08,Pos10-Pos154
10,154,Pos10_S-Pos154_D,0.0,1.278815841456095e-07,Pos10-Pos154
10,154,Pos10_S-Pos154_*,0.0,3.1970396036402374e-08,Pos10-Pos154
10,154,Pos10_K-Pos154_G,0.0,1.321685236141271e-06,Pos10-Pos154
10,154,Pos10_K-Pos154_A,0.0,3.8509795225666494e-08,Pos10-Pos154
10,154,Pos10_K-Pos154_K,0.0,1.1625598558691774e-08,Pos10-Pos154
10,154,Pos10_K-Pos154_V,0.0,7.265999099182358e-10,Pos10-Pos154
10,154,Pos10_K-Pos154_D,0.0,5.812799279345887e-09,Pos10-Pos154
10,154,Pos10_K-Pos154_*,0.0,1.4531998198364717e-09,Pos10-Pos154
10,154,Pos10_T-Pos154_G,0.0,1.0573481889130167e-06,Pos10-Pos154
10,154,Pos10_T-Pos154_A,0.0,3.0807836180533195e-08,Pos10-Pos154
10,154,Pos10_T-Pos154_K,0.0,9.30047884695342e-09,Pos10-Pos154
10,154,Pos10_T-Pos154_V,0.0,5.812799279345887e-10,Pos10-Pos154
10,154,Pos10_T-Pos154_D,0.0,4.65023942347671e-09,Pos10-Pos154
10,154,Pos10_T-Pos154_*,0.0,1.1625598558691774e-09,Pos10-Pos154
10,154,Pos10_H-Pos154_G,0.0,5.286740944565084e-07,Pos10-Pos154
10,154,Pos10_H-Pos154_A,0.0,1.5403918090266598e-08,Pos10-Pos154
10,154,Pos10_H-Pos154_K,0.0,4.65023942347671e-09,Pos10-Pos154
10,154,Pos10_H-Pos154_V,0.0,2.9063996396729436e-10,Pos10-Pos154
10,154,Pos10_H-Pos154_D,0.0,2.325119711738355e-09,Pos10-Pos154
10,154,Pos10_H-Pos154_*,0.0,5.812799279345887e-10,Pos10-Pos154
10,162,Pos10_I-Pos162_I,1.2054873785471467e-05,1.1987299993849072e-05,Pos10-Pos162
10,162,Pos10_I-Pos162_V,0.0,2.7756116558876608e-08,Pos10-Pos162
10,162,Pos10_I-Pos162_T,0.0,1.3078798378528244e-09,Pos10-Pos162
10,162,Pos10_I-Pos162_C,0.0,2.339651709936719e-08,Pos10-Pos162
10,162,Pos10_I-Pos162_M,0.0,1.4531998198364718e-10,Pos10-Pos162
10,162,Pos10_I-Pos162_F,0.0,1.4531998198364718e-10,Pos10-Pos162
10,162,Pos10_I-Pos162_N,0.0,1.4531998198364718e-10,Pos10-Pos162
10,162,Pos10_I-Pos162_*,0.0,1.4531998198364718e-10,Pos10-Pos162
10,162,Pos10_I-Pos162_L,0.0,1.4531998198364718e-10,Pos10-Pos162
10,162,Pos10_D-Pos162_I,0.009414856426453216,0.009398043195177673,Pos10-Pos162
10,162,Pos10_D-Pos162_V,1.2054873785471467e-05,2.1760795382159263e-05,Pos10-Pos162
10,162,Pos10_D-Pos162_T,0.0,1.0253777928766144e-06,Pos10-Pos162
10,162,Pos10_D-Pos162_C,0.0,1.834286940590388e-05,Pos10-Pos162
10,162,Pos10_D-Pos162_M,0.0,1.1393086587517938e-07,Pos10-Pos162
10,162,Pos10_D-Pos162_F,0.0,1.1393086587517938e-07,Pos10-Pos162
10,162,Pos10_D-Pos162_N,0.0,1.1393086587517938e-07,Pos10-Pos162
10,162,Pos10_D-Pos162_*,0.0,1.1393086587517938e-07,Pos10-Pos162
10,162,Pos10_D-Pos162_L,0.0,1.1393086587517938e-07,Pos10-Pos162
10,162,Pos10_S-Pos162_I,0.0013139812426163897,0.0013186029993233978,Pos10-Pos162
10,162,Pos10_S-Pos162_V,1.2054873785471467e-05,3.053172821476427e-06,Pos10-Pos162
10,162,Pos10_S-Pos162_T,0.0,1.4386678216381067e-07,Pos10-Pos162
10,162,Pos10_S-Pos162_C,0.0,2.573616880930391e-06,Pos10-Pos162
10,162,Pos10_S-Pos162_M,0.0,1.5985198018201187e-08,Pos10-Pos162
10,162,Pos10_S-Pos162_F,0.0,1.5985198018201187e-08,Pos10-Pos162
10,162,Pos10_S-Pos162_N,0.0,1.5985198018201187e-08,Pos10-Pos162
10,162,Pos10_S-Pos162_*,0.0,1.5985198018201187e-08,Pos10-Pos162
10,162,Pos10_S-Pos162_L,0.0,1.5985198018201187e-08,Pos10-Pos162
10,162,Pos10_K-Pos162_I,6.027436892735733e-05,5.9936499969245356e-05,Pos10-Pos162
10,162,Pos10_K-Pos162_V,0.0,1.3878058279438304e-07,Pos10-Pos162
10,162,Pos10_K-Pos162_T,0.0,6.539399189264122e-09,Pos10-Pos162
10,162,Pos10_K-Pos162_C,0.0,1.1698258549683596e-07,Pos10-Pos162
10,162,Pos10_K-Pos162_M,0.0,7.265999099182358e-10,Pos10-Pos162
10,162,Pos10_K-Pos162_F,0.0,7.265999099182358e-10,Pos10-Pos162
10,162,Pos10_K-Pos162_N,0.0,7.265999099182358e-10,Pos10-Pos162
10,162,Pos10_K-Pos162_*,0.0,7.265999099182358e-10,Pos10-Pos162
10,162,Pos10_K-Pos162_L,0.0,7.265999099182358e-10,Pos10-Pos162
10,162,Pos10_T-Pos162_I,4.821949514188587e-05,4.7949199975396286e-05,Pos10-Pos162
10,162,Pos10_T-Pos162_V,0.0,1.1102446623550643e-07,Pos10-Pos162
10,162,Pos10_T-Pos162_T,0.0,5.2315193514112975e-09,Pos10-Pos162
10,162,Pos10_T-Pos162_C,0.0,9.358606839746876e-08,Pos10-Pos162
10,162,Pos10_T-Pos162_M,0.0,5.812799279345887e-10,Pos10-Pos162
10,162,Pos10_T-Pos162_F,0.0,5.812799279345887e-10,Pos10-Pos162
10,162,Pos10_T-Pos162_N,0.0,5.812799279345887e-10,Pos10-Pos162
10,162,Pos10_T-Pos162_*,0.0,5.812799279345887e-10,Pos10-Pos162
10,162,Pos10_T-Pos162_L,0.0,5.812799279345887e-10,Pos10-Pos162
10,162,Pos10_H-Pos162_I,2.4109747570942933e-05,2.3974599987698143e-05,Pos10-Pos162
10,162,Pos10_H-Pos162_V,0.0,5.5512233117753216e-08,Pos10-Pos162
10,162,Pos10_H-Pos162_T,0.0,2.6157596757056487e-09,Pos10-Pos162
10,162,Pos10_H-Pos162_C,0.0,4.679303419873438e-08,Pos10-Pos162
10,162,Pos10_H-Pos162_M,0.0,2.9063996396729436e-10,Pos10-Pos162
10,162,Pos10_H-Pos162_F,0.0,2.9063996396729436e-10,Pos10-Pos162
10,162,Pos10_H-Pos162_N,0.0,2.9063996396729436e-10,Pos10-Pos162
10,162,Pos10_H-Pos162_*,0.0,2.9063996396729436e-10,Pos10-Pos162
10,162,Pos10_H-Pos162_L,0.0,2.9063996396729436e-10,Pos10-Pos162
10,164,Pos10_I-Pos164_S,1.2054873785471467e-05,1.1990642353434694e-05,Pos10-Pos164
10,164,Pos10_I-Pos164_I,0.0,2.761079657689296e-09,Pos10-Pos164
10,164,Pos10_I-Pos164_R,0.0,2.325119711738355e-09,Pos10-Pos164
10,164,Pos10_I-Pos164_G,0.0,3.923639513558474e-09,Pos10-Pos164
10,164,Pos10_D-Pos164_S,0.009414856426453216,0.0094006636050928,Pos10-Pos164
10,164,Pos10_D-Pos164_I,0.0,2.164686451628408e-06,Pos10-Pos164
10,164,Pos10_D-Pos164_R,0.0,1.82289385400287e-06,Pos10-Pos164
10,164,Pos10_D-Pos164_G,0.0,3.0761333786298434e-06,Pos10-Pos164
10,164,Pos10_S-Pos164_S,0.0013139812426163897,0.0013189706588778163,Pos10-Pos164
10,164,Pos10_S-Pos164_I,0.0,3.0371876234582257e-07,Pos10-Pos164
10,164,Pos10_S-Pos164_R,1.2054873785471467e-05,2.55763168291219e-07,Pos10-Pos164
10,164,Pos10_S-Pos164_G,0.0,4.3160034649143206e-07,Pos10-Pos164
10,164,Pos10_K-Pos164_S,6.027436892735733e-05,5.995321176717347e-05,Pos10-Pos164
10,164,Pos10_K-Pos164_I,0.0,1.380539828844648e-08,Pos10-Pos164
10,164,Pos10_K-Pos164_R,0.0,1.1625598558691774e-08,Pos10-Pos164
10,164,Pos10_K-Pos164_G,0.0,1.9618197567792367e-08,Pos10-Pos164
10,164,Pos10_T-Pos164_S,4.821949514188587e-05,4.7962569413738775e-05,Pos10-Pos164
10,164,Pos10_T-Pos164_I,0.0,1.1044318630757184e-08,Pos10-Pos164
10,164,Pos10_T-Pos164_R,0.0,9.30047884695342e-09,Pos10-Pos164
10,164,Pos10_T-Pos164_G,0.0,1.5694558054233896e-08,Pos10-Pos164
10,164,Pos10_H-Pos164_S,1.2054873785471467e-05,2.3981284706869387e-05,Pos10-Pos164
10,164,Pos10_H-Pos164_I,0.0,5.522159315378592e-09,Pos10-Pos164
10,164,Pos10_H-Pos164_R,0.0,4.65023942347671e-09,Pos10-Pos164
10,164,Pos10_H-Pos164_G,0.0,7.847279027116948e-09,Pos10-Pos164
10,172,Pos10_I-Pos172_L,0.0,3.6329995495911792e-09,Pos10-Pos172
10,172,Pos10_I-Pos172_I,0.0,1.0739146668591525e-07,Pos10-Pos172
10,172,Pos10_I-Pos172_T,0.0,2.9063996396729434e-09,Pos10-Pos172
10,172,Pos10_I-Pos172_R,0.0,7.2659990991823585e-09,Pos10-Pos172
10,172,Pos10_I-Pos172_V,0.0,4.940879387444003e-09,Pos10-Pos172
10,172,Pos10_I-Pos172_K,0.0,4.3595994595094154e-10,Pos10-Pos172
10,172,Pos10_D-Pos172_L,0.0,2.8482716468794846e-06,Pos10-Pos172
10,172,Pos10_D-Pos172_I,2.4109747570942933e-05,8.419490988175756e-05,Pos10-Pos172
10,172,Pos10_D-Pos172_T,0.0,2.2786173175035875e-06,Pos10-Pos172
10,172,Pos10_D-Pos172_R,0.0,5.696543293758969e-06,Pos10-Pos172
10,172,Pos10_D-Pos172_V,0.0,3.873649439756099e-06,Pos10-Pos172
10,172,Pos10_D-Pos172_K,0.0,3.4179259762553816e-07,Pos10-Pos172
10,172,Pos10_S-Pos172_L,0.0,3.996299504550297e-07,Pos10-Pos172
10,172,Pos10_S-Pos172_I,1.2054873785471467e-05,1.1813061335450677e-05,Pos10-Pos172
10,172,Pos10_S-Pos172_T,0.0,3.1970396036402374e-07,Pos10-Pos172
10,172,Pos10_S-Pos172_R,0.0,7.992599009100594e-07,Pos10-Pos172
10,172,Pos10_S-Pos172_V,1.2054873785471467e-05,5.434967326188403e-07,Pos10-Pos172
10,172,Pos10_S-Pos172_K,0.0,4.795559405460357e-08,Pos10-Pos172
10,172,Pos10_K-Pos172_L,0.0,1.8164997747955894e-08,Pos10-Pos172
10,172,Pos10_K-Pos172_I,0.0,5.369573334295762e-07,Pos10-Pos172
10,172,Pos10_K-Pos172_T,0.0,1.4531998198364715e-08,Pos10-Pos172
10,172,Pos10_K-Pos172_R,0.0,3.632999549591179e-08,Pos10-Pos172
10,172,Pos10_K-Pos172_V,0.0,2.4704396937220014e-08,Pos10-Pos172
10,172,Pos10_K-Pos172_K,0.0,2.1797997297547075e-09,Pos10-Pos172
10,172,Pos10_T-Pos172_L,0.0,1.4531998198364717e-08,Pos10-Pos172
10,172,Pos10_T-Pos172_I,0.0,4.29565866743661e-07,Pos10-Pos172
10,172,Pos10_T-Pos172_T,0.0,1.1625598558691774e-08,Pos10-Pos172
10,172,Pos10_T-Pos172_R,0.0,2.9063996396729434e-08,Pos10-Pos172
10,172,Pos10_T-Pos172_V,0.0,1.976351754977601e-08,Pos10-Pos172
10,172,Pos10_T-Pos172_K,0.0,1.7438397838037662e-09,Pos10-Pos172
10,172,Pos10_H-Pos172_L,0.0,7.2659990991823585e-09,Pos10-Pos172
10,172,Pos10_H-Pos172_I,0.0,2.147829333718305e-07,Pos10-Pos172
10,172,Pos10_H-Pos172_T,0.0,5.812799279345887e-09,Pos10-Pos172
10,172,Pos10_H-Pos172_R,0.0,1.4531998198364717e-08,Pos10-Pos172
10,172,Pos10_H-Pos172_V,0.0,9.881758774888006e-09,Pos10-Pos172
10,172,Pos10_H-Pos172_K,0.0,8.719198919018831e-10,Pos10-Pos172
10,220,Pos10_I-Pos220_V,1.2054873785471467e-05,1.2033947708065822e-05,Pos10-Pos220
10,220,Pos10_I-Pos220_I,0.0,3.6329995495911792e-09,Pos10-Pos220
10,220,Pos10_I-Pos220_A,0.0,1.5985198018201188e-09,Pos10-Pos220
10,220,Pos10_I-Pos220_F,0.0,2.1797997297547075e-09,Pos10-Pos220
10,220,Pos10_I-Pos220_D,0.0,1.4531998198364718e-10,Pos10-Pos220
10,220,Pos10_D-Pos220_V,0.009414856426453216,0.009434615003123604,Pos10-Pos220
10,220,Pos10_D-Pos220_I,0.0,2.8482716468794846e-06,Pos10-Pos220
10,220,Pos10_D-Pos220_A,0.0,1.2532395246269733e-06,Pos10-Pos220
10,220,Pos10_D-Pos220_F,0.0,1.7089629881276907e-06,Pos10-Pos220
10,220,Pos10_D-Pos220_D,0.0,1.1393086587517938e-07,Pos10-Pos220
10,220,Pos10_S-Pos220_V,0.0013260361164018613,0.0013237342478872403,Pos10-Pos220
10,220,Pos10_S-Pos220_I,0.0,3.996299504550297e-07,Pos10-Pos220
10,220,Pos10_S-Pos220_A,0.0,1.7583717820021307e-07,Pos10-Pos220
10,220,Pos10_S-Pos220_F,0.0,2.397779702730178e-07,Pos10-Pos220
10,220,Pos10_S-Pos220_D,0.0,1.5985198018201187e-08,Pos10-Pos220
10,220,Pos10_K-Pos220_V,6.027436892735733e-05,6.0169738540329105e-05,Pos10-Pos220
10,220,Pos10_K-Pos220_I,0.0,1.8164997747955894e-08,Pos10-Pos220
10,220,Pos10_K-Pos220_A,0.0,7.992599009100594e-09,Pos10-Pos220
10,220,Pos10_K-Pos220_F,0.0,1.0898998648773537e-08,Pos10-Pos220
10,220,Pos10_K-Pos220_D,0.0,7.265999099182358e-10,Pos10-Pos220
10,220,Pos10_T-Pos220_V,4.821949514188587e-05,4.813579083226329e-05,Pos10-Pos220
10,220,Pos10_T-Pos220_I,0.0,1.4531998198364717e-08,Pos10-Pos220
10,220,Pos10_T-Pos220_A,0.0,6.394079207280475e-09,Pos10-Pos220
10,220,Pos10_T-Pos220_F,0.0,8.71919891901883e-09,Pos10-Pos220
10,220,Pos10_T-Pos220_D,0.0,5.812799279345887e-10,Pos10-Pos220
10,220,Pos10_H-Pos220_V,2.4109747570942933e-05,2.4067895416131644e-05,Pos10-Pos220
10,220,Pos10_H-Pos220_I,0.0,7.2659990991823585e-09,Pos10-Pos220
10,220,Pos10_H-Pos220_A,0.0,3.1970396036402377e-09,Pos10-Pos220
10,220,Pos10_H-Pos220_F,0.0,4.359599459509415e-09,Pos10-Pos220
10,220,Pos10_H-Pos220_D,0.0,2.9063996396729436e-10,Pos10-Pos220
10,225,Pos10_I-Pos225_T,1.2054873785471467e-05,1.2035400907885658e-05,Pos10-Pos225
10,225,Pos10_I-Pos225_I,0.0,8.137918991084241e-09,Pos10-Pos225
10,225,Pos10_I-Pos225_L,0.0,2.4704396937220014e-09,Pos10-Pos225
10,225,Pos10_I-Pos225_S,0.0,2.9063996396729436e-10,Pos10-Pos225
10,225,Pos10_I-Pos225_A,0.0,8.719198919018831e-10,Pos10-Pos225
10,225,Pos10_D-Pos225_T,0.009426911300238686,0.009435754311782356,Pos10-Pos225
10,225,Pos10_D-Pos225_I,0.0,6.3801284890100446e-06,Pos10-Pos225
10,225,Pos10_D-Pos225_L,0.0,1.9368247198780494e-06,Pos10-Pos225
10,225,Pos10_D-Pos225_S,0.0,2.2786173175035876e-07,Pos10-Pos225
10,225,Pos10_D-Pos225_A,0.0,6.835851952510763e-07,Pos10-Pos225
10,225,Pos10_S-Pos225_T,0.0013260361164018613,0.0013238940998674224,Pos10-Pos225
10,225,Pos10_S-Pos225_I,0.0,8.951710890192665e-07,Pos10-Pos225
10,225,Pos10_S-Pos225_L,0.0,2.7174836630942017e-07,Pos10-Pos225
10,225,Pos10_S-Pos225_S,0.0,3.1970396036402374e-08,Pos10-Pos225
10,225,Pos10_S-Pos225_A,0.0,9.591118810920714e-08,Pos10-Pos225
10,225,Pos10_K-Pos225_T,6.027436892735733e-05,6.017700453942829e-05,Pos10-Pos225
10,225,Pos10_K-Pos225_I,0.0,4.06895949554212e-08,Pos10-Pos225
10,225,Pos10_K-Pos225_L,0.0,1.2352198468610007e-08,Pos10-Pos225
10,225,Pos10_K-Pos225_S,0.0,1.4531998198364717e-09,Pos10-Pos225
10,225,Pos10_K-Pos225_A,0.0,4.359599459509415e-09,Pos10-Pos225
10,225,Pos10_T-Pos225_T,4.821949514188587e-05,4.814160363154263e-05,Pos10-Pos225
10,225,Pos10_T-Pos225_I,0.0,3.2551675964336963e-08,Pos10-Pos225
10,225,Pos10_T-Pos225_L,0.0,9.881758774888006e-09,Pos10-Pos225
10,225,Pos10_T-Pos225_S,0.0,1.1625598558691774e-09,Pos10-Pos225
10,225,Pos10_T-Pos225_A,0.0,3.4876795676075323e-09,Pos10-Pos225
10,225,Pos10_H-Pos225_T,2.4109747570942933e-05,2.4070801815771315e-05,Pos10-Pos225
10,225,Pos10_H-Pos225_I,0.0,1.6275837982168482e-08,Pos10-Pos225
10,225,Pos10_H-Pos225_L,0.0,4.940879387444003e-09,Pos10-Pos225
10,225,Pos10_H-Pos225_S,0.0,5.812799279345887e-10,Pos10-Pos225
10,225,Pos10_H-Pos225_A,0.0,1.7438397838037662e-09,Pos10-Pos225
10,231,Pos10_I-Pos231_R,0.0,2.673887668499108e-07,Pos10-Pos231
10,231,Pos10_I-Pos231_S,0.0,7.600235057744746e-08,Pos10-Pos231
10,231,Pos10_I-Pos231_L,0.0,2.9063996396729436e-10,Pos10-Pos231
10,231,Pos10_I-Pos231_Y,0.0,3.0517196216565903e-09,Pos10-Pos231
10,231,Pos10_I-Pos231_G,0.0,1.7438397838037662e-09,Pos10-Pos231
10,231,Pos10_I-Pos231_F,0.0,1.1625598558691774e-09,Pos10-Pos231
10,231,Pos10_I-Pos231_*,0.0,7.265999099182358e-10,Pos10-Pos231
10,231,Pos10_D-Pos231_R,0.00012054873785471466,0.00020963279321033006,Pos10-Pos231
10,231,Pos10_D-Pos231_S,3.61646213564144e-05,5.958584285271881e-05,Pos10-Pos231
10,231,Pos10_D-Pos231_L,0.0,2.2786173175035876e-07,Pos10-Pos231
10,231,Pos10_D-Pos231_Y,0.0,2.392548183378767e-06,Pos10-Pos231
10,231,Pos10_D-Pos231_G,0.0,1.3671703905021526e-06,Pos10-Pos231
10,231,Pos10_D-Pos231_F,0.0,9.11446927001435e-07,Pos10-Pos231
10,231,Pos10_D-Pos231_*,0.0,5.696543293758969e-07,Pos10-Pos231
10,231,Pos10_S-Pos231_R,2.4109747570942933e-05,2.9412764353490185e-05,Pos10-Pos231
10,231,Pos10_S-Pos231_S,0.0,8.360258563519221e-06,Pos10-Pos231
10,231,Pos10_S-Pos231_L,0.0,3.1970396036402374e-08,Pos10-Pos231
10,231,Pos10_S-Pos231_Y,0.0,3.356891583822249e-07,Pos10-Pos231
10,231,Pos10_S-Pos231_G,0.0,1.9182237621841427e-07,Pos10-Pos231
10,231,Pos10_S-Pos231_F,0.0,1.278815841456095e-07,Pos10-Pos231
10,231,Pos10_S-Pos231_*,0.0,7.992599009100594e-08,Pos10-Pos231
10,231,Pos10_K-Pos231_R,0.0,1.336943834249554e-06,Pos10-Pos231
10,231,Pos10_K-Pos231_S,0.0,3.800117528872373e-07,Pos10-Pos231
10,231,Pos10_K-Pos231_L,0.0,1.4531998198364717e-09,Pos10-Pos231
10,231,Pos10_K-Pos231_Y,0.0,1.525859810828295e-08,Pos10-Pos231
10,231,Pos10_K-Pos231_G,0.0,8.71919891901883e-09,Pos10-Pos231
10,231,Pos10_K-Pos231_F,0.0,5.812799279345887e-09,Pos10-Pos231
10,231,Pos10_K-Pos231_*,0.0,3.632999549591179e-09,Pos10-Pos231
10,231,Pos10_T-Pos231_R,1.2054873785471467e-05,1.0695550673996431e-06,Pos10-Pos231
10,231,Pos10_T-Pos231_S,0.0,3.0400940230978984e-07,Pos10-Pos231
10,231,Pos10_T-Pos231_L,0.0,1.1625598558691774e-09,Pos10-Pos231
10,231,Pos10_T-Pos231_Y,0.0,1.2206878486626361e-08,Pos10-Pos231
10,231,Pos10_T-Pos231_G,0.0,6.975359135215065e-09,Pos10-Pos231
10,231,Pos10_T-Pos231_F,0.0,4.65023942347671e-09,Pos10-Pos231
10,231,Pos10_T-Pos231_*,0.0,2.9063996396729434e-09,Pos10-Pos231
10,231,Pos10_H-Pos231_R,0.0,5.347775336998216e-07,Pos10-Pos231
10,231,Pos10_H-Pos231_S,0.0,1.5200470115489492e-07,Pos10-Pos231
10,231,Pos10_H-Pos231_L,0.0,5.812799279345887e-10,Pos10-Pos231
10,231,Pos10_H-Pos231_Y,0.0,6.103439243313181e-09,Pos10-Pos231
10,231,Pos10_H-Pos231_G,0.0,3.4876795676075323e-09,Pos10-Pos231
10,231,Pos10_H-Pos231_F,0.0,2.325119711738355e-09,Pos10-Pos231
10,231,Pos10_H-Pos231_*,0.0,1.4531998198364717e-09,Pos10-Pos231
10,232,Pos10_I-Pos232_T,0.0,9.387670836143607e-08,Pos10-Pos232
10,232,Pos10_I-Pos232_F,0.0,1.0027078756871655e-08,Pos10-Pos232
10,232,Pos10_I-Pos232_L,0.0,1.3369438342495538e-08,Pos10-Pos232
10,232,Pos10_I-Pos232_V,0.0,1.9036917639857778e-08,Pos10-Pos232
10,232,Pos10_I-Pos232_S,0.0,9.30047884695342e-09,Pos10-Pos232
10,232,Pos10_I-Pos232_N,0.0,2.761079657689296e-09,Pos10-Pos232
10,232,Pos10_I-Pos232_M,0.0,2.0344797477710602e-09,Pos10-Pos232
10,232,Pos10_I-Pos232_A,0.0,2.9063996396729436e-10,Pos10-Pos232
10,232,Pos10_D-Pos232_T,0.00043397545627697277,7.359933935536587e-05,Pos10-Pos232
10,232,Pos10_D-Pos232_F,1.2054873785471467e-05,7.861229745387377e-06,Pos10-Pos232
10,232,Pos10_D-Pos232_L,1.2054873785471467e-05,1.0481639660516502e-05,Pos10-Pos232
10,232,Pos10_D-Pos232_V,2.4109747570942933e-05,1.4924943429648497e-05,Pos10-Pos232
10,232,Pos10_D-Pos232_S,0.0,7.29157541601148e-06,Pos10-Pos232
10,232,Pos10_D-Pos232_N,0.0,2.164686451628408e-06,Pos10-Pos232
10,232,Pos10_D-Pos232_M,0.0,1.5950321222525111e-06,Pos10-Pos232
10,232,Pos10_D-Pos232_A,0.0,2.2786173175035876e-07,Pos10-Pos232
10,232,Pos10_S-Pos232_T,0.0,1.0326437919757967e-05,Pos10-Pos232
10,232,Pos10_S-Pos232_F,0.0,1.102978663255882e-06,Pos10-Pos232
10,232,Pos10_S-Pos232_L,0.0,1.4706382176745093e-06,Pos10-Pos232
10,232,Pos10_S-Pos232_V,0.0,2.0940609403843554e-06,Pos10-Pos232
10,232,Pos10_S-Pos232_S,0.0,1.023052673164876e-06,Pos10-Pos232
10,232,Pos10_S-Pos232_N,0.0,3.0371876234582257e-07,Pos10-Pos232
10,232,Pos10_S-Pos232_M,0.0,2.2379277225481662e-07,Pos10-Pos232
10,232,Pos10_S-Pos232_A,0.0,3.1970396036402374e-08,Pos10-Pos232
10,232,Pos10_K-Pos232_T,0.0,4.6938354180718033e-07,Pos10-Pos232
10,232,Pos10_K-Pos232_F,0.0,5.0135393784358274e-08,Pos10-Pos232
10,232,Pos10_K-Pos232_L,0.0,6.68471917124777e-08,Pos10-Pos232
10,232,Pos10_K-Pos232_V,0.0,9.518458819928888e-08,Pos10-Pos232
10,232,Pos10_K-Pos232_S,0.0,4.6502394234767094e-08,Pos10-Pos232
10,232,Pos10_K-Pos232_N,0.0,1.380539828844648e-08,Pos10-Pos232
10,232,Pos10_K-Pos232_M,0.0,1.01723987388553e-08,Pos10-Pos232
10,232,Pos10_K-Pos232_A,0.0,1.4531998198364717e-09,Pos10-Pos232
10,232,Pos10_T-Pos232_T,0.0,3.7550683344574426e-07,Pos10-Pos232
10,232,Pos10_T-Pos232_F,0.0,4.010831502748662e-08,Pos10-Pos232
10,232,Pos10_T-Pos232_L,0.0,5.347775336998215e-08,Pos10-Pos232
10,232,Pos10_T-Pos232_V,0.0,7.614767055943111e-08,Pos10-Pos232
10,232,Pos10_T-Pos232_S,0.0,3.720191538781368e-08,Pos10-Pos232
10,232,Pos10_T-Pos232_N,0.0,1.1044318630757184e-08,Pos10-Pos232
10,232,Pos10_T-Pos232_M,0.0,8.137918991084241e-09,Pos10-Pos232
10,232,Pos10_T-Pos232_A,0.0,1.1625598558691774e-09,Pos10-Pos232
10,232,Pos10_H-Pos232_T,0.0,1.8775341672287213e-07,Pos10-Pos232
10,232,Pos10_H-Pos232_F,0.0,2.005415751374331e-08,Pos10-Pos232
10,232,Pos10_H-Pos232_L,0.0,2.6738876684991077e-08,Pos10-Pos232
10,232,Pos10_H-Pos232_V,0.0,3.8073835279715556e-08,Pos10-Pos232
10,232,Pos10_H-Pos232_S,0.0,1.860095769390684e-08,Pos10-Pos232
10,232,Pos10_H-Pos232_N,0.0,5.522159315378592e-09,Pos10-Pos232
10,232,Pos10_H-Pos232_M,0.0,4.0689594955421204e-09,Pos10-Pos232
10,232,Pos10_H-Pos232_A,0.0,5.812799279345887e-10,Pos10-Pos232
10,390,Pos10_I-Pos390_S,0.0,1.5026086137109117e-07,Pos10-Pos390
10,390,Pos10_I-Pos390_T,0.0,2.1797997297547075e-09,Pos10-Pos390
10,390,Pos10_I-Pos390_D,0.0,6.975359135215065e-09,Pos10-Pos390
10,390,Pos10_I-Pos390_E,0.0,8.864518901002478e-09,Pos10-Pos390
10,390,Pos10_I-Pos390_I,0.0,4.0689594955421204e-09,Pos10-Pos390
10,390,Pos10_I-Pos390_K,0.0,8.283238973067888e-09,Pos10-Pos390
10,390,Pos10_I-Pos390_H,0.0,2.9063996396729436e-10,Pos10-Pos390
10,390,Pos10_I-Pos390_R,0.0,2.9063996396729436e-10,Pos10-Pos390
10,390,Pos10_I-Pos390_Y,0.0,1.4531998198364718e-10,Pos10-Pos390
10,390,Pos10_D-Pos390_S,3.61646213564144e-05,0.00011780451531493548,Pos10-Pos390
10,390,Pos10_D-Pos390_T,0.0,1.7089629881276907e-06,Pos10-Pos390
10,390,Pos10_D-Pos390_D,1.2054873785471467e-05,5.468681562008611e-06,Pos10-Pos390
10,390,Pos10_D-Pos390_E,0.0,6.949782818385942e-06,Pos10-Pos390
10,390,Pos10_D-Pos390_I,0.0,3.1900642445050223e-06,Pos10-Pos390
10,390,Pos10_D-Pos390_K,0.0,6.494059354885224e-06,Pos10-Pos390
10,390,Pos10_D-Pos390_H,0.0,2.2786173175035876e-07,Pos10-Pos390
10,390,Pos10_D-Pos390_R,0.0,2.2786173175035876e-07,Pos10-Pos390
10,390,Pos10_D-Pos390_Y,0.0,1.1393086587517938e-07,Pos10-Pos390
10,390,Pos10_S-Pos390_S,0.0,1.652869475082003e-05,Pos10-Pos390
10,390,Pos10_S-Pos390_T,0.0,2.397779702730178e-07,Pos10-Pos390
10,390,Pos10_S-Pos390_D,0.0,7.672895048736571e-07,Pos10-Pos390
10,390,Pos10_S-Pos390_E,0.0,9.750970791102723e-07,Pos10-Pos390
10,390,Pos10_S-Pos390_I,0.0,4.4758554450963324e-07,Pos10-Pos390
10,390,Pos10_S-Pos390_K,0.0,9.111562870374676e-07,Pos10-Pos390
10,390,Pos10_S-Pos390_H,0.0,3.1970396036402374e-08,Pos10-Pos390
10,390,Pos10_S-Pos390_R,0.0,3.1970396036402374e-08,Pos10-Pos390
10,390,Pos10_S-Pos390_Y,0.0,1.5985198018201187e-08,Pos10-Pos390
10,390,Pos10_K-Pos390_S,0.0,7.513043068554558e-07,Pos10-Pos390
10,390,Pos10_K-Pos390_T,0.0,1.0898998648773537e-08,Pos10-Pos390
10,390,Pos10_K-Pos390_D,0.0,3.487679567607532e-08,Pos10-Pos390
10,390,Pos10_K-Pos390_E,0.0,4.432259450501238e-08,Pos10-Pos390
10,390,Pos10_K-Pos390_I,0.0,2.03447974777106e-08,Pos10-Pos390
10,390,Pos10_K-Pos390_K,0.0,4.141619486533944e-08,Pos10-Pos390
10,390,Pos10_K-Pos390_H,0.0,1.4531998198364717e-09,Pos10-Pos390
10,390,Pos10_K-Pos390_R,0.0,1.4531998198364717e-09,Pos10-Pos390
10,390,Pos10_K-Pos390_Y,0.0,7.265999099182358e-10,Pos10-Pos390
10,390,Pos10_T-Pos390_S,0.0,6.010434454843647e-07,Pos10-Pos390
10,390,Pos10_T-Pos390_T,0.0,8.71919891901883e-09,Pos10-Pos390
10,390,Pos10_T-Pos390_D,0.0,2.790143654086026e-08,Pos10-Pos390
10,390,Pos10_T-Pos390_E,0.0,3.545807560400991e-08,Pos10-Pos390
10,390,Pos10_T-Pos390_I,0.0,1.6275837982168482e-08,Pos10-Pos390
10,390,Pos10_T-Pos390_K,0.0,3.313295589227155e-08,Pos10-Pos390
10,390,Pos10_T-Pos390_H,0.0,1.1625598558691774e-09,Pos10-Pos390
10,390,Pos10_T-Pos390_R,0.0,1.1625598558691774e-09,Pos10-Pos390
10,390,Pos10_T-Pos390_Y,0.0,5.812799279345887e-10,Pos10-Pos390
10,390,Pos10_H-Pos390_S,0.0,3.0052172274218233e-07,Pos10-Pos390
10,390,Pos10_H-Pos390_T,0.0,4.359599459509415e-09,Pos10-Pos390
10,390,Pos10_H-Pos390_D,0.0,1.395071827043013e-08,Pos10-Pos390
10,390,Pos10_H-Pos390_E,0.0,1.7729037802004955e-08,Pos10-Pos390
10,390,Pos10_H-Pos390_I,0.0,8.137918991084241e-09,Pos10-Pos390
10,390,Pos10_H-Pos390_K,0.0,1.6566477946135776e-08,Pos10-Pos390
10,390,Pos10_H-Pos390_H,0.0,5.812799279345887e-10,Pos10-Pos390
10,390,Pos10_H-Pos390_R,0.0,5.812799279345887e-10,Pos10-Pos390
10,390,Pos10_H-Pos390_Y,0.0,2.9063996396729436e-10,Pos10-Pos390
60,98,Pos60_G-Pos98_P,0.00010849386406924319,0.0002728668942107483,Pos60-Pos98
60,98,Pos60_G-Pos98_I,0.0,1.6267118783249461e-06,Pos60-Pos98
60,98,Pos60_G-Pos98_S,0.0,3.6460783479697066e-07,Pos60-Pos98
60,98,Pos60_G-Pos98_R,0.0,8.694494522081608e-07,Pos60-Pos98
60,98,Pos60_G-Pos98_V,0.0,5.60935130456878e-08,Pos60-Pos98
60,98,Pos60_G-Pos98_F,0.0,6.170286435025658e-07,Pos60-Pos98
60,98,Pos60_G-Pos98_T,0.0,2.80467565228439e-08,Pos60-Pos98
60,98,Pos60_G-Pos98_H,0.0,1.402337826142195e-07,Pos60-Pos98
60,98,Pos60_N-Pos98_P,0.00025315234949490077,0.0009896726733032322,Pos60-Pos98
60,98,Pos60_N-Pos98_I,0.0,5.899991268536074e-06,Pos60-Pos98
60,98,Pos60_N-Pos98_S,0.0,1.3224118360511891e-06,Pos60-Pos98
60,98,Pos60_N-Pos98_R,0.0,3.1534436090451433e-06,Pos60-Pos98
60,98,Pos60_N-Pos98_V,0.0,2.0344797477710603e-07,Pos60-Pos98
60,98,Pos60_N-Pos98_F,0.0,2.2379277225481664e-06,Pos60-Pos98
60,98,Pos60_N-Pos98_T,0.0,1.0172398738855302e-07,Pos60-Pos98
60,98,Pos60_N-Pos98_H,0.0,5.08619936942765e-07,Pos60-Pos98
60,98,Pos60_R-Pos98_P,2.4109747570942933e-05,2.2621089675502452e-05,Pos60-Pos98
60,98,Pos60_R-Pos98_I,0.0,1.3485694328082457e-07,Pos60-Pos98
60,98,Pos60_R-Pos98_S,0.0,3.0226556252598606e-08,Pos60-Pos98
60,98,Pos60_R-Pos98_R,0.0,7.207871106388899e-08,Pos60-Pos98
60,98,Pos60_R-Pos98_V,0.0,4.65023942347671e-09,Pos60-Pos98
60,98,Pos60_R-Pos98_F,0.0,5.11526336582438e-08,Pos60-Pos98
60,98,Pos60_R-Pos98_T,0.0,2.325119711738355e-09,Pos60-Pos98
60,98,Pos60_R-Pos98_H,0.0,1.1625598558691774e-08,Pos60-Pos98
60,98,Pos60_T-Pos98_P,1.2054873785471467e-05,8.48290862831342e-06,Pos60-Pos98
60,98,Pos60_T-Pos98_I,0.0,5.057135373030921e-08,Pos60-Pos98
60,98,Pos60_T-Pos98_S,0.0,1.1334958594724479e-08,Pos60-Pos98
60,98,Pos60_T-Pos98_R,0.0,2.702951664895837e-08,Pos60-Pos98
60,98,Pos60_T-Pos98_V,0.0,1.7438397838037662e-09,Pos60-Pos98
60,98,Pos60_T-Pos98_F,0.0,1.918223762184143e-08,Pos60-Pos98
60,98,Pos60_T-Pos98_T,0.0,8.719198919018831e-10,Pos60-Pos98
60,98,Pos60_T-Pos98_H,0.0,4.359599459509415e-09,Pos60-Pos98
60,98,Pos60_I-Pos98_P,0.0,1.696581725662684e-05,Pos60-Pos98
60,98,Pos60_I-Pos98_I,0.0,1.0114270746061843e-07,Pos60-Pos98
60,98,Pos60_I-Pos98_S,0.0,2.2669917189448958e-08,Pos60-Pos98
60,98,Pos60_I-Pos98_R,0.0,5.405903329791674e-08,Pos60-Pos98
60,98,Pos60_I-Pos98_V,0.0,3.4876795676075323e-09,Pos60-Pos98
60,98,Pos60_I-Pos98_F,0.0,3.836447524368286e-08,Pos60-Pos98
60,98,Pos60_I-Pos98_T,0.0,1.7438397838037662e-09,Pos60-Pos98
60,98,Pos60_I-Pos98_H,0.0,8.71919891901883e-09,Pos60-Pos98
60,98,Pos60_C-Pos98_P,2.4109747570942933e-05,2.8276362094378065e-06,Pos60-Pos98
60,98,Pos60_C-Pos98_I,0.0,1.685711791010307e-08,Pos60-Pos98
60,98,Pos60_C-Pos98_S,0.0,3.778319531574826e-09,Pos60-Pos98
60,98,Pos60_C-Pos98_R,0.0,9.009838882986123e-09,Pos60-Pos98
60,98,Pos60_C-Pos98_V,0.0,5.812799279345887e-10,Pos60-Pos98
60,98,Pos60_C-Pos98_F,0.0,6.394079207280475e-09,Pos60-Pos98
60,98,Pos60_C-Pos98_T,0.0,2.9063996396729436e-10,Pos60-Pos98
60,98,Pos60_C-Pos98_H,0.0,1.4531998198364717e-09,Pos60-Pos98
60,101,Pos60_G-Pos101_S,1.2054873785471467e-05,3.14965075751537e-05,Pos60-Pos101
60,101,Pos60_G-Pos101_C,0.0,8.974962087310048e-07,Pos60-Pos101
60,101,Pos60_G-Pos101_A,0.0,1.963272956599073e-07,Pos60-Pos101
60,101,Pos60_G-Pos101_V,0.0,3.6460783479697066e-07,Pos60-Pos101
60,101,Pos60_G-Pos101_D,0.0,9.255429652538487e-07,Pos60-Pos101
60,101,Pos60_G-Pos101_R,0.0,2.80467565228439e-08,Pos60-Pos101
60,101,Pos60_N-Pos101_S,2.4109747570942933e-05,0.00011423603783734503,Pos60-Pos101
60,101,Pos60_N-Pos101_C,0.0,3.2551675964336965e-06,Pos60-Pos101
60,101,Pos60_N-Pos101_A,0.0,7.120679117198711e-07,Pos60-Pos101
60,101,Pos60_N-Pos101_V,0.0,1.3224118360511891e-06,Pos60-Pos101
60,101,Pos60_N-Pos101_D,0.0,3.3568915838222492e-06,Pos60-Pos101
60,101,Pos60_N-Pos101_R,0.0,1.0172398738855302e-07,Pos60-Pos101
60,101,Pos60_R-Pos101_S,0.0,2.6111094362821723e-06,Pos60-Pos101
60,101,Pos60_R-Pos101_C,0.0,7.440383077562736e-08,Pos60-Pos101
60,101,Pos60_R-Pos101_A,0.0,1.6275837982168482e-08,Pos60-Pos101
60,101,Pos60_R-Pos101_V,0.0,3.0226556252598606e-08,Pos60-Pos101
60,101,Pos60_R-Pos101_D,0.0,7.67289504873657e-08,Pos60-Pos101
60,101,Pos60_R-Pos101_R,0.0,2.325119711738355e-09,Pos60-Pos101
60,101,Pos60_T-Pos101_S,0.0,9.791660386058146e-07,Pos60-Pos101
60,101,Pos60_T-Pos101_C,0.0,2.790143654086026e-08,Pos60-Pos101
60,101,Pos60_T-Pos101_A,0.0,6.103439243313181e-09,Pos60-Pos101
60,101,Pos60_T-Pos101_V,0.0,1.1334958594724479e-08,Pos60-Pos101
60,101,Pos60_T-Pos101_D,0.0,2.877335643276214e-08,Pos60-Pos101
60,101,Pos60_T-Pos101_R,0.0,8.719198919018831e-10,Pos60-Pos101
60,101,Pos60_I-Pos101_S,0.0,1.9583320772116292e-06,Pos60-Pos101
60,101,Pos60_I-Pos101_C,0.0,5.580287308172052e-08,Pos60-Pos101
60,101,Pos60_I-Pos101_A,0.0,1.2206878486626361e-08,Pos60-Pos101
60,101,Pos60_I-Pos101_V,0.0,2.2669917189448958e-08,Pos60-Pos101
60,101,Pos60_I-Pos101_D,0.0,5.754671286552428e-08,Pos60-Pos101
60,101,Pos60_I-Pos101_R,0.0,1.7438397838037662e-09,Pos60-Pos101
60,101,Pos60_C-Pos101_S,0.0,3.2638867953527154e-07,Pos60-Pos101
60,101,Pos60_C-Pos101_C,0.0,9.30047884695342e-09,Pos60-Pos101
60,101,Pos60_C-Pos101_A,0.0,2.0344797477710602e-09,Pos60-Pos101
60,101,Pos60_C-Pos101_V,0.0,3.778319531574826e-09,Pos60-Pos101
60,101,Pos60_C-Pos101_D,0.0,9.591118810920713e-09,Pos60-Pos101
60,101,Pos60_C-Pos101_R,0.0,2.9063996396729436e-10,Pos60-Pos101
60,138,Pos60_G-Pos138_D,0.0,3.9517879940687055e-05,Pos60-Pos138
60,138,Pos60_G-Pos138_S,0.0,1.963272956599073e-07,Pos60-Pos138
60,138,Pos60_G-Pos138_K,0.0,2.5242080870559507e-07,Pos60-Pos138
60,138,Pos60_G-Pos138_T,0.0,2.80467565228439e-08,Pos60-Pos138
60,138,Pos60_N-Pos138_D,6.027436892735733e-05,0.0001433290982304712,Pos60-Pos138
60,138,Pos60_N-Pos138_S,0.0,7.120679117198711e-07,Pos60-Pos138
60,138,Pos60_N-Pos138_K,0.0,9.155158864969771e-07,Pos60-Pos138
60,138,Pos60_N-Pos138_T,0.0,1.0172398738855302e-07,Pos60-Pos138
60,138,Pos60_R-Pos138_D,0.0,3.276093673839342e-06,Pos60-Pos138
60,138,Pos60_R-Pos138_S,0.0,1.6275837982168482e-08,Pos60-Pos138
60,138,Pos60_R-Pos138_K,0.0,2.092607740564519e-08,Pos60-Pos138
60,138,Pos60_R-Pos138_T,0.0,2.325119711738355e-09,Pos60-Pos138
60,138,Pos60_T-Pos138_D,0.0,1.2285351276897533e-06,Pos60-Pos138
60,138,Pos60_T-Pos138_S,0.0,6.103439243313181e-09,Pos60-Pos138
60,138,Pos60_T-Pos138_K,0.0,7.847279027116946e-09,Pos60-Pos138
60,138,Pos60_T-Pos138_T,0.0,8.719198919018831e-10,Pos60-Pos138
60,138,Pos60_I-Pos138_D,0.0,2.4570702553795067e-06,Pos60-Pos138
60,138,Pos60_I-Pos138_S,0.0,1.2206878486626361e-08,Pos60-Pos138
60,138,Pos60_I-Pos138_K,0.0,1.5694558054233892e-08,Pos60-Pos138
60,138,Pos60_I-Pos138_T,0.0,1.7438397838037662e-09,Pos60-Pos138
60,138,Pos60_C-Pos138_D,0.0,4.0951170922991775e-07,Pos60-Pos138
60,138,Pos60_C-Pos138_S,0.0,2.0344797477710602e-09,Pos60-Pos138
60,138,Pos60_C-Pos138_K,0.0,2.6157596757056487e-09,Pos60-Pos138
60,138,Pos60_C-Pos138_T,0.0,2.9063996396729436e-10,Pos60-Pos138
60,154,Pos60_G-Pos154_G,1.2054873785471467e-05,5.1017050115053054e-05,Pos60-Pos154
60,154,Pos60_G-Pos154_A,0.0,1.4864780957107266e-06,Pos60-Pos154
60,154,Pos60_G-Pos154_K,0.0,4.487481043655024e-07,Pos60-Pos154
60,154,Pos60_G-Pos154_V,0.0,2.80467565228439e-08,Pos60-Pos154
60,154,Pos60_G-Pos154_D,0.0,2.243740521827512e-07,Pos60-Pos154
60,154,Pos60_G-Pos154_*,0.0,5.60935130456878e-08,Pos60-Pos154
60,154,Pos60_N-Pos154_G,0.00019287798056754347,0.0001850359330597779,Pos60-Pos154
60,154,Pos60_N-Pos154_A,0.0,5.391371331593309e-06,Pos60-Pos154
60,154,Pos60_N-Pos154_K,0.0,1.6275837982168482e-06,Pos60-Pos154
60,154,Pos60_N-Pos154_V,0.0,1.0172398738855302e-07,Pos60-Pos154
60,154,Pos60_N-Pos154_D,0.0,8.137918991084241e-07,Pos60-Pos154
60,154,Pos60_N-Pos154_*,0.0,2.0344797477710603e-07,Pos60-Pos154
60,154,Pos60_R-Pos154_G,0.0,4.229392755652067e-06,Pos60-Pos154
60,154,Pos60_R-Pos154_A,0.0,1.2323134472213278e-07,Pos60-Pos154
60,154,Pos60_R-Pos154_K,0.0,3.720191538781368e-08,Pos60-Pos154
60,154,Pos60_R-Pos154_V,0.0,2.325119711738355e-09,Pos60-Pos154
60,154,Pos60_R-Pos154_D,0.0,1.860095769390684e-08,Pos60-Pos154
60,154,Pos60_R-Pos154_*,0.0,4.65023942347671e-09,Pos60-Pos154
60,154,Pos60_T-Pos154_G,0.0,1.586022283369525e-06,Pos60-Pos154
60,154,Pos60_T-Pos154_A,0.0,4.621175427079979e-08,Pos60-Pos154
60,154,Pos60_T-Pos154_K,0.0,1.395071827043013e-08,Pos60-Pos154
60,154,Pos60_T-Pos154_V,0.0,8.719198919018831e-10,Pos60-Pos154
60,154,Pos60_T-Pos154_D,0.0,6.975359135215065e-09,Pos60-Pos154
60,154,Pos60_T-Pos154_*,0.0,1.7438397838037662e-09,Pos60-Pos154
60,154,Pos60_I-Pos154_G,0.0,3.17204456673905e-06,Pos60-Pos154
60,154,Pos60_I-Pos154_A,0.0,9.242350854159959e-08,Pos60-Pos154
60,154,Pos60_I-Pos154_K,0.0,2.790143654086026e-08,Pos60-Pos154
60,154,Pos60_I-Pos154_V,0.0,1.7438397838037662e-09,Pos60-Pos154
60,154,Pos60_I-Pos154_D,0.0,1.395071827043013e-08,Pos60-Pos154
60,154,Pos60_I-Pos154_*,0.0,3.4876795676075323e-09,Pos60-Pos154
60,154,Pos60_C-Pos154_G,0.0,5.286740944565084e-07,Pos60-Pos154
60,154,Pos60_C-Pos154_A,0.0,1.5403918090266598e-08,Pos60-Pos154
60,154,Pos60_C-Pos154_K,0.0,4.65023942347671e-09,Pos60-Pos154
60,154,Pos60_C-Pos154_V,0.0,2.9063996396729436e-10,Pos60-Pos154
60,154,Pos60_C-Pos154_D,0.0,2.325119711738355e-09,Pos60-Pos154
60,154,Pos60_C-Pos154_*,0.0,5.812799279345887e-10,Pos60-Pos154
60,162,Pos60_G-Pos162_I,0.002326590640595993,0.0023135488988128704,Pos60-Pos162
60,162,Pos60_G-Pos162_V,0.0,5.356930495863185e-06,Pos60-Pos162
60,162,Pos60_G-Pos162_T,0.0,2.5242080870559507e-07,Pos60-Pos162
60,162,Pos60_G-Pos162_C,0.0,4.515527800177868e-06,Pos60-Pos162
60,162,Pos60_G-Pos162_M,0.0,2.80467565228439e-08,Pos60-Pos162
60,162,Pos60_G-Pos162_F,0.0,2.80467565228439e-08,Pos60-Pos162
60,162,Pos60_G-Pos162_N,0.0,2.80467565228439e-08,Pos60-Pos162
60,162,Pos60_G-Pos162_*,0.0,2.80467565228439e-08,Pos60-Pos162
60,162,Pos60_G-Pos162_L,0.0,2.80467565228439e-08,Pos60-Pos162
60,162,Pos60_N-Pos162_I,0.008426356776044554,0.008391109995694349,Pos60-Pos162
60,162,Pos60_N-Pos162_V,0.0,1.9429281591213627e-05,Pos60-Pos162
60,162,Pos60_N-Pos162_T,0.0,9.155158864969771e-07,Pos60-Pos162
60,162,Pos60_N-Pos162_C,1.2054873785471467e-05,1.6377561969557033e-05,Pos60-Pos162
60,162,Pos60_N-Pos162_M,0.0,1.0172398738855302e-07,Pos60-Pos162
60,162,Pos60_N-Pos162_F,0.0,1.0172398738855302e-07,Pos60-Pos162
60,162,Pos60_N-Pos162_N,0.0,1.0172398738855302e-07,Pos60-Pos162
60,162,Pos60_N-Pos162_*,0.0,1.0172398738855302e-07,Pos60-Pos162
60,162,Pos60_N-Pos162_L,0.0,1.0172398738855302e-07,Pos60-Pos162
60,162,Pos60_R-Pos162_I,0.00019287798056754347,0.00019179679990158515,Pos60-Pos162
60,162,Pos60_R-Pos162_V,0.0,4.4409786494202573e-07,Pos60-Pos162
60,162,Pos60_R-Pos162_T,0.0,2.092607740564519e-08,Pos60-Pos162
60,162,Pos60_R-Pos162_C,0.0,3.7434427358987506e-07,Pos60-Pos162
60,162,Pos60_R-Pos162_M,0.0,2.325119711738355e-09,Pos60-Pos162
60,162,Pos60_R-Pos162_F,0.0,2.325119711738355e-09,Pos60-Pos162
60,162,Pos60_R-Pos162_N,0.0,2.325119711738355e-09,Pos60-Pos162
60,162,Pos60_R-Pos162_*,0.0,2.325119711738355e-09,Pos60-Pos162
60,162,Pos60_R-Pos162_L,0.0,2.325119711738355e-09,Pos60-Pos162
60,162,Pos60_T-Pos162_I,7.23292427128288e-05,7.192379996309443e-05,Pos60-Pos162
60,162,Pos60_T-Pos162_V,0.0,1.6653669935325967e-07,Pos60-Pos162
60,162,Pos60_T-Pos162_T,0.0,7.847279027116946e-09,Pos60-Pos162
60,162,Pos60_T-Pos162_C,0.0,1.4037910259620316e-07,Pos60-Pos162
60,162,Pos60_T-Pos162_M,0.0,8.719198919018831e-10,Pos60-Pos162
60,162,Pos60_T-Pos162_F,0.0,8.719198919018831e-10,Pos60-Pos162
60,162,Pos60_T-Pos162_N,0.0,8.719198919018831e-10,Pos60-Pos162
60,162,Pos60_T-Pos162_*,0.0,8.719198919018831e-10,Pos60-Pos162
60,162,Pos60_T-Pos162_L,0.0,8.719198919018831e-10,Pos60-Pos162
60,162,Pos60_I-Pos162_I,0.0001446584854256576,0.00014384759992618887,Pos60-Pos162
60,162,Pos60_I-Pos162_V,0.0,3.3307339870651934e-07,Pos60-Pos162
60,162,Pos60_I-Pos162_T,0.0,1.5694558054233892e-08,Pos60-Pos162
60,162,Pos60_I-Pos162_C,0.0,2.807582051924063e-07,Pos60-Pos162
60,162,Pos60_I-Pos162_M,0.0,1.7438397838037662e-09,Pos60-Pos162
60,162,Pos60_I-Pos162_F,0.0,1.7438397838037662e-09,Pos60-Pos162
60,162,Pos60_I-Pos162_N,0.0,1.7438397838037662e-09,Pos60-Pos162
60,162,Pos60_I-Pos162_*,0.0,1.7438397838037662e-09,Pos60-Pos162
60,162,Pos60_I-Pos162_L,0.0,1.7438397838037662e-09,Pos60-Pos162
60,162,Pos60_C-Pos162_I,2.4109747570942933e-05,2.3974599987698143e-05,Pos60-Pos162
60,162,Pos60_C-Pos162_V,0.0,5.5512233117753216e-08,Pos60-Pos162
60,162,Pos60_C-Pos162_T,0.0,2.6157596757056487e-09,Pos60-Pos162
60,162,Pos60_C-Pos162_C,0.0,4.679303419873438e-08,Pos60-Pos162
60,162,Pos60_C-Pos162_M,0.0,2.9063996396729436e-10,Pos60-Pos162
60,162,Pos60_C-Pos162_F,0.0,2.9063996396729436e-10,Pos60-Pos162
60,162,Pos60_C-Pos162_N,0.0,2.9063996396729436e-10,Pos60-Pos162
60,162,Pos60_C-Pos162_*,0.0,2.9063996396729436e-10,Pos60-Pos162
60,162,Pos60_C-Pos162_L,0.0,2.9063996396729436e-10,Pos60-Pos162
60,164,Pos60_G-Pos164_S,0.002326590640595993,0.0023141939742128957,Pos60-Pos164
60,164,Pos60_G-Pos164_I,0.0,5.328883739340341e-07,Pos60-Pos164
60,164,Pos60_G-Pos164_R,0.0,4.487481043655024e-07,Pos60-Pos164
60,164,Pos60_G-Pos164_G,0.0,7.572624261167853e-07,Pos60-Pos164
60,164,Pos60_N-Pos164_S,0.008426356776044554,0.008393449647404285,Pos60-Pos164
60,164,Pos60_N-Pos164_I,0.0,1.9327557603825073e-06,Pos60-Pos164
60,164,Pos60_N-Pos164_R,0.0,1.6275837982168482e-06,Pos60-Pos164
60,164,Pos60_N-Pos164_G,0.0,2.7465476594909315e-06,Pos60-Pos164
60,164,Pos60_R-Pos164_S,0.00019287798056754347,0.0001918502776549551,Pos60-Pos164
60,164,Pos60_R-Pos164_I,0.0,4.417727452302874e-08,Pos60-Pos164
60,164,Pos60_R-Pos164_R,0.0,3.720191538781368e-08,Pos60-Pos164
60,164,Pos60_R-Pos164_G,0.0,6.277823221693558e-08,Pos60-Pos164
60,164,Pos60_T-Pos164_S,7.23292427128288e-05,7.194385412060817e-05,Pos60-Pos164
60,164,Pos60_T-Pos164_I,0.0,1.6566477946135776e-08,Pos60-Pos164
60,164,Pos60_T-Pos164_R,0.0,1.395071827043013e-08,Pos60-Pos164
60,164,Pos60_T-Pos164_G,0.0,2.3541837081350842e-08,Pos60-Pos164
60,164,Pos60_I-Pos164_S,0.0001446584854256576,0.00014388770824121634,Pos60-Pos164
60,164,Pos60_I-Pos164_I,0.0,3.313295589227155e-08,Pos60-Pos164
60,164,Pos60_I-Pos164_R,0.0,2.790143654086026e-08,Pos60-Pos164
60,164,Pos60_I-Pos164_G,0.0,4.7083674162701684e-08,Pos60-Pos164
60,164,Pos60_C-Pos164_S,2.4109747570942933e-05,2.3981284706869387e-05,Pos60-Pos164
60,164,Pos60_C-Pos164_I,0.0,5.522159315378592e-09,Pos60-Pos164
60,164,Pos60_C-Pos164_R,0.0,4.65023942347671e-09,Pos60-Pos164
60,164,Pos60_C-Pos164_G,0.0,7.847279027116948e-09,Pos60-Pos164
60,172,Pos60_G-Pos172_L,0.0,7.011689130710975e-07,Pos60-Pos172
60,172,Pos60_G-Pos172_I,4.821949514188587e-05,2.0726553070381642e-05,Pos60-Pos172
60,172,Pos60_G-Pos172_T,0.0,5.60935130456878e-07,Pos60-Pos172
60,172,Pos60_G-Pos172_R,0.0,1.402337826142195e-06,Pos60-Pos172
60,172,Pos60_G-Pos172_V,0.0,9.535897217766925e-07,Pos60-Pos172
60,172,Pos60_G-Pos172_K,0.0,8.414026956853171e-08,Pos60-Pos172
60,172,Pos60_N-Pos172_L,0.0,2.543099684713825e-06,Pos60-Pos172
60,172,Pos60_N-Pos172_I,2.4109747570942933e-05,7.517402668014068e-05,Pos60-Pos172
60,172,Pos60_N-Pos172_T,0.0,2.03447974777106e-06,Pos60-Pos172
60,172,Pos60_N-Pos172_R,1.2054873785471467e-05,5.08619936942765e-06,Pos60-Pos172
60,172,Pos60_N-Pos172_V,0.0,3.458615571210802e-06,Pos60-Pos172
60,172,Pos60_N-Pos172_K,0.0,3.0517196216565905e-07,Pos60-Pos172
60,172,Pos60_R-Pos172_L,0.0,5.812799279345887e-08,Pos60-Pos172
60,172,Pos60_R-Pos172_I,0.0,1.718263466974644e-06,Pos60-Pos172
60,172,Pos60_R-Pos172_T,0.0,4.6502394234767094e-08,Pos60-Pos172
60,172,Pos60_R-Pos172_R,0.0,1.1625598558691774e-07,Pos60-Pos172
60,172,Pos60_R-Pos172_V,0.0,7.905407019910404e-08,Pos60-Pos172
60,172,Pos60_R-Pos172_K,0.0,6.975359135215065e-09,Pos60-Pos172
60,172,Pos60_T-Pos172_L,0.0,2.1797997297547077e-08,Pos60-Pos172
60,172,Pos60_T-Pos172_I,0.0,6.443488001154915e-07,Pos60-Pos172
60,172,Pos60_T-Pos172_T,0.0,1.743839783803766e-08,Pos60-Pos172
60,172,Pos60_T-Pos172_R,0.0,4.3595994595094154e-08,Pos60-Pos172
60,172,Pos60_T-Pos172_V,0.0,2.964527632466402e-08,Pos60-Pos172
60,172,Pos60_T-Pos172_K,0.0,2.615759675705649e-09,Pos60-Pos172
60,172,Pos60_I-Pos172_L,0.0,4.3595994595094154e-08,Pos60-Pos172
60,172,Pos60_I-Pos172_I,0.0,1.288697600230983e-06,Pos60-Pos172
60,172,Pos60_I-Pos172_T,0.0,3.487679567607532e-08,Pos60-Pos172
60,172,Pos60_I-Pos172_R,0.0,8.719198919018831e-08,Pos60-Pos172
60,172,Pos60_I-Pos172_V,0.0,5.929055264932804e-08,Pos60-Pos172
60,172,Pos60_I-Pos172_K,0.0,5.231519351411298e-09,Pos60-Pos172
60,172,Pos60_C-Pos172_L,0.0,7.2659990991823585e-09,Pos60-Pos172
60,172,Pos60_C-Pos172_I,0.0,2.147829333718305e-07,Pos60-Pos172
60,172,Pos60_C-Pos172_T,0.0,5.812799279345887e-09,Pos60-Pos172
60,172,Pos60_C-Pos172_R,0.0,1.4531998198364717e-08,Pos60-Pos172
60,172,Pos60_C-Pos172_V,0.0,9.881758774888006e-09,Pos60-Pos172
60,172,Pos60_C-Pos172_K,0.0,8.719198919018831e-10,Pos60-Pos172
60,220,Pos60_G-Pos220_V,0.0023145357668105217,0.0023225519076567032,Pos60-Pos220
60,220,Pos60_G-Pos220_I,0.0,7.011689130710975e-07,Pos60-Pos220
60,220,Pos60_G-Pos220_A,0.0,3.085143217512829e-07,Pos60-Pos220
60,220,Pos60_G-Pos220_F,0.0,4.207013478426585e-07,Pos60-Pos220
60,220,Pos60_G-Pos220_D,0.0,2.80467565228439e-08,Pos60-Pos220
60,220,Pos60_N-Pos220_V,0.008438411649830026,0.008423763395646076,Pos60-Pos220
60,220,Pos60_N-Pos220_I,0.0,2.543099684713825e-06,Pos60-Pos220
60,220,Pos60_N-Pos220_A,0.0,1.1189638612740832e-06,Pos60-Pos220
60,220,Pos60_N-Pos220_F,0.0,1.5258598108282953e-06,Pos60-Pos220
60,220,Pos60_N-Pos220_D,0.0,1.0172398738855302e-07,Pos60-Pos220
60,220,Pos60_R-Pos220_V,0.00019287798056754347,0.00019254316332905315,Pos60-Pos220
60,220,Pos60_R-Pos220_I,0.0,5.812799279345887e-08,Pos60-Pos220
60,220,Pos60_R-Pos220_A,0.0,2.55763168291219e-08,Pos60-Pos220
60,220,Pos60_R-Pos220_F,0.0,3.487679567607532e-08,Pos60-Pos220
60,220,Pos60_R-Pos220_D,0.0,2.325119711738355e-09,Pos60-Pos220
60,220,Pos60_T-Pos220_V,7.23292427128288e-05,7.220368624839493e-05,Pos60-Pos220
60,220,Pos60_T-Pos220_I,0.0,2.1797997297547077e-08,Pos60-Pos220
60,220,Pos60_T-Pos220_A,0.0,9.591118810920714e-09,Pos60-Pos220
60,220,Pos60_T-Pos220_F,0.0,1.3078798378528245e-08,Pos60-Pos220
60,220,Pos60_T-Pos220_D,0.0,8.719198919018831e-10,Pos60-Pos220
60,220,Pos60_I-Pos220_V,0.0001446584854256576,0.00014440737249678986,Pos60-Pos220
60,220,Pos60_I-Pos220_I,0.0,4.3595994595094154e-08,Pos60-Pos220
60,220,Pos60_I-Pos220_A,0.0,1.918223762184143e-08,Pos60-Pos220
60,220,Pos60_I-Pos220_F,0.0,2.615759675705649e-08,Pos60-Pos220
60,220,Pos60_I-Pos220_D,0.0,1.7438397838037662e-09,Pos60-Pos220
60,220,Pos60_C-Pos220_V,2.4109747570942933e-05,2.4067895416131644e-05,Pos60-Pos220
60,220,Pos60_C-Pos220_I,0.0,7.2659990991823585e-09,Pos60-Pos220
60,220,Pos60_C-Pos220_A,0.0,3.1970396036402377e-09,Pos60-Pos220
60,220,Pos60_C-Pos220_F,0.0,4.359599459509415e-09,Pos60-Pos220
60,220,Pos60_C-Pos220_D,0.0,2.9063996396729436e-10,Pos60-Pos220
60,225,Pos60_G-Pos225_T,0.0023145357668105217,0.002322832375221932,Pos60-Pos225
60,225,Pos60_G-Pos225_I,0.0,1.5706183652792584e-06,Pos60-Pos225
60,225,Pos60_G-Pos225_L,0.0,4.7679486088834626e-07,Pos60-Pos225
60,225,Pos60_G-Pos225_S,0.0,5.60935130456878e-08,Pos60-Pos225
60,225,Pos60_G-Pos225_A,0.0,1.6828053913706342e-07,Pos60-Pos225
60,225,Pos60_N-Pos225_T,0.008438411649830026,0.008424780635519961,Pos60-Pos225
60,225,Pos60_N-Pos225_I,0.0,5.6965432937589684e-06,Pos60-Pos225
60,225,Pos60_N-Pos225_L,0.0,1.729307785605401e-06,Pos60-Pos225
60,225,Pos60_N-Pos225_S,0.0,2.0344797477710603e-07,Pos60-Pos225
60,225,Pos60_N-Pos225_A,0.0,6.103439243313181e-07,Pos60-Pos225
60,225,Pos60_R-Pos225_T,0.00019287798056754347,0.00019256641452617052,Pos60-Pos225
60,225,Pos60_R-Pos225_I,0.0,1.3020670385734785e-07,Pos60-Pos225
60,225,Pos60_R-Pos225_L,0.0,3.952703509955202e-08,Pos60-Pos225
60,225,Pos60_R-Pos225_S,0.0,4.65023942347671e-09,Pos60-Pos225
60,225,Pos60_R-Pos225_A,0.0,1.395071827043013e-08,Pos60-Pos225
60,225,Pos60_T-Pos225_T,7.23292427128288e-05,7.221240544731395e-05,Pos60-Pos225
60,225,Pos60_T-Pos225_I,0.0,4.8827513946505445e-08,Pos60-Pos225
60,225,Pos60_T-Pos225_L,0.0,1.482263816233201e-08,Pos60-Pos225
60,225,Pos60_T-Pos225_S,0.0,1.7438397838037662e-09,Pos60-Pos225
60,225,Pos60_T-Pos225_A,0.0,5.231519351411298e-09,Pos60-Pos225
60,225,Pos60_I-Pos225_T,0.0001446584854256576,0.0001444248108946279,Pos60-Pos225
60,225,Pos60_I-Pos225_I,0.0,9.765502789301089e-08,Pos60-Pos225
60,225,Pos60_I-Pos225_L,0.0,2.964527632466402e-08,Pos60-Pos225
60,225,Pos60_I-Pos225_S,0.0,3.4876795676075323e-09,Pos60-Pos225
60,225,Pos60_I-Pos225_A,0.0,1.0463038702822597e-08,Pos60-Pos225
60,225,Pos60_C-Pos225_T,2.4109747570942933e-05,2.4070801815771315e-05,Pos60-Pos225
60,225,Pos60_C-Pos225_I,0.0,1.6275837982168482e-08,Pos60-Pos225
60,225,Pos60_C-Pos225_L,0.0,4.940879387444003e-09,Pos60-Pos225
60,225,Pos60_C-Pos225_S,0.0,5.812799279345887e-10,Pos60-Pos225
60,225,Pos60_C-Pos225_A,0.0,1.7438397838037662e-09,Pos60-Pos225
60,231,Pos60_G-Pos231_R,6.027436892735733e-05,5.160603200203278e-05,Pos60-Pos231
60,231,Pos60_G-Pos231_S,0.0,1.466845366144736e-05,Pos60-Pos231
60,231,Pos60_G-Pos231_L,0.0,5.60935130456878e-08,Pos60-Pos231
60,231,Pos60_G-Pos231_Y,0.0,5.889818869797219e-07,Pos60-Pos231
60,231,Pos60_G-Pos231_G,0.0,3.3656107827412684e-07,Pos60-Pos231
60,231,Pos60_G-Pos231_F,0.0,2.243740521827512e-07,Pos60-Pos231
60,231,Pos60_G-Pos231_*,0.0,1.402337826142195e-07,Pos60-Pos231
60,231,Pos60_N-Pos231_R,7.23292427128288e-05,0.00018717213679493754,Pos60-Pos231
60,231,Pos60_N-Pos231_S,3.61646213564144e-05,5.320164540421322e-05,Pos60-Pos231
60,231,Pos60_N-Pos231_L,0.0,2.0344797477710603e-07,Pos60-Pos231
60,231,Pos60_N-Pos231_Y,0.0,2.1362037351596133e-06,Pos60-Pos231
60,231,Pos60_N-Pos231_G,1.2054873785471467e-05,1.2206878486626362e-06,Pos60-Pos231
60,231,Pos60_N-Pos231_F,0.0,8.137918991084241e-07,Pos60-Pos231
60,231,Pos60_N-Pos231_*,0.0,5.08619936942765e-07,Pos60-Pos231
60,231,Pos60_R-Pos231_R,0.0,4.2782202695985725e-06,Pos60-Pos231
60,231,Pos60_R-Pos231_S,0.0,1.2160376092391594e-06,Pos60-Pos231
60,231,Pos60_R-Pos231_L,0.0,4.65023942347671e-09,Pos60-Pos231
60,231,Pos60_R-Pos231_Y,0.0,4.8827513946505445e-08,Pos60-Pos231
60,231,Pos60_R-Pos231_G,0.0,2.790143654086026e-08,Pos60-Pos231
60,231,Pos60_R-Pos231_F,0.0,1.860095769390684e-08,Pos60-Pos231
60,231,Pos60_R-Pos231_*,0.0,1.1625598558691774e-08,Pos60-Pos231
60,231,Pos60_T-Pos231_R,0.0,1.6043326010994648e-06,Pos60-Pos231
60,231,Pos60_T-Pos231_S,0.0,4.560141034646848e-07,Pos60-Pos231
60,231,Pos60_T-Pos231_L,0.0,1.7438397838037662e-09,Pos60-Pos231
60,231,Pos60_T-Pos231_Y,0.0,1.831031772993954e-08,Pos60-Pos231
60,231,Pos60_T-Pos231_G,0.0,1.0463038702822597e-08,Pos60-Pos231
60,231,Pos60_T-Pos231_F,0.0,6.975359135215065e-09,Pos60-Pos231
60,231,Pos60_T-Pos231_*,0.0,4.359599459509415e-09,Pos60-Pos231
60,231,Pos60_I-Pos231_R,0.0,3.2086652021989296e-06,Pos60-Pos231
60,231,Pos60_I-Pos231_S,0.0,9.120282069293696e-07,Pos60-Pos231
60,231,Pos60_I-Pos231_L,0.0,3.4876795676075323e-09,Pos60-Pos231
60,231,Pos60_I-Pos231_Y,0.0,3.662063545987908e-08,Pos60-Pos231
60,231,Pos60_I-Pos231_G,0.0,2.0926077405645193e-08,Pos60-Pos231
60,231,Pos60_I-Pos231_F,0.0,1.395071827043013e-08,Pos60-Pos231
60,231,Pos60_I-Pos231_*,0.0,8.71919891901883e-09,Pos60-Pos231
60,231,Pos60_C-Pos231_R,0.0,5.347775336998216e-07,Pos60-Pos231
60,231,Pos60_C-Pos231_S,0.0,1.5200470115489492e-07,Pos60-Pos231
60,231,Pos60_C-Pos231_L,0.0,5.812799279345887e-10,Pos60-Pos231
60,231,Pos60_C-Pos231_Y,0.0,6.103439243313181e-09,Pos60-Pos231
60,231,Pos60_C-Pos231_G,0.0,3.4876795676075323e-09,Pos60-Pos231
60,231,Pos60_C-Pos231_F,0.0,2.325119711738355e-09,Pos60-Pos231
60,231,Pos60_C-Pos231_*,0.0,1.4531998198364717e-09,Pos60-Pos231
60,232,Pos60_G-Pos232_T,0.0,1.8118204713757158e-05,Pos60-Pos232
60,232,Pos60_G-Pos232_F,0.0,1.935226200076229e-06,Pos60-Pos232
60,232,Pos60_G-Pos232_L,0.0,2.580301600101639e-06,Pos60-Pos232
60,232,Pos60_G-Pos232_V,1.2054873785471467e-05,3.6741251044925506e-06,Pos60-Pos232
60,232,Pos60_G-Pos232_S,0.0,1.7949924174620096e-06,Pos60-Pos232
60,232,Pos60_G-Pos232_N,1.2054873785471467e-05,5.328883739340341e-07,Pos60-Pos232
60,232,Pos60_G-Pos232_M,0.0,3.926545913198146e-07,Pos60-Pos232
60,232,Pos60_G-Pos232_A,0.0,5.60935130456878e-08,Pos60-Pos232
60,232,Pos60_N-Pos232_T,7.23292427128288e-05,6.571369585300525e-05,Pos60-Pos232
60,232,Pos60_N-Pos232_F,0.0,7.018955129810158e-06,Pos60-Pos232
60,232,Pos60_N-Pos232_L,0.0,9.358606839746877e-06,Pos60-Pos232
60,232,Pos60_N-Pos232_V,1.2054873785471467e-05,1.3325842347900443e-05,Pos60-Pos232
60,232,Pos60_N-Pos232_S,0.0,6.510335192867393e-06,Pos60-Pos232
60,232,Pos60_N-Pos232_N,0.0,1.9327557603825073e-06,Pos60-Pos232
60,232,Pos60_N-Pos232_M,0.0,1.4241358234397421e-06,Pos60-Pos232
60,232,Pos60_N-Pos232_A,0.0,2.0344797477710603e-07,Pos60-Pos232
60,232,Pos60_R-Pos232_T,0.0,1.502027333782977e-06,Pos60-Pos232
60,232,Pos60_R-Pos232_F,0.0,1.6043326010994647e-07,Pos60-Pos232
60,232,Pos60_R-Pos232_L,0.0,2.139110134799286e-07,Pos60-Pos232
60,232,Pos60_R-Pos232_V,0.0,3.0459068223772444e-07,Pos60-Pos232
60,232,Pos60_R-Pos232_S,0.0,1.488076615512547e-07,Pos60-Pos232
60,232,Pos60_R-Pos232_N,0.0,4.417727452302874e-08,Pos60-Pos232
60,232,Pos60_R-Pos232_M,0.0,3.2551675964336963e-08,Pos60-Pos232
60,232,Pos60_R-Pos232_A,0.0,4.65023942347671e-09,Pos60-Pos232
60,232,Pos60_T-Pos232_T,0.0,5.632602501686164e-07,Pos60-Pos232
60,232,Pos60_T-Pos232_F,0.0,6.016247254122992e-08,Pos60-Pos232
60,232,Pos60_T-Pos232_L,0.0,8.021663005497324e-08,Pos60-Pos232
60,232,Pos60_T-Pos232_V,0.0,1.1422150583914667e-07,Pos60-Pos232
60,232,Pos60_T-Pos232_S,0.0,5.580287308172052e-08,Pos60-Pos232
60,232,Pos60_T-Pos232_N,0.0,1.6566477946135776e-08,Pos60-Pos232
60,232,Pos60_T-Pos232_M,0.0,1.2206878486626361e-08,Pos60-Pos232
60,232,Pos60_T-Pos232_A,0.0,1.7438397838037662e-09,Pos60-Pos232
60,232,Pos60_I-Pos232_T,0.0,1.1265205003372328e-06,Pos60-Pos232
60,232,Pos60_I-Pos232_F,0.0,1.2032494508245985e-07,Pos60-Pos232
60,232,Pos60_I-Pos232_L,0.0,1.6043326010994647e-07,Pos60-Pos232
60,232,Pos60_I-Pos232_V,0.0,2.2844301167829333e-07,Pos60-Pos232
60,232,Pos60_I-Pos232_S,0.0,1.1160574616344103e-07,Pos60-Pos232
60,232,Pos60_I-Pos232_N,0.0,3.313295589227155e-08,Pos60-Pos232
60,232,Pos60_I-Pos232_M,0.0,2.4413756973252723e-08,Pos60-Pos232
60,232,Pos60_I-Pos232_A,0.0,3.4876795676075323e-09,Pos60-Pos232
60,232,Pos60_C-Pos232_T,0.0,1.8775341672287213e-07,Pos60-Pos232
60,232,Pos60_C-Pos232_F,0.0,2.005415751374331e-08,Pos60-Pos232
60,232,Pos60_C-Pos232_L,0.0,2.6738876684991077e-08,Pos60-Pos232
60,232,Pos60_C-Pos232_V,0.0,3.8073835279715556e-08,Pos60-Pos232
60,232,Pos60_C-Pos232_S,0.0,1.860095769390684e-08,Pos60-Pos232
60,232,Pos60_C-Pos232_N,0.0,5.522159315378592e-09,Pos60-Pos232
60,232,Pos60_C-Pos232_M,0.0,4.0689594955421204e-09,Pos60-Pos232
60,232,Pos60_C-Pos232_A,0.0,5.812799279345887e-10,Pos60-Pos232
60,390,Pos60_G-Pos390_S,1.2054873785471467e-05,2.9000346244620594e-05,Pos60-Pos390
60,390,Pos60_G-Pos390_T,0.0,4.207013478426585e-07,Pos60-Pos390
60,390,Pos60_G-Pos390_D,0.0,1.3462443130965074e-06,Pos60-Pos390
60,390,Pos60_G-Pos390_E,0.0,1.7108521478934778e-06,Pos60-Pos390
60,390,Pos60_G-Pos390_I,0.0,7.853091826396292e-07,Pos60-Pos390
60,390,Pos60_G-Pos390_K,0.0,1.5986651218021021e-06,Pos60-Pos390
60,390,Pos60_G-Pos390_H,0.0,5.60935130456878e-08,Pos60-Pos390
60,390,Pos60_G-Pos390_R,0.0,5.60935130456878e-08,Pos60-Pos390
60,390,Pos60_G-Pos390_Y,0.0,2.80467565228439e-08,Pos60-Pos390
60,390,Pos60_N-Pos390_S,2.4109747570942933e-05,0.00010518260295976382,Pos60-Pos390
60,390,Pos60_N-Pos390_T,0.0,1.5258598108282953e-06,Pos60-Pos390
60,390,Pos60_N-Pos390_D,0.0,4.882751394650545e-06,Pos60-Pos390
60,390,Pos60_N-Pos390_E,0.0,6.205163230701734e-06,Pos60-Pos390
60,390,Pos60_N-Pos390_I,0.0,2.8482716468794842e-06,Pos60-Pos390
60,390,Pos60_N-Pos390_K,1.2054873785471467e-05,5.798267281147521e-06,Pos60-Pos390
60,390,Pos60_N-Pos390_H,0.0,2.0344797477710603e-07,Pos60-Pos390
60,390,Pos60_N-Pos390_R,0.0,2.0344797477710603e-07,Pos60-Pos390
60,390,Pos60_N-Pos390_Y,0.0,1.0172398738855302e-07,Pos60-Pos390
60,390,Pos60_R-Pos390_S,1.2054873785471467e-05,2.4041737819374587e-06,Pos60-Pos390
60,390,Pos60_R-Pos390_T,0.0,3.487679567607532e-08,Pos60-Pos390
60,390,Pos60_R-Pos390_D,0.0,1.1160574616344103e-07,Pos60-Pos390
60,390,Pos60_R-Pos390_E,0.0,1.4183230241603964e-07,Pos60-Pos390
60,390,Pos60_R-Pos390_I,0.0,6.510335192867393e-08,Pos60-Pos390
60,390,Pos60_R-Pos390_K,0.0,1.325318235690862e-07,Pos60-Pos390
60,390,Pos60_R-Pos390_H,0.0,4.65023942347671e-09,Pos60-Pos390
60,390,Pos60_R-Pos390_R,0.0,4.65023942347671e-09,Pos60-Pos390
60,390,Pos60_R-Pos390_Y,0.0,2.325119711738355e-09,Pos60-Pos390
60,390,Pos60_T-Pos390_S,0.0,9.01565168226547e-07,Pos60-Pos390
60,390,Pos60_T-Pos390_T,0.0,1.3078798378528245e-08,Pos60-Pos390
60,390,Pos60_T-Pos390_D,0.0,4.1852154811290386e-08,Pos60-Pos390
60,390,Pos60_T-Pos390_E,0.0,5.3187113406014865e-08,Pos60-Pos390
60,390,Pos60_T-Pos390_I,0.0,2.4413756973252723e-08,Pos60-Pos390
60,390,Pos60_T-Pos390_K,0.0,4.969943383840733e-08,Pos60-Pos390
60,390,Pos60_T-Pos390_H,0.0,1.7438397838037662e-09,Pos60-Pos390
60,390,Pos60_T-Pos390_R,0.0,1.7438397838037662e-09,Pos60-Pos390
60,390,Pos60_T-Pos390_Y,0.0,8.719198919018831e-10,Pos60-Pos390
60,390,Pos60_I-Pos390_S,0.0,1.803130336453094e-06,Pos60-Pos390
60,390,Pos60_I-Pos390_T,0.0,2.615759675705649e-08,Pos60-Pos390
60,390,Pos60_I-Pos390_D,0.0,8.370430962258077e-08,Pos60-Pos390
60,390,Pos60_I-Pos390_E,0.0,1.0637422681202973e-07,Pos60-Pos390
60,390,Pos60_I-Pos390_I,0.0,4.8827513946505445e-08,Pos60-Pos390
60,390,Pos60_I-Pos390_K,0.0,9.939886767681466e-08,Pos60-Pos390
60,390,Pos60_I-Pos390_H,0.0,3.4876795676075323e-09,Pos60-Pos390
60,390,Pos60_I-Pos390_R,0.0,3.4876795676075323e-09,Pos60-Pos390
60,390,Pos60_I-Pos390_Y,0.0,1.7438397838037662e-09,Pos60-Pos390
60,390,Pos60_C-Pos390_S,0.0,3.0052172274218233e-07,Pos60-Pos390
60,390,Pos60_C-Pos390_T,0.0,4.359599459509415e-09,Pos60-Pos390
60,390,Pos60_C-Pos390_D,0.0,1.395071827043013e-08,Pos60-Pos390
60,390,Pos60_C-Pos390_E,0.0,1.7729037802004955e-08,Pos60-Pos390
60,390,Pos60_C-Pos390_I,0.0,8.137918991084241e-09,Pos60-Pos390
60,390,Pos60_C-Pos390_K,0.0,1.6566477946135776e-08,Pos60-Pos390
60,390,Pos60_C-Pos390_H,0.0,5.812799279345887e-10,Pos60-Pos390
60,390,Pos60_C-Pos390_R,0.0,5.812799279345887e-10,Pos60-Pos390
60,390,Pos60_C-Pos390_Y,0.0,2.9063996396729436e-10,Pos60-Pos390
98,101,Pos98_P-Pos101_S,0.00047014007763338715,0.0015877177315993282,Pos98-Pos101
98,101,Pos98_P-Pos101_C,4.821949514188587e-05,4.5242179351004905e-05,Pos98-Pos101
98,101,Pos98_P-Pos101_A,0.0,9.896726733032322e-06,Pos98-Pos101
98,101,Pos98_P-Pos101_V,2.4109747570942933e-05,1.837963536134574e-05,Pos98-Pos101
98,101,Pos98_P-Pos101_D,1.2054873785471467e-05,4.6655997455723804e-05,Pos98-Pos101
98,101,Pos98_P-Pos101_R,0.0,1.4138181047189033e-06,Pos98-Pos101
98,101,Pos98_I-Pos101_S,1.2054873785471467e-05,9.465271706522873e-06,Pos98-Pos101
98,101,Pos98_I-Pos101_C,0.0,2.6971388656164914e-07,Pos98-Pos101
98,101,Pos98_I-Pos101_A,0.0,5.899991268536074e-08,Pos98-Pos101
98,101,Pos98_I-Pos101_V,0.0,1.0957126641566994e-07,Pos98-Pos101
98,101,Pos98_I-Pos101_D,0.0,2.7814244551670064e-07,Pos98-Pos101
98,101,Pos98_I-Pos101_R,0.0,8.428558955051536e-09,Pos98-Pos101
98,101,Pos98_S-Pos101_S,1.2054873785471467e-05,2.1215264169792646e-06,Pos98-Pos101
98,101,Pos98_S-Pos101_C,0.0,6.045311250519721e-08,Pos98-Pos101
98,101,Pos98_S-Pos101_A,0.0,1.3224118360511891e-08,Pos98-Pos101
98,101,Pos98_S-Pos101_V,0.0,2.4559076955236367e-08,Pos98-Pos101
98,101,Pos98_S-Pos101_D,0.0,6.234227227098463e-08,Pos98-Pos101
98,101,Pos98_S-Pos101_R,0.0,1.889159765787413e-09,Pos98-Pos101
98,101,Pos98_R-Pos101_S,0.0,5.059024532796708e-06,Pos98-Pos101
98,101,Pos98_R-Pos101_C,0.0,1.4415742212777797e-07,Pos98-Pos101
98,101,Pos98_R-Pos101_A,0.0,3.153443609045143e-08,Pos98-Pos101
98,101,Pos98_R-Pos101_V,0.0,5.85639527394098e-08,Pos98-Pos101
98,101,Pos98_R-Pos101_D,0.0,1.4866234156927102e-07,Pos98-Pos101
98,101,Pos98_R-Pos101_R,0.0,4.504919441493062e-09,Pos98-Pos101
98,101,Pos98_V-Pos101_S,0.0,3.2638867953527154e-07,Pos98-Pos101
98,101,Pos98_V-Pos101_C,0.0,9.30047884695342e-09,Pos98-Pos101
98,101,Pos98_V-Pos101_A,0.0,2.0344797477710602e-09,Pos98-Pos101
98,101,Pos98_V-Pos101_V,0.0,3.778319531574826e-09,Pos98-Pos101
98,101,Pos98_V-Pos101_D,0.0,9.591118810920713e-09,Pos98-Pos101
98,101,Pos98_V-Pos101_R,0.0,2.9063996396729436e-10,Pos98-Pos101
98,101,Pos98_F-Pos101_S,1.2054873785471467e-05,3.590275474887987e-06,Pos98-Pos101
98,101,Pos98_F-Pos101_C,0.0,1.023052673164876e-07,Pos98-Pos101
98,101,Pos98_F-Pos101_A,0.0,2.2379277225481663e-08,Pos98-Pos101
98,101,Pos98_F-Pos101_V,0.0,4.1561514847323085e-08,Pos98-Pos101
98,101,Pos98_F-Pos101_D,0.0,1.0550230692012784e-07,Pos98-Pos101
98,101,Pos98_F-Pos101_R,0.0,3.1970396036402377e-09,Pos98-Pos101
98,101,Pos98_T-Pos101_S,0.0,1.6319433976763577e-07,Pos98-Pos101
98,101,Pos98_T-Pos101_C,0.0,4.65023942347671e-09,Pos98-Pos101
98,101,Pos98_T-Pos101_A,0.0,1.0172398738855301e-09,Pos98-Pos101
98,101,Pos98_T-Pos101_V,0.0,1.889159765787413e-09,Pos98-Pos101
98,101,Pos98_T-Pos101_D,0.0,4.795559405460356e-09,Pos98-Pos101
98,101,Pos98_T-Pos101_R,0.0,1.4531998198364718e-10,Pos98-Pos101
98,101,Pos98_H-Pos101_S,0.0,8.159716988381788e-07,Pos98-Pos101
98,101,Pos98_H-Pos101_C,0.0,2.3251197117383547e-08,Pos98-Pos101
98,101,Pos98_H-Pos101_A,0.0,5.08619936942765e-09,Pos98-Pos101
98,101,Pos98_H-Pos101_V,0.0,9.445798828937065e-09,Pos98-Pos101
98,101,Pos98_H-Pos101_D,0.0,2.397779702730178e-08,Pos98-Pos101
98,101,Pos98_H-Pos101_R,0.0,7.265999099182358e-10,Pos98-Pos101
98,138,Pos98_P-Pos138_D,0.00037370108734961543,0.0019920697095489348,Pos98-Pos138
98,138,Pos98_P-Pos138_S,0.0,9.896726733032322e-06,Pos98-Pos138
98,138,Pos98_P-Pos138_K,1.2054873785471467e-05,1.2724362942470129e-05,Pos98-Pos138
98,138,Pos98_P-Pos138_T,0.0,1.4138181047189033e-06,Pos98-Pos138
98,138,Pos98_I-Pos138_D,0.0,1.1875839567667613e-05,Pos98-Pos138
98,138,Pos98_I-Pos138_S,0.0,5.899991268536074e-08,Pos98-Pos138
98,138,Pos98_I-Pos138_K,0.0,7.585703059546381e-08,Pos98-Pos138
98,138,Pos98_I-Pos138_T,0.0,8.428558955051536e-09,Pos98-Pos138
98,138,Pos98_S-Pos138_D,0.0,2.661826109994465e-06,Pos98-Pos138
98,138,Pos98_S-Pos138_S,0.0,1.3224118360511891e-08,Pos98-Pos138
98,138,Pos98_S-Pos138_K,0.0,1.7002437892086715e-08,Pos98-Pos138
98,138,Pos98_S-Pos138_T,0.0,1.889159765787413e-09,Pos98-Pos138
98,138,Pos98_R-Pos138_D,0.0,6.347431493063724e-06,Pos98-Pos138
98,138,Pos98_R-Pos138_S,0.0,3.153443609045143e-08,Pos98-Pos138
98,138,Pos98_R-Pos138_K,0.0,4.054427497343755e-08,Pos98-Pos138
98,138,Pos98_R-Pos138_T,0.0,4.504919441493062e-09,Pos98-Pos138
98,138,Pos98_V-Pos138_D,0.0,4.0951170922991775e-07,Pos98-Pos138
98,138,Pos98_V-Pos138_S,0.0,2.0344797477710602e-09,Pos98-Pos138
98,138,Pos98_V-Pos138_K,0.0,2.6157596757056487e-09,Pos98-Pos138
98,138,Pos98_V-Pos138_T,0.0,2.9063996396729436e-10,Pos98-Pos138
98,138,Pos98_F-Pos138_D,0.0,4.5046288015290955e-06,Pos98-Pos138
98,138,Pos98_F-Pos138_S,0.0,2.2379277225481663e-08,Pos98-Pos138
98,138,Pos98_F-Pos138_K,0.0,2.8773356432762136e-08,Pos98-Pos138
98,138,Pos98_F-Pos138_T,0.0,3.1970396036402377e-09,Pos98-Pos138
98,138,Pos98_T-Pos138_D,0.0,2.0475585461495887e-07,Pos98-Pos138
98,138,Pos98_T-Pos138_S,0.0,1.0172398738855301e-09,Pos98-Pos138
98,138,Pos98_T-Pos138_K,0.0,1.3078798378528244e-09,Pos98-Pos138
98,138,Pos98_T-Pos138_T,0.0,1.4531998198364718e-10,Pos98-Pos138
98,138,Pos98_H-Pos138_D,0.0,1.0237792730747944e-06,Pos98-Pos138
98,138,Pos98_H-Pos138_S,0.0,5.08619936942765e-09,Pos98-Pos138
98,138,Pos98_H-Pos138_K,0.0,6.539399189264122e-09,Pos98-Pos138
98,138,Pos98_H-Pos138_T,0.0,7.265999099182358e-10,Pos98-Pos138
98,154,Pos98_P-Pos154_G,0.0003254815922077296,0.002571735132483685,Pos98-Pos154
98,154,Pos98_P-Pos154_A,3.61646213564144e-05,7.493235955010186e-05,Pos98-Pos154
98,154,Pos98_P-Pos154_K,1.2054873785471467e-05,2.2621089675502452e-05,Pos98-Pos154
98,154,Pos98_P-Pos154_V,0.0,1.4138181047189033e-06,Pos98-Pos154
98,154,Pos98_P-Pos154_D,1.2054873785471467e-05,1.1310544837751226e-05,Pos98-Pos154
98,154,Pos98_P-Pos154_*,0.0,2.8276362094378065e-06,Pos98-Pos154
98,154,Pos98_I-Pos154_G,2.4109747570942933e-05,1.533154873923874e-05,Pos98-Pos154
98,154,Pos98_I-Pos154_A,0.0,4.467136246177313e-07,Pos98-Pos154
98,154,Pos98_I-Pos154_K,0.0,1.3485694328082457e-07,Pos98-Pos154
98,154,Pos98_I-Pos154_V,0.0,8.428558955051536e-09,Pos98-Pos154
98,154,Pos98_I-Pos154_D,0.0,6.742847164041228e-08,Pos98-Pos154
98,154,Pos98_I-Pos154_*,0.0,1.685711791010307e-08,Pos98-Pos154
98,154,Pos98_S-Pos154_G,0.0,3.436381613967304e-06,Pos98-Pos154
98,154,Pos98_S-Pos154_A,0.0,1.0012546758673287e-07,Pos98-Pos154
98,154,Pos98_S-Pos154_K,0.0,3.0226556252598606e-08,Pos98-Pos154
98,154,Pos98_S-Pos154_V,0.0,1.889159765787413e-09,Pos98-Pos154
98,154,Pos98_S-Pos154_D,0.0,1.5113278126299303e-08,Pos98-Pos154
98,154,Pos98_S-Pos154_*,0.0,3.778319531574826e-09,Pos98-Pos154
98,154,Pos98_R-Pos154_G,0.0,8.19444846407588e-06,Pos98-Pos154
98,154,Pos98_R-Pos154_A,0.0,2.3876073039913225e-07,Pos98-Pos154
98,154,Pos98_R-Pos154_K,0.0,7.207871106388899e-08,Pos98-Pos154
98,154,Pos98_R-Pos154_V,0.0,4.504919441493062e-09,Pos98-Pos154
98,154,Pos98_R-Pos154_D,0.0,3.603935553194449e-08,Pos98-Pos154
98,154,Pos98_R-Pos154_*,0.0,9.009838882986123e-09,Pos98-Pos154
98,154,Pos98_V-Pos154_G,0.0,5.286740944565084e-07,Pos98-Pos154
98,154,Pos98_V-Pos154_A,0.0,1.5403918090266598e-08,Pos98-Pos154
98,154,Pos98_V-Pos154_K,0.0,4.65023942347671e-09,Pos98-Pos154
98,154,Pos98_V-Pos154_V,0.0,2.9063996396729436e-10,Pos98-Pos154
98,154,Pos98_V-Pos154_D,0.0,2.325119711738355e-09,Pos98-Pos154
98,154,Pos98_V-Pos154_*,0.0,5.812799279345887e-10,Pos98-Pos154
98,154,Pos98_F-Pos154_G,0.0,5.815415039021592e-06,Pos98-Pos154
98,154,Pos98_F-Pos154_A,0.0,1.6944309899293257e-07,Pos98-Pos154
98,154,Pos98_F-Pos154_K,0.0,5.11526336582438e-08,Pos98-Pos154
98,154,Pos98_F-Pos154_V,0.0,3.1970396036402377e-09,Pos98-Pos154
98,154,Pos98_F-Pos154_D,0.0,2.55763168291219e-08,Pos98-Pos154
98,154,Pos98_F-Pos154_*,0.0,6.394079207280475e-09,Pos98-Pos154
98,154,Pos98_T-Pos154_G,0.0,2.643370472282542e-07,Pos98-Pos154
98,154,Pos98_T-Pos154_A,0.0,7.701959045133299e-09,Pos98-Pos154
98,154,Pos98_T-Pos154_K,0.0,2.325119711738355e-09,Pos98-Pos154
98,154,Pos98_T-Pos154_V,0.0,1.4531998198364718e-10,Pos98-Pos154
98,154,Pos98_T-Pos154_D,0.0,1.1625598558691774e-09,Pos98-Pos154
98,154,Pos98_T-Pos154_*,0.0,2.9063996396729436e-10,Pos98-Pos154
98,154,Pos98_H-Pos154_G,0.0,1.321685236141271e-06,Pos98-Pos154
98,154,Pos98_H-Pos154_A,0.0,3.8509795225666494e-08,Pos98-Pos154
98,154,Pos98_H-Pos154_K,0.0,1.1625598558691774e-08,Pos98-Pos154
98,154,Pos98_H-Pos154_V,0.0,7.265999099182358e-10,Pos98-Pos154
98,154,Pos98_H-Pos154_D,0.0,5.812799279345887e-09,Pos98-Pos154
98,154,Pos98_H-Pos154_*,0.0,1.4531998198364717e-09,Pos98-Pos154
98,162,Pos98_P-Pos162_I,0.117028714709357,0.1166244416401576,Pos98-Pos162
98,162,Pos98_P-Pos162_V,0.00010849386406924319,0.0002700392580013105,Pos98-Pos162
98,162,Pos98_P-Pos162_T,1.2054873785471467e-05,1.2724362942470129e-05,Pos98-Pos162
98,162,Pos98_P-Pos162_C,2.4109747570942933e-05,0.0002276247148597434,Pos98-Pos162
98,162,Pos98_P-Pos162_M,0.0,1.4138181047189033e-06,Pos98-Pos162
98,162,Pos98_P-Pos162_F,0.0,1.4138181047189033e-06,Pos98-Pos162
98,162,Pos98_P-Pos162_N,0.0,1.4138181047189033e-06,Pos98-Pos162
98,162,Pos98_P-Pos162_*,0.0,1.4138181047189033e-06,Pos98-Pos162
98,162,Pos98_P-Pos162_L,0.0,1.4138181047189033e-06,Pos98-Pos162
98,162,Pos98_I-Pos162_I,0.000699182679557345,0.000695263399643246,Pos98-Pos162
98,162,Pos98_I-Pos162_V,0.0,1.6098547604148431e-06,Pos98-Pos162
98,162,Pos98_I-Pos162_T,0.0,7.585703059546381e-08,Pos98-Pos162
98,162,Pos98_I-Pos162_C,0.0,1.3569979917632969e-06,Pos98-Pos162
98,162,Pos98_I-Pos162_M,0.0,8.428558955051536e-09,Pos98-Pos162
98,162,Pos98_I-Pos162_F,0.0,8.428558955051536e-09,Pos98-Pos162
98,162,Pos98_I-Pos162_N,0.0,8.428558955051536e-09,Pos98-Pos162
98,162,Pos98_I-Pos162_*,0.0,8.428558955051536e-09,Pos98-Pos162
98,162,Pos98_I-Pos162_L,0.0,8.428558955051536e-09,Pos98-Pos162
98,162,Pos98_S-Pos162_I,0.00015671335921112905,0.00015583489992003792,Pos98-Pos162
98,162,Pos98_S-Pos162_V,0.0,3.608295152653959e-07,Pos98-Pos162
98,162,Pos98_S-Pos162_T,0.0,1.7002437892086715e-08,Pos98-Pos162
98,162,Pos98_S-Pos162_C,0.0,3.041547222917735e-07,Pos98-Pos162
98,162,Pos98_S-Pos162_M,0.0,1.889159765787413e-09,Pos98-Pos162
98,162,Pos98_S-Pos162_F,0.0,1.889159765787413e-09,Pos98-Pos162
98,162,Pos98_S-Pos162_N,0.0,1.889159765787413e-09,Pos98-Pos162
98,162,Pos98_S-Pos162_*,0.0,1.889159765787413e-09,Pos98-Pos162
98,162,Pos98_S-Pos162_L,0.0,1.889159765787413e-09,Pos98-Pos162
98,162,Pos98_R-Pos162_I,0.00037370108734961543,0.00037160629980932116,Pos98-Pos162
98,162,Pos98_R-Pos162_V,0.0,8.604396133251749e-07,Pos98-Pos162
98,162,Pos98_R-Pos162_T,0.0,4.054427497343755e-08,Pos98-Pos162
98,162,Pos98_R-Pos162_C,0.0,7.252920300803829e-07,Pos98-Pos162
98,162,Pos98_R-Pos162_M,0.0,4.504919441493062e-09,Pos98-Pos162
98,162,Pos98_R-Pos162_F,0.0,4.504919441493062e-09,Pos98-Pos162
98,162,Pos98_R-Pos162_N,0.0,4.504919441493062e-09,Pos98-Pos162
98,162,Pos98_R-Pos162_*,0.0,4.504919441493062e-09,Pos98-Pos162
98,162,Pos98_R-Pos162_L,0.0,4.504919441493062e-09,Pos98-Pos162
98,162,Pos98_V-Pos162_I,2.4109747570942933e-05,2.3974599987698143e-05,Pos98-Pos162
98,162,Pos98_V-Pos162_V,0.0,5.5512233117753216e-08,Pos98-Pos162
98,162,Pos98_V-Pos162_T,0.0,2.6157596757056487e-09,Pos98-Pos162
98,162,Pos98_V-Pos162_C,0.0,4.679303419873438e-08,Pos98-Pos162
98,162,Pos98_V-Pos162_M,0.0,2.9063996396729436e-10,Pos98-Pos162
98,162,Pos98_V-Pos162_F,0.0,2.9063996396729436e-10,Pos98-Pos162
98,162,Pos98_V-Pos162_N,0.0,2.9063996396729436e-10,Pos98-Pos162
98,162,Pos98_V-Pos162_*,0.0,2.9063996396729436e-10,Pos98-Pos162
98,162,Pos98_V-Pos162_L,0.0,2.9063996396729436e-10,Pos98-Pos162
98,162,Pos98_F-Pos162_I,0.00026520722328037227,0.0002637205998646796,Pos98-Pos162
98,162,Pos98_F-Pos162_V,0.0,6.106345642952854e-07,Pos98-Pos162
98,162,Pos98_F-Pos162_T,0.0,2.8773356432762136e-08,Pos98-Pos162
98,162,Pos98_F-Pos162_C,0.0,5.147233761860782e-07,Pos98-Pos162
98,162,Pos98_F-Pos162_M,0.0,3.1970396036402377e-09,Pos98-Pos162
98,162,Pos98_F-Pos162_F,0.0,3.1970396036402377e-09,Pos98-Pos162
98,162,Pos98_F-Pos162_N,0.0,3.1970396036402377e-09,Pos98-Pos162
98,162,Pos98_F-Pos162_*,0.0,3.1970396036402377e-09,Pos98-Pos162
98,162,Pos98_F-Pos162_L,0.0,3.1970396036402377e-09,Pos98-Pos162
98,162,Pos98_T-Pos162_I,1.2054873785471467e-05,1.1987299993849072e-05,Pos98-Pos162
98,162,Pos98_T-Pos162_V,0.0,2.7756116558876608e-08,Pos98-Pos162
98,162,Pos98_T-Pos162_T,0.0,1.3078798378528244e-09,Pos98-Pos162
98,162,Pos98_T-Pos162_C,0.0,2.339651709936719e-08,Pos98-Pos162
98,162,Pos98_T-Pos162_M,0.0,1.4531998198364718e-10,Pos98-Pos162
98,162,Pos98_T-Pos162_F,0.0,1.4531998198364718e-10,Pos98-Pos162
98,162,Pos98_T-Pos162_N,0.0,1.4531998198364718e-10,Pos98-Pos162
98,162,Pos98_T-Pos162_*,0.0,1.4531998198364718e-10,Pos98-Pos162
98,162,Pos98_T-Pos162_L,0.0,1.4531998198364718e-10,Pos98-Pos162
98,162,Pos98_H-Pos162_I,6.027436892735733e-05,5.9936499969245356e-05,Pos98-Pos162
98,162,Pos98_H-Pos162_V,0.0,1.3878058279438304e-07,Pos98-Pos162
98,162,Pos98_H-Pos162_T,0.0,6.539399189264122e-09,Pos98-Pos162
98,162,Pos98_H-Pos162_C,0.0,1.1698258549683596e-07,Pos98-Pos162
98,162,Pos98_H-Pos162_M,0.0,7.265999099182358e-10,Pos98-Pos162
98,162,Pos98_H-Pos162_F,0.0,7.265999099182358e-10,Pos98-Pos162
98,162,Pos98_H-Pos162_N,0.0,7.265999099182358e-10,Pos98-Pos162
98,162,Pos98_H-Pos162_*,0.0,7.265999099182358e-10,Pos98-Pos162
98,162,Pos98_H-Pos162_L,0.0,7.265999099182358e-10,Pos98-Pos162
98,164,Pos98_P-Pos164_S,0.11701665983557152,0.11665695945656614,Pos98-Pos164
98,164,Pos98_P-Pos164_I,1.2054873785471467e-05,2.686254398965916e-05,Pos98-Pos164
98,164,Pos98_P-Pos164_R,0.0,2.2621089675502452e-05,Pos98-Pos164
98,164,Pos98_P-Pos164_G,2.4109747570942933e-05,3.817308882741039e-05,Pos98-Pos164
98,164,Pos98_I-Pos164_S,0.000699182679557345,0.0006954572564992122,Pos98-Pos164
98,164,Pos98_I-Pos164_I,0.0,1.6014262014597915e-07,Pos98-Pos164
98,164,Pos98_I-Pos164_R,0.0,1.3485694328082457e-07,Pos98-Pos164
98,164,Pos98_I-Pos164_G,0.0,2.2757109178639143e-07,Pos98-Pos164
98,164,Pos98_S-Pos164_S,0.00015671335921112905,0.00015587835059465102,Pos98-Pos164
98,164,Pos98_S-Pos164_I,0.0,3.589403554996084e-08,Pos98-Pos164
98,164,Pos98_S-Pos164_R,0.0,3.0226556252598606e-08,Pos98-Pos164
98,164,Pos98_S-Pos164_G,0.0,5.100731367626015e-08,Pos98-Pos164
98,164,Pos98_R-Pos164_S,0.00037370108734961543,0.0003717099129564755,Pos98-Pos164
98,164,Pos98_R-Pos164_I,0.0,8.559346938836816e-08,Pos98-Pos164
98,164,Pos98_R-Pos164_R,0.0,7.207871106388899e-08,Pos98-Pos164
98,164,Pos98_R-Pos164_G,0.0,1.2163282492031266e-07,Pos98-Pos164
98,164,Pos98_V-Pos164_S,2.4109747570942933e-05,2.3981284706869387e-05,Pos98-Pos164
98,164,Pos98_V-Pos164_I,0.0,5.522159315378592e-09,Pos98-Pos164
98,164,Pos98_V-Pos164_R,0.0,4.65023942347671e-09,Pos98-Pos164
98,164,Pos98_V-Pos164_G,0.0,7.847279027116948e-09,Pos98-Pos164
98,164,Pos98_F-Pos164_S,0.00026520722328037227,0.0002637941317755633,Pos98-Pos164
98,164,Pos98_F-Pos164_I,0.0,6.074375246916451e-08,Pos98-Pos164
98,164,Pos98_F-Pos164_R,0.0,5.11526336582438e-08,Pos98-Pos164
98,164,Pos98_F-Pos164_G,0.0,8.632006929828642e-08,Pos98-Pos164
98,164,Pos98_T-Pos164_S,1.2054873785471467e-05,1.1990642353434694e-05,Pos98-Pos164
98,164,Pos98_T-Pos164_I,0.0,2.761079657689296e-09,Pos98-Pos164
98,164,Pos98_T-Pos164_R,0.0,2.325119711738355e-09,Pos98-Pos164
98,164,Pos98_T-Pos164_G,0.0,3.923639513558474e-09,Pos98-Pos164
98,164,Pos98_H-Pos164_S,6.027436892735733e-05,5.995321176717347e-05,Pos98-Pos164
98,164,Pos98_H-Pos164_I,0.0,1.380539828844648e-08,Pos98-Pos164
98,164,Pos98_H-Pos164_R,0.0,1.1625598558691774e-08,Pos98-Pos164
98,164,Pos98_H-Pos164_G,0.0,1.9618197567792367e-08,Pos98-Pos164
98,172,Pos98_P-Pos172_L,3.61646213564144e-05,3.534545261797258e-05,Pos98-Pos172
98,172,Pos98_P-Pos172_I,0.0005304144465607445,0.0010448115793872694,Pos98-Pos172
98,172,Pos98_P-Pos172_T,4.821949514188587e-05,2.8276362094378063e-05,Pos98-Pos172
98,172,Pos98_P-Pos172_R,1.2054873785471467e-05,7.069090523594517e-05,Pos98-Pos172
98,172,Pos98_P-Pos172_V,2.4109747570942933e-05,4.80698155604427e-05,Pos98-Pos172
98,172,Pos98_P-Pos172_K,0.0,4.24145431415671e-06,Pos98-Pos172
98,172,Pos98_I-Pos172_L,0.0,2.1071397387628835e-07,Pos98-Pos172
98,172,Pos98_I-Pos172_I,0.0,6.228705067783084e-06,Pos98-Pos172
98,172,Pos98_I-Pos172_T,0.0,1.685711791010307e-07,Pos98-Pos172
98,172,Pos98_I-Pos172_R,0.0,4.214279477525767e-07,Pos98-Pos172
98,172,Pos98_I-Pos172_V,0.0,2.8657100447175213e-07,Pos98-Pos172
98,172,Pos98_I-Pos172_K,0.0,2.5285676865154607e-08,Pos98-Pos172
98,172,Pos98_S-Pos172_L,0.0,4.722899414468532e-08,Pos98-Pos172
98,172,Pos98_S-Pos172_I,0.0,1.3960890669168981e-06,Pos98-Pos172
98,172,Pos98_S-Pos172_T,0.0,3.778319531574826e-08,Pos98-Pos172
98,172,Pos98_S-Pos172_R,0.0,9.445798828937064e-08,Pos98-Pos172
98,172,Pos98_S-Pos172_V,0.0,6.423143203677204e-08,Pos98-Pos172
98,172,Pos98_S-Pos172_K,0.0,5.6674792973622395e-09,Pos98-Pos172
98,172,Pos98_R-Pos172_L,0.0,1.1262298603732655e-07,Pos98-Pos172
98,172,Pos98_R-Pos172_I,0.0,3.3291354672633722e-06,Pos98-Pos172
98,172,Pos98_R-Pos172_T,0.0,9.009838882986123e-08,Pos98-Pos172
98,172,Pos98_R-Pos172_R,0.0,2.252459720746531e-07,Pos98-Pos172
98,172,Pos98_R-Pos172_V,0.0,1.5316726101076407e-07,Pos98-Pos172
98,172,Pos98_R-Pos172_K,0.0,1.3514758324479186e-08,Pos98-Pos172
98,172,Pos98_V-Pos172_L,0.0,7.2659990991823585e-09,Pos98-Pos172
98,172,Pos98_V-Pos172_I,0.0,2.147829333718305e-07,Pos98-Pos172
98,172,Pos98_V-Pos172_T,0.0,5.812799279345887e-09,Pos98-Pos172
98,172,Pos98_V-Pos172_R,0.0,1.4531998198364717e-08,Pos98-Pos172
98,172,Pos98_V-Pos172_V,0.0,9.881758774888006e-09,Pos98-Pos172
98,172,Pos98_V-Pos172_K,0.0,8.719198919018831e-10,Pos98-Pos172
98,172,Pos98_F-Pos172_L,0.0,7.992599009100594e-08,Pos98-Pos172
98,172,Pos98_F-Pos172_I,0.0,2.3626122670901355e-06,Pos98-Pos172
98,172,Pos98_F-Pos172_T,0.0,6.394079207280475e-08,Pos98-Pos172
98,172,Pos98_F-Pos172_R,0.0,1.5985198018201187e-07,Pos98-Pos172
98,172,Pos98_F-Pos172_V,0.0,1.0869934652376807e-07,Pos98-Pos172
98,172,Pos98_F-Pos172_K,0.0,9.591118810920714e-09,Pos98-Pos172
98,172,Pos98_T-Pos172_L,0.0,3.6329995495911792e-09,Pos98-Pos172
98,172,Pos98_T-Pos172_I,0.0,1.0739146668591525e-07,Pos98-Pos172
98,172,Pos98_T-Pos172_T,0.0,2.9063996396729434e-09,Pos98-Pos172
98,172,Pos98_T-Pos172_R,0.0,7.2659990991823585e-09,Pos98-Pos172
98,172,Pos98_T-Pos172_V,0.0,4.940879387444003e-09,Pos98-Pos172
98,172,Pos98_T-Pos172_K,0.0,4.3595994595094154e-10,Pos98-Pos172
98,172,Pos98_H-Pos172_L,0.0,1.8164997747955894e-08,Pos98-Pos172
98,172,Pos98_H-Pos172_I,0.0,5.369573334295762e-07,Pos98-Pos172
98,172,Pos98_H-Pos172_T,0.0,1.4531998198364715e-08,Pos98-Pos172
98,172,Pos98_H-Pos172_R,0.0,3.632999549591179e-08,Pos98-Pos172
98,172,Pos98_H-Pos172_V,0.0,2.4704396937220014e-08,Pos98-Pos172
98,172,Pos98_H-Pos172_K,0.0,2.1797997297547075e-09,Pos98-Pos172
98,220,Pos98_P-Pos220_V,0.11707693420449888,0.11707827725177238,Pos98-Pos220
98,220,Pos98_P-Pos220_I,1.2054873785471467e-05,3.534545261797258e-05,Pos98-Pos220
98,220,Pos98_P-Pos220_A,1.2054873785471467e-05,1.5551999151907936e-05,Pos98-Pos220
98,220,Pos98_P-Pos220_F,9.643899028377173e-05,2.1207271570783546e-05,Pos98-Pos220
98,220,Pos98_P-Pos220_D,0.0,1.4138181047189033e-06,Pos98-Pos220
98,220,Pos98_I-Pos220_V,0.000699182679557345,0.0006979689670678176,Pos98-Pos220
98,220,Pos98_I-Pos220_I,0.0,2.1071397387628835e-07,Pos98-Pos220
98,220,Pos98_I-Pos220_A,0.0,9.271414850556689e-08,Pos98-Pos220
98,220,Pos98_I-Pos220_F,0.0,1.2642838432577302e-07,Pos98-Pos220
98,220,Pos98_I-Pos220_D,0.0,8.428558955051536e-09,Pos98-Pos220
98,220,Pos98_S-Pos220_V,0.00015671335921112905,0.00015644132020485566,Pos98-Pos220
98,220,Pos98_S-Pos220_I,0.0,4.722899414468532e-08,Pos98-Pos220
98,220,Pos98_S-Pos220_A,0.0,2.0780757423661542e-08,Pos98-Pos220
98,220,Pos98_S-Pos220_F,0.0,2.8337396486811194e-08,Pos98-Pos220
98,220,Pos98_S-Pos220_D,0.0,1.889159765787413e-09,Pos98-Pos220
98,220,Pos98_R-Pos220_V,0.00037370108734961543,0.0003730523789500404,Pos98-Pos220
98,220,Pos98_R-Pos220_I,0.0,1.1262298603732655e-07,Pos98-Pos220
98,220,Pos98_R-Pos220_A,0.0,4.955411385642368e-08,Pos98-Pos220
98,220,Pos98_R-Pos220_F,0.0,6.757379162239592e-08,Pos98-Pos220
98,220,Pos98_R-Pos220_D,0.0,4.504919441493062e-09,Pos98-Pos220
98,220,Pos98_V-Pos220_V,2.4109747570942933e-05,2.4067895416131644e-05,Pos98-Pos220
98,220,Pos98_V-Pos220_I,0.0,7.2659990991823585e-09,Pos98-Pos220
98,220,Pos98_V-Pos220_A,0.0,3.1970396036402377e-09,Pos98-Pos220
98,220,Pos98_V-Pos220_F,0.0,4.359599459509415e-09,Pos98-Pos220
98,220,Pos98_V-Pos220_D,0.0,2.9063996396729436e-10,Pos98-Pos220
98,220,Pos98_F-Pos220_V,0.00026520722328037227,0.0002647468495774481,Pos98-Pos220
98,220,Pos98_F-Pos220_I,0.0,7.992599009100594e-08,Pos98-Pos220
98,220,Pos98_F-Pos220_A,0.0,3.5167435640042615e-08,Pos98-Pos220
98,220,Pos98_F-Pos220_F,0.0,4.795559405460357e-08,Pos98-Pos220
98,220,Pos98_F-Pos220_D,0.0,3.1970396036402377e-09,Pos98-Pos220
98,220,Pos98_T-Pos220_V,1.2054873785471467e-05,1.2033947708065822e-05,Pos98-Pos220
98,220,Pos98_T-Pos220_I,0.0,3.6329995495911792e-09,Pos98-Pos220
98,220,Pos98_T-Pos220_A,0.0,1.5985198018201188e-09,Pos98-Pos220
98,220,Pos98_T-Pos220_F,0.0,2.1797997297547075e-09,Pos98-Pos220
98,220,Pos98_T-Pos220_D,0.0,1.4531998198364718e-10,Pos98-Pos220
98,220,Pos98_H-Pos220_V,6.027436892735733e-05,6.0169738540329105e-05,Pos98-Pos220
98,220,Pos98_H-Pos220_I,0.0,1.8164997747955894e-08,Pos98-Pos220
98,220,Pos98_H-Pos220_A,0.0,7.992599009100594e-09,Pos98-Pos220
98,220,Pos98_H-Pos220_F,0.0,1.0898998648773537e-08,Pos98-Pos220
98,220,Pos98_H-Pos220_D,0.0,7.265999099182358e-10,Pos98-Pos220
98,225,Pos98_P-Pos225_T,0.11716131832099717,0.11709241543281956,Pos98-Pos225
98,225,Pos98_P-Pos225_I,6.027436892735733e-05,7.917381386425857e-05,Pos98-Pos225
98,225,Pos98_P-Pos225_L,0.0,2.403490778022135e-05,Pos98-Pos225
98,225,Pos98_P-Pos225_S,1.2054873785471467e-05,2.8276362094378065e-06,Pos98-Pos225
98,225,Pos98_P-Pos225_A,0.0,8.48290862831342e-06,Pos98-Pos225
98,225,Pos98_I-Pos225_T,0.000699182679557345,0.0006980532526573681,Pos98-Pos225
98,225,Pos98_I-Pos225_I,0.0,4.719993014828859e-07,Pos98-Pos225
98,225,Pos98_I-Pos225_L,0.0,1.4328550223587607e-07,Pos98-Pos225
98,225,Pos98_I-Pos225_S,0.0,1.685711791010307e-08,Pos98-Pos225
98,225,Pos98_I-Pos225_A,0.0,5.057135373030921e-08,Pos98-Pos225
98,225,Pos98_S-Pos225_T,0.00015671335921112905,0.00015646021180251355,Pos98-Pos225
98,225,Pos98_S-Pos225_I,0.0,1.0579294688409513e-07,Pos98-Pos225
98,225,Pos98_S-Pos225_L,0.0,3.211571601838602e-08,Pos98-Pos225
98,225,Pos98_S-Pos225_S,0.0,3.778319531574826e-09,Pos98-Pos225
98,225,Pos98_S-Pos225_A,0.0,1.1334958594724479e-08,Pos98-Pos225
98,225,Pos98_R-Pos225_T,0.00037370108734961543,0.0003730974281444554,Pos98-Pos225
98,225,Pos98_R-Pos225_I,0.0,2.5227548872361143e-07,Pos98-Pos225
98,225,Pos98_R-Pos225_L,0.0,7.658363050538204e-08,Pos98-Pos225
98,225,Pos98_R-Pos225_S,0.0,9.009838882986123e-09,Pos98-Pos225
98,225,Pos98_R-Pos225_A,0.0,2.702951664895837e-08,Pos98-Pos225
98,225,Pos98_V-Pos225_T,2.4109747570942933e-05,2.4070801815771315e-05,Pos98-Pos225
98,225,Pos98_V-Pos225_I,0.0,1.6275837982168482e-08,Pos98-Pos225
98,225,Pos98_V-Pos225_L,0.0,4.940879387444003e-09,Pos98-Pos225
98,225,Pos98_V-Pos225_S,0.0,5.812799279345887e-10,Pos98-Pos225
98,225,Pos98_V-Pos225_A,0.0,1.7438397838037662e-09,Pos98-Pos225
98,225,Pos98_F-Pos225_T,0.00026520722328037227,0.0002647788199734845,Pos98-Pos225
98,225,Pos98_F-Pos225_I,0.0,1.790342178038533e-07,Pos98-Pos225
98,225,Pos98_F-Pos225_L,0.0,5.434967326188404e-08,Pos98-Pos225
98,225,Pos98_F-Pos225_S,0.0,6.394079207280475e-09,Pos98-Pos225
98,225,Pos98_F-Pos225_A,0.0,1.918223762184143e-08,Pos98-Pos225
98,225,Pos98_T-Pos225_T,1.2054873785471467e-05,1.2035400907885658e-05,Pos98-Pos225
98,225,Pos98_T-Pos225_I,0.0,8.137918991084241e-09,Pos98-Pos225
98,225,Pos98_T-Pos225_L,0.0,2.4704396937220014e-09,Pos98-Pos225
98,225,Pos98_T-Pos225_S,0.0,2.9063996396729436e-10,Pos98-Pos225
98,225,Pos98_T-Pos225_A,0.0,8.719198919018831e-10,Pos98-Pos225
98,225,Pos98_H-Pos225_T,6.027436892735733e-05,6.017700453942829e-05,Pos98-Pos225
98,225,Pos98_H-Pos225_I,0.0,4.06895949554212e-08,Pos98-Pos225
98,225,Pos98_H-Pos225_L,0.0,1.2352198468610007e-08,Pos98-Pos225
98,225,Pos98_H-Pos225_S,0.0,1.4531998198364717e-09,Pos98-Pos225
98,225,Pos98_H-Pos225_A,0.0,4.359599459509415e-09,Pos98-Pos225
98,231,Pos98_P-Pos231_R,0.0008558960387684741,0.0026014253126827817,Pos98-Pos231
98,231,Pos98_P-Pos231_S,0.00010849386406924319,0.0007394268687679863,Pos98-Pos231
98,231,Pos98_P-Pos231_L,0.0,2.8276362094378065e-06,Pos98-Pos231
98,231,Pos98_P-Pos231_Y,3.61646213564144e-05,2.9690180199096966e-05,Pos98-Pos231
98,231,Pos98_P-Pos231_G,2.4109747570942933e-05,1.696581725662684e-05,Pos98-Pos231
98,231,Pos98_P-Pos231_F,1.2054873785471467e-05,1.1310544837751226e-05,Pos98-Pos231
98,231,Pos98_P-Pos231_*,0.0,7.069090523594516e-06,Pos98-Pos231
98,231,Pos98_I-Pos231_R,2.4109747570942933e-05,1.5508548477294823e-05,Pos98-Pos231
98,231,Pos98_I-Pos231_S,1.2054873785471467e-05,4.408136333491952e-06,Pos98-Pos231
98,231,Pos98_I-Pos231_L,0.0,1.685711791010307e-08,Pos98-Pos231
98,231,Pos98_I-Pos231_Y,0.0,1.769997380560822e-07,Pos98-Pos231
98,231,Pos98_I-Pos231_G,0.0,1.0114270746061843e-07,Pos98-Pos231
98,231,Pos98_I-Pos231_F,0.0,6.742847164041228e-08,Pos98-Pos231
98,231,Pos98_I-Pos231_*,0.0,4.2142794775257674e-08,Pos98-Pos231
98,231,Pos98_S-Pos231_R,0.0,3.4760539690488398e-06,Pos98-Pos231
98,231,Pos98_S-Pos231_S,0.0,9.88030557506817e-07,Pos98-Pos231
98,231,Pos98_S-Pos231_L,0.0,3.778319531574826e-09,Pos98-Pos231
98,231,Pos98_S-Pos231_Y,0.0,3.9672355081535666e-08,Pos98-Pos231
98,231,Pos98_S-Pos231_G,0.0,2.2669917189448958e-08,Pos98-Pos231
98,231,Pos98_S-Pos231_F,0.0,1.5113278126299303e-08,Pos98-Pos231
98,231,Pos98_S-Pos231_*,0.0,9.445798828937065e-09,Pos98-Pos231
98,231,Pos98_R-Pos231_R,0.0,8.289051772347234e-06,Pos98-Pos231
98,231,Pos98_R-Pos231_S,0.0,2.3560728679008713e-06,Pos98-Pos231
98,231,Pos98_R-Pos231_L,0.0,9.009838882986123e-09,Pos98-Pos231
98,231,Pos98_R-Pos231_Y,0.0,9.460330827135429e-08,Pos98-Pos231
98,231,Pos98_R-Pos231_G,0.0,5.405903329791674e-08,Pos98-Pos231
98,231,Pos98_R-Pos231_F,0.0,3.603935553194449e-08,Pos98-Pos231
98,231,Pos98_R-Pos231_*,0.0,2.2524597207465307e-08,Pos98-Pos231
98,231,Pos98_V-Pos231_R,0.0,5.347775336998216e-07,Pos98-Pos231
98,231,Pos98_V-Pos231_S,0.0,1.5200470115489492e-07,Pos98-Pos231
98,231,Pos98_V-Pos231_L,0.0,5.812799279345887e-10,Pos98-Pos231
98,231,Pos98_V-Pos231_Y,0.0,6.103439243313181e-09,Pos98-Pos231
98,231,Pos98_V-Pos231_G,0.0,3.4876795676075323e-09,Pos98-Pos231
98,231,Pos98_V-Pos231_F,0.0,2.325119711738355e-09,Pos98-Pos231
98,231,Pos98_V-Pos231_*,0.0,1.4531998198364717e-09,Pos98-Pos231
98,231,Pos98_F-Pos231_R,0.0,5.882552870698037e-06,Pos98-Pos231
98,231,Pos98_F-Pos231_S,0.0,1.6720517127038442e-06,Pos98-Pos231
98,231,Pos98_F-Pos231_L,0.0,6.394079207280475e-09,Pos98-Pos231
98,231,Pos98_F-Pos231_Y,0.0,6.713783167644498e-08,Pos98-Pos231
98,231,Pos98_F-Pos231_G,0.0,3.836447524368286e-08,Pos98-Pos231
98,231,Pos98_F-Pos231_F,0.0,2.55763168291219e-08,Pos98-Pos231
98,231,Pos98_F-Pos231_*,0.0,1.5985198018201187e-08,Pos98-Pos231
98,231,Pos98_T-Pos231_R,0.0,2.673887668499108e-07,Pos98-Pos231
98,231,Pos98_T-Pos231_S,0.0,7.600235057744746e-08,Pos98-Pos231
98,231,Pos98_T-Pos231_L,0.0,2.9063996396729436e-10,Pos98-Pos231
98,231,Pos98_T-Pos231_Y,0.0,3.0517196216565903e-09,Pos98-Pos231
98,231,Pos98_T-Pos231_G,0.0,1.7438397838037662e-09,Pos98-Pos231
98,231,Pos98_T-Pos231_F,0.0,1.1625598558691774e-09,Pos98-Pos231
98,231,Pos98_T-Pos231_*,0.0,7.265999099182358e-10,Pos98-Pos231
98,231,Pos98_H-Pos231_R,0.0,1.336943834249554e-06,Pos98-Pos231
98,231,Pos98_H-Pos231_S,0.0,3.800117528872373e-07,Pos98-Pos231
98,231,Pos98_H-Pos231_L,0.0,1.4531998198364717e-09,Pos98-Pos231
98,231,Pos98_H-Pos231_Y,0.0,1.525859810828295e-08,Pos98-Pos231
98,231,Pos98_H-Pos231_G,0.0,8.71919891901883e-09,Pos98-Pos231
98,231,Pos98_H-Pos231_F,0.0,5.812799279345887e-09,Pos98-Pos231
98,231,Pos98_H-Pos231_*,0.0,3.632999549591179e-09,Pos98-Pos231
98,232,Pos98_P-Pos232_T,0.0004580852038479157,0.0009133264956484114,Pos98-Pos232
98,232,Pos98_P-Pos232_F,6.027436892735733e-05,9.755344922560433e-05,Pos98-Pos232
98,232,Pos98_P-Pos232_L,3.61646213564144e-05,0.00013007126563413908,Pos98-Pos232
98,232,Pos98_P-Pos232_V,0.00010849386406924319,0.0001852101717181763,Pos98-Pos232
98,232,Pos98_P-Pos232_S,0.0,9.048435870200981e-05,Pos98-Pos232
98,232,Pos98_P-Pos232_N,0.0,2.686254398965916e-05,Pos98-Pos232
98,232,Pos98_P-Pos232_M,0.0,1.9793453466064644e-05,Pos98-Pos232
98,232,Pos98_P-Pos232_A,0.0,2.8276362094378065e-06,Pos98-Pos232
98,232,Pos98_I-Pos232_T,0.0,5.444849084963291e-06,Pos98-Pos232
98,232,Pos98_I-Pos232_F,0.0,5.815705678985559e-07,Pos98-Pos232
98,232,Pos98_I-Pos232_L,0.0,7.754274238647411e-07,Pos98-Pos232
98,232,Pos98_I-Pos232_V,0.0,1.1041412231117508e-06,Pos98-Pos232
98,232,Pos98_I-Pos232_S,0.0,5.394277731232983e-07,Pos98-Pos232
98,232,Pos98_I-Pos232_N,0.0,1.6014262014597915e-07,Pos98-Pos232
98,232,Pos98_I-Pos232_M,0.0,1.1799982537072148e-07,Pos98-Pos232
98,232,Pos98_I-Pos232_A,0.0,1.685711791010307e-08,Pos98-Pos232
98,232,Pos98_S-Pos232_T,0.0,1.2203972086986688e-06,Pos98-Pos232
98,232,Pos98_S-Pos232_F,0.0,1.303520238393315e-07,Pos98-Pos232
98,232,Pos98_S-Pos232_L,0.0,1.73802698452442e-07,Pos98-Pos232
98,232,Pos98_S-Pos232_V,0.0,2.474799293181511e-07,Pos98-Pos232
98,232,Pos98_S-Pos232_S,0.0,1.2090622501039442e-07,Pos98-Pos232
98,232,Pos98_S-Pos232_N,0.0,3.589403554996084e-08,Pos98-Pos232
98,232,Pos98_S-Pos232_M,0.0,2.6448236721023782e-08,Pos98-Pos232
98,232,Pos98_S-Pos232_A,0.0,3.778319531574826e-09,Pos98-Pos232
98,232,Pos98_R-Pos232_T,1.2054873785471467e-05,2.9101779592045177e-06,Pos98-Pos232
98,232,Pos98_R-Pos232_F,0.0,3.108394414630213e-07,Pos98-Pos232
98,232,Pos98_R-Pos232_L,0.0,4.144525886173617e-07,Pos98-Pos232
98,232,Pos98_R-Pos232_V,0.0,5.901444468355911e-07,Pos98-Pos232
98,232,Pos98_R-Pos232_S,0.0,2.8831484425555594e-07,Pos98-Pos232
98,232,Pos98_R-Pos232_N,0.0,8.559346938836816e-08,Pos98-Pos232
98,232,Pos98_R-Pos232_M,0.0,6.306887218090286e-08,Pos98-Pos232
98,232,Pos98_R-Pos232_A,0.0,9.009838882986123e-09,Pos98-Pos232
98,232,Pos98_V-Pos232_T,0.0,1.8775341672287213e-07,Pos98-Pos232
98,232,Pos98_V-Pos232_F,0.0,2.005415751374331e-08,Pos98-Pos232
98,232,Pos98_V-Pos232_L,0.0,2.6738876684991077e-08,Pos98-Pos232
98,232,Pos98_V-Pos232_V,0.0,3.8073835279715556e-08,Pos98-Pos232
98,232,Pos98_V-Pos232_S,0.0,1.860095769390684e-08,Pos98-Pos232
98,232,Pos98_V-Pos232_N,0.0,5.522159315378592e-09,Pos98-Pos232
98,232,Pos98_V-Pos232_M,0.0,4.0689594955421204e-09,Pos98-Pos232
98,232,Pos98_V-Pos232_A,0.0,5.812799279345887e-10,Pos98-Pos232
98,232,Pos98_F-Pos232_T,0.0,2.0652875839515936e-06,Pos98-Pos232
98,232,Pos98_F-Pos232_F,0.0,2.205957326511764e-07,Pos98-Pos232
98,232,Pos98_F-Pos232_L,0.0,2.9412764353490186e-07,Pos98-Pos232
98,232,Pos98_F-Pos232_V,0.0,4.188121880768711e-07,Pos98-Pos232
98,232,Pos98_F-Pos232_S,0.0,2.046105346329752e-07,Pos98-Pos232
98,232,Pos98_F-Pos232_N,0.0,6.074375246916451e-08,Pos98-Pos232
98,232,Pos98_F-Pos232_M,0.0,4.4758554450963326e-08,Pos98-Pos232
98,232,Pos98_F-Pos232_A,0.0,6.394079207280475e-09,Pos98-Pos232
98,232,Pos98_T-Pos232_T,0.0,9.387670836143607e-08,Pos98-Pos232
98,232,Pos98_T-Pos232_F,0.0,1.0027078756871655e-08,Pos98-Pos232
98,232,Pos98_T-Pos232_L,0.0,1.3369438342495538e-08,Pos98-Pos232
98,232,Pos98_T-Pos232_V,0.0,1.9036917639857778e-08,Pos98-Pos232
98,232,Pos98_T-Pos232_S,0.0,9.30047884695342e-09,Pos98-Pos232
98,232,Pos98_T-Pos232_N,0.0,2.761079657689296e-09,Pos98-Pos232
98,232,Pos98_T-Pos232_M,0.0,2.0344797477710602e-09,Pos98-Pos232
98,232,Pos98_T-Pos232_A,0.0,2.9063996396729436e-10,Pos98-Pos232
98,232,Pos98_H-Pos232_T,0.0,4.6938354180718033e-07,Pos98-Pos232
98,232,Pos98_H-Pos232_F,0.0,5.0135393784358274e-08,Pos98-Pos232
98,232,Pos98_H-Pos232_L,0.0,6.68471917124777e-08,Pos98-Pos232
98,232,Pos98_H-Pos232_V,0.0,9.518458819928888e-08,Pos98-Pos232
98,232,Pos98_H-Pos232_S,0.0,4.6502394234767094e-08,Pos98-Pos232
98,232,Pos98_H-Pos232_N,0.0,1.380539828844648e-08,Pos98-Pos232
98,232,Pos98_H-Pos232_M,0.0,1.01723987388553e-08,Pos98-Pos232
98,232,Pos98_H-Pos232_A,0.0,1.4531998198364717e-09,Pos98-Pos232
98,390,Pos98_P-Pos390_S,0.010138148853581504,0.001461887920279346,Pos98-Pos390
98,390,Pos98_P-Pos390_T,0.0,2.1207271570783546e-05,Pos98-Pos390
98,390,Pos98_P-Pos390_D,8.438411649830026e-05,6.786326902650735e-05,Pos98-Pos390
98,390,Pos98_P-Pos390_E,2.4109747570942933e-05,8.624290438785309e-05,Pos98-Pos390
98,390,Pos98_P-Pos390_I,2.4109747570942933e-05,3.958690693212929e-05,Pos98-Pos390
98,390,Pos98_P-Pos390_K,3.61646213564144e-05,8.058763196897748e-05,Pos98-Pos390
98,390,Pos98_P-Pos390_H,0.0,2.8276362094378065e-06,Pos98-Pos390
98,390,Pos98_P-Pos390_R,0.0,2.8276362094378065e-06,Pos98-Pos390
98,390,Pos98_P-Pos390_Y,0.0,1.4138181047189033e-06,Pos98-Pos390
98,390,Pos98_I-Pos390_S,0.0,8.715129959523287e-06,Pos98-Pos390
98,390,Pos98_I-Pos390_T,0.0,1.2642838432577302e-07,Pos98-Pos390
98,390,Pos98_I-Pos390_D,0.0,4.045708298424737e-07,Pos98-Pos390
98,390,Pos98_I-Pos390_E,0.0,5.141420962581436e-07,Pos98-Pos390
98,390,Pos98_I-Pos390_I,0.0,2.3599965074144295e-07,Pos98-Pos390
98,390,Pos98_I-Pos390_K,0.0,4.804278604379375e-07,Pos98-Pos390
98,390,Pos98_I-Pos390_H,0.0,1.685711791010307e-08,Pos98-Pos390
98,390,Pos98_I-Pos390_R,0.0,1.685711791010307e-08,Pos98-Pos390
98,390,Pos98_I-Pos390_Y,0.0,8.428558955051536e-09,Pos98-Pos390
98,390,Pos98_S-Pos390_S,1.2054873785471467e-05,1.953391197824185e-06,Pos98-Pos390
98,390,Pos98_S-Pos390_T,0.0,2.8337396486811194e-08,Pos98-Pos390
98,390,Pos98_S-Pos390_D,0.0,9.067966875779583e-08,Pos98-Pos390
98,390,Pos98_S-Pos390_E,0.0,1.1523874571303218e-07,Pos98-Pos390
98,390,Pos98_S-Pos390_I,0.0,5.2896473442047564e-08,Pos98-Pos390
98,390,Pos98_S-Pos390_K,0.0,1.0768210664988253e-07,Pos98-Pos390
98,390,Pos98_S-Pos390_H,0.0,3.778319531574826e-09,Pos98-Pos390
98,390,Pos98_S-Pos390_R,0.0,3.778319531574826e-09,Pos98-Pos390
98,390,Pos98_S-Pos390_Y,0.0,1.889159765787413e-09,Pos98-Pos390
98,390,Pos98_R-Pos390_S,0.0,4.658086702503826e-06,Pos98-Pos390
98,390,Pos98_R-Pos390_T,0.0,6.757379162239592e-08,Pos98-Pos390
98,390,Pos98_R-Pos390_D,0.0,2.1623613319166697e-07,Pos98-Pos390
98,390,Pos98_R-Pos390_E,0.0,2.7480008593107676e-07,Pos98-Pos390
98,390,Pos98_R-Pos390_I,0.0,1.2613774436180571e-07,Pos98-Pos390
98,390,Pos98_R-Pos390_K,0.0,2.567804081651045e-07,Pos98-Pos390
98,390,Pos98_R-Pos390_H,0.0,9.009838882986123e-09,Pos98-Pos390
98,390,Pos98_R-Pos390_R,0.0,9.009838882986123e-09,Pos98-Pos390
98,390,Pos98_R-Pos390_Y,0.0,4.504919441493062e-09,Pos98-Pos390
98,390,Pos98_V-Pos390_S,0.0,3.0052172274218233e-07,Pos98-Pos390
98,390,Pos98_V-Pos390_T,0.0,4.359599459509415e-09,Pos98-Pos390
98,390,Pos98_V-Pos390_D,0.0,1.395071827043013e-08,Pos98-Pos390
98,390,Pos98_V-Pos390_E,0.0,1.7729037802004955e-08,Pos98-Pos390
98,390,Pos98_V-Pos390_I,0.0,8.137918991084241e-09,Pos98-Pos390
98,390,Pos98_V-Pos390_K,0.0,1.6566477946135776e-08,Pos98-Pos390
98,390,Pos98_V-Pos390_H,0.0,5.812799279345887e-10,Pos98-Pos390
98,390,Pos98_V-Pos390_R,0.0,5.812799279345887e-10,Pos98-Pos390
98,390,Pos98_V-Pos390_Y,0.0,2.9063996396729436e-10,Pos98-Pos390
98,390,Pos98_F-Pos390_S,0.0,3.305738950164006e-06,Pos98-Pos390
98,390,Pos98_F-Pos390_T,0.0,4.795559405460357e-08,Pos98-Pos390
98,390,Pos98_F-Pos390_D,0.0,1.5345790097473143e-07,Pos98-Pos390
98,390,Pos98_F-Pos390_E,0.0,1.9501941582205448e-07,Pos98-Pos390
98,390,Pos98_F-Pos390_I,0.0,8.951710890192665e-08,Pos98-Pos390
98,390,Pos98_F-Pos390_K,0.0,1.8223125740749354e-07,Pos98-Pos390
98,390,Pos98_F-Pos390_H,0.0,6.394079207280475e-09,Pos98-Pos390
98,390,Pos98_F-Pos390_R,0.0,6.394079207280475e-09,Pos98-Pos390
98,390,Pos98_F-Pos390_Y,0.0,3.1970396036402377e-09,Pos98-Pos390
98,390,Pos98_T-Pos390_S,0.0,1.5026086137109117e-07,Pos98-Pos390
98,390,Pos98_T-Pos390_T,0.0,2.1797997297547075e-09,Pos98-Pos390
98,390,Pos98_T-Pos390_D,0.0,6.975359135215065e-09,Pos98-Pos390
98,390,Pos98_T-Pos390_E,0.0,8.864518901002478e-09,Pos98-Pos390
98,390,Pos98_T-Pos390_I,0.0,4.0689594955421204e-09,Pos98-Pos390
98,390,Pos98_T-Pos390_K,0.0,8.283238973067888e-09,Pos98-Pos390
98,390,Pos98_T-Pos390_H,0.0,2.9063996396729436e-10,Pos98-Pos390
98,390,Pos98_T-Pos390_R,0.0,2.9063996396729436e-10,Pos98-Pos390
98,390,Pos98_T-Pos390_Y,0.0,1.4531998198364718e-10,Pos98-Pos390
98,390,Pos98_H-Pos390_S,0.0,7.513043068554558e-07,Pos98-Pos390
98,390,Pos98_H-Pos390_T,0.0,1.0898998648773537e-08,Pos98-Pos390
98,390,Pos98_H-Pos390_D,0.0,3.487679567607532e-08,Pos98-Pos390
98,390,Pos98_H-Pos390_E,0.0,4.432259450501238e-08,Pos98-Pos390
98,390,Pos98_H-Pos390_I,0.0,2.03447974777106e-08,Pos98-Pos390
98,390,Pos98_H-Pos390_K,0.0,4.141619486533944e-08,Pos98-Pos390
98,390,Pos98_H-Pos390_H,0.0,1.4531998198364717e-09,Pos98-Pos390
98,390,Pos98_H-Pos390_R,0.0,1.4531998198364717e-09,Pos98-Pos390
98,390,Pos98_H-Pos390_Y,0.0,7.265999099182358e-10,Pos98-Pos390
101,138,Pos101_S-Pos138_D,4.821949514188587e-05,0.0002299408247325988,Pos101-Pos138
101,138,Pos101_S-Pos138_S,0.0,1.1423603783734502e-06,Pos101-Pos138
101,138,Pos101_S-Pos138_K,1.2054873785471467e-05,1.4687490579087217e-06,Pos101-Pos138
101,138,Pos101_S-Pos138_T,0.0,1.6319433976763577e-07,Pos101-Pos138
101,138,Pos101_C-Pos138_D,0.0,6.552187347678684e-06,Pos101-Pos138
101,138,Pos101_C-Pos138_S,0.0,3.2551675964336963e-08,Pos101-Pos138
101,138,Pos101_C-Pos138_K,0.0,4.185215481129038e-08,Pos101-Pos138
101,138,Pos101_C-Pos138_T,0.0,4.65023942347671e-09,Pos101-Pos138
101,138,Pos101_A-Pos138_D,0.0,1.433290982304712e-06,Pos101-Pos138
101,138,Pos101_A-Pos138_S,0.0,7.12067911719871e-09,Pos101-Pos138
101,138,Pos101_A-Pos138_K,0.0,9.15515886496977e-09,Pos101-Pos138
101,138,Pos101_A-Pos138_T,0.0,1.0172398738855301e-09,Pos101-Pos138
101,138,Pos101_V-Pos138_D,0.0,2.661826109994465e-06,Pos101-Pos138
101,138,Pos101_V-Pos138_S,0.0,1.3224118360511891e-08,Pos101-Pos138
101,138,Pos101_V-Pos138_K,0.0,1.7002437892086715e-08,Pos101-Pos138
101,138,Pos101_V-Pos138_T,0.0,1.889159765787413e-09,Pos101-Pos138
101,138,Pos101_D-Pos138_D,1.2054873785471467e-05,6.756943202293642e-06,Pos101-Pos138
101,138,Pos101_D-Pos138_S,0.0,3.356891583822249e-08,Pos101-Pos138
101,138,Pos101_D-Pos138_K,0.0,4.31600346491432e-08,Pos101-Pos138
101,138,Pos101_D-Pos138_T,0.0,4.795559405460356e-09,Pos101-Pos138
101,138,Pos101_R-Pos138_D,0.0,2.0475585461495887e-07,Pos101-Pos138
101,138,Pos101_R-Pos138_S,0.0,1.0172398738855301e-09,Pos101-Pos138
101,138,Pos101_R-Pos138_K,0.0,1.3078798378528244e-09,Pos101-Pos138
101,138,Pos101_R-Pos138_T,0.0,1.4531998198364718e-10,Pos101-Pos138
101,154,Pos101_S-Pos154_G,6.027436892735733e-05,0.00029685050403732943,Pos101-Pos154
101,154,Pos101_S-Pos154_A,0.0,8.649300007684695e-06,Pos101-Pos154
101,154,Pos101_S-Pos154_K,0.0,2.6111094362821723e-06,Pos101-Pos154
101,154,Pos101_S-Pos154_V,0.0,1.6319433976763577e-07,Pos101-Pos154
101,154,Pos101_S-Pos154_D,0.0,1.3055547181410862e-06,Pos101-Pos154
101,154,Pos101_S-Pos154_*,0.0,3.2638867953527154e-07,Pos101-Pos154
101,154,Pos101_C-Pos154_G,2.4109747570942933e-05,8.458785511304134e-06,Pos101-Pos154
101,154,Pos101_C-Pos154_A,0.0,2.4646268944426556e-07,Pos101-Pos154
101,154,Pos101_C-Pos154_K,0.0,7.440383077562736e-08,Pos101-Pos154
101,154,Pos101_C-Pos154_V,0.0,4.65023942347671e-09,Pos101-Pos154
101,154,Pos101_C-Pos154_D,0.0,3.720191538781368e-08,Pos101-Pos154
101,154,Pos101_C-Pos154_*,0.0,9.30047884695342e-09,Pos101-Pos154
101,154,Pos101_A-Pos154_G,0.0,1.8503593305977793e-06,Pos101-Pos154
101,154,Pos101_A-Pos154_A,0.0,5.391371331593309e-08,Pos101-Pos154
101,154,Pos101_A-Pos154_K,0.0,1.6275837982168482e-08,Pos101-Pos154
101,154,Pos101_A-Pos154_V,0.0,1.0172398738855301e-09,Pos101-Pos154
101,154,Pos101_A-Pos154_D,0.0,8.137918991084241e-09,Pos101-Pos154
101,154,Pos101_A-Pos154_*,0.0,2.0344797477710602e-09,Pos101-Pos154
101,154,Pos101_V-Pos154_G,0.0,3.436381613967304e-06,Pos101-Pos154
101,154,Pos101_V-Pos154_A,0.0,1.0012546758673287e-07,Pos101-Pos154
101,154,Pos101_V-Pos154_K,0.0,3.0226556252598606e-08,Pos101-Pos154
101,154,Pos101_V-Pos154_V,0.0,1.889159765787413e-09,Pos101-Pos154
101,154,Pos101_V-Pos154_D,0.0,1.5113278126299303e-08,Pos101-Pos154
101,154,Pos101_V-Pos154_*,0.0,3.778319531574826e-09,Pos101-Pos154
101,154,Pos101_D-Pos154_G,3.61646213564144e-05,8.723122558532388e-06,Pos101-Pos154
101,154,Pos101_D-Pos154_A,0.0,2.541646484893989e-07,Pos101-Pos154
101,154,Pos101_D-Pos154_K,0.0,7.67289504873657e-08,Pos101-Pos154
101,154,Pos101_D-Pos154_V,0.0,4.795559405460356e-09,Pos101-Pos154
101,154,Pos101_D-Pos154_D,0.0,3.836447524368285e-08,Pos101-Pos154
101,154,Pos101_D-Pos154_*,0.0,9.591118810920713e-09,Pos101-Pos154
101,154,Pos101_R-Pos154_G,0.0,2.643370472282542e-07,Pos101-Pos154
101,154,Pos101_R-Pos154_A,0.0,7.701959045133299e-09,Pos101-Pos154
101,154,Pos101_R-Pos154_K,0.0,2.325119711738355e-09,Pos101-Pos154
101,154,Pos101_R-Pos154_V,0.0,1.4531998198364718e-10,Pos101-Pos154
101,154,Pos101_R-Pos154_D,0.0,1.1625598558691774e-09,Pos101-Pos154
101,154,Pos101_R-Pos154_*,0.0,2.9063996396729436e-10,Pos101-Pos154
101,162,Pos101_S-Pos162_I,0.013513513513513514,0.013461737893092506,Pos101-Pos162
101,162,Pos101_S-Pos162_V,1.2054873785471467e-05,3.117011889561843e-05,Pos101-Pos162
101,162,Pos101_S-Pos162_T,0.0,1.4687490579087217e-06,Pos101-Pos162
101,162,Pos101_S-Pos162_C,0.0,2.6274288702589355e-05,Pos101-Pos162
101,162,Pos101_S-Pos162_M,0.0,1.6319433976763577e-07,Pos101-Pos162
101,162,Pos101_S-Pos162_F,0.0,1.6319433976763577e-07,Pos101-Pos162
101,162,Pos101_S-Pos162_N,0.0,1.6319433976763577e-07,Pos101-Pos162
101,162,Pos101_S-Pos162_*,0.0,1.6319433976763577e-07,Pos101-Pos162
101,162,Pos101_S-Pos162_L,0.0,1.6319433976763577e-07,Pos101-Pos162
101,162,Pos101_C-Pos162_I,0.00037370108734961543,0.0003835935998031703,Pos101-Pos162
101,162,Pos101_C-Pos162_V,1.2054873785471467e-05,8.881957298840515e-07,Pos101-Pos162
101,162,Pos101_C-Pos162_T,0.0,4.185215481129038e-08,Pos101-Pos162
101,162,Pos101_C-Pos162_C,0.0,7.486885471797501e-07,Pos101-Pos162
101,162,Pos101_C-Pos162_M,0.0,4.65023942347671e-09,Pos101-Pos162
101,162,Pos101_C-Pos162_F,0.0,4.65023942347671e-09,Pos101-Pos162
101,162,Pos101_C-Pos162_N,0.0,4.65023942347671e-09,Pos101-Pos162
101,162,Pos101_C-Pos162_*,0.0,4.65023942347671e-09,Pos101-Pos162
101,162,Pos101_C-Pos162_L,0.0,4.65023942347671e-09,Pos101-Pos162
101,162,Pos101_A-Pos162_I,8.438411649830026e-05,8.39110999569435e-05,Pos101-Pos162
101,162,Pos101_A-Pos162_V,0.0,1.9429281591213627e-07,Pos101-Pos162
101,162,Pos101_A-Pos162_T,0.0,9.15515886496977e-09,Pos101-Pos162
101,162,Pos101_A-Pos162_C,0.0,1.6377561969557035e-07,Pos101-Pos162
101,162,Pos101_A-Pos162_M,0.0,1.0172398738855301e-09,Pos101-Pos162
101,162,Pos101_A-Pos162_F,0.0,1.0172398738855301e-09,Pos101-Pos162
101,162,Pos101_A-Pos162_N,0.0,1.0172398738855301e-09,Pos101-Pos162
101,162,Pos101_A-Pos162_*,0.0,1.0172398738855301e-09,Pos101-Pos162
101,162,Pos101_A-Pos162_L,0.0,1.0172398738855301e-09,Pos101-Pos162
101,162,Pos101_V-Pos162_I,0.00015671335921112905,0.00015583489992003792,Pos101-Pos162
101,162,Pos101_V-Pos162_V,0.0,3.608295152653959e-07,Pos101-Pos162
101,162,Pos101_V-Pos162_T,0.0,1.7002437892086715e-08,Pos101-Pos162
101,162,Pos101_V-Pos162_C,0.0,3.041547222917735e-07,Pos101-Pos162
101,162,Pos101_V-Pos162_M,0.0,1.889159765787413e-09,Pos101-Pos162
101,162,Pos101_V-Pos162_F,0.0,1.889159765787413e-09,Pos101-Pos162
101,162,Pos101_V-Pos162_N,0.0,1.889159765787413e-09,Pos101-Pos162
101,162,Pos101_V-Pos162_*,0.0,1.889159765787413e-09,Pos101-Pos162
101,162,Pos101_V-Pos162_L,0.0,1.889159765787413e-09,Pos101-Pos162
101,162,Pos101_D-Pos162_I,0.0003978108349205584,0.0003955808997970193,Pos101-Pos162
101,162,Pos101_D-Pos162_V,0.0,9.15951846442928e-07,Pos101-Pos162
101,162,Pos101_D-Pos162_T,0.0,4.31600346491432e-08,Pos101-Pos162
101,162,Pos101_D-Pos162_C,0.0,7.720850642791173e-07,Pos101-Pos162
101,162,Pos101_D-Pos162_M,0.0,4.795559405460356e-09,Pos101-Pos162
101,162,Pos101_D-Pos162_F,0.0,4.795559405460356e-09,Pos101-Pos162
101,162,Pos101_D-Pos162_N,0.0,4.795559405460356e-09,Pos101-Pos162
101,162,Pos101_D-Pos162_*,0.0,4.795559405460356e-09,Pos101-Pos162
101,162,Pos101_D-Pos162_L,0.0,4.795559405460356e-09,Pos101-Pos162
101,162,Pos101_R-Pos162_I,1.2054873785471467e-05,1.1987299993849072e-05,Pos101-Pos162
101,162,Pos101_R-Pos162_V,0.0,2.7756116558876608e-08,Pos101-Pos162
101,162,Pos101_R-Pos162_T,0.0,1.3078798378528244e-09,Pos101-Pos162
101,162,Pos101_R-Pos162_C,0.0,2.339651709936719e-08,Pos101-Pos162
101,162,Pos101_R-Pos162_M,0.0,1.4531998198364718e-10,Pos101-Pos162
101,162,Pos101_R-Pos162_F,0.0,1.4531998198364718e-10,Pos101-Pos162
101,162,Pos101_R-Pos162_N,0.0,1.4531998198364718e-10,Pos101-Pos162
101,162,Pos101_R-Pos162_*,0.0,1.4531998198364718e-10,Pos101-Pos162
101,162,Pos101_R-Pos162_L,0.0,1.4531998198364718e-10,Pos101-Pos162
101,164,Pos101_S-Pos164_S,0.013465294018371628,0.013465491362907162,Pos101-Pos164
101,164,Pos101_S-Pos164_I,0.0,3.100692455585079e-06,Pos101-Pos164
101,164,Pos101_S-Pos164_R,0.0,2.6111094362821723e-06,Pos101-Pos164
101,164,Pos101_S-Pos164_G,1.2054873785471467e-05,4.406247173726166e-06,Pos101-Pos164
101,164,Pos101_C-Pos164_S,0.00038575596113508693,0.0003837005553099102,Pos101-Pos164
101,164,Pos101_C-Pos164_I,0.0,8.835454904605747e-08,Pos101-Pos164
101,164,Pos101_C-Pos164_R,0.0,7.440383077562736e-08,Pos101-Pos164
101,164,Pos101_C-Pos164_G,0.0,1.2555646443387117e-07,Pos101-Pos164
101,164,Pos101_A-Pos164_S,8.438411649830026e-05,8.393449647404285e-05,Pos101-Pos164
101,164,Pos101_A-Pos164_I,0.0,1.9327557603825072e-08,Pos101-Pos164
101,164,Pos101_A-Pos164_R,0.0,1.6275837982168482e-08,Pos101-Pos164
101,164,Pos101_A-Pos164_G,0.0,2.7465476594909313e-08,Pos101-Pos164
101,164,Pos101_V-Pos164_S,0.00015671335921112905,0.00015587835059465102,Pos101-Pos164
101,164,Pos101_V-Pos164_I,0.0,3.589403554996084e-08,Pos101-Pos164
101,164,Pos101_V-Pos164_R,0.0,3.0226556252598606e-08,Pos101-Pos164
101,164,Pos101_V-Pos164_G,0.0,5.100731367626015e-08,Pos101-Pos164
101,164,Pos101_D-Pos164_S,0.0003978108349205584,0.0003956911976633449,Pos101-Pos164
101,164,Pos101_D-Pos164_I,0.0,9.111562870374677e-08,Pos101-Pos164
101,164,Pos101_D-Pos164_R,0.0,7.67289504873657e-08,Pos101-Pos164
101,164,Pos101_D-Pos164_G,0.0,1.2948010394742961e-07,Pos101-Pos164
101,164,Pos101_R-Pos164_S,1.2054873785471467e-05,1.1990642353434694e-05,Pos101-Pos164
101,164,Pos101_R-Pos164_I,0.0,2.761079657689296e-09,Pos101-Pos164
101,164,Pos101_R-Pos164_R,0.0,2.325119711738355e-09,Pos101-Pos164
101,164,Pos101_R-Pos164_G,0.0,3.923639513558474e-09,Pos101-Pos164
101,172,Pos101_S-Pos172_L,0.0,4.079858494190894e-06,Pos101-Pos172
101,172,Pos101_S-Pos172_I,0.0002049328543530149,0.00012060061708828282,Pos101-Pos172
101,172,Pos101_S-Pos172_T,0.0,3.2638867953527154e-06,Pos101-Pos172
101,172,Pos101_S-Pos172_R,0.0,8.159716988381788e-06,Pos101-Pos172
101,172,Pos101_S-Pos172_V,0.0,5.548607552099615e-06,Pos101-Pos172
101,172,Pos101_S-Pos172_K,0.0,4.895830193029073e-07,Pos101-Pos172
101,172,Pos101_C-Pos172_L,0.0,1.1625598558691774e-07,Pos101-Pos172
101,172,Pos101_C-Pos172_I,0.0,3.436526933949288e-06,Pos101-Pos172
101,172,Pos101_C-Pos172_T,0.0,9.300478846953419e-08,Pos101-Pos172
101,172,Pos101_C-Pos172_R,0.0,2.3251197117383547e-07,Pos101-Pos172
101,172,Pos101_C-Pos172_V,0.0,1.581081403982081e-07,Pos101-Pos172
101,172,Pos101_C-Pos172_K,0.0,1.395071827043013e-08,Pos101-Pos172
101,172,Pos101_A-Pos172_L,0.0,2.543099684713825e-08,Pos101-Pos172
101,172,Pos101_A-Pos172_I,0.0,7.517402668014067e-07,Pos101-Pos172
101,172,Pos101_A-Pos172_T,0.0,2.03447974777106e-08,Pos101-Pos172
101,172,Pos101_A-Pos172_R,0.0,5.08619936942765e-08,Pos101-Pos172
101,172,Pos101_A-Pos172_V,0.0,3.458615571210802e-08,Pos101-Pos172
101,172,Pos101_A-Pos172_K,0.0,3.0517196216565903e-09,Pos101-Pos172
101,172,Pos101_V-Pos172_L,0.0,4.722899414468532e-08,Pos101-Pos172
101,172,Pos101_V-Pos172_I,0.0,1.3960890669168981e-06,Pos101-Pos172
101,172,Pos101_V-Pos172_T,0.0,3.778319531574826e-08,Pos101-Pos172
101,172,Pos101_V-Pos172_R,0.0,9.445798828937064e-08,Pos101-Pos172
101,172,Pos101_V-Pos172_V,0.0,6.423143203677204e-08,Pos101-Pos172
101,172,Pos101_V-Pos172_K,0.0,5.6674792973622395e-09,Pos101-Pos172
101,172,Pos101_D-Pos172_L,0.0,1.198889851365089e-07,Pos101-Pos172
101,172,Pos101_D-Pos172_I,0.0,3.543918400635203e-06,Pos101-Pos172
101,172,Pos101_D-Pos172_T,0.0,9.591118810920712e-08,Pos101-Pos172
101,172,Pos101_D-Pos172_R,0.0,2.397779702730178e-07,Pos101-Pos172
101,172,Pos101_D-Pos172_V,0.0,1.630490197856521e-07,Pos101-Pos172
101,172,Pos101_D-Pos172_K,0.0,1.438667821638107e-08,Pos101-Pos172
101,172,Pos101_R-Pos172_L,0.0,3.6329995495911792e-09,Pos101-Pos172
101,172,Pos101_R-Pos172_I,0.0,1.0739146668591525e-07,Pos101-Pos172
101,172,Pos101_R-Pos172_T,0.0,2.9063996396729434e-09,Pos101-Pos172
101,172,Pos101_R-Pos172_R,0.0,7.2659990991823585e-09,Pos101-Pos172
101,172,Pos101_R-Pos172_V,0.0,4.940879387444003e-09,Pos101-Pos172
101,172,Pos101_R-Pos172_K,0.0,4.3595994595094154e-10,Pos101-Pos172
101,220,Pos101_S-Pos220_V,0.013525568387298985,0.013514123276157917,Pos101-Pos220
101,220,Pos101_S-Pos220_I,0.0,4.079858494190894e-06,Pos101-Pos220
101,220,Pos101_S-Pos220_A,0.0,1.7951377374439935e-06,Pos101-Pos220
101,220,Pos101_S-Pos220_F,0.0,2.4479150965145365e-06,Pos101-Pos220
101,220,Pos101_S-Pos220_D,0.0,1.6319433976763577e-07,Pos101-Pos220
101,220,Pos101_C-Pos220_V,0.00038575596113508693,0.0003850863266581063,Pos101-Pos220
101,220,Pos101_C-Pos220_I,0.0,1.1625598558691774e-07,Pos101-Pos220
101,220,Pos101_C-Pos220_A,0.0,5.11526336582438e-08,Pos101-Pos220
101,220,Pos101_C-Pos220_F,0.0,6.975359135215064e-08,Pos101-Pos220
101,220,Pos101_C-Pos220_D,0.0,4.65023942347671e-09,Pos101-Pos220
101,220,Pos101_A-Pos220_V,8.438411649830026e-05,8.423763395646075e-05,Pos101-Pos220
101,220,Pos101_A-Pos220_I,0.0,2.543099684713825e-08,Pos101-Pos220
101,220,Pos101_A-Pos220_A,0.0,1.1189638612740832e-08,Pos101-Pos220
101,220,Pos101_A-Pos220_F,0.0,1.525859810828295e-08,Pos101-Pos220
101,220,Pos101_A-Pos220_D,0.0,1.0172398738855301e-09,Pos101-Pos220
101,220,Pos101_V-Pos220_V,0.00015671335921112905,0.00015644132020485566,Pos101-Pos220
101,220,Pos101_V-Pos220_I,0.0,4.722899414468532e-08,Pos101-Pos220
101,220,Pos101_V-Pos220_A,0.0,2.0780757423661542e-08,Pos101-Pos220
101,220,Pos101_V-Pos220_F,0.0,2.8337396486811194e-08,Pos101-Pos220
101,220,Pos101_V-Pos220_D,0.0,1.889159765787413e-09,Pos101-Pos220
101,220,Pos101_D-Pos220_V,0.0003978108349205584,0.0003971202743661721,Pos101-Pos220
101,220,Pos101_D-Pos220_I,0.0,1.198889851365089e-07,Pos101-Pos220
101,220,Pos101_D-Pos220_A,0.0,5.275115346006392e-08,Pos101-Pos220
101,220,Pos101_D-Pos220_F,0.0,7.193339108190535e-08,Pos101-Pos220
101,220,Pos101_D-Pos220_D,0.0,4.795559405460356e-09,Pos101-Pos220
101,220,Pos101_R-Pos220_V,1.2054873785471467e-05,1.2033947708065822e-05,Pos101-Pos220
101,220,Pos101_R-Pos220_I,0.0,3.6329995495911792e-09,Pos101-Pos220
101,220,Pos101_R-Pos220_A,0.0,1.5985198018201188e-09,Pos101-Pos220
101,220,Pos101_R-Pos220_F,0.0,2.1797997297547075e-09,Pos101-Pos220
101,220,Pos101_R-Pos220_D,0.0,1.4531998198364718e-10,Pos101-Pos220
101,225,Pos101_S-Pos225_T,0.013513513513513514,0.013515755219555593,Pos101-Pos225
101,225,Pos101_S-Pos225_I,1.2054873785471467e-05,9.138883026987601e-06,Pos101-Pos225
101,225,Pos101_S-Pos225_L,1.2054873785471467e-05,2.7743037760498076e-06,Pos101-Pos225
101,225,Pos101_S-Pos225_S,0.0,3.2638867953527154e-07,Pos101-Pos225
101,225,Pos101_S-Pos225_A,0.0,9.791660386058146e-07,Pos101-Pos225
101,225,Pos101_C-Pos225_T,0.00038575596113508693,0.00038513282905234105,Pos101-Pos225
101,225,Pos101_C-Pos225_I,0.0,2.604134077146957e-07,Pos101-Pos225
101,225,Pos101_C-Pos225_L,0.0,7.905407019910404e-08,Pos101-Pos225
101,225,Pos101_C-Pos225_S,0.0,9.30047884695342e-09,Pos101-Pos225
101,225,Pos101_C-Pos225_A,0.0,2.790143654086026e-08,Pos101-Pos225
101,225,Pos101_A-Pos225_T,8.438411649830026e-05,8.424780635519961e-05,Pos101-Pos225
101,225,Pos101_A-Pos225_I,0.0,5.696543293758968e-08,Pos101-Pos225
101,225,Pos101_A-Pos225_L,0.0,1.729307785605401e-08,Pos101-Pos225
101,225,Pos101_A-Pos225_S,0.0,2.0344797477710602e-09,Pos101-Pos225
101,225,Pos101_A-Pos225_A,0.0,6.103439243313181e-09,Pos101-Pos225
101,225,Pos101_V-Pos225_T,0.00015671335921112905,0.00015646021180251355,Pos101-Pos225
101,225,Pos101_V-Pos225_I,0.0,1.0579294688409513e-07,Pos101-Pos225
101,225,Pos101_V-Pos225_L,0.0,3.211571601838602e-08,Pos101-Pos225
101,225,Pos101_V-Pos225_S,0.0,3.778319531574826e-09,Pos101-Pos225
101,225,Pos101_V-Pos225_A,0.0,1.1334958594724479e-08,Pos101-Pos225
101,225,Pos101_D-Pos225_T,0.0003978108349205584,0.0003971682299602267,Pos101-Pos225
101,225,Pos101_D-Pos225_I,0.0,2.6855132670577993e-07,Pos101-Pos225
101,225,Pos101_D-Pos225_L,0.0,8.152450989282605e-08,Pos101-Pos225
101,225,Pos101_D-Pos225_S,0.0,9.591118810920713e-09,Pos101-Pos225
101,225,Pos101_D-Pos225_A,0.0,2.877335643276214e-08,Pos101-Pos225
101,225,Pos101_R-Pos225_T,1.2054873785471467e-05,1.2035400907885658e-05,Pos101-Pos225
101,225,Pos101_R-Pos225_I,0.0,8.137918991084241e-09,Pos101-Pos225
101,225,Pos101_R-Pos225_L,0.0,2.4704396937220014e-09,Pos101-Pos225
101,225,Pos101_R-Pos225_S,0.0,2.9063996396729436e-10,Pos101-Pos225
101,225,Pos101_R-Pos225_A,0.0,8.719198919018831e-10,Pos101-Pos225
101,231,Pos101_S-Pos231_R,0.0001446584854256576,0.0003002775851724498,Pos101-Pos231
101,231,Pos101_S-Pos231_S,4.821949514188587e-05,8.53506396984735e-05,Pos101-Pos231
101,231,Pos101_S-Pos231_L,0.0,3.2638867953527154e-07,Pos101-Pos231
101,231,Pos101_S-Pos231_Y,0.0,3.4270811351203507e-06,Pos101-Pos231
101,231,Pos101_S-Pos231_G,0.0,1.9583320772116292e-06,Pos101-Pos231
101,231,Pos101_S-Pos231_F,1.2054873785471467e-05,1.3055547181410862e-06,Pos101-Pos231
101,231,Pos101_S-Pos231_*,0.0,8.159716988381788e-07,Pos101-Pos231
101,231,Pos101_C-Pos231_R,1.2054873785471467e-05,8.556440539197145e-06,Pos101-Pos231
101,231,Pos101_C-Pos231_S,0.0,2.4320752184783187e-06,Pos101-Pos231
101,231,Pos101_C-Pos231_L,0.0,9.30047884695342e-09,Pos101-Pos231
101,231,Pos101_C-Pos231_Y,0.0,9.765502789301089e-08,Pos101-Pos231
101,231,Pos101_C-Pos231_G,0.0,5.580287308172052e-08,Pos101-Pos231
101,231,Pos101_C-Pos231_F,0.0,3.720191538781368e-08,Pos101-Pos231
101,231,Pos101_C-Pos231_*,0.0,2.3251197117383547e-08,Pos101-Pos231
101,231,Pos101_A-Pos231_R,0.0,1.8717213679493754e-06,Pos101-Pos231
101,231,Pos101_A-Pos231_S,0.0,5.320164540421322e-07,Pos101-Pos231
101,231,Pos101_A-Pos231_L,0.0,2.0344797477710602e-09,Pos101-Pos231
101,231,Pos101_A-Pos231_Y,0.0,2.136203735159613e-08,Pos101-Pos231
101,231,Pos101_A-Pos231_G,0.0,1.2206878486626361e-08,Pos101-Pos231
101,231,Pos101_A-Pos231_F,0.0,8.137918991084241e-09,Pos101-Pos231
101,231,Pos101_A-Pos231_*,0.0,5.08619936942765e-09,Pos101-Pos231
101,231,Pos101_V-Pos231_R,0.0,3.4760539690488398e-06,Pos101-Pos231
101,231,Pos101_V-Pos231_S,0.0,9.88030557506817e-07,Pos101-Pos231
101,231,Pos101_V-Pos231_L,0.0,3.778319531574826e-09,Pos101-Pos231
101,231,Pos101_V-Pos231_Y,0.0,3.9672355081535666e-08,Pos101-Pos231
101,231,Pos101_V-Pos231_G,0.0,2.2669917189448958e-08,Pos101-Pos231
101,231,Pos101_V-Pos231_F,0.0,1.5113278126299303e-08,Pos101-Pos231
101,231,Pos101_V-Pos231_*,0.0,9.445798828937065e-09,Pos101-Pos231
101,231,Pos101_D-Pos231_R,1.2054873785471467e-05,8.823829306047056e-06,Pos101-Pos231
101,231,Pos101_D-Pos231_S,0.0,2.508077569055766e-06,Pos101-Pos231
101,231,Pos101_D-Pos231_L,0.0,9.591118810920713e-09,Pos101-Pos231
101,231,Pos101_D-Pos231_Y,0.0,1.0070674751466747e-07,Pos101-Pos231
101,231,Pos101_D-Pos231_G,0.0,5.754671286552428e-08,Pos101-Pos231
101,231,Pos101_D-Pos231_F,0.0,3.836447524368285e-08,Pos101-Pos231
101,231,Pos101_D-Pos231_*,0.0,2.397779702730178e-08,Pos101-Pos231
101,231,Pos101_R-Pos231_R,0.0,2.673887668499108e-07,Pos101-Pos231
101,231,Pos101_R-Pos231_S,0.0,7.600235057744746e-08,Pos101-Pos231
101,231,Pos101_R-Pos231_L,0.0,2.9063996396729436e-10,Pos101-Pos231
101,231,Pos101_R-Pos231_Y,0.0,3.0517196216565903e-09,Pos101-Pos231
101,231,Pos101_R-Pos231_G,0.0,1.7438397838037662e-09,Pos101-Pos231
101,231,Pos101_R-Pos231_F,0.0,1.1625598558691774e-09,Pos101-Pos231
101,231,Pos101_R-Pos231_*,0.0,7.265999099182358e-10,Pos101-Pos231
101,232,Pos101_S-Pos232_T,4.821949514188587e-05,0.0001054235434898927,Pos101-Pos232
101,232,Pos101_S-Pos232_F,0.0,1.1260409443966867e-05,Pos101-Pos232
101,232,Pos101_S-Pos232_L,1.2054873785471467e-05,1.5013879258622489e-05,Pos101-Pos232
101,232,Pos101_S-Pos232_V,0.0,2.1378458509560283e-05,Pos101-Pos232
101,232,Pos101_S-Pos232_S,4.821949514188587e-05,1.044443774512869e-05,Pos101-Pos232
101,232,Pos101_S-Pos232_N,0.0,3.100692455585079e-06,Pos101-Pos232
101,232,Pos101_S-Pos232_M,0.0,2.2847207567469003e-06,Pos101-Pos232
101,232,Pos101_S-Pos232_A,0.0,3.2638867953527154e-07,Pos101-Pos232
101,232,Pos101_C-Pos232_T,0.0,3.004054667565954e-06,Pos101-Pos232
101,232,Pos101_C-Pos232_F,0.0,3.2086652021989295e-07,Pos101-Pos232
101,232,Pos101_C-Pos232_L,0.0,4.278220269598572e-07,Pos101-Pos232
101,232,Pos101_C-Pos232_V,0.0,6.091813644754489e-07,Pos101-Pos232
101,232,Pos101_C-Pos232_S,0.0,2.976153231025094e-07,Pos101-Pos232
101,232,Pos101_C-Pos232_N,0.0,8.835454904605747e-08,Pos101-Pos232
101,232,Pos101_C-Pos232_M,0.0,6.510335192867393e-08,Pos101-Pos232
101,232,Pos101_C-Pos232_A,0.0,9.30047884695342e-09,Pos101-Pos232
101,232,Pos101_A-Pos232_T,0.0,6.571369585300524e-07,Pos101-Pos232
101,232,Pos101_A-Pos232_F,1.2054873785471467e-05,7.018955129810158e-08,Pos101-Pos232
101,232,Pos101_A-Pos232_L,0.0,9.358606839746876e-08,Pos101-Pos232
101,232,Pos101_A-Pos232_V,0.0,1.3325842347900442e-07,Pos101-Pos232
101,232,Pos101_A-Pos232_S,0.0,6.510335192867393e-08,Pos101-Pos232
101,232,Pos101_A-Pos232_N,0.0,1.9327557603825072e-08,Pos101-Pos232
101,232,Pos101_A-Pos232_M,0.0,1.424135823439742e-08,Pos101-Pos232
101,232,Pos101_A-Pos232_A,0.0,2.0344797477710602e-09,Pos101-Pos232
101,232,Pos101_V-Pos232_T,0.0,1.2203972086986688e-06,Pos101-Pos232
101,232,Pos101_V-Pos232_F,0.0,1.303520238393315e-07,Pos101-Pos232
101,232,Pos101_V-Pos232_L,0.0,1.73802698452442e-07,Pos101-Pos232
101,232,Pos101_V-Pos232_V,0.0,2.474799293181511e-07,Pos101-Pos232
101,232,Pos101_V-Pos232_S,0.0,1.2090622501039442e-07,Pos101-Pos232
101,232,Pos101_V-Pos232_N,0.0,3.589403554996084e-08,Pos101-Pos232
101,232,Pos101_V-Pos232_M,0.0,2.6448236721023782e-08,Pos101-Pos232
101,232,Pos101_V-Pos232_A,0.0,3.778319531574826e-09,Pos101-Pos232
101,232,Pos101_D-Pos232_T,1.2054873785471467e-05,3.09793137592739e-06,Pos101-Pos232
101,232,Pos101_D-Pos232_F,0.0,3.3089359897676456e-07,Pos101-Pos232
101,232,Pos101_D-Pos232_L,0.0,4.4119146530235277e-07,Pos101-Pos232
101,232,Pos101_D-Pos232_V,0.0,6.282182821153066e-07,Pos101-Pos232
101,232,Pos101_D-Pos232_S,0.0,3.069158019494628e-07,Pos101-Pos232
101,232,Pos101_D-Pos232_N,0.0,9.111562870374677e-08,Pos101-Pos232
101,232,Pos101_D-Pos232_M,0.0,6.713783167644498e-08,Pos101-Pos232
101,232,Pos101_D-Pos232_A,0.0,9.591118810920713e-09,Pos101-Pos232
101,232,Pos101_R-Pos232_T,0.0,9.387670836143607e-08,Pos101-Pos232
101,232,Pos101_R-Pos232_F,0.0,1.0027078756871655e-08,Pos101-Pos232
101,232,Pos101_R-Pos232_L,0.0,1.3369438342495538e-08,Pos101-Pos232
101,232,Pos101_R-Pos232_V,0.0,1.9036917639857778e-08,Pos101-Pos232
101,232,Pos101_R-Pos232_S,0.0,9.30047884695342e-09,Pos101-Pos232
101,232,Pos101_R-Pos232_N,0.0,2.761079657689296e-09,Pos101-Pos232
101,232,Pos101_R-Pos232_M,0.0,2.0344797477710602e-09,Pos101-Pos232
101,232,Pos101_R-Pos232_A,0.0,2.9063996396729436e-10,Pos101-Pos232
101,390,Pos101_S-Pos390_S,7.23292427128288e-05,0.00016874294731973537,Pos101-Pos390
101,390,Pos101_S-Pos390_T,0.0,2.4479150965145365e-06,Pos101-Pos390
101,390,Pos101_S-Pos390_D,0.0,7.833328308846517e-06,Pos101-Pos390
101,390,Pos101_S-Pos390_E,1.2054873785471467e-05,9.954854725825781e-06,Pos101-Pos390
101,390,Pos101_S-Pos390_I,1.2054873785471467e-05,4.569441513493801e-06,Pos101-Pos390
101,390,Pos101_S-Pos390_K,0.0,9.302077366755238e-06,Pos101-Pos390
101,390,Pos101_S-Pos390_H,0.0,3.2638867953527154e-07,Pos101-Pos390
101,390,Pos101_S-Pos390_R,0.0,3.2638867953527154e-07,Pos101-Pos390
101,390,Pos101_S-Pos390_Y,0.0,1.6319433976763577e-07,Pos101-Pos390
101,390,Pos101_C-Pos390_S,0.0,4.808347563874917e-06,Pos101-Pos390
101,390,Pos101_C-Pos390_T,0.0,6.975359135215064e-08,Pos101-Pos390
101,390,Pos101_C-Pos390_D,0.0,2.2321149232688207e-07,Pos101-Pos390
101,390,Pos101_C-Pos390_E,0.0,2.836646048320793e-07,Pos101-Pos390
101,390,Pos101_C-Pos390_I,0.0,1.3020670385734785e-07,Pos101-Pos390
101,390,Pos101_C-Pos390_K,0.0,2.650636471381724e-07,Pos101-Pos390
101,390,Pos101_C-Pos390_H,0.0,9.30047884695342e-09,Pos101-Pos390
101,390,Pos101_C-Pos390_R,0.0,9.30047884695342e-09,Pos101-Pos390
101,390,Pos101_C-Pos390_Y,0.0,4.65023942347671e-09,Pos101-Pos390
101,390,Pos101_A-Pos390_S,0.0,1.0518260295976382e-06,Pos101-Pos390
101,390,Pos101_A-Pos390_T,0.0,1.525859810828295e-08,Pos101-Pos390
101,390,Pos101_A-Pos390_D,0.0,4.8827513946505445e-08,Pos101-Pos390
101,390,Pos101_A-Pos390_E,0.0,6.205163230701733e-08,Pos101-Pos390
101,390,Pos101_A-Pos390_I,0.0,2.848271646879484e-08,Pos101-Pos390
101,390,Pos101_A-Pos390_K,0.0,5.798267281147521e-08,Pos101-Pos390
101,390,Pos101_A-Pos390_H,0.0,2.0344797477710602e-09,Pos101-Pos390
101,390,Pos101_A-Pos390_R,0.0,2.0344797477710602e-09,Pos101-Pos390
101,390,Pos101_A-Pos390_Y,0.0,1.0172398738855301e-09,Pos101-Pos390
101,390,Pos101_V-Pos390_S,0.0,1.953391197824185e-06,Pos101-Pos390
101,390,Pos101_V-Pos390_T,0.0,2.8337396486811194e-08,Pos101-Pos390
101,390,Pos101_V-Pos390_D,0.0,9.067966875779583e-08,Pos101-Pos390
101,390,Pos101_V-Pos390_E,0.0,1.1523874571303218e-07,Pos101-Pos390
101,390,Pos101_V-Pos390_I,0.0,5.2896473442047564e-08,Pos101-Pos390
101,390,Pos101_V-Pos390_K,0.0,1.0768210664988253e-07,Pos101-Pos390
101,390,Pos101_V-Pos390_H,0.0,3.778319531574826e-09,Pos101-Pos390
101,390,Pos101_V-Pos390_R,0.0,3.778319531574826e-09,Pos101-Pos390
101,390,Pos101_V-Pos390_Y,0.0,1.889159765787413e-09,Pos101-Pos390
101,390,Pos101_D-Pos390_S,0.0,4.958608425246009e-06,Pos101-Pos390
101,390,Pos101_D-Pos390_T,0.0,7.193339108190535e-08,Pos101-Pos390
101,390,Pos101_D-Pos390_D,0.0,2.3018685146209711e-07,Pos101-Pos390
101,390,Pos101_D-Pos390_E,0.0,2.925291237330817e-07,Pos101-Pos390
101,390,Pos101_D-Pos390_I,0.0,1.3427566335288997e-07,Pos101-Pos390
101,390,Pos101_D-Pos390_K,0.0,2.733468861112403e-07,Pos101-Pos390
101,390,Pos101_D-Pos390_H,0.0,9.591118810920713e-09,Pos101-Pos390
101,390,Pos101_D-Pos390_R,0.0,9.591118810920713e-09,Pos101-Pos390
101,390,Pos101_D-Pos390_Y,0.0,4.795559405460356e-09,Pos101-Pos390
101,390,Pos101_R-Pos390_S,0.0,1.5026086137109117e-07,Pos101-Pos390
101,390,Pos101_R-Pos390_T,0.0,2.1797997297547075e-09,Pos101-Pos390
101,390,Pos101_R-Pos390_D,0.0,6.975359135215065e-09,Pos101-Pos390
101,390,Pos101_R-Pos390_E,0.0,8.864518901002478e-09,Pos101-Pos390
101,390,Pos101_R-Pos390_I,0.0,4.0689594955421204e-09,Pos101-Pos390
101,390,Pos101_R-Pos390_K,0.0,8.283238973067888e-09,Pos101-Pos390
101,390,Pos101_R-Pos390_H,0.0,2.9063996396729436e-10,Pos101-Pos390
101,390,Pos101_R-Pos390_R,0.0,2.9063996396729436e-10,Pos101-Pos390
101,390,Pos101_R-Pos390_Y,0.0,1.4531998198364718e-10,Pos101-Pos390
138,154,Pos138_D-Pos154_G,0.00015671335921112905,0.00037245089954461016,Pos138-Pos154
138,154,Pos138_D-Pos154_A,0.0,1.0852060294592819e-05,Pos138-Pos154
138,154,Pos138_D-Pos154_K,1.2054873785471467e-05,3.276093673839342e-06,Pos138-Pos154
138,154,Pos138_D-Pos154_V,0.0,2.0475585461495887e-07,Pos138-Pos154
138,154,Pos138_D-Pos154_D,1.2054873785471467e-05,1.638046836919671e-06,Pos138-Pos154
138,154,Pos138_D-Pos154_*,0.0,4.0951170922991775e-07,Pos138-Pos154
138,154,Pos138_S-Pos154_G,1.2054873785471467e-05,1.8503593305977793e-06,Pos138-Pos154
138,154,Pos138_S-Pos154_A,0.0,5.391371331593309e-08,Pos138-Pos154
138,154,Pos138_S-Pos154_K,0.0,1.6275837982168482e-08,Pos138-Pos154
138,154,Pos138_S-Pos154_V,0.0,1.0172398738855301e-09,Pos138-Pos154
138,154,Pos138_S-Pos154_D,0.0,8.137918991084241e-09,Pos138-Pos154
138,154,Pos138_S-Pos154_*,0.0,2.0344797477710602e-09,Pos138-Pos154
138,154,Pos138_K-Pos154_G,0.0,2.3790334250542876e-06,Pos138-Pos154
138,154,Pos138_K-Pos154_A,0.0,6.931763140619969e-08,Pos138-Pos154
138,154,Pos138_K-Pos154_K,0.0,2.092607740564519e-08,Pos138-Pos154
138,154,Pos138_K-Pos154_V,0.0,1.3078798378528244e-09,Pos138-Pos154
138,154,Pos138_K-Pos154_D,0.0,1.0463038702822595e-08,Pos138-Pos154
138,154,Pos138_K-Pos154_*,0.0,2.6157596757056487e-09,Pos138-Pos154
138,154,Pos138_T-Pos154_G,0.0,2.643370472282542e-07,Pos138-Pos154
138,154,Pos138_T-Pos154_A,0.0,7.701959045133299e-09,Pos138-Pos154
138,154,Pos138_T-Pos154_K,0.0,2.325119711738355e-09,Pos138-Pos154
138,154,Pos138_T-Pos154_V,0.0,1.4531998198364718e-10,Pos138-Pos154
138,154,Pos138_T-Pos154_D,0.0,1.1625598558691774e-09,Pos138-Pos154
138,154,Pos138_T-Pos154_*,0.0,2.9063996396729436e-10,Pos138-Pos154
138,162,Pos138_D-Pos162_I,0.01694915254237288,0.01689010569133334,Pos138-Pos162
138,162,Pos138_D-Pos162_V,1.2054873785471467e-05,3.9108368231457146e-05,Pos138-Pos162
138,162,Pos138_D-Pos162_T,1.2054873785471467e-05,1.8428026915346297e-06,Pos138-Pos162
138,162,Pos138_D-Pos162_C,0.0,3.2965692593008376e-05,Pos138-Pos162
138,162,Pos138_D-Pos162_M,0.0,2.0475585461495887e-07,Pos138-Pos162
138,162,Pos138_D-Pos162_F,0.0,2.0475585461495887e-07,Pos138-Pos162
138,162,Pos138_D-Pos162_N,0.0,2.0475585461495887e-07,Pos138-Pos162
138,162,Pos138_D-Pos162_*,0.0,2.0475585461495887e-07,Pos138-Pos162
138,162,Pos138_D-Pos162_L,0.0,2.0475585461495887e-07,Pos138-Pos162
138,162,Pos138_S-Pos162_I,8.438411649830026e-05,8.39110999569435e-05,Pos138-Pos162
138,162,Pos138_S-Pos162_V,0.0,1.9429281591213627e-07,Pos138-Pos162
138,162,Pos138_S-Pos162_T,0.0,9.15515886496977e-09,Pos138-Pos162
138,162,Pos138_S-Pos162_C,0.0,1.6377561969557035e-07,Pos138-Pos162
138,162,Pos138_S-Pos162_M,0.0,1.0172398738855301e-09,Pos138-Pos162
138,162,Pos138_S-Pos162_F,0.0,1.0172398738855301e-09,Pos138-Pos162
138,162,Pos138_S-Pos162_N,0.0,1.0172398738855301e-09,Pos138-Pos162
138,162,Pos138_S-Pos162_*,0.0,1.0172398738855301e-09,Pos138-Pos162
138,162,Pos138_S-Pos162_L,0.0,1.0172398738855301e-09,Pos138-Pos162
138,162,Pos138_K-Pos162_I,0.00010849386406924319,0.00010788569994464164,Pos138-Pos162
138,162,Pos138_K-Pos162_V,0.0,2.498050490298895e-07,Pos138-Pos162
138,162,Pos138_K-Pos162_T,0.0,1.177091854067542e-08,Pos138-Pos162
138,162,Pos138_K-Pos162_C,0.0,2.1056865389430471e-07,Pos138-Pos162
138,162,Pos138_K-Pos162_M,0.0,1.3078798378528244e-09,Pos138-Pos162
138,162,Pos138_K-Pos162_F,0.0,1.3078798378528244e-09,Pos138-Pos162
138,162,Pos138_K-Pos162_N,0.0,1.3078798378528244e-09,Pos138-Pos162
138,162,Pos138_K-Pos162_*,0.0,1.3078798378528244e-09,Pos138-Pos162
138,162,Pos138_K-Pos162_L,0.0,1.3078798378528244e-09,Pos138-Pos162
138,162,Pos138_T-Pos162_I,1.2054873785471467e-05,1.1987299993849072e-05,Pos138-Pos162
138,162,Pos138_T-Pos162_V,0.0,2.7756116558876608e-08,Pos138-Pos162
138,162,Pos138_T-Pos162_T,0.0,1.3078798378528244e-09,Pos138-Pos162
138,162,Pos138_T-Pos162_C,0.0,2.339651709936719e-08,Pos138-Pos162
138,162,Pos138_T-Pos162_M,0.0,1.4531998198364718e-10,Pos138-Pos162
138,162,Pos138_T-Pos162_F,0.0,1.4531998198364718e-10,Pos138-Pos162
138,162,Pos138_T-Pos162_N,0.0,1.4531998198364718e-10,Pos138-Pos162
138,162,Pos138_T-Pos162_*,0.0,1.4531998198364718e-10,Pos138-Pos162
138,162,Pos138_T-Pos162_L,0.0,1.4531998198364718e-10,Pos138-Pos162
138,164,Pos138_D-Pos164_S,0.01694915254237288,0.016894815075989486,Pos138-Pos164
138,164,Pos138_D-Pos164_I,0.0,3.890361237684218e-06,Pos138-Pos164
138,164,Pos138_D-Pos164_R,1.2054873785471467e-05,3.276093673839342e-06,Pos138-Pos164
138,164,Pos138_D-Pos164_G,1.2054873785471467e-05,5.528408074603889e-06,Pos138-Pos164
138,164,Pos138_S-Pos164_S,8.438411649830026e-05,8.393449647404285e-05,Pos138-Pos164
138,164,Pos138_S-Pos164_I,0.0,1.9327557603825072e-08,Pos138-Pos164
138,164,Pos138_S-Pos164_R,0.0,1.6275837982168482e-08,Pos138-Pos164
138,164,Pos138_S-Pos164_G,0.0,2.7465476594909313e-08,Pos138-Pos164
138,164,Pos138_K-Pos164_S,0.00010849386406924319,0.00010791578118091225,Pos138-Pos164
138,164,Pos138_K-Pos164_I,0.0,2.484971691920366e-08,Pos138-Pos164
138,164,Pos138_K-Pos164_R,0.0,2.092607740564519e-08,Pos138-Pos164
138,164,Pos138_K-Pos164_G,0.0,3.531275562202626e-08,Pos138-Pos164
138,164,Pos138_T-Pos164_S,1.2054873785471467e-05,1.1990642353434694e-05,Pos138-Pos164
138,164,Pos138_T-Pos164_I,0.0,2.761079657689296e-09,Pos138-Pos164
138,164,Pos138_T-Pos164_R,0.0,2.325119711738355e-09,Pos138-Pos164
138,164,Pos138_T-Pos164_G,0.0,3.923639513558474e-09,Pos138-Pos164
138,172,Pos138_D-Pos172_L,1.2054873785471467e-05,5.1188963653739715e-06,Pos138-Pos172
138,172,Pos138_D-Pos172_I,0.00012054873785471466,0.0001513145765604546,Pos138-Pos172
138,172,Pos138_D-Pos172_T,1.2054873785471467e-05,4.095117092299178e-06,Pos138-Pos172
138,172,Pos138_D-Pos172_R,0.0,1.0237792730747943e-05,Pos138-Pos172
138,172,Pos138_D-Pos172_V,0.0,6.961699056908601e-06,Pos138-Pos172
138,172,Pos138_D-Pos172_K,0.0,6.142675638448767e-07,Pos138-Pos172
138,172,Pos138_S-Pos172_L,0.0,2.543099684713825e-08,Pos138-Pos172
138,172,Pos138_S-Pos172_I,0.0,7.517402668014067e-07,Pos138-Pos172
138,172,Pos138_S-Pos172_T,0.0,2.03447974777106e-08,Pos138-Pos172
138,172,Pos138_S-Pos172_R,0.0,5.08619936942765e-08,Pos138-Pos172
138,172,Pos138_S-Pos172_V,0.0,3.458615571210802e-08,Pos138-Pos172
138,172,Pos138_S-Pos172_K,0.0,3.0517196216565903e-09,Pos138-Pos172
138,172,Pos138_K-Pos172_L,0.0,3.269699594632061e-08,Pos138-Pos172
138,172,Pos138_K-Pos172_I,0.0,9.665232001732372e-07,Pos138-Pos172
138,172,Pos138_K-Pos172_T,0.0,2.6157596757056487e-08,Pos138-Pos172
138,172,Pos138_K-Pos172_R,0.0,6.539399189264121e-08,Pos138-Pos172
138,172,Pos138_K-Pos172_V,0.0,4.4467914486996025e-08,Pos138-Pos172
138,172,Pos138_K-Pos172_K,0.0,3.923639513558473e-09,Pos138-Pos172
138,172,Pos138_T-Pos172_L,0.0,3.6329995495911792e-09,Pos138-Pos172
138,172,Pos138_T-Pos172_I,0.0,1.0739146668591525e-07,Pos138-Pos172
138,172,Pos138_T-Pos172_T,0.0,2.9063996396729434e-09,Pos138-Pos172
138,172,Pos138_T-Pos172_R,0.0,7.2659990991823585e-09,Pos138-Pos172
138,172,Pos138_T-Pos172_V,0.0,4.940879387444003e-09,Pos138-Pos172
138,172,Pos138_T-Pos172_K,0.0,4.3595994595094154e-10,Pos138-Pos172
138,220,Pos138_D-Pos220_V,0.016985317163729297,0.016955832320664745,Pos138-Pos220
138,220,Pos138_D-Pos220_I,0.0,5.1188963653739715e-06,Pos138-Pos220
138,220,Pos138_D-Pos220_A,0.0,2.2523144007645478e-06,Pos138-Pos220
138,220,Pos138_D-Pos220_F,0.0,3.071337819224383e-06,Pos138-Pos220
138,220,Pos138_D-Pos220_D,0.0,2.0475585461495887e-07,Pos138-Pos220
138,220,Pos138_S-Pos220_V,8.438411649830026e-05,8.423763395646075e-05,Pos138-Pos220
138,220,Pos138_S-Pos220_I,0.0,2.543099684713825e-08,Pos138-Pos220
138,220,Pos138_S-Pos220_A,0.0,1.1189638612740832e-08,Pos138-Pos220
138,220,Pos138_S-Pos220_F,0.0,1.525859810828295e-08,Pos138-Pos220
138,220,Pos138_S-Pos220_D,0.0,1.0172398738855301e-09,Pos138-Pos220
138,220,Pos138_K-Pos220_V,0.00010849386406924319,0.00010830552937259239,Pos138-Pos220
138,220,Pos138_K-Pos220_I,0.0,3.269699594632061e-08,Pos138-Pos220
138,220,Pos138_K-Pos220_A,0.0,1.4386678216381068e-08,Pos138-Pos220
138,220,Pos138_K-Pos220_F,0.0,1.9618197567792367e-08,Pos138-Pos220
138,220,Pos138_K-Pos220_D,0.0,1.3078798378528244e-09,Pos138-Pos220
138,220,Pos138_T-Pos220_V,1.2054873785471467e-05,1.2033947708065822e-05,Pos138-Pos220
138,220,Pos138_T-Pos220_I,0.0,3.6329995495911792e-09,Pos138-Pos220
138,220,Pos138_T-Pos220_A,0.0,1.5985198018201188e-09,Pos138-Pos220
138,220,Pos138_T-Pos220_F,0.0,2.1797997297547075e-09,Pos138-Pos220
138,220,Pos138_T-Pos220_D,0.0,1.4531998198364718e-10,Pos138-Pos220
138,225,Pos138_D-Pos225_T,0.016973262289943825,0.016957879879210894,Pos138-Pos225
138,225,Pos138_D-Pos225_I,0.0,1.1466327858437697e-05,Pos138-Pos225
138,225,Pos138_D-Pos225_L,0.0,3.4808495284543005e-06,Pos138-Pos225
138,225,Pos138_D-Pos225_S,0.0,4.0951170922991775e-07,Pos138-Pos225
138,225,Pos138_D-Pos225_A,0.0,1.2285351276897533e-06,Pos138-Pos225
138,225,Pos138_S-Pos225_T,8.438411649830026e-05,8.424780635519961e-05,Pos138-Pos225
138,225,Pos138_S-Pos225_I,0.0,5.696543293758968e-08,Pos138-Pos225
138,225,Pos138_S-Pos225_L,0.0,1.729307785605401e-08,Pos138-Pos225
138,225,Pos138_S-Pos225_S,0.0,2.0344797477710602e-09,Pos138-Pos225
138,225,Pos138_S-Pos225_A,0.0,6.103439243313181e-09,Pos138-Pos225
138,225,Pos138_K-Pos225_T,0.00010849386406924319,0.00010831860817097092,Pos138-Pos225
138,225,Pos138_K-Pos225_I,0.0,7.324127091975816e-08,Pos138-Pos225
138,225,Pos138_K-Pos225_L,0.0,2.2233957243498013e-08,Pos138-Pos225
138,225,Pos138_K-Pos225_S,0.0,2.6157596757056487e-09,Pos138-Pos225
138,225,Pos138_K-Pos225_A,0.0,7.847279027116946e-09,Pos138-Pos225
138,225,Pos138_T-Pos225_T,1.2054873785471467e-05,1.2035400907885658e-05,Pos138-Pos225
138,225,Pos138_T-Pos225_I,0.0,8.137918991084241e-09,Pos138-Pos225
138,225,Pos138_T-Pos225_L,0.0,2.4704396937220014e-09,Pos138-Pos225
138,225,Pos138_T-Pos225_S,0.0,2.9063996396729436e-10,Pos138-Pos225
138,225,Pos138_T-Pos225_A,0.0,8.719198919018831e-10,Pos138-Pos225
138,231,Pos138_D-Pos231_R,3.61646213564144e-05,0.00037675077249152433,Pos138-Pos231
138,231,Pos138_D-Pos231_S,1.2054873785471467e-05,0.00010708731196362349,Pos138-Pos231
138,231,Pos138_D-Pos231_L,0.0,4.0951170922991775e-07,Pos138-Pos231
138,231,Pos138_D-Pos231_Y,0.0,4.299872946914136e-06,Pos138-Pos231
138,231,Pos138_D-Pos231_G,0.0,2.4570702553795067e-06,Pos138-Pos231
138,231,Pos138_D-Pos231_F,0.0,1.638046836919671e-06,Pos138-Pos231
138,231,Pos138_D-Pos231_*,0.0,1.0237792730747944e-06,Pos138-Pos231
138,231,Pos138_S-Pos231_R,0.0,1.8717213679493754e-06,Pos138-Pos231
138,231,Pos138_S-Pos231_S,0.0,5.320164540421322e-07,Pos138-Pos231
138,231,Pos138_S-Pos231_L,0.0,2.0344797477710602e-09,Pos138-Pos231
138,231,Pos138_S-Pos231_Y,0.0,2.136203735159613e-08,Pos138-Pos231
138,231,Pos138_S-Pos231_G,0.0,1.2206878486626361e-08,Pos138-Pos231
138,231,Pos138_S-Pos231_F,0.0,8.137918991084241e-09,Pos138-Pos231
138,231,Pos138_S-Pos231_*,0.0,5.08619936942765e-09,Pos138-Pos231
138,231,Pos138_K-Pos231_R,0.0,2.406498901649197e-06,Pos138-Pos231
138,231,Pos138_K-Pos231_S,0.0,6.840211551970271e-07,Pos138-Pos231
138,231,Pos138_K-Pos231_L,0.0,2.6157596757056487e-09,Pos138-Pos231
138,231,Pos138_K-Pos231_Y,0.0,2.746547659490931e-08,Pos138-Pos231
138,231,Pos138_K-Pos231_G,0.0,1.5694558054233892e-08,Pos138-Pos231
138,231,Pos138_K-Pos231_F,0.0,1.0463038702822595e-08,Pos138-Pos231
138,231,Pos138_K-Pos231_*,0.0,6.539399189264122e-09,Pos138-Pos231
138,231,Pos138_T-Pos231_R,0.0,2.673887668499108e-07,Pos138-Pos231
138,231,Pos138_T-Pos231_S,0.0,7.600235057744746e-08,Pos138-Pos231
138,231,Pos138_T-Pos231_L,0.0,2.9063996396729436e-10,Pos138-Pos231
138,231,Pos138_T-Pos231_Y,0.0,3.0517196216565903e-09,Pos138-Pos231
138,231,Pos138_T-Pos231_G,0.0,1.7438397838037662e-09,Pos138-Pos231
138,231,Pos138_T-Pos231_F,0.0,1.1625598558691774e-09,Pos138-Pos231
138,231,Pos138_T-Pos231_*,0.0,7.265999099182358e-10,Pos138-Pos231
138,232,Pos138_D-Pos232_T,8.438411649830026e-05,0.00013227228208126341,Pos138-Pos232
138,232,Pos138_D-Pos232_F,3.61646213564144e-05,1.4128153968432162e-05,Pos138-Pos232
138,232,Pos138_D-Pos232_L,0.0,1.8837538624576214e-05,Pos138-Pos232
138,232,Pos138_D-Pos232_V,1.2054873785471467e-05,2.682301695455961e-05,Pos138-Pos232
138,232,Pos138_D-Pos232_S,0.0,1.3104374695357368e-05,Pos138-Pos232
138,232,Pos138_D-Pos232_N,0.0,3.890361237684218e-06,Pos138-Pos232
138,232,Pos138_D-Pos232_M,0.0,2.866581964609424e-06,Pos138-Pos232
138,232,Pos138_D-Pos232_A,0.0,4.0951170922991775e-07,Pos138-Pos232
138,232,Pos138_S-Pos232_T,0.0,6.571369585300524e-07,Pos138-Pos232
138,232,Pos138_S-Pos232_F,0.0,7.018955129810158e-08,Pos138-Pos232
138,232,Pos138_S-Pos232_L,0.0,9.358606839746876e-08,Pos138-Pos232
138,232,Pos138_S-Pos232_V,0.0,1.3325842347900442e-07,Pos138-Pos232
138,232,Pos138_S-Pos232_S,0.0,6.510335192867393e-08,Pos138-Pos232
138,232,Pos138_S-Pos232_N,0.0,1.9327557603825072e-08,Pos138-Pos232
138,232,Pos138_S-Pos232_M,0.0,1.424135823439742e-08,Pos138-Pos232
138,232,Pos138_S-Pos232_A,0.0,2.0344797477710602e-09,Pos138-Pos232
138,232,Pos138_K-Pos232_T,0.0,8.448903752529245e-07,Pos138-Pos232
138,232,Pos138_K-Pos232_F,0.0,9.024370881184488e-08,Pos138-Pos232
138,232,Pos138_K-Pos232_L,0.0,1.2032494508245985e-07,Pos138-Pos232
138,232,Pos138_K-Pos232_V,0.0,1.7133225875871997e-07,Pos138-Pos232
138,232,Pos138_K-Pos232_S,0.0,8.370430962258076e-08,Pos138-Pos232
138,232,Pos138_K-Pos232_N,0.0,2.484971691920366e-08,Pos138-Pos232
138,232,Pos138_K-Pos232_M,0.0,1.831031772993954e-08,Pos138-Pos232
138,232,Pos138_K-Pos232_A,0.0,2.6157596757056487e-09,Pos138-Pos232
138,232,Pos138_T-Pos232_T,0.0,9.387670836143607e-08,Pos138-Pos232
138,232,Pos138_T-Pos232_F,0.0,1.0027078756871655e-08,Pos138-Pos232
138,232,Pos138_T-Pos232_L,0.0,1.3369438342495538e-08,Pos138-Pos232
138,232,Pos138_T-Pos232_V,0.0,1.9036917639857778e-08,Pos138-Pos232
138,232,Pos138_T-Pos232_S,0.0,9.30047884695342e-09,Pos138-Pos232
138,232,Pos138_T-Pos232_N,0.0,2.761079657689296e-09,Pos138-Pos232
138,232,Pos138_T-Pos232_M,0.0,2.0344797477710602e-09,Pos138-Pos232
138,232,Pos138_T-Pos232_A,0.0,2.9063996396729436e-10,Pos138-Pos232
138,390,Pos138_D-Pos390_S,4.821949514188587e-05,0.00021171755367186746,Pos138-Pos390
138,390,Pos138_D-Pos390_T,0.0,3.071337819224383e-06,Pos138-Pos390
138,390,Pos138_D-Pos390_D,1.2054873785471467e-05,9.828281021518027e-06,Pos138-Pos390
138,390,Pos138_D-Pos390_E,0.0,1.249010713151249e-05,Pos138-Pos390
138,390,Pos138_D-Pos390_I,0.0,5.733163929218848e-06,Pos138-Pos390
138,390,Pos138_D-Pos390_K,0.0,1.1671083713052655e-05,Pos138-Pos390
138,390,Pos138_D-Pos390_H,0.0,4.0951170922991775e-07,Pos138-Pos390
138,390,Pos138_D-Pos390_R,0.0,4.0951170922991775e-07,Pos138-Pos390
138,390,Pos138_D-Pos390_Y,0.0,2.0475585461495887e-07,Pos138-Pos390
138,390,Pos138_S-Pos390_S,0.0,1.0518260295976382e-06,Pos138-Pos390
138,390,Pos138_S-Pos390_T,0.0,1.525859810828295e-08,Pos138-Pos390
138,390,Pos138_S-Pos390_D,0.0,4.8827513946505445e-08,Pos138-Pos390
138,390,Pos138_S-Pos390_E,0.0,6.205163230701733e-08,Pos138-Pos390
138,390,Pos138_S-Pos390_I,0.0,2.848271646879484e-08,Pos138-Pos390
138,390,Pos138_S-Pos390_K,0.0,5.798267281147521e-08,Pos138-Pos390
138,390,Pos138_S-Pos390_H,0.0,2.0344797477710602e-09,Pos138-Pos390
138,390,Pos138_S-Pos390_R,0.0,2.0344797477710602e-09,Pos138-Pos390
138,390,Pos138_S-Pos390_Y,0.0,1.0172398738855301e-09,Pos138-Pos390
138,390,Pos138_K-Pos390_S,0.0,1.3523477523398205e-06,Pos138-Pos390
138,390,Pos138_K-Pos390_T,0.0,1.9618197567792367e-08,Pos138-Pos390
138,390,Pos138_K-Pos390_D,1.2054873785471467e-05,6.277823221693557e-08,Pos138-Pos390
138,390,Pos138_K-Pos390_E,0.0,7.978067010902228e-08,Pos138-Pos390
138,390,Pos138_K-Pos390_I,0.0,3.662063545987908e-08,Pos138-Pos390
138,390,Pos138_K-Pos390_K,0.0,7.454915075761098e-08,Pos138-Pos390
138,390,Pos138_K-Pos390_H,0.0,2.6157596757056487e-09,Pos138-Pos390
138,390,Pos138_K-Pos390_R,0.0,2.6157596757056487e-09,Pos138-Pos390
138,390,Pos138_K-Pos390_Y,0.0,1.3078798378528244e-09,Pos138-Pos390
138,390,Pos138_T-Pos390_S,0.0,1.5026086137109117e-07,Pos138-Pos390
138,390,Pos138_T-Pos390_T,0.0,2.1797997297547075e-09,Pos138-Pos390
138,390,Pos138_T-Pos390_D,0.0,6.975359135215065e-09,Pos138-Pos390
138,390,Pos138_T-Pos390_E,0.0,8.864518901002478e-09,Pos138-Pos390
138,390,Pos138_T-Pos390_I,0.0,4.0689594955421204e-09,Pos138-Pos390
138,390,Pos138_T-Pos390_K,0.0,8.283238973067888e-09,Pos138-Pos390
138,390,Pos138_T-Pos390_H,0.0,2.9063996396729436e-10,Pos138-Pos390
138,390,Pos138_T-Pos390_R,0.0,2.9063996396729436e-10,Pos138-Pos390
138,390,Pos138_T-Pos390_Y,0.0,1.4531998198364718e-10,Pos138-Pos390
154,162,Pos154_G-Pos162_I,0.02189165079441618,0.02180489868881146,Pos154-Pos162
154,162,Pos154_G-Pos162_V,0.0,5.048837602059655e-05,Pos154-Pos162
154,162,Pos154_G-Pos162_T,0.0,2.3790334250542876e-06,Pos154-Pos162
154,162,Pos154_G-Pos162_C,0.0,4.255826460374892e-05,Pos154-Pos162
154,162,Pos154_G-Pos162_M,0.0,2.643370472282542e-07,Pos154-Pos162
154,162,Pos154_G-Pos162_F,0.0,2.643370472282542e-07,Pos154-Pos162
154,162,Pos154_G-Pos162_N,0.0,2.643370472282542e-07,Pos154-Pos162
154,162,Pos154_G-Pos162_*,0.0,2.643370472282542e-07,Pos154-Pos162
154,162,Pos154_G-Pos162_L,0.0,2.643370472282542e-07,Pos154-Pos162
154,162,Pos154_A-Pos162_I,0.0006389083106299876,0.0006353268996740007,Pos154-Pos162
154,162,Pos154_A-Pos162_V,0.0,1.4710741776204601e-06,Pos154-Pos162
154,162,Pos154_A-Pos162_T,0.0,6.931763140619969e-08,Pos154-Pos162
154,162,Pos154_A-Pos162_C,0.0,1.240015406266461e-06,Pos154-Pos162
154,162,Pos154_A-Pos162_M,0.0,7.701959045133299e-09,Pos154-Pos162
154,162,Pos154_A-Pos162_F,0.0,7.701959045133299e-09,Pos154-Pos162
154,162,Pos154_A-Pos162_N,0.0,7.701959045133299e-09,Pos154-Pos162
154,162,Pos154_A-Pos162_*,0.0,7.701959045133299e-09,Pos154-Pos162
154,162,Pos154_A-Pos162_L,0.0,7.701959045133299e-09,Pos154-Pos162
154,162,Pos154_K-Pos162_I,0.00019287798056754347,0.00019179679990158515,Pos154-Pos162
154,162,Pos154_K-Pos162_V,0.0,4.4409786494202573e-07,Pos154-Pos162
154,162,Pos154_K-Pos162_T,0.0,2.092607740564519e-08,Pos154-Pos162
154,162,Pos154_K-Pos162_C,0.0,3.7434427358987506e-07,Pos154-Pos162
154,162,Pos154_K-Pos162_M,0.0,2.325119711738355e-09,Pos154-Pos162
154,162,Pos154_K-Pos162_F,0.0,2.325119711738355e-09,Pos154-Pos162
154,162,Pos154_K-Pos162_N,0.0,2.325119711738355e-09,Pos154-Pos162
154,162,Pos154_K-Pos162_*,0.0,2.325119711738355e-09,Pos154-Pos162
154,162,Pos154_K-Pos162_L,0.0,2.325119711738355e-09,Pos154-Pos162
154,162,Pos154_V-Pos162_I,1.2054873785471467e-05,1.1987299993849072e-05,Pos154-Pos162
154,162,Pos154_V-Pos162_V,0.0,2.7756116558876608e-08,Pos154-Pos162
154,162,Pos154_V-Pos162_T,0.0,1.3078798378528244e-09,Pos154-Pos162
154,162,Pos154_V-Pos162_C,0.0,2.339651709936719e-08,Pos154-Pos162
154,162,Pos154_V-Pos162_M,0.0,1.4531998198364718e-10,Pos154-Pos162
154,162,Pos154_V-Pos162_F,0.0,1.4531998198364718e-10,Pos154-Pos162
154,162,Pos154_V-Pos162_N,0.0,1.4531998198364718e-10,Pos154-Pos162
154,162,Pos154_V-Pos162_*,0.0,1.4531998198364718e-10,Pos154-Pos162
154,162,Pos154_V-Pos162_L,0.0,1.4531998198364718e-10,Pos154-Pos162
154,162,Pos154_D-Pos162_I,9.643899028377173e-05,9.589839995079257e-05,Pos154-Pos162
154,162,Pos154_D-Pos162_V,0.0,2.2204893247101286e-07,Pos154-Pos162
154,162,Pos154_D-Pos162_T,0.0,1.0463038702822595e-08,Pos154-Pos162
154,162,Pos154_D-Pos162_C,0.0,1.8717213679493753e-07,Pos154-Pos162
154,162,Pos154_D-Pos162_M,0.0,1.1625598558691774e-09,Pos154-Pos162
154,162,Pos154_D-Pos162_F,0.0,1.1625598558691774e-09,Pos154-Pos162
154,162,Pos154_D-Pos162_N,0.0,1.1625598558691774e-09,Pos154-Pos162
154,162,Pos154_D-Pos162_*,0.0,1.1625598558691774e-09,Pos154-Pos162
154,162,Pos154_D-Pos162_L,0.0,1.1625598558691774e-09,Pos154-Pos162
154,162,Pos154_*-Pos162_I,2.4109747570942933e-05,2.3974599987698143e-05,Pos154-Pos162
154,162,Pos154_*-Pos162_V,0.0,5.5512233117753216e-08,Pos154-Pos162
154,162,Pos154_*-Pos162_T,0.0,2.6157596757056487e-09,Pos154-Pos162
154,162,Pos154_*-Pos162_C,0.0,4.679303419873438e-08,Pos154-Pos162
154,162,Pos154_*-Pos162_M,0.0,2.9063996396729436e-10,Pos154-Pos162
154,162,Pos154_*-Pos162_F,0.0,2.9063996396729436e-10,Pos154-Pos162
154,162,Pos154_*-Pos162_N,0.0,2.9063996396729436e-10,Pos154-Pos162
154,162,Pos154_*-Pos162_*,0.0,2.9063996396729436e-10,Pos154-Pos162
154,162,Pos154_*-Pos162_L,0.0,2.9063996396729436e-10,Pos154-Pos162
154,164,Pos154_G-Pos164_S,0.021807266677917884,0.02181097844089771,Pos154-Pos164
154,164,Pos154_G-Pos164_I,1.2054873785471467e-05,5.022403897336829e-06,Pos154-Pos164
154,164,Pos154_G-Pos164_R,0.0,4.229392755652067e-06,Pos154-Pos164
154,164,Pos154_G-Pos164_G,1.2054873785471467e-05,7.137100275162863e-06,Pos154-Pos164
154,164,Pos154_A-Pos164_S,0.0006389083106299876,0.0006355040447320388,Pos154-Pos164
154,164,Pos154_A-Pos164_I,0.0,1.4633722185753266e-07,Pos154-Pos164
154,164,Pos154_A-Pos164_R,0.0,1.2323134472213278e-07,Pos154-Pos164
154,164,Pos154_A-Pos164_G,0.0,2.0795289421859908e-07,Pos154-Pos164
154,164,Pos154_K-Pos164_S,0.00019287798056754347,0.0001918502776549551,Pos154-Pos164
154,164,Pos154_K-Pos164_I,0.0,4.417727452302874e-08,Pos154-Pos164
154,164,Pos154_K-Pos164_R,0.0,3.720191538781368e-08,Pos154-Pos164
154,164,Pos154_K-Pos164_G,0.0,6.277823221693558e-08,Pos154-Pos164
154,164,Pos154_V-Pos164_S,1.2054873785471467e-05,1.1990642353434694e-05,Pos154-Pos164
154,164,Pos154_V-Pos164_I,0.0,2.761079657689296e-09,Pos154-Pos164
154,164,Pos154_V-Pos164_R,0.0,2.325119711738355e-09,Pos154-Pos164
154,164,Pos154_V-Pos164_G,0.0,3.923639513558474e-09,Pos154-Pos164
154,164,Pos154_D-Pos164_S,9.643899028377173e-05,9.592513882747755e-05,Pos154-Pos164
154,164,Pos154_D-Pos164_I,0.0,2.208863726151437e-08,Pos154-Pos164
154,164,Pos154_D-Pos164_R,0.0,1.860095769390684e-08,Pos154-Pos164
154,164,Pos154_D-Pos164_G,0.0,3.138911610846779e-08,Pos154-Pos164
154,164,Pos154_*-Pos164_S,2.4109747570942933e-05,2.3981284706869387e-05,Pos154-Pos164
154,164,Pos154_*-Pos164_I,0.0,5.522159315378592e-09,Pos154-Pos164
154,164,Pos154_*-Pos164_R,0.0,4.65023942347671e-09,Pos154-Pos164
154,164,Pos154_*-Pos164_G,0.0,7.847279027116948e-09,Pos154-Pos164
154,172,Pos154_G-Pos172_L,0.0,6.608426180706354e-06,Pos154-Pos172
154,172,Pos154_G-Pos172_I,0.0006027436892735733,0.00019534507790167982,Pos154-Pos172
154,172,Pos154_G-Pos172_T,2.4109747570942933e-05,5.286740944565084e-06,Pos154-Pos172
154,172,Pos154_G-Pos172_R,0.0,1.3216852361412708e-05,Pos154-Pos172
154,172,Pos154_G-Pos172_V,0.0,8.987459605760641e-06,Pos154-Pos172
154,172,Pos154_G-Pos172_K,0.0,7.930111416847625e-07,Pos154-Pos172
154,172,Pos154_A-Pos172_L,0.0,1.9254897612833246e-07,Pos154-Pos172
154,172,Pos154_A-Pos172_I,2.4109747570942933e-05,5.691747734353507e-06,Pos154-Pos172
154,172,Pos154_A-Pos172_T,0.0,1.5403918090266598e-07,Pos154-Pos172
154,172,Pos154_A-Pos172_R,0.0,3.850979522566649e-07,Pos154-Pos172
154,172,Pos154_A-Pos172_V,0.0,2.6186660753453213e-07,Pos154-Pos172
154,172,Pos154_A-Pos172_K,0.0,2.3105877135399897e-08,Pos154-Pos172
154,172,Pos154_K-Pos172_L,0.0,5.812799279345887e-08,Pos154-Pos172
154,172,Pos154_K-Pos172_I,1.2054873785471467e-05,1.718263466974644e-06,Pos154-Pos172
154,172,Pos154_K-Pos172_T,0.0,4.6502394234767094e-08,Pos154-Pos172
154,172,Pos154_K-Pos172_R,0.0,1.1625598558691774e-07,Pos154-Pos172
154,172,Pos154_K-Pos172_V,0.0,7.905407019910404e-08,Pos154-Pos172
154,172,Pos154_K-Pos172_K,0.0,6.975359135215065e-09,Pos154-Pos172
154,172,Pos154_V-Pos172_L,0.0,3.6329995495911792e-09,Pos154-Pos172
154,172,Pos154_V-Pos172_I,0.0,1.0739146668591525e-07,Pos154-Pos172
154,172,Pos154_V-Pos172_T,0.0,2.9063996396729434e-09,Pos154-Pos172
154,172,Pos154_V-Pos172_R,0.0,7.2659990991823585e-09,Pos154-Pos172
154,172,Pos154_V-Pos172_V,0.0,4.940879387444003e-09,Pos154-Pos172
154,172,Pos154_V-Pos172_K,0.0,4.3595994595094154e-10,Pos154-Pos172
154,172,Pos154_D-Pos172_L,0.0,2.9063996396729434e-08,Pos154-Pos172
154,172,Pos154_D-Pos172_I,0.0,8.59131733487322e-07,Pos154-Pos172
154,172,Pos154_D-Pos172_T,0.0,2.3251197117383547e-08,Pos154-Pos172
154,172,Pos154_D-Pos172_R,0.0,5.812799279345887e-08,Pos154-Pos172
154,172,Pos154_D-Pos172_V,0.0,3.952703509955202e-08,Pos154-Pos172
154,172,Pos154_D-Pos172_K,0.0,3.4876795676075323e-09,Pos154-Pos172
154,172,Pos154_*-Pos172_L,0.0,7.2659990991823585e-09,Pos154-Pos172
154,172,Pos154_*-Pos172_I,0.0,2.147829333718305e-07,Pos154-Pos172
154,172,Pos154_*-Pos172_T,0.0,5.812799279345887e-09,Pos154-Pos172
154,172,Pos154_*-Pos172_R,0.0,1.4531998198364717e-08,Pos154-Pos172
154,172,Pos154_*-Pos172_V,0.0,9.881758774888006e-09,Pos154-Pos172
154,172,Pos154_*-Pos172_K,0.0,8.719198919018831e-10,Pos154-Pos172
154,220,Pos154_G-Pos220_V,0.021915760541987125,0.02188975088097173,Pos154-Pos220
154,220,Pos154_G-Pos220_I,0.0,6.608426180706354e-06,Pos154-Pos220
154,220,Pos154_G-Pos220_A,0.0,2.907707519510796e-06,Pos154-Pos220
154,220,Pos154_G-Pos220_F,0.0,3.965055708423812e-06,Pos154-Pos220
154,220,Pos154_G-Pos220_D,0.0,2.643370472282542e-07,Pos154-Pos220
154,220,Pos154_A-Pos220_V,0.0006389083106299876,0.0006377992285274885,Pos154-Pos220
154,220,Pos154_A-Pos220_I,0.0,1.9254897612833246e-07,Pos154-Pos220
154,220,Pos154_A-Pos220_A,0.0,8.472154949646629e-08,Pos154-Pos220
154,220,Pos154_A-Pos220_F,0.0,1.1552938567699948e-07,Pos154-Pos220
154,220,Pos154_A-Pos220_D,0.0,7.701959045133299e-09,Pos154-Pos220
154,220,Pos154_K-Pos220_V,0.00019287798056754347,0.00019254316332905315,Pos154-Pos220
154,220,Pos154_K-Pos220_I,0.0,5.812799279345887e-08,Pos154-Pos220
154,220,Pos154_K-Pos220_A,0.0,2.55763168291219e-08,Pos154-Pos220
154,220,Pos154_K-Pos220_F,0.0,3.487679567607532e-08,Pos154-Pos220
154,220,Pos154_K-Pos220_D,0.0,2.325119711738355e-09,Pos154-Pos220
154,220,Pos154_V-Pos220_V,1.2054873785471467e-05,1.2033947708065822e-05,Pos154-Pos220
154,220,Pos154_V-Pos220_I,0.0,3.6329995495911792e-09,Pos154-Pos220
154,220,Pos154_V-Pos220_A,0.0,1.5985198018201188e-09,Pos154-Pos220
154,220,Pos154_V-Pos220_F,0.0,2.1797997297547075e-09,Pos154-Pos220
154,220,Pos154_V-Pos220_D,0.0,1.4531998198364718e-10,Pos154-Pos220
154,220,Pos154_D-Pos220_V,9.643899028377173e-05,9.627158166452658e-05,Pos154-Pos220
154,220,Pos154_D-Pos220_I,0.0,2.9063996396729434e-08,Pos154-Pos220
154,220,Pos154_D-Pos220_A,0.0,1.278815841456095e-08,Pos154-Pos220
154,220,Pos154_D-Pos220_F,0.0,1.743839783803766e-08,Pos154-Pos220
154,220,Pos154_D-Pos220_D,0.0,1.1625598558691774e-09,Pos154-Pos220
154,220,Pos154_*-Pos220_V,2.4109747570942933e-05,2.4067895416131644e-05,Pos154-Pos220
154,220,Pos154_*-Pos220_I,0.0,7.2659990991823585e-09,Pos154-Pos220
154,220,Pos154_*-Pos220_A,0.0,3.1970396036402377e-09,Pos154-Pos220
154,220,Pos154_*-Pos220_F,0.0,4.359599459509415e-09,Pos154-Pos220
154,220,Pos154_*-Pos220_D,0.0,2.9063996396729436e-10,Pos154-Pos220
154,225,Pos154_G-Pos225_T,0.021879595920630712,0.02189239425144401,Pos154-Pos225
154,225,Pos154_G-Pos225_I,2.4109747570942933e-05,1.4802874644782234e-05,Pos154-Pos225
154,225,Pos154_G-Pos225_L,0.0,4.493729802880321e-06,Pos154-Pos225
154,225,Pos154_G-Pos225_S,0.0,5.286740944565084e-07,Pos154-Pos225
154,225,Pos154_G-Pos225_A,1.2054873785471467e-05,1.586022283369525e-06,Pos154-Pos225
154,225,Pos154_A-Pos225_T,0.0006389083106299876,0.0006378762481179398,Pos154-Pos225
154,225,Pos154_A-Pos225_I,0.0,4.3130970652746474e-07,Pos154-Pos225
154,225,Pos154_A-Pos225_L,0.0,1.3093330376726607e-07,Pos154-Pos225
154,225,Pos154_A-Pos225_S,0.0,1.5403918090266598e-08,Pos154-Pos225
154,225,Pos154_A-Pos225_A,0.0,4.621175427079979e-08,Pos154-Pos225
154,225,Pos154_K-Pos225_T,0.00019287798056754347,0.00019256641452617052,Pos154-Pos225
154,225,Pos154_K-Pos225_I,0.0,1.3020670385734785e-07,Pos154-Pos225
154,225,Pos154_K-Pos225_L,0.0,3.952703509955202e-08,Pos154-Pos225
154,225,Pos154_K-Pos225_S,0.0,4.65023942347671e-09,Pos154-Pos225
154,225,Pos154_K-Pos225_A,0.0,1.395071827043013e-08,Pos154-Pos225
154,225,Pos154_V-Pos225_T,1.2054873785471467e-05,1.2035400907885658e-05,Pos154-Pos225
154,225,Pos154_V-Pos225_I,0.0,8.137918991084241e-09,Pos154-Pos225
154,225,Pos154_V-Pos225_L,0.0,2.4704396937220014e-09,Pos154-Pos225
154,225,Pos154_V-Pos225_S,0.0,2.9063996396729436e-10,Pos154-Pos225
154,225,Pos154_V-Pos225_A,0.0,8.719198919018831e-10,Pos154-Pos225
154,225,Pos154_D-Pos225_T,9.643899028377173e-05,9.628320726308526e-05,Pos154-Pos225
154,225,Pos154_D-Pos225_I,0.0,6.510335192867393e-08,Pos154-Pos225
154,225,Pos154_D-Pos225_L,0.0,1.976351754977601e-08,Pos154-Pos225
154,225,Pos154_D-Pos225_S,0.0,2.325119711738355e-09,Pos154-Pos225
154,225,Pos154_D-Pos225_A,0.0,6.975359135215065e-09,Pos154-Pos225
154,225,Pos154_*-Pos225_T,2.4109747570942933e-05,2.4070801815771315e-05,Pos154-Pos225
154,225,Pos154_*-Pos225_I,0.0,1.6275837982168482e-08,Pos154-Pos225
154,225,Pos154_*-Pos225_L,0.0,4.940879387444003e-09,Pos154-Pos225
154,225,Pos154_*-Pos225_S,0.0,5.812799279345887e-10,Pos154-Pos225
154,225,Pos154_*-Pos225_A,0.0,1.7438397838037662e-09,Pos154-Pos225
154,231,Pos154_G-Pos231_R,9.643899028377173e-05,0.00048638016689998766,Pos154-Pos231
154,231,Pos154_G-Pos231_S,3.61646213564144e-05,0.00013824827570037694,Pos154-Pos231
154,231,Pos154_G-Pos231_L,0.0,5.286740944565084e-07,Pos154-Pos231
154,231,Pos154_G-Pos231_Y,1.2054873785471467e-05,5.551077991793337e-06,Pos154-Pos231
154,231,Pos154_G-Pos231_G,0.0,3.17204456673905e-06,Pos154-Pos231
154,231,Pos154_G-Pos231_F,1.2054873785471467e-05,2.1146963778260335e-06,Pos154-Pos231
154,231,Pos154_G-Pos231_*,0.0,1.321685236141271e-06,Pos154-Pos231
154,231,Pos154_A-Pos231_R,1.2054873785471467e-05,1.417160464304527e-05,Pos154-Pos231
154,231,Pos154_A-Pos231_S,0.0,4.028124580604715e-06,Pos154-Pos231
154,231,Pos154_A-Pos231_L,0.0,1.5403918090266598e-08,Pos154-Pos231
154,231,Pos154_A-Pos231_Y,0.0,1.6174113994779926e-07,Pos154-Pos231
154,231,Pos154_A-Pos231_G,0.0,9.242350854159959e-08,Pos154-Pos231
154,231,Pos154_A-Pos231_F,0.0,6.161567236106639e-08,Pos154-Pos231
154,231,Pos154_A-Pos231_*,0.0,3.8509795225666494e-08,Pos154-Pos231
154,231,Pos154_K-Pos231_R,0.0,4.2782202695985725e-06,Pos154-Pos231
154,231,Pos154_K-Pos231_S,0.0,1.2160376092391594e-06,Pos154-Pos231
154,231,Pos154_K-Pos231_L,0.0,4.65023942347671e-09,Pos154-Pos231
154,231,Pos154_K-Pos231_Y,0.0,4.8827513946505445e-08,Pos154-Pos231
154,231,Pos154_K-Pos231_G,0.0,2.790143654086026e-08,Pos154-Pos231
154,231,Pos154_K-Pos231_F,0.0,1.860095769390684e-08,Pos154-Pos231
154,231,Pos154_K-Pos231_*,0.0,1.1625598558691774e-08,Pos154-Pos231
154,231,Pos154_V-Pos231_R,0.0,2.673887668499108e-07,Pos154-Pos231
154,231,Pos154_V-Pos231_S,0.0,7.600235057744746e-08,Pos154-Pos231
154,231,Pos154_V-Pos231_L,0.0,2.9063996396729436e-10,Pos154-Pos231
154,231,Pos154_V-Pos231_Y,0.0,3.0517196216565903e-09,Pos154-Pos231
154,231,Pos154_V-Pos231_G,0.0,1.7438397838037662e-09,Pos154-Pos231
154,231,Pos154_V-Pos231_F,0.0,1.1625598558691774e-09,Pos154-Pos231
154,231,Pos154_V-Pos231_*,0.0,7.265999099182358e-10,Pos154-Pos231
154,231,Pos154_D-Pos231_R,0.0,2.1391101347992862e-06,Pos154-Pos231
154,231,Pos154_D-Pos231_S,0.0,6.080188046195797e-07,Pos154-Pos231
154,231,Pos154_D-Pos231_L,0.0,2.325119711738355e-09,Pos154-Pos231
154,231,Pos154_D-Pos231_Y,0.0,2.4413756973252723e-08,Pos154-Pos231
154,231,Pos154_D-Pos231_G,0.0,1.395071827043013e-08,Pos154-Pos231
154,231,Pos154_D-Pos231_F,0.0,9.30047884695342e-09,Pos154-Pos231
154,231,Pos154_D-Pos231_*,0.0,5.812799279345887e-09,Pos154-Pos231
154,231,Pos154_*-Pos231_R,0.0,5.347775336998216e-07,Pos154-Pos231
154,231,Pos154_*-Pos231_S,0.0,1.5200470115489492e-07,Pos154-Pos231
154,231,Pos154_*-Pos231_L,0.0,5.812799279345887e-10,Pos154-Pos231
154,231,Pos154_*-Pos231_Y,0.0,6.103439243313181e-09,Pos154-Pos231
154,231,Pos154_*-Pos231_G,0.0,3.4876795676075323e-09,Pos154-Pos231
154,231,Pos154_*-Pos231_F,0.0,2.325119711738355e-09,Pos154-Pos231
154,231,Pos154_*-Pos231_*,0.0,1.4531998198364717e-09,Pos154-Pos231
154,232,Pos154_G-Pos232_T,4.821949514188587e-05,0.0001707617325094522,Pos154-Pos232
154,232,Pos154_G-Pos232_F,0.0,1.8239256258749537e-05,Pos154-Pos232
154,232,Pos154_G-Pos232_L,8.438411649830026e-05,2.4319008344999383e-05,Pos154-Pos232
154,232,Pos154_G-Pos232_V,2.4109747570942933e-05,3.4628153186901296e-05,Pos154-Pos232
154,232,Pos154_G-Pos232_S,0.0,1.6917571022608268e-05,Pos154-Pos232
154,232,Pos154_G-Pos232_N,0.0,5.022403897336829e-06,Pos154-Pos232
154,232,Pos154_G-Pos232_M,0.0,3.7007186611955585e-06,Pos154-Pos232
154,232,Pos154_G-Pos232_A,0.0,5.286740944565084e-07,Pos154-Pos232
154,232,Pos154_A-Pos232_T,0.0,4.975465543156111e-06,Pos154-Pos232
154,232,Pos154_A-Pos232_F,0.0,5.314351741141976e-07,Pos154-Pos232
154,232,Pos154_A-Pos232_L,0.0,7.085802321522634e-07,Pos154-Pos232
154,232,Pos154_A-Pos232_V,0.0,1.008956634912462e-06,Pos154-Pos232
154,232,Pos154_A-Pos232_S,0.0,4.929253788885311e-07,Pos154-Pos232
154,232,Pos154_A-Pos232_N,0.0,1.4633722185753266e-07,Pos154-Pos232
154,232,Pos154_A-Pos232_M,0.0,1.0782742663186618e-07,Pos154-Pos232
154,232,Pos154_A-Pos232_A,0.0,1.5403918090266598e-08,Pos154-Pos232
154,232,Pos154_K-Pos232_T,2.4109747570942933e-05,1.502027333782977e-06,Pos154-Pos232
154,232,Pos154_K-Pos232_F,0.0,1.6043326010994647e-07,Pos154-Pos232
154,232,Pos154_K-Pos232_L,0.0,2.139110134799286e-07,Pos154-Pos232
154,232,Pos154_K-Pos232_V,0.0,3.0459068223772444e-07,Pos154-Pos232
154,232,Pos154_K-Pos232_S,1.2054873785471467e-05,1.488076615512547e-07,Pos154-Pos232
154,232,Pos154_K-Pos232_N,0.0,4.417727452302874e-08,Pos154-Pos232
154,232,Pos154_K-Pos232_M,0.0,3.2551675964336963e-08,Pos154-Pos232
154,232,Pos154_K-Pos232_A,0.0,4.65023942347671e-09,Pos154-Pos232
154,232,Pos154_V-Pos232_T,0.0,9.387670836143607e-08,Pos154-Pos232
154,232,Pos154_V-Pos232_F,0.0,1.0027078756871655e-08,Pos154-Pos232
154,232,Pos154_V-Pos232_L,0.0,1.3369438342495538e-08,Pos154-Pos232
154,232,Pos154_V-Pos232_V,0.0,1.9036917639857778e-08,Pos154-Pos232
154,232,Pos154_V-Pos232_S,0.0,9.30047884695342e-09,Pos154-Pos232
154,232,Pos154_V-Pos232_N,0.0,2.761079657689296e-09,Pos154-Pos232
154,232,Pos154_V-Pos232_M,0.0,2.0344797477710602e-09,Pos154-Pos232
154,232,Pos154_V-Pos232_A,0.0,2.9063996396729436e-10,Pos154-Pos232
154,232,Pos154_D-Pos232_T,0.0,7.510136668914885e-07,Pos154-Pos232
154,232,Pos154_D-Pos232_F,0.0,8.021663005497324e-08,Pos154-Pos232
154,232,Pos154_D-Pos232_L,0.0,1.069555067399643e-07,Pos154-Pos232
154,232,Pos154_D-Pos232_V,0.0,1.5229534111886222e-07,Pos154-Pos232
154,232,Pos154_D-Pos232_S,0.0,7.440383077562736e-08,Pos154-Pos232
154,232,Pos154_D-Pos232_N,0.0,2.208863726151437e-08,Pos154-Pos232
154,232,Pos154_D-Pos232_M,0.0,1.6275837982168482e-08,Pos154-Pos232
154,232,Pos154_D-Pos232_A,0.0,2.325119711738355e-09,Pos154-Pos232
154,232,Pos154_*-Pos232_T,0.0,1.8775341672287213e-07,Pos154-Pos232
154,232,Pos154_*-Pos232_F,0.0,2.005415751374331e-08,Pos154-Pos232
154,232,Pos154_*-Pos232_L,0.0,2.6738876684991077e-08,Pos154-Pos232
154,232,Pos154_*-Pos232_V,0.0,3.8073835279715556e-08,Pos154-Pos232
154,232,Pos154_*-Pos232_S,0.0,1.860095769390684e-08,Pos154-Pos232
154,232,Pos154_*-Pos232_N,0.0,5.522159315378592e-09,Pos154-Pos232
154,232,Pos154_*-Pos232_M,0.0,4.0689594955421204e-09,Pos154-Pos232
154,232,Pos154_*-Pos232_A,0.0,5.812799279345887e-10,Pos154-Pos232
154,390,Pos154_G-Pos390_S,0.00012054873785471466,0.00027332450683401484,Pos154-Pos390
154,390,Pos154_G-Pos390_T,0.0,3.965055708423812e-06,Pos154-Pos390
154,390,Pos154_G-Pos390_D,0.0,1.26881782669562e-05,Pos154-Pos390
154,390,Pos154_G-Pos390_E,2.4109747570942933e-05,1.6124559880923504e-05,Pos154-Pos390
154,390,Pos154_G-Pos390_I,0.0,7.401437322391117e-06,Pos154-Pos390
154,390,Pos154_G-Pos390_K,1.2054873785471467e-05,1.5067211692010487e-05,Pos154-Pos390
154,390,Pos154_G-Pos390_H,0.0,5.286740944565084e-07,Pos154-Pos390
154,390,Pos154_G-Pos390_R,0.0,5.286740944565084e-07,Pos154-Pos390
154,390,Pos154_G-Pos390_Y,0.0,2.643370472282542e-07,Pos154-Pos390
154,390,Pos154_A-Pos390_S,0.0,7.96382565266783e-06,Pos154-Pos390
154,390,Pos154_A-Pos390_T,0.0,1.1552938567699948e-07,Pos154-Pos390
154,390,Pos154_A-Pos390_D,0.0,3.6969403416639834e-07,Pos154-Pos390
154,390,Pos154_A-Pos390_E,0.0,4.698195017531312e-07,Pos154-Pos390
154,390,Pos154_A-Pos390_I,0.0,2.1565485326373237e-07,Pos154-Pos390
154,390,Pos154_A-Pos390_K,0.0,4.39011665572598e-07,Pos154-Pos390
154,390,Pos154_A-Pos390_H,0.0,1.5403918090266598e-08,Pos154-Pos390
154,390,Pos154_A-Pos390_R,0.0,1.5403918090266598e-08,Pos154-Pos390
154,390,Pos154_A-Pos390_Y,0.0,7.701959045133299e-09,Pos154-Pos390
154,390,Pos154_K-Pos390_S,0.0,2.4041737819374587e-06,Pos154-Pos390
154,390,Pos154_K-Pos390_T,0.0,3.487679567607532e-08,Pos154-Pos390
154,390,Pos154_K-Pos390_D,0.0,1.1160574616344103e-07,Pos154-Pos390
154,390,Pos154_K-Pos390_E,0.0,1.4183230241603964e-07,Pos154-Pos390
154,390,Pos154_K-Pos390_I,0.0,6.510335192867393e-08,Pos154-Pos390
154,390,Pos154_K-Pos390_K,0.0,1.325318235690862e-07,Pos154-Pos390
154,390,Pos154_K-Pos390_H,0.0,4.65023942347671e-09,Pos154-Pos390
154,390,Pos154_K-Pos390_R,0.0,4.65023942347671e-09,Pos154-Pos390
154,390,Pos154_K-Pos390_Y,0.0,2.325119711738355e-09,Pos154-Pos390
154,390,Pos154_V-Pos390_S,0.0,1.5026086137109117e-07,Pos154-Pos390
154,390,Pos154_V-Pos390_T,0.0,2.1797997297547075e-09,Pos154-Pos390
154,390,Pos154_V-Pos390_D,0.0,6.975359135215065e-09,Pos154-Pos390
154,390,Pos154_V-Pos390_E,0.0,8.864518901002478e-09,Pos154-Pos390
154,390,Pos154_V-Pos390_I,0.0,4.0689594955421204e-09,Pos154-Pos390
154,390,Pos154_V-Pos390_K,0.0,8.283238973067888e-09,Pos154-Pos390
154,390,Pos154_V-Pos390_H,0.0,2.9063996396729436e-10,Pos154-Pos390
154,390,Pos154_V-Pos390_R,0.0,2.9063996396729436e-10,Pos154-Pos390
154,390,Pos154_V-Pos390_Y,0.0,1.4531998198364718e-10,Pos154-Pos390
154,390,Pos154_D-Pos390_S,0.0,1.2020868909687293e-06,Pos154-Pos390
154,390,Pos154_D-Pos390_T,0.0,1.743839783803766e-08,Pos154-Pos390
154,390,Pos154_D-Pos390_D,0.0,5.580287308172052e-08,Pos154-Pos390
154,390,Pos154_D-Pos390_E,0.0,7.091615120801982e-08,Pos154-Pos390
154,390,Pos154_D-Pos390_I,0.0,3.2551675964336963e-08,Pos154-Pos390
154,390,Pos154_D-Pos390_K,0.0,6.62659117845431e-08,Pos154-Pos390
154,390,Pos154_D-Pos390_H,0.0,2.325119711738355e-09,Pos154-Pos390
154,390,Pos154_D-Pos390_R,0.0,2.325119711738355e-09,Pos154-Pos390
154,390,Pos154_D-Pos390_Y,0.0,1.1625598558691774e-09,Pos154-Pos390
154,390,Pos154_*-Pos390_S,0.0,3.0052172274218233e-07,Pos154-Pos390
154,390,Pos154_*-Pos390_T,0.0,4.359599459509415e-09,Pos154-Pos390
154,390,Pos154_*-Pos390_D,0.0,1.395071827043013e-08,Pos154-Pos390
154,390,Pos154_*-Pos390_E,0.0,1.7729037802004955e-08,Pos154-Pos390
154,390,Pos154_*-Pos390_I,0.0,8.137918991084241e-09,Pos154-Pos390
154,390,Pos154_*-Pos390_K,0.0,1.6566477946135776e-08,Pos154-Pos390
154,390,Pos154_*-Pos390_H,0.0,5.812799279345887e-10,Pos154-Pos390
154,390,Pos154_*-Pos390_R,0.0,5.812799279345887e-10,Pos154-Pos390
154,390,Pos154_*-Pos390_Y,0.0,2.9063996396729436e-10,Pos154-Pos390
162,164,Pos162_I-Pos164_S,0.9920317284278034,0.9890960970924745,Pos162-Pos164
162,164,Pos162_I-Pos164_I,0.00022904260192395785,0.00022775869988313235,Pos162-Pos164
162,164,Pos162_I-Pos164_R,0.00019287798056754347,0.00019179679990158515,Pos162-Pos164
162,164,Pos162_I-Pos164_G,0.0003254815922077296,0.0003236570998339249,Pos162-Pos164
162,164,Pos162_V-Pos164_S,0.0022904260192395786,0.0022902126895060267,Pos162-Pos164
162,164,Pos162_V-Pos164_I,0.0,5.273662146186556e-07,Pos162-Pos164
162,164,Pos162_V-Pos164_R,0.0,4.4409786494202573e-07,Pos162-Pos164
162,164,Pos162_V-Pos164_G,0.0,7.494151470896685e-07,Pos162-Pos164
162,164,Pos162_T-Pos164_S,0.00010849386406924319,0.00010791578118091225,Pos162-Pos164
162,164,Pos162_T-Pos164_I,0.0,2.484971691920366e-08,Pos162-Pos164
162,164,Pos162_T-Pos164_R,0.0,2.092607740564519e-08,Pos162-Pos164
162,164,Pos162_T-Pos164_G,0.0,3.531275562202626e-08,Pos162-Pos164
162,164,Pos162_C-Pos164_S,2.4109747570942933e-05,0.0019304934189029856,Pos162-Pos164
162,164,Pos162_C-Pos164_I,0.0,4.4453382488797664e-07,Pos162-Pos164
162,164,Pos162_C-Pos164_R,0.0,3.7434427358987506e-07,Pos162-Pos164
162,164,Pos162_C-Pos164_G,0.0,6.317059616829142e-07,Pos162-Pos164
162,164,Pos162_M-Pos164_S,1.2054873785471467e-05,1.1990642353434694e-05,Pos162-Pos164
162,164,Pos162_M-Pos164_I,0.0,2.761079657689296e-09,Pos162-Pos164
162,164,Pos162_M-Pos164_R,0.0,2.325119711738355e-09,Pos162-Pos164
162,164,Pos162_M-Pos164_G,0.0,3.923639513558474e-09,Pos162-Pos164
162,164,Pos162_F-Pos164_S,1.2054873785471467e-05,1.1990642353434694e-05,Pos162-Pos164
162,164,Pos162_F-Pos164_I,0.0,2.761079657689296e-09,Pos162-Pos164
162,164,Pos162_F-Pos164_R,0.0,2.325119711738355e-09,Pos162-Pos164
162,164,Pos162_F-Pos164_G,0.0,3.923639513558474e-09,Pos162-Pos164
162,164,Pos162_N-Pos164_S,0.0,1.1990642353434694e-05,Pos162-Pos164
162,164,Pos162_N-Pos164_I,0.0,2.761079657689296e-09,Pos162-Pos164
162,164,Pos162_N-Pos164_R,0.0,2.325119711738355e-09,Pos162-Pos164
162,164,Pos162_N-Pos164_G,0.0,3.923639513558474e-09,Pos162-Pos164
162,164,Pos162_*-Pos164_S,0.0,1.1990642353434694e-05,Pos162-Pos164
162,164,Pos162_*-Pos164_I,0.0,2.761079657689296e-09,Pos162-Pos164
162,164,Pos162_*-Pos164_R,0.0,2.325119711738355e-09,Pos162-Pos164
162,164,Pos162_*-Pos164_G,0.0,3.923639513558474e-09,Pos162-Pos164
162,164,Pos162_L-Pos164_S,1.2054873785471467e-05,1.1990642353434694e-05,Pos162-Pos164
162,164,Pos162_L-Pos164_I,0.0,2.761079657689296e-09,Pos162-Pos164
162,164,Pos162_L-Pos164_R,0.0,2.325119711738355e-09,Pos162-Pos164
162,164,Pos162_L-Pos164_G,0.0,3.923639513558474e-09,Pos162-Pos164
162,172,Pos162_I-Pos172_L,0.00030137184463678666,0.00029968249984622675,Pos162-Pos172
162,172,Pos162_I-Pos172_I,0.008824167610965113,0.008858614695454462,Pos162-Pos172
162,172,Pos162_I-Pos172_T,0.00024109747570942933,0.00023974599987698143,Pos162-Pos172
162,172,Pos162_I-Pos172_R,0.0006027436892735733,0.0005993649996924535,Pos162-Pos172
162,172,Pos162_I-Pos172_V,0.0004098657087060298,0.0004075681997908684,Pos162-Pos172
162,172,Pos162_I-Pos172_K,3.61646213564144e-05,3.5961899981547217e-05,Pos162-Pos172
162,172,Pos162_V-Pos172_L,0.0,6.939029139719153e-07,Pos162-Pos172
162,172,Pos162_V-Pos172_I,7.23292427128288e-05,2.0511770137009812e-05,Pos162-Pos172
162,172,Pos162_V-Pos172_T,0.0,5.551223311775322e-07,Pos162-Pos172
162,172,Pos162_V-Pos172_R,0.0,1.3878058279438305e-06,Pos162-Pos172
162,172,Pos162_V-Pos172_V,0.0,9.437079630018047e-07,Pos162-Pos172
162,172,Pos162_V-Pos172_K,0.0,8.326834967662983e-08,Pos162-Pos172
162,172,Pos162_T-Pos172_L,0.0,3.269699594632061e-08,Pos162-Pos172
162,172,Pos162_T-Pos172_I,0.0,9.665232001732372e-07,Pos162-Pos172
162,172,Pos162_T-Pos172_T,0.0,2.6157596757056487e-08,Pos162-Pos172
162,172,Pos162_T-Pos172_R,0.0,6.539399189264121e-08,Pos162-Pos172
162,172,Pos162_T-Pos172_V,0.0,4.4467914486996025e-08,Pos162-Pos172
162,172,Pos162_T-Pos172_K,0.0,3.923639513558473e-09,Pos162-Pos172
162,172,Pos162_C-Pos172_L,0.0,5.849129274841798e-07,Pos162-Pos172
162,172,Pos162_C-Pos172_I,0.0,1.7290026136432352e-05,Pos162-Pos172
162,172,Pos162_C-Pos172_T,0.0,4.6793034198734385e-07,Pos162-Pos172
162,172,Pos162_C-Pos172_R,0.0,1.1698258549683596e-06,Pos162-Pos172
162,172,Pos162_C-Pos172_V,0.0,7.954815813784844e-07,Pos162-Pos172
162,172,Pos162_C-Pos172_K,0.0,7.018955129810158e-08,Pos162-Pos172
162,172,Pos162_M-Pos172_L,0.0,3.6329995495911792e-09,Pos162-Pos172
162,172,Pos162_M-Pos172_I,0.0,1.0739146668591525e-07,Pos162-Pos172
162,172,Pos162_M-Pos172_T,0.0,2.9063996396729434e-09,Pos162-Pos172
162,172,Pos162_M-Pos172_R,0.0,7.2659990991823585e-09,Pos162-Pos172
162,172,Pos162_M-Pos172_V,0.0,4.940879387444003e-09,Pos162-Pos172
162,172,Pos162_M-Pos172_K,0.0,4.3595994595094154e-10,Pos162-Pos172
162,172,Pos162_F-Pos172_L,0.0,3.6329995495911792e-09,Pos162-Pos172
162,172,Pos162_F-Pos172_I,0.0,1.0739146668591525e-07,Pos162-Pos172
162,172,Pos162_F-Pos172_T,0.0,2.9063996396729434e-09,Pos162-Pos172
162,172,Pos162_F-Pos172_R,0.0,7.2659990991823585e-09,Pos162-Pos172
162,172,Pos162_F-Pos172_V,0.0,4.940879387444003e-09,Pos162-Pos172
162,172,Pos162_F-Pos172_K,0.0,4.3595994595094154e-10,Pos162-Pos172
162,172,Pos162_N-Pos172_L,0.0,3.6329995495911792e-09,Pos162-Pos172
162,172,Pos162_N-Pos172_I,0.0,1.0739146668591525e-07,Pos162-Pos172
162,172,Pos162_N-Pos172_T,0.0,2.9063996396729434e-09,Pos162-Pos172
162,172,Pos162_N-Pos172_R,0.0,7.2659990991823585e-09,Pos162-Pos172
162,172,Pos162_N-Pos172_V,0.0,4.940879387444003e-09,Pos162-Pos172
162,172,Pos162_N-Pos172_K,0.0,4.3595994595094154e-10,Pos162-Pos172
162,172,Pos162_*-Pos172_L,0.0,3.6329995495911792e-09,Pos162-Pos172
162,172,Pos162_*-Pos172_I,0.0,1.0739146668591525e-07,Pos162-Pos172
162,172,Pos162_*-Pos172_T,0.0,2.9063996396729434e-09,Pos162-Pos172
162,172,Pos162_*-Pos172_R,0.0,7.2659990991823585e-09,Pos162-Pos172
162,172,Pos162_*-Pos172_V,0.0,4.940879387444003e-09,Pos162-Pos172
162,172,Pos162_*-Pos172_K,0.0,4.3595994595094154e-10,Pos162-Pos172
162,172,Pos162_L-Pos172_L,0.0,3.6329995495911792e-09,Pos162-Pos172
162,172,Pos162_L-Pos172_I,0.0,1.0739146668591525e-07,Pos162-Pos172
162,172,Pos162_L-Pos172_T,0.0,2.9063996396729434e-09,Pos162-Pos172
162,172,Pos162_L-Pos172_R,0.0,7.2659990991823585e-09,Pos162-Pos172
162,172,Pos162_L-Pos172_V,0.0,4.940879387444003e-09,Pos162-Pos172
162,172,Pos162_L-Pos172_K,0.0,4.3595994595094154e-10,Pos162-Pos172
162,220,Pos162_I-Pos220_V,0.9930443378257829,0.9926683124906416,Pos162-Pos220
162,220,Pos162_I-Pos220_I,0.00022904260192395785,0.00029968249984622675,Pos162-Pos220
162,220,Pos162_I-Pos220_A,0.00013260361164018613,0.0001318602999323398,Pos162-Pos220
162,220,Pos162_I-Pos220_F,0.000180823106782072,0.00017980949990773607,Pos162-Pos220
162,220,Pos162_I-Pos220_D,1.2054873785471467e-05,1.1987299993849072e-05,Pos162-Pos220
162,220,Pos162_V-Pos220_V,0.00230248089302505,0.002298484012240572,Pos162-Pos220
162,220,Pos162_V-Pos220_I,0.0,6.939029139719153e-07,Pos162-Pos220
162,220,Pos162_V-Pos220_A,0.0,3.053172821476427e-07,Pos162-Pos220
162,220,Pos162_V-Pos220_F,0.0,4.1634174838314913e-07,Pos162-Pos220
162,220,Pos162_V-Pos220_D,0.0,2.7756116558876608e-08,Pos162-Pos220
162,220,Pos162_T-Pos220_V,0.00010849386406924319,0.00010830552937259239,Pos162-Pos220
162,220,Pos162_T-Pos220_I,0.0,3.269699594632061e-08,Pos162-Pos220
162,220,Pos162_T-Pos220_A,0.0,1.4386678216381068e-08,Pos162-Pos220
162,220,Pos162_T-Pos220_F,0.0,1.9618197567792367e-08,Pos162-Pos220
162,220,Pos162_T-Pos220_D,0.0,1.3078798378528244e-09,Pos162-Pos220
162,220,Pos162_C-Pos220_V,0.001940834679460906,0.001937465580998597,Pos162-Pos220
162,220,Pos162_C-Pos220_I,0.0,5.849129274841798e-07,Pos162-Pos220
162,220,Pos162_C-Pos220_A,0.0,2.573616880930391e-07,Pos162-Pos220
162,220,Pos162_C-Pos220_F,0.0,3.5094775649050785e-07,Pos162-Pos220
162,220,Pos162_C-Pos220_D,0.0,2.339651709936719e-08,Pos162-Pos220
162,220,Pos162_M-Pos220_V,1.2054873785471467e-05,1.2033947708065822e-05,Pos162-Pos220
162,220,Pos162_M-Pos220_I,0.0,3.6329995495911792e-09,Pos162-Pos220
162,220,Pos162_M-Pos220_A,0.0,1.5985198018201188e-09,Pos162-Pos220
162,220,Pos162_M-Pos220_F,0.0,2.1797997297547075e-09,Pos162-Pos220
162,220,Pos162_M-Pos220_D,0.0,1.4531998198364718e-10,Pos162-Pos220
162,220,Pos162_F-Pos220_V,1.2054873785471467e-05,1.2033947708065822e-05,Pos162-Pos220
162,220,Pos162_F-Pos220_I,0.0,3.6329995495911792e-09,Pos162-Pos220
162,220,Pos162_F-Pos220_A,0.0,1.5985198018201188e-09,Pos162-Pos220
162,220,Pos162_F-Pos220_F,0.0,2.1797997297547075e-09,Pos162-Pos220
162,220,Pos162_F-Pos220_D,0.0,1.4531998198364718e-10,Pos162-Pos220
162,220,Pos162_N-Pos220_V,1.2054873785471467e-05,1.2033947708065822e-05,Pos162-Pos220
162,220,Pos162_N-Pos220_I,0.0,3.6329995495911792e-09,Pos162-Pos220
162,220,Pos162_N-Pos220_A,0.0,1.5985198018201188e-09,Pos162-Pos220
162,220,Pos162_N-Pos220_F,0.0,2.1797997297547075e-09,Pos162-Pos220
162,220,Pos162_N-Pos220_D,0.0,1.4531998198364718e-10,Pos162-Pos220
162,220,Pos162_*-Pos220_V,1.2054873785471467e-05,1.2033947708065822e-05,Pos162-Pos220
162,220,Pos162_*-Pos220_I,0.0,3.6329995495911792e-09,Pos162-Pos220
162,220,Pos162_*-Pos220_A,0.0,1.5985198018201188e-09,Pos162-Pos220
162,220,Pos162_*-Pos220_F,0.0,2.1797997297547075e-09,Pos162-Pos220
162,220,Pos162_*-Pos220_D,0.0,1.4531998198364718e-10,Pos162-Pos220
162,220,Pos162_L-Pos220_V,1.2054873785471467e-05,1.2033947708065822e-05,Pos162-Pos220
162,220,Pos162_L-Pos220_I,0.0,3.6329995495911792e-09,Pos162-Pos220
162,220,Pos162_L-Pos220_A,0.0,1.5985198018201188e-09,Pos162-Pos220
162,220,Pos162_L-Pos220_F,0.0,2.1797997297547075e-09,Pos162-Pos220
162,220,Pos162_L-Pos220_D,0.0,1.4531998198364718e-10,Pos162-Pos220
162,225,Pos162_I-Pos225_T,0.9932131060587795,0.9927881854905801,Pos162-Pos225
162,225,Pos162_I-Pos225_I,0.0004580852038479157,0.000671288799655548,Pos162-Pos225
162,225,Pos162_I-Pos225_L,3.61646213564144e-05,0.0002037840998954342,Pos162-Pos225
162,225,Pos162_I-Pos225_S,2.4109747570942933e-05,2.3974599987698143e-05,Pos162-Pos225
162,225,Pos162_I-Pos225_A,7.23292427128288e-05,7.192379996309443e-05,Pos162-Pos225
162,225,Pos162_V-Pos225_T,0.00230248089302505,0.002298761573406161,Pos162-Pos225
162,225,Pos162_V-Pos225_I,0.0,1.5543425272970901e-06,Pos162-Pos225
162,225,Pos162_V-Pos225_L,0.0,4.718539815009023e-07,Pos162-Pos225
162,225,Pos162_V-Pos225_S,0.0,5.5512233117753216e-08,Pos162-Pos225
162,225,Pos162_V-Pos225_A,0.0,1.6653669935325967e-07,Pos162-Pos225
162,225,Pos162_T-Pos225_T,0.00010849386406924319,0.00010831860817097092,Pos162-Pos225
162,225,Pos162_T-Pos225_I,0.0,7.324127091975816e-08,Pos162-Pos225
162,225,Pos162_T-Pos225_L,0.0,2.2233957243498013e-08,Pos162-Pos225
162,225,Pos162_T-Pos225_S,0.0,2.6157596757056487e-09,Pos162-Pos225
162,225,Pos162_T-Pos225_A,0.0,7.847279027116946e-09,Pos162-Pos225
162,225,Pos162_C-Pos225_T,0.001940834679460906,0.0019376995461695909,Pos162-Pos225
162,225,Pos162_C-Pos225_I,0.0,1.3102049575645628e-06,Pos162-Pos225
162,225,Pos162_C-Pos225_L,0.0,3.977407906892422e-07,Pos162-Pos225
162,225,Pos162_C-Pos225_S,0.0,4.679303419873438e-08,Pos162-Pos225
162,225,Pos162_C-Pos225_A,0.0,1.4037910259620316e-07,Pos162-Pos225
162,225,Pos162_M-Pos225_T,1.2054873785471467e-05,1.2035400907885658e-05,Pos162-Pos225
162,225,Pos162_M-Pos225_I,0.0,8.137918991084241e-09,Pos162-Pos225
162,225,Pos162_M-Pos225_L,0.0,2.4704396937220014e-09,Pos162-Pos225
162,225,Pos162_M-Pos225_S,0.0,2.9063996396729436e-10,Pos162-Pos225
162,225,Pos162_M-Pos225_A,0.0,8.719198919018831e-10,Pos162-Pos225
162,225,Pos162_F-Pos225_T,1.2054873785471467e-05,1.2035400907885658e-05,Pos162-Pos225
162,225,Pos162_F-Pos225_I,0.0,8.137918991084241e-09,Pos162-Pos225
162,225,Pos162_F-Pos225_L,0.0,2.4704396937220014e-09,Pos162-Pos225
162,225,Pos162_F-Pos225_S,0.0,2.9063996396729436e-10,Pos162-Pos225
162,225,Pos162_F-Pos225_A,0.0,8.719198919018831e-10,Pos162-Pos225
162,225,Pos162_N-Pos225_T,1.2054873785471467e-05,1.2035400907885658e-05,Pos162-Pos225
162,225,Pos162_N-Pos225_I,0.0,8.137918991084241e-09,Pos162-Pos225
162,225,Pos162_N-Pos225_L,0.0,2.4704396937220014e-09,Pos162-Pos225
162,225,Pos162_N-Pos225_S,0.0,2.9063996396729436e-10,Pos162-Pos225
162,225,Pos162_N-Pos225_A,0.0,8.719198919018831e-10,Pos162-Pos225
162,225,Pos162_*-Pos225_T,1.2054873785471467e-05,1.2035400907885658e-05,Pos162-Pos225
162,225,Pos162_*-Pos225_I,0.0,8.137918991084241e-09,Pos162-Pos225
162,225,Pos162_*-Pos225_L,0.0,2.4704396937220014e-09,Pos162-Pos225
162,225,Pos162_*-Pos225_S,0.0,2.9063996396729436e-10,Pos162-Pos225
162,225,Pos162_*-Pos225_A,0.0,8.719198919018831e-10,Pos162-Pos225
162,225,Pos162_L-Pos225_T,1.2054873785471467e-05,1.2035400907885658e-05,Pos162-Pos225
162,225,Pos162_L-Pos225_I,0.0,8.137918991084241e-09,Pos162-Pos225
162,225,Pos162_L-Pos225_L,0.0,2.4704396937220014e-09,Pos162-Pos225
162,225,Pos162_L-Pos225_S,0.0,2.9063996396729436e-10,Pos162-Pos225
162,225,Pos162_L-Pos225_A,0.0,8.719198919018831e-10,Pos162-Pos225
162,231,Pos162_I-Pos231_R,0.020107529474166407,0.02205663198868229,Pos162-Pos231
162,231,Pos162_I-Pos231_S,0.0062685343684451625,0.006269357896783064,Pos162-Pos231
162,231,Pos162_I-Pos231_L,2.4109747570942933e-05,2.3974599987698143e-05,Pos162-Pos231
162,231,Pos162_I-Pos231_Y,0.00025315234949490077,0.00025173329987083045,Pos162-Pos231
162,231,Pos162_I-Pos231_G,0.0001446584854256576,0.00014384759992618887,Pos162-Pos231
162,231,Pos162_I-Pos231_F,9.643899028377173e-05,9.589839995079257e-05,Pos162-Pos231
162,231,Pos162_I-Pos231_*,6.027436892735733e-05,5.9936499969245356e-05,Pos162-Pos231
162,231,Pos162_V-Pos231_R,3.61646213564144e-05,5.107125446833296e-05,Pos162-Pos231
162,231,Pos162_V-Pos231_S,0.0,1.4516448960292465e-05,Pos162-Pos231
162,231,Pos162_V-Pos231_L,0.0,5.5512233117753216e-08,Pos162-Pos231
162,231,Pos162_V-Pos231_Y,0.0,5.828784477364088e-07,Pos162-Pos231
162,231,Pos162_V-Pos231_G,0.0,3.3307339870651934e-07,Pos162-Pos231
162,231,Pos162_V-Pos231_F,0.0,2.2204893247101286e-07,Pos162-Pos231
162,231,Pos162_V-Pos231_*,0.0,1.3878058279438304e-07,Pos162-Pos231
162,231,Pos162_T-Pos231_R,0.0,2.406498901649197e-06,Pos162-Pos231
162,231,Pos162_T-Pos231_S,1.2054873785471467e-05,6.840211551970271e-07,Pos162-Pos231
162,231,Pos162_T-Pos231_L,0.0,2.6157596757056487e-09,Pos162-Pos231
162,231,Pos162_T-Pos231_Y,0.0,2.746547659490931e-08,Pos162-Pos231
162,231,Pos162_T-Pos231_G,0.0,1.5694558054233892e-08,Pos162-Pos231
162,231,Pos162_T-Pos231_F,0.0,1.0463038702822595e-08,Pos162-Pos231
162,231,Pos162_T-Pos231_*,0.0,6.539399189264122e-09,Pos162-Pos231
162,231,Pos162_C-Pos231_R,0.0018202859416061913,4.304959146283563e-05,Pos162-Pos231
162,231,Pos162_C-Pos231_S,0.0,1.2236378442969041e-05,Pos162-Pos231
162,231,Pos162_C-Pos231_L,0.0,4.679303419873438e-08,Pos162-Pos231
162,231,Pos162_C-Pos231_Y,0.0,4.91326859086711e-07,Pos162-Pos231
162,231,Pos162_C-Pos231_G,0.0,2.807582051924063e-07,Pos162-Pos231
162,231,Pos162_C-Pos231_F,0.0,1.8717213679493753e-07,Pos162-Pos231
162,231,Pos162_C-Pos231_*,0.0,1.1698258549683596e-07,Pos162-Pos231
162,231,Pos162_M-Pos231_R,0.0,2.673887668499108e-07,Pos162-Pos231
162,231,Pos162_M-Pos231_S,0.0,7.600235057744746e-08,Pos162-Pos231
162,231,Pos162_M-Pos231_L,0.0,2.9063996396729436e-10,Pos162-Pos231
162,231,Pos162_M-Pos231_Y,0.0,3.0517196216565903e-09,Pos162-Pos231
162,231,Pos162_M-Pos231_G,0.0,1.7438397838037662e-09,Pos162-Pos231
162,231,Pos162_M-Pos231_F,0.0,1.1625598558691774e-09,Pos162-Pos231
162,231,Pos162_M-Pos231_*,0.0,7.265999099182358e-10,Pos162-Pos231
162,231,Pos162_F-Pos231_R,0.0,2.673887668499108e-07,Pos162-Pos231
162,231,Pos162_F-Pos231_S,0.0,7.600235057744746e-08,Pos162-Pos231
162,231,Pos162_F-Pos231_L,0.0,2.9063996396729436e-10,Pos162-Pos231
162,231,Pos162_F-Pos231_Y,0.0,3.0517196216565903e-09,Pos162-Pos231
162,231,Pos162_F-Pos231_G,0.0,1.7438397838037662e-09,Pos162-Pos231
162,231,Pos162_F-Pos231_F,0.0,1.1625598558691774e-09,Pos162-Pos231
162,231,Pos162_F-Pos231_*,0.0,7.265999099182358e-10,Pos162-Pos231
162,231,Pos162_N-Pos231_R,0.0,2.673887668499108e-07,Pos162-Pos231
162,231,Pos162_N-Pos231_S,0.0,7.600235057744746e-08,Pos162-Pos231
162,231,Pos162_N-Pos231_L,0.0,2.9063996396729436e-10,Pos162-Pos231
162,231,Pos162_N-Pos231_Y,0.0,3.0517196216565903e-09,Pos162-Pos231
162,231,Pos162_N-Pos231_G,0.0,1.7438397838037662e-09,Pos162-Pos231
162,231,Pos162_N-Pos231_F,0.0,1.1625598558691774e-09,Pos162-Pos231
162,231,Pos162_N-Pos231_*,0.0,7.265999099182358e-10,Pos162-Pos231
162,231,Pos162_*-Pos231_R,1.2054873785471467e-05,2.673887668499108e-07,Pos162-Pos231
162,231,Pos162_*-Pos231_S,0.0,7.600235057744746e-08,Pos162-Pos231
162,231,Pos162_*-Pos231_L,0.0,2.9063996396729436e-10,Pos162-Pos231
162,231,Pos162_*-Pos231_Y,0.0,3.0517196216565903e-09,Pos162-Pos231
162,231,Pos162_*-Pos231_G,0.0,1.7438397838037662e-09,Pos162-Pos231
162,231,Pos162_*-Pos231_F,0.0,1.1625598558691774e-09,Pos162-Pos231
162,231,Pos162_*-Pos231_*,0.0,7.265999099182358e-10,Pos162-Pos231
162,231,Pos162_L-Pos231_R,0.0,2.673887668499108e-07,Pos162-Pos231
162,231,Pos162_L-Pos231_S,0.0,7.600235057744746e-08,Pos162-Pos231
162,231,Pos162_L-Pos231_L,0.0,2.9063996396729436e-10,Pos162-Pos231
162,231,Pos162_L-Pos231_Y,0.0,3.0517196216565903e-09,Pos162-Pos231
162,231,Pos162_L-Pos231_G,0.0,1.7438397838037662e-09,Pos162-Pos231
162,231,Pos162_L-Pos231_F,0.0,1.1625598558691774e-09,Pos162-Pos231
162,231,Pos162_L-Pos231_*,0.0,7.265999099182358e-10,Pos162-Pos231
162,232,Pos162_I-Pos232_T,0.007775393591629096,0.007743795796026499,Pos162-Pos232
162,232,Pos162_I-Pos232_F,0.0008317862911975312,0.0008271236995755859,Pos162-Pos232
162,232,Pos162_I-Pos232_L,0.0011090483882633749,0.0011028315994341144,Pos162-Pos232
162,232,Pos162_I-Pos232_V,0.001579188465896762,0.001570336299194228,Pos162-Pos232
162,232,Pos162_I-Pos232_S,0.0007715119222701739,0.0007671871996063406,Pos162-Pos232
162,232,Pos162_I-Pos232_N,0.00022904260192395785,0.00022775869988313235,Pos162-Pos232
162,232,Pos162_I-Pos232_M,0.00016876823299660052,0.000167822199913887,Pos162-Pos232
162,232,Pos162_I-Pos232_A,2.4109747570942933e-05,2.3974599987698143e-05,Pos162-Pos232
162,232,Pos162_V-Pos232_T,0.0,1.7930451297034288e-05,Pos162-Pos232
162,232,Pos162_V-Pos232_F,0.0,1.915172042562486e-06,Pos162-Pos232
162,232,Pos162_V-Pos232_L,0.0,2.553562723416648e-06,Pos162-Pos232
162,232,Pos162_V-Pos232_V,0.0,3.6360512692128356e-06,Pos162-Pos232
162,232,Pos162_V-Pos232_S,0.0,1.776391459768103e-06,Pos162-Pos232
162,232,Pos162_V-Pos232_N,0.0,5.273662146186556e-07,Pos162-Pos232
162,232,Pos162_V-Pos232_M,0.0,3.8858563182427253e-07,Pos162-Pos232
162,232,Pos162_V-Pos232_A,0.0,5.5512233117753216e-08,Pos162-Pos232
162,232,Pos162_T-Pos232_T,0.0,8.448903752529245e-07,Pos162-Pos232
162,232,Pos162_T-Pos232_F,0.0,9.024370881184488e-08,Pos162-Pos232
162,232,Pos162_T-Pos232_L,0.0,1.2032494508245985e-07,Pos162-Pos232
162,232,Pos162_T-Pos232_V,0.0,1.7133225875871997e-07,Pos162-Pos232
162,232,Pos162_T-Pos232_S,0.0,8.370430962258076e-08,Pos162-Pos232
162,232,Pos162_T-Pos232_N,0.0,2.484971691920366e-08,Pos162-Pos232
162,232,Pos162_T-Pos232_M,0.0,1.831031772993954e-08,Pos162-Pos232
162,232,Pos162_T-Pos232_A,0.0,2.6157596757056487e-09,Pos162-Pos232
162,232,Pos162_C-Pos232_T,0.0,1.5114150046191205e-05,Pos162-Pos232
162,232,Pos162_C-Pos232_F,0.0,1.6143596798563362e-06,Pos162-Pos232
162,232,Pos162_C-Pos232_L,0.0,2.1524795731417815e-06,Pos162-Pos232
162,232,Pos162_C-Pos232_V,0.0,3.064943740017102e-06,Pos162-Pos232
162,232,Pos162_C-Pos232_S,0.0,1.4973770943595002e-06,Pos162-Pos232
162,232,Pos162_C-Pos232_N,0.0,4.4453382488797664e-07,Pos162-Pos232
162,232,Pos162_C-Pos232_M,0.0,3.275512393911407e-07,Pos162-Pos232
162,232,Pos162_C-Pos232_A,0.0,4.679303419873438e-08,Pos162-Pos232
162,232,Pos162_M-Pos232_T,0.0,9.387670836143607e-08,Pos162-Pos232
162,232,Pos162_M-Pos232_F,0.0,1.0027078756871655e-08,Pos162-Pos232
162,232,Pos162_M-Pos232_L,0.0,1.3369438342495538e-08,Pos162-Pos232
162,232,Pos162_M-Pos232_V,0.0,1.9036917639857778e-08,Pos162-Pos232
162,232,Pos162_M-Pos232_S,0.0,9.30047884695342e-09,Pos162-Pos232
162,232,Pos162_M-Pos232_N,0.0,2.761079657689296e-09,Pos162-Pos232
162,232,Pos162_M-Pos232_M,0.0,2.0344797477710602e-09,Pos162-Pos232
162,232,Pos162_M-Pos232_A,0.0,2.9063996396729436e-10,Pos162-Pos232
162,232,Pos162_F-Pos232_T,0.0,9.387670836143607e-08,Pos162-Pos232
162,232,Pos162_F-Pos232_F,0.0,1.0027078756871655e-08,Pos162-Pos232
162,232,Pos162_F-Pos232_L,0.0,1.3369438342495538e-08,Pos162-Pos232
162,232,Pos162_F-Pos232_V,0.0,1.9036917639857778e-08,Pos162-Pos232
162,232,Pos162_F-Pos232_S,0.0,9.30047884695342e-09,Pos162-Pos232
162,232,Pos162_F-Pos232_N,0.0,2.761079657689296e-09,Pos162-Pos232
162,232,Pos162_F-Pos232_M,0.0,2.0344797477710602e-09,Pos162-Pos232
162,232,Pos162_F-Pos232_A,0.0,2.9063996396729436e-10,Pos162-Pos232
162,232,Pos162_N-Pos232_T,0.0,9.387670836143607e-08,Pos162-Pos232
162,232,Pos162_N-Pos232_F,0.0,1.0027078756871655e-08,Pos162-Pos232
162,232,Pos162_N-Pos232_L,0.0,1.3369438342495538e-08,Pos162-Pos232
162,232,Pos162_N-Pos232_V,0.0,1.9036917639857778e-08,Pos162-Pos232
162,232,Pos162_N-Pos232_S,0.0,9.30047884695342e-09,Pos162-Pos232
162,232,Pos162_N-Pos232_N,0.0,2.761079657689296e-09,Pos162-Pos232
162,232,Pos162_N-Pos232_M,0.0,2.0344797477710602e-09,Pos162-Pos232
162,232,Pos162_N-Pos232_A,0.0,2.9063996396729436e-10,Pos162-Pos232
162,232,Pos162_*-Pos232_T,0.0,9.387670836143607e-08,Pos162-Pos232
162,232,Pos162_*-Pos232_F,0.0,1.0027078756871655e-08,Pos162-Pos232
162,232,Pos162_*-Pos232_L,0.0,1.3369438342495538e-08,Pos162-Pos232
162,232,Pos162_*-Pos232_V,0.0,1.9036917639857778e-08,Pos162-Pos232
162,232,Pos162_*-Pos232_S,0.0,9.30047884695342e-09,Pos162-Pos232
162,232,Pos162_*-Pos232_N,0.0,2.761079657689296e-09,Pos162-Pos232
162,232,Pos162_*-Pos232_M,0.0,2.0344797477710602e-09,Pos162-Pos232
162,232,Pos162_*-Pos232_A,0.0,2.9063996396729436e-10,Pos162-Pos232
162,232,Pos162_L-Pos232_T,0.0,9.387670836143607e-08,Pos162-Pos232
162,232,Pos162_L-Pos232_F,0.0,1.0027078756871655e-08,Pos162-Pos232
162,232,Pos162_L-Pos232_L,0.0,1.3369438342495538e-08,Pos162-Pos232
162,232,Pos162_L-Pos232_V,0.0,1.9036917639857778e-08,Pos162-Pos232
162,232,Pos162_L-Pos232_S,0.0,9.30047884695342e-09,Pos162-Pos232
162,232,Pos162_L-Pos232_N,0.0,2.761079657689296e-09,Pos162-Pos232
162,232,Pos162_L-Pos232_M,0.0,2.0344797477710602e-09,Pos162-Pos232
162,232,Pos162_L-Pos232_A,0.0,2.9063996396729436e-10,Pos162-Pos232
162,390,Pos162_I-Pos390_S,0.012428574872821082,0.012394868193639939,Pos162-Pos390
162,390,Pos162_I-Pos390_T,0.000180823106782072,0.00017980949990773607,Pos162-Pos390
162,390,Pos162_I-Pos390_D,0.0005786339417026304,0.0005753903997047555,Pos162-Pos390
162,390,Pos162_I-Pos390_E,0.0007353473009137594,0.0007312252996247932,Pos162-Pos390
162,390,Pos162_I-Pos390_I,0.00033753646599320105,0.000335644399827774,Pos162-Pos390
162,390,Pos162_I-Pos390_K,0.0006750729319864021,0.000683276099649397,Pos162-Pos390
162,390,Pos162_I-Pos390_H,2.4109747570942933e-05,2.3974599987698143e-05,Pos162-Pos390
162,390,Pos162_I-Pos390_R,2.4109747570942933e-05,2.3974599987698143e-05,Pos162-Pos390
162,390,Pos162_I-Pos390_Y,1.2054873785471467e-05,1.1987299993849072e-05,Pos162-Pos390
162,390,Pos162_V-Pos390_S,2.4109747570942933e-05,2.8699824521878413e-05,Pos162-Pos390
162,390,Pos162_V-Pos390_T,0.0,4.1634174838314913e-07,Pos162-Pos390
162,390,Pos162_V-Pos390_D,0.0,1.3322935948260773e-06,Pos162-Pos390
162,390,Pos162_V-Pos390_E,0.0,1.6931231100914731e-06,Pos162-Pos390
162,390,Pos162_V-Pos390_I,0.0,7.771712636485451e-07,Pos162-Pos390
162,390,Pos162_V-Pos390_K,1.2054873785471467e-05,1.5820986438559665e-06,Pos162-Pos390
162,390,Pos162_V-Pos390_H,0.0,5.5512233117753216e-08,Pos162-Pos390
162,390,Pos162_V-Pos390_R,0.0,5.5512233117753216e-08,Pos162-Pos390
162,390,Pos162_V-Pos390_Y,0.0,2.7756116558876608e-08,Pos162-Pos390
162,390,Pos162_T-Pos390_S,0.0,1.3523477523398205e-06,Pos162-Pos390
162,390,Pos162_T-Pos390_T,0.0,1.9618197567792367e-08,Pos162-Pos390
162,390,Pos162_T-Pos390_D,0.0,6.277823221693557e-08,Pos162-Pos390
162,390,Pos162_T-Pos390_E,0.0,7.978067010902228e-08,Pos162-Pos390
162,390,Pos162_T-Pos390_I,0.0,3.662063545987908e-08,Pos162-Pos390
162,390,Pos162_T-Pos390_K,0.0,7.454915075761098e-08,Pos162-Pos390
162,390,Pos162_T-Pos390_H,0.0,2.6157596757056487e-09,Pos162-Pos390
162,390,Pos162_T-Pos390_R,0.0,2.6157596757056487e-09,Pos162-Pos390
162,390,Pos162_T-Pos390_Y,0.0,1.3078798378528244e-09,Pos162-Pos390
162,390,Pos162_C-Pos390_S,0.0,2.4191998680745678e-05,Pos162-Pos390
162,390,Pos162_C-Pos390_T,0.0,3.5094775649050785e-07,Pos162-Pos390
162,390,Pos162_C-Pos390_D,0.0,1.1230328207696253e-06,Pos162-Pos390
162,390,Pos162_C-Pos390_E,0.0,1.4271875430613986e-06,Pos162-Pos390
162,390,Pos162_C-Pos390_I,0.0,6.551024787822814e-07,Pos162-Pos390
162,390,Pos162_C-Pos390_K,0.0,1.33360147466393e-06,Pos162-Pos390
162,390,Pos162_C-Pos390_H,0.0,4.679303419873438e-08,Pos162-Pos390
162,390,Pos162_C-Pos390_R,0.0,4.679303419873438e-08,Pos162-Pos390
162,390,Pos162_C-Pos390_Y,0.0,2.339651709936719e-08,Pos162-Pos390
162,390,Pos162_M-Pos390_S,0.0,1.5026086137109117e-07,Pos162-Pos390
162,390,Pos162_M-Pos390_T,0.0,2.1797997297547075e-09,Pos162-Pos390
162,390,Pos162_M-Pos390_D,0.0,6.975359135215065e-09,Pos162-Pos390
162,390,Pos162_M-Pos390_E,0.0,8.864518901002478e-09,Pos162-Pos390
162,390,Pos162_M-Pos390_I,0.0,4.0689594955421204e-09,Pos162-Pos390
162,390,Pos162_M-Pos390_K,0.0,8.283238973067888e-09,Pos162-Pos390
162,390,Pos162_M-Pos390_H,0.0,2.9063996396729436e-10,Pos162-Pos390
162,390,Pos162_M-Pos390_R,0.0,2.9063996396729436e-10,Pos162-Pos390
162,390,Pos162_M-Pos390_Y,0.0,1.4531998198364718e-10,Pos162-Pos390
162,390,Pos162_F-Pos390_S,0.0,1.5026086137109117e-07,Pos162-Pos390
162,390,Pos162_F-Pos390_T,0.0,2.1797997297547075e-09,Pos162-Pos390
162,390,Pos162_F-Pos390_D,0.0,6.975359135215065e-09,Pos162-Pos390
162,390,Pos162_F-Pos390_E,0.0,8.864518901002478e-09,Pos162-Pos390
162,390,Pos162_F-Pos390_I,0.0,4.0689594955421204e-09,Pos162-Pos390
162,390,Pos162_F-Pos390_K,0.0,8.283238973067888e-09,Pos162-Pos390
162,390,Pos162_F-Pos390_H,0.0,2.9063996396729436e-10,Pos162-Pos390
162,390,Pos162_F-Pos390_R,0.0,2.9063996396729436e-10,Pos162-Pos390
162,390,Pos162_F-Pos390_Y,0.0,1.4531998198364718e-10,Pos162-Pos390
162,390,Pos162_N-Pos390_S,0.0,1.5026086137109117e-07,Pos162-Pos390
162,390,Pos162_N-Pos390_T,0.0,2.1797997297547075e-09,Pos162-Pos390
162,390,Pos162_N-Pos390_D,0.0,6.975359135215065e-09,Pos162-Pos390
162,390,Pos162_N-Pos390_E,0.0,8.864518901002478e-09,Pos162-Pos390
162,390,Pos162_N-Pos390_I,0.0,4.0689594955421204e-09,Pos162-Pos390
162,390,Pos162_N-Pos390_K,0.0,8.283238973067888e-09,Pos162-Pos390
162,390,Pos162_N-Pos390_H,0.0,2.9063996396729436e-10,Pos162-Pos390
162,390,Pos162_N-Pos390_R,0.0,2.9063996396729436e-10,Pos162-Pos390
162,390,Pos162_N-Pos390_Y,0.0,1.4531998198364718e-10,Pos162-Pos390
162,390,Pos162_*-Pos390_S,0.0,1.5026086137109117e-07,Pos162-Pos390
162,390,Pos162_*-Pos390_T,0.0,2.1797997297547075e-09,Pos162-Pos390
162,390,Pos162_*-Pos390_D,0.0,6.975359135215065e-09,Pos162-Pos390
162,390,Pos162_*-Pos390_E,0.0,8.864518901002478e-09,Pos162-Pos390
162,390,Pos162_*-Pos390_I,0.0,4.0689594955421204e-09,Pos162-Pos390
162,390,Pos162_*-Pos390_K,0.0,8.283238973067888e-09,Pos162-Pos390
162,390,Pos162_*-Pos390_H,0.0,2.9063996396729436e-10,Pos162-Pos390
162,390,Pos162_*-Pos390_R,0.0,2.9063996396729436e-10,Pos162-Pos390
162,390,Pos162_*-Pos390_Y,0.0,1.4531998198364718e-10,Pos162-Pos390
162,390,Pos162_L-Pos390_S,0.0,1.5026086137109117e-07,Pos162-Pos390
162,390,Pos162_L-Pos390_T,0.0,2.1797997297547075e-09,Pos162-Pos390
162,390,Pos162_L-Pos390_D,0.0,6.975359135215065e-09,Pos162-Pos390
162,390,Pos162_L-Pos390_E,0.0,8.864518901002478e-09,Pos162-Pos390
162,390,Pos162_L-Pos390_I,0.0,4.0689594955421204e-09,Pos162-Pos390
162,390,Pos162_L-Pos390_K,0.0,8.283238973067888e-09,Pos162-Pos390
162,390,Pos162_L-Pos390_H,0.0,2.9063996396729436e-10,Pos162-Pos390
162,390,Pos162_L-Pos390_R,0.0,2.9063996396729436e-10,Pos162-Pos390
162,390,Pos162_L-Pos390_Y,0.0,1.4531998198364718e-10,Pos162-Pos390
164,172,Pos164_S-Pos172_L,0.00030137184463678666,0.00029976605883586736,Pos164-Pos172
164,172,Pos164_S-Pos172_I,0.008860332232321527,0.008861084699188239,Pos164-Pos172
164,172,Pos164_S-Pos172_T,0.00024109747570942933,0.0002398128470686939,Pos164-Pos172
164,172,Pos164_S-Pos172_R,0.0006027436892735733,0.0005995321176717347,Pos164-Pos172
164,172,Pos164_S-Pos172_V,0.0004098657087060298,0.00040768184001677957,Pos164-Pos172
164,172,Pos164_S-Pos172_K,3.61646213564144e-05,3.5971927060304085e-05,Pos164-Pos172
164,172,Pos164_I-Pos172_L,0.0,6.90269914422324e-08,Pos164-Pos172
164,172,Pos164_I-Pos172_I,0.0,2.0404378670323895e-06,Pos164-Pos172
164,172,Pos164_I-Pos172_T,0.0,5.522159315378592e-08,Pos164-Pos172
164,172,Pos164_I-Pos172_R,0.0,1.380539828844648e-07,Pos164-Pos172
164,172,Pos164_I-Pos172_V,0.0,9.387670836143605e-08,Pos164-Pos172
164,172,Pos164_I-Pos172_K,0.0,8.283238973067888e-09,Pos164-Pos172
164,172,Pos164_R-Pos172_L,0.0,5.812799279345887e-08,Pos164-Pos172
164,172,Pos164_R-Pos172_I,1.2054873785471467e-05,1.718263466974644e-06,Pos164-Pos172
164,172,Pos164_R-Pos172_T,0.0,4.6502394234767094e-08,Pos164-Pos172
164,172,Pos164_R-Pos172_R,0.0,1.1625598558691774e-07,Pos164-Pos172
164,172,Pos164_R-Pos172_V,0.0,7.905407019910404e-08,Pos164-Pos172
164,172,Pos164_R-Pos172_K,0.0,6.975359135215065e-09,Pos164-Pos172
164,172,Pos164_G-Pos172_L,0.0,9.809098783896184e-08,Pos164-Pos172
164,172,Pos164_G-Pos172_I,0.0,2.899569600519712e-06,Pos164-Pos172
164,172,Pos164_G-Pos172_T,0.0,7.847279027116947e-08,Pos164-Pos172
164,172,Pos164_G-Pos172_R,0.0,1.9618197567792368e-07,Pos164-Pos172
164,172,Pos164_G-Pos172_V,0.0,1.334037434609881e-07,Pos164-Pos172
164,172,Pos164_G-Pos172_K,0.0,1.1770918540675421e-08,Pos164-Pos172
164,220,Pos164_S-Pos220_V,0.9933095450490633,0.992945093287927,Pos164-Pos220
164,220,Pos164_S-Pos220_I,0.00024109747570942933,0.00029976605883586736,Pos164-Pos220
164,220,Pos164_S-Pos220_A,0.00013260361164018613,0.00013189706588778165,Pos164-Pos220
164,220,Pos164_S-Pos220_F,0.000180823106782072,0.00017985963530152042,Pos164-Pos220
164,220,Pos164_S-Pos220_D,1.2054873785471467e-05,1.1990642353434694e-05,Pos164-Pos220
164,220,Pos164_I-Pos220_V,0.00022904260192395785,0.00022864500645325062,Pos164-Pos220
164,220,Pos164_I-Pos220_I,0.0,6.90269914422324e-08,Pos164-Pos220
164,220,Pos164_I-Pos220_A,0.0,3.0371876234582257e-08,Pos164-Pos220
164,220,Pos164_I-Pos220_F,0.0,4.141619486533944e-08,Pos164-Pos220
164,220,Pos164_I-Pos220_D,0.0,2.761079657689296e-09,Pos164-Pos220
164,220,Pos164_R-Pos220_V,0.00019287798056754347,0.00019254316332905315,Pos164-Pos220
164,220,Pos164_R-Pos220_I,0.0,5.812799279345887e-08,Pos164-Pos220
164,220,Pos164_R-Pos220_A,0.0,2.55763168291219e-08,Pos164-Pos220
164,220,Pos164_R-Pos220_F,0.0,3.487679567607532e-08,Pos164-Pos220
164,220,Pos164_R-Pos220_D,0.0,2.325119711738355e-09,Pos164-Pos220
164,220,Pos164_G-Pos220_V,0.0003254815922077296,0.0003249165881177772,Pos164-Pos220
164,220,Pos164_G-Pos220_I,0.0,9.809098783896184e-08,Pos164-Pos220
164,220,Pos164_G-Pos220_A,0.0,4.316003464914321e-08,Pos164-Pos220
164,220,Pos164_G-Pos220_F,0.0,5.88545927033771e-08,Pos164-Pos220
164,220,Pos164_G-Pos220_D,0.0,3.923639513558474e-09,Pos164-Pos220
164,225,Pos164_S-Pos225_T,0.9934783132820599,0.9930649997114614,Pos164-Pos225
164,225,Pos164_S-Pos225_I,0.00047014007763338715,0.0006714759717923428,Pos164-Pos225
164,225,Pos164_S-Pos225_L,3.61646213564144e-05,0.00020384092000838978,Pos164-Pos225
164,225,Pos164_S-Pos225_S,2.4109747570942933e-05,2.3981284706869387e-05,Pos164-Pos225
164,225,Pos164_S-Pos225_A,7.23292427128288e-05,7.194385412060817e-05,Pos164-Pos225
164,225,Pos164_I-Pos225_T,0.00022904260192395785,0.0002286726172498275,Pos164-Pos225
164,225,Pos164_I-Pos225_I,0.0,1.5462046083060058e-07,Pos164-Pos225
164,225,Pos164_I-Pos225_L,0.0,4.6938354180718026e-08,Pos164-Pos225
164,225,Pos164_I-Pos225_S,0.0,5.522159315378592e-09,Pos164-Pos225
164,225,Pos164_I-Pos225_A,0.0,1.6566477946135776e-08,Pos164-Pos225
164,225,Pos164_R-Pos225_T,0.00019287798056754347,0.00019256641452617052,Pos164-Pos225
164,225,Pos164_R-Pos225_I,0.0,1.3020670385734785e-07,Pos164-Pos225
164,225,Pos164_R-Pos225_L,0.0,3.952703509955202e-08,Pos164-Pos225
164,225,Pos164_R-Pos225_S,0.0,4.65023942347671e-09,Pos164-Pos225
164,225,Pos164_R-Pos225_A,0.0,1.395071827043013e-08,Pos164-Pos225
164,225,Pos164_G-Pos225_T,0.0003254815922077296,0.0003249558245129128,Pos164-Pos225
164,225,Pos164_G-Pos225_I,0.0,2.197238127592745e-07,Pos164-Pos225
164,225,Pos164_G-Pos225_L,0.0,6.670187173049404e-08,Pos164-Pos225
164,225,Pos164_G-Pos225_S,0.0,7.847279027116948e-09,Pos164-Pos225
164,225,Pos164_G-Pos225_A,0.0,2.3541837081350842e-08,Pos164-Pos225
164,231,Pos164_S-Pos231_R,0.01942040166839453,0.02206278193031984,Pos164-Pos231
164,231,Pos164_S-Pos231_S,0.006280589242230634,0.006271105950846345,Pos164-Pos231
164,231,Pos164_S-Pos231_L,1.2054873785471467e-05,2.3981284706869387e-05,Pos164-Pos231
164,231,Pos164_S-Pos231_Y,0.00025315234949490077,0.00025180348942212857,Pos164-Pos231
164,231,Pos164_S-Pos231_G,0.0001446584854256576,0.00014388770824121634,Pos164-Pos231
164,231,Pos164_S-Pos231_F,9.643899028377173e-05,9.592513882747755e-05,Pos164-Pos231
164,231,Pos164_S-Pos231_*,6.027436892735733e-05,5.995321176717347e-05,Pos164-Pos231
164,231,Pos164_I-Pos231_R,1.2054873785471467e-05,5.080386570148304e-06,Pos164-Pos231
164,231,Pos164_I-Pos231_S,0.0,1.4440446609715018e-06,Pos164-Pos231
164,231,Pos164_I-Pos231_L,0.0,5.522159315378592e-09,Pos164-Pos231
164,231,Pos164_I-Pos231_Y,0.0,5.798267281147521e-08,Pos164-Pos231
164,231,Pos164_I-Pos231_G,0.0,3.313295589227155e-08,Pos164-Pos231
164,231,Pos164_I-Pos231_F,0.0,2.208863726151437e-08,Pos164-Pos231
164,231,Pos164_I-Pos231_*,0.0,1.380539828844648e-08,Pos164-Pos231
164,231,Pos164_R-Pos231_R,0.0,4.2782202695985725e-06,Pos164-Pos231
164,231,Pos164_R-Pos231_S,0.0,1.2160376092391594e-06,Pos164-Pos231
164,231,Pos164_R-Pos231_L,0.0,4.65023942347671e-09,Pos164-Pos231
164,231,Pos164_R-Pos231_Y,0.0,4.8827513946505445e-08,Pos164-Pos231
164,231,Pos164_R-Pos231_G,0.0,2.790143654086026e-08,Pos164-Pos231
164,231,Pos164_R-Pos231_F,0.0,1.860095769390684e-08,Pos164-Pos231
164,231,Pos164_R-Pos231_*,0.0,1.1625598558691774e-08,Pos164-Pos231
164,231,Pos164_G-Pos231_R,0.0,7.219496704947591e-06,Pos164-Pos231
164,231,Pos164_G-Pos231_S,0.0,2.0520634655910818e-06,Pos164-Pos231
164,231,Pos164_G-Pos231_L,0.0,7.847279027116948e-09,Pos164-Pos231
164,231,Pos164_G-Pos231_Y,0.0,8.239642978472793e-08,Pos164-Pos231
164,231,Pos164_G-Pos231_G,0.0,4.7083674162701684e-08,Pos164-Pos231
164,231,Pos164_G-Pos231_F,0.0,3.138911610846779e-08,Pos164-Pos231
164,231,Pos164_G-Pos231_*,0.0,1.9618197567792367e-08,Pos164-Pos231
164,232,Pos164_S-Pos232_T,0.007751283844058153,0.0077459549603188125,Pos164-Pos232
164,232,Pos164_S-Pos232_F,0.0008317862911975312,0.0008273543223869939,Pos164-Pos232
164,232,Pos164_S-Pos232_L,0.0011090483882633749,0.0011031390965159918,Pos164-Pos232
164,232,Pos164_S-Pos232_V,0.001579188465896762,0.0015707741482999448,Pos164-Pos232
164,232,Pos164_S-Pos232_S,0.0007715119222701739,0.0007674011106198204,Pos164-Pos232
164,232,Pos164_S-Pos232_N,0.00022904260192395785,0.00022782220471525918,Pos164-Pos232
164,232,Pos164_S-Pos232_M,0.00016876823299660052,0.0001678689929480857,Pos164-Pos232
164,232,Pos164_S-Pos232_A,2.4109747570942933e-05,2.3981284706869387e-05,Pos164-Pos232
164,232,Pos164_I-Pos232_T,0.0,1.783657458867285e-06,Pos164-Pos232
164,232,Pos164_I-Pos232_F,0.0,1.9051449638056143e-07,Pos164-Pos232
164,232,Pos164_I-Pos232_L,0.0,2.5401932850741524e-07,Pos164-Pos232
164,232,Pos164_I-Pos232_V,0.0,3.6170143515729776e-07,Pos164-Pos232
164,232,Pos164_I-Pos232_S,0.0,1.7670909809211495e-07,Pos164-Pos232
164,232,Pos164_I-Pos232_N,0.0,5.2460513496096625e-08,Pos164-Pos232
164,232,Pos164_I-Pos232_M,0.0,3.8655115207650145e-08,Pos164-Pos232
164,232,Pos164_I-Pos232_A,0.0,5.522159315378592e-09,Pos164-Pos232
164,232,Pos164_R-Pos232_T,0.0,1.502027333782977e-06,Pos164-Pos232
164,232,Pos164_R-Pos232_F,0.0,1.6043326010994647e-07,Pos164-Pos232
164,232,Pos164_R-Pos232_L,0.0,2.139110134799286e-07,Pos164-Pos232
164,232,Pos164_R-Pos232_V,0.0,3.0459068223772444e-07,Pos164-Pos232
164,232,Pos164_R-Pos232_S,0.0,1.488076615512547e-07,Pos164-Pos232
164,232,Pos164_R-Pos232_N,0.0,4.417727452302874e-08,Pos164-Pos232
164,232,Pos164_R-Pos232_M,0.0,3.2551675964336963e-08,Pos164-Pos232
164,232,Pos164_R-Pos232_A,0.0,4.65023942347671e-09,Pos164-Pos232
164,232,Pos164_G-Pos232_T,1.2054873785471467e-05,2.5346711257587736e-06,Pos164-Pos232
164,232,Pos164_G-Pos232_F,0.0,2.7073112643553465e-07,Pos164-Pos232
164,232,Pos164_G-Pos232_L,0.0,3.609748352473795e-07,Pos164-Pos232
164,232,Pos164_G-Pos232_V,0.0,5.1399677627616e-07,Pos164-Pos232
164,232,Pos164_G-Pos232_S,0.0,2.5111292886774233e-07,Pos164-Pos232
164,232,Pos164_G-Pos232_N,0.0,7.4549150757611e-08,Pos164-Pos232
164,232,Pos164_G-Pos232_M,0.0,5.4930953189818627e-08,Pos164-Pos232
164,232,Pos164_G-Pos232_A,0.0,7.847279027116948e-09,Pos164-Pos232
164,390,Pos164_S-Pos390_S,0.012440629746606553,0.012398324193451474,Pos164-Pos390
164,390,Pos164_S-Pos390_T,0.00016876823299660052,0.00017985963530152042,Pos164-Pos390
164,390,Pos164_S-Pos390_D,0.0005786339417026304,0.0005755508329648654,Pos164-Pos390
164,390,Pos164_S-Pos390_E,0.0007353473009137594,0.0007314291835595163,Pos164-Pos390
164,390,Pos164_S-Pos390_I,0.00033753646599320105,0.0003357379858961714,Pos164-Pos390
164,390,Pos164_S-Pos390_K,0.0006871278057718735,0.0006834666141457775,Pos164-Pos390
164,390,Pos164_S-Pos390_H,2.4109747570942933e-05,2.3981284706869387e-05,Pos164-Pos390
164,390,Pos164_S-Pos390_R,2.4109747570942933e-05,2.3981284706869387e-05,Pos164-Pos390
164,390,Pos164_S-Pos390_Y,1.2054873785471467e-05,1.1990642353434694e-05,Pos164-Pos390
164,390,Pos164_I-Pos390_S,0.0,2.8549563660507323e-06,Pos164-Pos390
164,390,Pos164_I-Pos390_T,0.0,4.141619486533944e-08,Pos164-Pos390
164,390,Pos164_I-Pos390_D,0.0,1.325318235690862e-07,Pos164-Pos390
164,390,Pos164_I-Pos390_E,0.0,1.6842585911904706e-07,Pos164-Pos390
164,390,Pos164_I-Pos390_I,0.0,7.731023041530029e-08,Pos164-Pos390
164,390,Pos164_I-Pos390_K,0.0,1.5738154048828985e-07,Pos164-Pos390
164,390,Pos164_I-Pos390_H,0.0,5.522159315378592e-09,Pos164-Pos390
164,390,Pos164_I-Pos390_R,0.0,5.522159315378592e-09,Pos164-Pos390
164,390,Pos164_I-Pos390_Y,0.0,2.761079657689296e-09,Pos164-Pos390
164,390,Pos164_R-Pos390_S,0.0,2.4041737819374587e-06,Pos164-Pos390
164,390,Pos164_R-Pos390_T,0.0,3.487679567607532e-08,Pos164-Pos390
164,390,Pos164_R-Pos390_D,0.0,1.1160574616344103e-07,Pos164-Pos390
164,390,Pos164_R-Pos390_E,0.0,1.4183230241603964e-07,Pos164-Pos390
164,390,Pos164_R-Pos390_I,0.0,6.510335192867393e-08,Pos164-Pos390
164,390,Pos164_R-Pos390_K,0.0,1.325318235690862e-07,Pos164-Pos390
164,390,Pos164_R-Pos390_H,0.0,4.65023942347671e-09,Pos164-Pos390
164,390,Pos164_R-Pos390_R,0.0,4.65023942347671e-09,Pos164-Pos390
164,390,Pos164_R-Pos390_Y,0.0,2.325119711738355e-09,Pos164-Pos390
164,390,Pos164_G-Pos390_S,1.2054873785471467e-05,4.057043257019461e-06,Pos164-Pos390
164,390,Pos164_G-Pos390_T,0.0,5.88545927033771e-08,Pos164-Pos390
164,390,Pos164_G-Pos390_D,0.0,1.8833469665080673e-07,Pos164-Pos390
164,390,Pos164_G-Pos390_E,0.0,2.3934201032706685e-07,Pos164-Pos390
164,390,Pos164_G-Pos390_I,0.0,1.0986190637963725e-07,Pos164-Pos390
164,390,Pos164_G-Pos390_K,0.0,2.2364745227283298e-07,Pos164-Pos390
164,390,Pos164_G-Pos390_H,0.0,7.847279027116948e-09,Pos164-Pos390
164,390,Pos164_G-Pos390_R,0.0,7.847279027116948e-09,Pos164-Pos390
164,390,Pos164_G-Pos390_Y,0.0,3.923639513558474e-09,Pos164-Pos390
172,220,Pos172_L-Pos220_V,0.00030137184463678666,0.00030084869270164555,Pos172-Pos220
172,220,Pos172_L-Pos220_I,0.0,9.082498873977947e-08,Pos172-Pos220
172,220,Pos172_L-Pos220_A,0.0,3.996299504550297e-08,Pos172-Pos220
172,220,Pos172_L-Pos220_F,0.0,5.449499324386769e-08,Pos172-Pos220
172,220,Pos172_L-Pos220_D,0.0,3.6329995495911792e-09,Pos172-Pos220
172,220,Pos172_I-Pos220_V,0.00888444197989247,0.008893087356260642,Pos172-Pos220
172,220,Pos172_I-Pos220_I,0.0,2.684786667147881e-06,Pos172-Pos220
172,220,Pos172_I-Pos220_A,0.0,1.1813061335450677e-06,Pos172-Pos220
172,220,Pos172_I-Pos220_F,0.0,1.6108720002887287e-06,Pos172-Pos220
172,220,Pos172_I-Pos220_D,0.0,1.0739146668591525e-07,Pos172-Pos220
172,220,Pos172_T-Pos220_V,0.00024109747570942933,0.00024067895416131642,Pos172-Pos220
172,220,Pos172_T-Pos220_I,0.0,7.265999099182357e-08,Pos172-Pos220
172,220,Pos172_T-Pos220_A,0.0,3.1970396036402374e-08,Pos172-Pos220
172,220,Pos172_T-Pos220_F,0.0,4.359599459509415e-08,Pos172-Pos220
172,220,Pos172_T-Pos220_D,0.0,2.9063996396729434e-09,Pos172-Pos220
172,220,Pos172_R-Pos220_V,0.0006027436892735733,0.0006016973854032911,Pos172-Pos220
172,220,Pos172_R-Pos220_I,0.0,1.8164997747955894e-07,Pos172-Pos220
172,220,Pos172_R-Pos220_A,0.0,7.992599009100594e-08,Pos172-Pos220
172,220,Pos172_R-Pos220_F,0.0,1.0898998648773538e-07,Pos172-Pos220
172,220,Pos172_R-Pos220_D,0.0,7.2659990991823585e-09,Pos172-Pos220
172,220,Pos172_V-Pos220_V,0.0004098657087060298,0.0004091542220742379,Pos172-Pos220
172,220,Pos172_V-Pos220_I,0.0,1.2352198468610008e-07,Pos172-Pos220
172,220,Pos172_V-Pos220_A,0.0,5.434967326188404e-08,Pos172-Pos220
172,220,Pos172_V-Pos220_F,0.0,7.411319081166004e-08,Pos172-Pos220
172,220,Pos172_V-Pos220_D,0.0,4.940879387444003e-09,Pos172-Pos220
172,220,Pos172_K-Pos220_V,3.61646213564144e-05,3.6101843124197464e-05,Pos172-Pos220
172,220,Pos172_K-Pos220_I,0.0,1.0898998648773539e-08,Pos172-Pos220
172,220,Pos172_K-Pos220_A,0.0,4.795559405460357e-09,Pos172-Pos220
172,220,Pos172_K-Pos220_F,0.0,6.539399189264123e-09,Pos172-Pos220
172,220,Pos172_K-Pos220_D,0.0,4.3595994595094154e-10,Pos172-Pos220
172,225,Pos172_L-Pos225_T,0.00030137184463678666,0.00030088502269714145,Pos172-Pos225
172,225,Pos172_L-Pos225_I,0.0,2.03447974777106e-07,Pos172-Pos225
172,225,Pos172_L-Pos225_L,0.0,6.176099234305004e-08,Pos172-Pos225
172,225,Pos172_L-Pos225_S,0.0,7.2659990991823585e-09,Pos172-Pos225
172,225,Pos172_L-Pos225_A,0.0,2.1797997297547077e-08,Pos172-Pos225
172,225,Pos172_I-Pos225_T,0.008896496853677943,0.0088941612709275,Pos172-Pos225
172,225,Pos172_I-Pos225_I,0.0,6.013922134411253e-06,Pos172-Pos225
172,225,Pos172_I-Pos225_L,0.0,1.8256549336605591e-06,Pos172-Pos225
172,225,Pos172_I-Pos225_S,0.0,2.147829333718305e-07,Pos172-Pos225
172,225,Pos172_I-Pos225_A,1.2054873785471467e-05,6.443488001154915e-07,Pos172-Pos225
172,225,Pos172_T-Pos225_T,0.00024109747570942933,0.00024070801815771317,Pos172-Pos225
172,225,Pos172_T-Pos225_I,0.0,1.627583798216848e-07,Pos172-Pos225
172,225,Pos172_T-Pos225_L,0.0,4.940879387444003e-08,Pos172-Pos225
172,225,Pos172_T-Pos225_S,0.0,5.812799279345887e-09,Pos172-Pos225
172,225,Pos172_T-Pos225_A,0.0,1.743839783803766e-08,Pos172-Pos225
172,225,Pos172_R-Pos225_T,0.0006027436892735733,0.0006017700453942829,Pos172-Pos225
172,225,Pos172_R-Pos225_I,0.0,4.06895949554212e-07,Pos172-Pos225
172,225,Pos172_R-Pos225_L,0.0,1.2352198468610008e-07,Pos172-Pos225
172,225,Pos172_R-Pos225_S,0.0,1.4531998198364717e-08,Pos172-Pos225
172,225,Pos172_R-Pos225_A,0.0,4.3595994595094154e-08,Pos172-Pos225
172,225,Pos172_V-Pos225_T,0.0004098657087060298,0.0004092036308681123,Pos172-Pos225
172,225,Pos172_V-Pos225_I,0.0,2.7668924569686416e-07,Pos172-Pos225
172,225,Pos172_V-Pos225_L,0.0,8.399494958654805e-08,Pos172-Pos225
172,225,Pos172_V-Pos225_S,0.0,9.881758774888006e-09,Pos172-Pos225
172,225,Pos172_V-Pos225_A,0.0,2.964527632466402e-08,Pos172-Pos225
172,225,Pos172_K-Pos225_T,3.61646213564144e-05,3.6106202723656976e-05,Pos172-Pos225
172,225,Pos172_K-Pos225_I,0.0,2.4413756973252723e-08,Pos172-Pos225
172,225,Pos172_K-Pos225_L,0.0,7.411319081166005e-09,Pos172-Pos225
172,225,Pos172_K-Pos225_S,0.0,8.719198919018831e-10,Pos172-Pos225
172,225,Pos172_K-Pos225_A,0.0,2.615759675705649e-09,Pos172-Pos225
172,231,Pos172_L-Pos231_R,1.2054873785471467e-05,6.68471917124777e-06,Pos172-Pos231
172,231,Pos172_L-Pos231_S,1.2054873785471467e-05,1.9000587644361865e-06,Pos172-Pos231
172,231,Pos172_L-Pos231_L,0.0,7.2659990991823585e-09,Pos172-Pos231
172,231,Pos172_L-Pos231_Y,0.0,7.629299054141475e-08,Pos172-Pos231
172,231,Pos172_L-Pos231_G,0.0,4.3595994595094154e-08,Pos172-Pos231
172,231,Pos172_L-Pos231_F,0.0,2.9063996396729434e-08,Pos172-Pos231
172,231,Pos172_L-Pos231_*,0.0,1.8164997747955894e-08,Pos172-Pos231
172,231,Pos172_I-Pos231_R,0.00013260361164018613,0.00019760029870208404,Pos172-Pos231
172,231,Pos172_I-Pos231_S,3.61646213564144e-05,5.6165737076733675e-05,Pos172-Pos231
172,231,Pos172_I-Pos231_L,0.0,2.147829333718305e-07,Pos172-Pos231
172,231,Pos172_I-Pos231_Y,0.0,2.25522080040422e-06,Pos172-Pos231
172,231,Pos172_I-Pos231_G,0.0,1.288697600230983e-06,Pos172-Pos231
172,231,Pos172_I-Pos231_F,0.0,8.59131733487322e-07,Pos172-Pos231
172,231,Pos172_I-Pos231_*,0.0,5.369573334295762e-07,Pos172-Pos231
172,231,Pos172_T-Pos231_R,4.821949514188587e-05,5.347775336998216e-06,Pos172-Pos231
172,231,Pos172_T-Pos231_S,0.0,1.5200470115489492e-06,Pos172-Pos231
172,231,Pos172_T-Pos231_L,0.0,5.812799279345887e-09,Pos172-Pos231
172,231,Pos172_T-Pos231_Y,0.0,6.10343924331318e-08,Pos172-Pos231
172,231,Pos172_T-Pos231_G,0.0,3.487679567607532e-08,Pos172-Pos231
172,231,Pos172_T-Pos231_F,0.0,2.3251197117383547e-08,Pos172-Pos231
172,231,Pos172_T-Pos231_*,0.0,1.4531998198364715e-08,Pos172-Pos231
172,231,Pos172_R-Pos231_R,2.4109747570942933e-05,1.336943834249554e-05,Pos172-Pos231
172,231,Pos172_R-Pos231_S,0.0,3.800117528872373e-06,Pos172-Pos231
172,231,Pos172_R-Pos231_L,0.0,1.4531998198364717e-08,Pos172-Pos231
172,231,Pos172_R-Pos231_Y,0.0,1.525859810828295e-07,Pos172-Pos231
172,231,Pos172_R-Pos231_G,0.0,8.719198919018831e-08,Pos172-Pos231
172,231,Pos172_R-Pos231_F,0.0,5.812799279345887e-08,Pos172-Pos231
172,231,Pos172_R-Pos231_*,0.0,3.632999549591179e-08,Pos172-Pos231
172,231,Pos172_V-Pos231_R,1.2054873785471467e-05,9.091218072896966e-06,Pos172-Pos231
172,231,Pos172_V-Pos231_S,1.2054873785471467e-05,2.5840799196332135e-06,Pos172-Pos231
172,231,Pos172_V-Pos231_L,0.0,9.881758774888006e-09,Pos172-Pos231
172,231,Pos172_V-Pos231_Y,0.0,1.0375846713632406e-07,Pos172-Pos231
172,231,Pos172_V-Pos231_G,0.0,5.929055264932804e-08,Pos172-Pos231
172,231,Pos172_V-Pos231_F,0.0,3.952703509955202e-08,Pos172-Pos231
172,231,Pos172_V-Pos231_*,0.0,2.4704396937220014e-08,Pos172-Pos231
172,231,Pos172_K-Pos231_R,0.0,8.021663005497324e-07,Pos172-Pos231
172,231,Pos172_K-Pos231_S,0.0,2.280070517323424e-07,Pos172-Pos231
172,231,Pos172_K-Pos231_L,0.0,8.719198919018831e-10,Pos172-Pos231
172,231,Pos172_K-Pos231_Y,0.0,9.15515886496977e-09,Pos172-Pos231
172,231,Pos172_K-Pos231_G,0.0,5.231519351411298e-09,Pos172-Pos231
172,231,Pos172_K-Pos231_F,0.0,3.4876795676075323e-09,Pos172-Pos231
172,231,Pos172_K-Pos231_*,0.0,2.1797997297547075e-09,Pos172-Pos231
172,232,Pos172_L-Pos232_T,0.0,2.3469177090359016e-06,Pos172-Pos232
172,232,Pos172_L-Pos232_F,0.0,2.5067696892179137e-07,Pos172-Pos232
172,232,Pos172_L-Pos232_L,0.0,3.3423595856238843e-07,Pos172-Pos232
172,232,Pos172_L-Pos232_V,0.0,4.759229409964444e-07,Pos172-Pos232
172,232,Pos172_L-Pos232_S,0.0,2.3251197117383547e-07,Pos172-Pos232
172,232,Pos172_L-Pos232_N,0.0,6.90269914422324e-08,Pos172-Pos232
172,232,Pos172_L-Pos232_M,0.0,5.08619936942765e-08,Pos172-Pos232
172,232,Pos172_L-Pos232_A,0.0,7.2659990991823585e-09,Pos172-Pos232
172,232,Pos172_I-Pos232_T,8.438411649830026e-05,6.937488747910124e-05,Pos172-Pos232
172,232,Pos172_I-Pos232_F,0.0,7.410011201328152e-06,Pos172-Pos232
172,232,Pos172_I-Pos232_L,0.0,9.880014935104203e-06,Pos172-Pos232
172,232,Pos172_I-Pos232_V,0.0,1.4068282135854896e-05,Pos172-Pos232
172,232,Pos172_I-Pos232_S,0.0,6.873053867898576e-06,Pos172-Pos232
172,232,Pos172_I-Pos232_N,1.2054873785471467e-05,2.0404378670323895e-06,Pos172-Pos232
172,232,Pos172_I-Pos232_M,0.0,1.5034805336028133e-06,Pos172-Pos232
172,232,Pos172_I-Pos232_A,0.0,2.147829333718305e-07,Pos172-Pos232
172,232,Pos172_T-Pos232_T,0.0,1.8775341672287213e-06,Pos172-Pos232
172,232,Pos172_T-Pos232_F,0.0,2.005415751374331e-07,Pos172-Pos232
172,232,Pos172_T-Pos232_L,0.0,2.673887668499108e-07,Pos172-Pos232
172,232,Pos172_T-Pos232_V,0.0,3.8073835279715553e-07,Pos172-Pos232
172,232,Pos172_T-Pos232_S,0.0,1.8600957693906838e-07,Pos172-Pos232
172,232,Pos172_T-Pos232_N,0.0,5.522159315378592e-08,Pos172-Pos232
172,232,Pos172_T-Pos232_M,0.0,4.06895949554212e-08,Pos172-Pos232
172,232,Pos172_T-Pos232_A,0.0,5.812799279345887e-09,Pos172-Pos232
172,232,Pos172_R-Pos232_T,0.0,4.693835418071803e-06,Pos172-Pos232
172,232,Pos172_R-Pos232_F,0.0,5.013539378435827e-07,Pos172-Pos232
172,232,Pos172_R-Pos232_L,0.0,6.684719171247769e-07,Pos172-Pos232
172,232,Pos172_R-Pos232_V,0.0,9.518458819928888e-07,Pos172-Pos232
172,232,Pos172_R-Pos232_S,0.0,4.6502394234767094e-07,Pos172-Pos232
172,232,Pos172_R-Pos232_N,0.0,1.380539828844648e-07,Pos172-Pos232
172,232,Pos172_R-Pos232_M,0.0,1.01723987388553e-07,Pos172-Pos232
172,232,Pos172_R-Pos232_A,0.0,1.4531998198364717e-08,Pos172-Pos232
172,232,Pos172_V-Pos232_T,0.0,3.1918080842888257e-06,Pos172-Pos232
172,232,Pos172_V-Pos232_F,0.0,3.4092067773363623e-07,Pos172-Pos232
172,232,Pos172_V-Pos232_L,0.0,4.5456090364484826e-07,Pos172-Pos232
172,232,Pos172_V-Pos232_V,0.0,6.472551997551643e-07,Pos172-Pos232
172,232,Pos172_V-Pos232_S,0.0,3.162162807964162e-07,Pos172-Pos232
172,232,Pos172_V-Pos232_N,0.0,9.387670836143605e-08,Pos172-Pos232
172,232,Pos172_V-Pos232_M,0.0,6.917231142421604e-08,Pos172-Pos232
172,232,Pos172_V-Pos232_A,0.0,9.881758774888006e-09,Pos172-Pos232
172,232,Pos172_K-Pos232_T,0.0,2.816301250843082e-07,Pos172-Pos232
172,232,Pos172_K-Pos232_F,0.0,3.008123627061496e-08,Pos172-Pos232
172,232,Pos172_K-Pos232_L,0.0,4.010831502748662e-08,Pos172-Pos232
172,232,Pos172_K-Pos232_V,0.0,5.711075291957333e-08,Pos172-Pos232
172,232,Pos172_K-Pos232_S,0.0,2.790143654086026e-08,Pos172-Pos232
172,232,Pos172_K-Pos232_N,0.0,8.283238973067888e-09,Pos172-Pos232
172,232,Pos172_K-Pos232_M,0.0,6.103439243313181e-09,Pos172-Pos232
172,232,Pos172_K-Pos232_A,0.0,8.719198919018831e-10,Pos172-Pos232
172,390,Pos172_L-Pos390_S,0.0,3.756521534277279e-06,Pos172-Pos390
172,390,Pos172_L-Pos390_T,0.0,5.449499324386769e-08,Pos172-Pos390
172,390,Pos172_L-Pos390_D,0.0,1.7438397838037662e-07,Pos172-Pos390
172,390,Pos172_L-Pos390_E,0.0,2.2161297252506192e-07,Pos172-Pos390
172,390,Pos172_L-Pos390_I,0.0,1.01723987388553e-07,Pos172-Pos390
172,390,Pos172_L-Pos390_K,0.0,2.0708097432669718e-07,Pos172-Pos390
172,390,Pos172_L-Pos390_H,0.0,7.2659990991823585e-09,Pos172-Pos390
172,390,Pos172_L-Pos390_R,0.0,7.2659990991823585e-09,Pos172-Pos390
172,390,Pos172_L-Pos390_Y,0.0,3.6329995495911792e-09,Pos172-Pos390
172,390,Pos172_I-Pos390_S,2.4109747570942933e-05,0.00011104277655323637,Pos172-Pos390
172,390,Pos172_I-Pos390_T,0.0,1.6108720002887287e-06,Pos172-Pos390
172,390,Pos172_I-Pos390_D,1.2054873785471467e-05,5.154790400923932e-06,Pos172-Pos390
172,390,Pos172_I-Pos390_E,0.0,6.55087946784083e-06,Pos172-Pos390
172,390,Pos172_I-Pos390_I,0.0,3.0069610672056267e-06,Pos172-Pos390
172,390,Pos172_I-Pos390_K,0.0,6.121313601097169e-06,Pos172-Pos390
172,390,Pos172_I-Pos390_H,0.0,2.147829333718305e-07,Pos172-Pos390
172,390,Pos172_I-Pos390_R,0.0,2.147829333718305e-07,Pos172-Pos390
172,390,Pos172_I-Pos390_Y,0.0,1.0739146668591525e-07,Pos172-Pos390
172,390,Pos172_T-Pos390_S,0.0,3.0052172274218232e-06,Pos172-Pos390
172,390,Pos172_T-Pos390_T,0.0,4.359599459509415e-08,Pos172-Pos390
172,390,Pos172_T-Pos390_D,0.0,1.3950718270430128e-07,Pos172-Pos390
172,390,Pos172_T-Pos390_E,0.0,1.7729037802004952e-07,Pos172-Pos390
172,390,Pos172_T-Pos390_I,0.0,8.13791899108424e-08,Pos172-Pos390
172,390,Pos172_T-Pos390_K,0.0,1.6566477946135776e-07,Pos172-Pos390
172,390,Pos172_T-Pos390_H,0.0,5.812799279345887e-09,Pos172-Pos390
172,390,Pos172_T-Pos390_R,0.0,5.812799279345887e-09,Pos172-Pos390
172,390,Pos172_T-Pos390_Y,0.0,2.9063996396729434e-09,Pos172-Pos390
172,390,Pos172_R-Pos390_S,0.0,7.513043068554558e-06,Pos172-Pos390
172,390,Pos172_R-Pos390_T,0.0,1.0898998648773538e-07,Pos172-Pos390
172,390,Pos172_R-Pos390_D,0.0,3.4876795676075323e-07,Pos172-Pos390
172,390,Pos172_R-Pos390_E,0.0,4.4322594505012385e-07,Pos172-Pos390
172,390,Pos172_R-Pos390_I,0.0,2.03447974777106e-07,Pos172-Pos390
172,390,Pos172_R-Pos390_K,0.0,4.1416194865339436e-07,Pos172-Pos390
172,390,Pos172_R-Pos390_H,0.0,1.4531998198364717e-08,Pos172-Pos390
172,390,Pos172_R-Pos390_R,0.0,1.4531998198364717e-08,Pos172-Pos390
172,390,Pos172_R-Pos390_Y,0.0,7.2659990991823585e-09,Pos172-Pos390
172,390,Pos172_V-Pos390_S,0.0,5.108869286617099e-06,Pos172-Pos390
172,390,Pos172_V-Pos390_T,0.0,7.411319081166004e-08,Pos172-Pos390
172,390,Pos172_V-Pos390_D,0.0,2.3716221059731216e-07,Pos172-Pos390
172,390,Pos172_V-Pos390_E,0.0,3.0139364263408416e-07,Pos172-Pos390
172,390,Pos172_V-Pos390_I,0.0,1.3834462284843208e-07,Pos172-Pos390
172,390,Pos172_V-Pos390_K,0.0,2.8163012508430815e-07,Pos172-Pos390
172,390,Pos172_V-Pos390_H,0.0,9.881758774888006e-09,Pos172-Pos390
172,390,Pos172_V-Pos390_R,0.0,9.881758774888006e-09,Pos172-Pos390
172,390,Pos172_V-Pos390_Y,0.0,4.940879387444003e-09,Pos172-Pos390
172,390,Pos172_K-Pos390_S,0.0,4.507825841132735e-07,Pos172-Pos390
172,390,Pos172_K-Pos390_T,0.0,6.539399189264123e-09,Pos172-Pos390
172,390,Pos172_K-Pos390_D,0.0,2.0926077405645193e-08,Pos172-Pos390
172,390,Pos172_K-Pos390_E,0.0,2.6593556703007433e-08,Pos172-Pos390
172,390,Pos172_K-Pos390_I,0.0,1.2206878486626361e-08,Pos172-Pos390
172,390,Pos172_K-Pos390_K,0.0,2.4849716919203665e-08,Pos172-Pos390
172,390,Pos172_K-Pos390_H,0.0,8.719198919018831e-10,Pos172-Pos390
172,390,Pos172_K-Pos390_R,0.0,8.719198919018831e-10,Pos172-Pos390
172,390,Pos172_K-Pos390_Y,0.0,4.3595994595094154e-10,Pos172-Pos390
220,225,Pos220_V-Pos225_T,0.997468476505051,0.9966515491820114,Pos220-Pos225
220,225,Pos220_V-Pos225_I,0.0005183595727752731,0.000673901071651686,Pos220-Pos225
220,225,Pos220_V-Pos225_L,0.0,0.00020457711103711896,Pos220-Pos225
220,225,Pos220_V-Pos225_S,2.4109747570942933e-05,2.4067895416131644e-05,Pos220-Pos225
220,225,Pos220_V-Pos225_A,7.23292427128288e-05,7.220368624839493e-05,Pos220-Pos225
220,225,Pos220_I-Pos225_T,0.00021698772813848638,0.00030088502269714145,Pos220-Pos225
220,225,Pos220_I-Pos225_I,7.23292427128288e-05,2.03447974777106e-07,Pos220-Pos225
220,225,Pos220_I-Pos225_L,0.0,6.176099234305004e-08,Pos220-Pos225
220,225,Pos220_I-Pos225_S,0.0,7.2659990991823585e-09,Pos220-Pos225
220,225,Pos220_I-Pos225_A,0.0,2.1797997297547077e-08,Pos220-Pos225
220,225,Pos220_A-Pos225_T,0.00013260361164018613,0.00013238940998674224,Pos220-Pos225
220,225,Pos220_A-Pos225_I,0.0,8.951710890192665e-08,Pos220-Pos225
220,225,Pos220_A-Pos225_L,0.0,2.717483663094202e-08,Pos220-Pos225
220,225,Pos220_A-Pos225_S,0.0,3.1970396036402377e-09,Pos220-Pos225
220,225,Pos220_A-Pos225_A,0.0,9.591118810920714e-09,Pos220-Pos225
220,225,Pos220_F-Pos225_T,0.000180823106782072,0.00018053101361828488,Pos220-Pos225
220,225,Pos220_F-Pos225_I,0.0,1.220687848662636e-07,Pos220-Pos225
220,225,Pos220_F-Pos225_L,0.0,3.705659540583002e-08,Pos220-Pos225
220,225,Pos220_F-Pos225_S,0.0,4.359599459509415e-09,Pos220-Pos225
220,225,Pos220_F-Pos225_A,0.0,1.3078798378528245e-08,Pos220-Pos225
220,225,Pos220_D-Pos225_T,1.2054873785471467e-05,1.2035400907885658e-05,Pos220-Pos225
220,225,Pos220_D-Pos225_I,0.0,8.137918991084241e-09,Pos220-Pos225
220,225,Pos220_D-Pos225_L,0.0,2.4704396937220014e-09,Pos220-Pos225
220,225,Pos220_D-Pos225_S,0.0,2.9063996396729436e-10,Pos220-Pos225
220,225,Pos220_D-Pos225_A,0.0,8.719198919018831e-10,Pos220-Pos225
220,231,Pos220_V-Pos231_R,0.022096583648769198,0.022142463782841112,Pos220-Pos231
220,231,Pos220_V-Pos231_S,0.006304698989801577,0.006293754651318425,Pos220-Pos231
220,231,Pos220_V-Pos231_L,2.4109747570942933e-05,2.4067895416131644e-05,Pos220-Pos231
220,231,Pos220_V-Pos231_Y,0.00025315234949490077,0.0002527129018693822,Pos220-Pos231
220,231,Pos220_V-Pos231_G,0.0001446584854256576,0.00014440737249678986,Pos220-Pos231
220,231,Pos220_V-Pos231_F,9.643899028377173e-05,9.627158166452658e-05,Pos220-Pos231
220,231,Pos220_V-Pos231_*,6.027436892735733e-05,6.0169738540329105e-05,Pos220-Pos231
220,231,Pos220_I-Pos231_R,1.2054873785471467e-05,6.68471917124777e-06,Pos220-Pos231
220,231,Pos220_I-Pos231_S,0.0,1.9000587644361865e-06,Pos220-Pos231
220,231,Pos220_I-Pos231_L,0.0,7.2659990991823585e-09,Pos220-Pos231
220,231,Pos220_I-Pos231_Y,0.0,7.629299054141475e-08,Pos220-Pos231
220,231,Pos220_I-Pos231_G,0.0,4.3595994595094154e-08,Pos220-Pos231
220,231,Pos220_I-Pos231_F,0.0,2.9063996396729434e-08,Pos220-Pos231
220,231,Pos220_I-Pos231_*,0.0,1.8164997747955894e-08,Pos220-Pos231
220,231,Pos220_A-Pos231_R,0.0,2.9412764353490185e-06,Pos220-Pos231
220,231,Pos220_A-Pos231_S,0.0,8.360258563519221e-07,Pos220-Pos231
220,231,Pos220_A-Pos231_L,0.0,3.1970396036402377e-09,Pos220-Pos231
220,231,Pos220_A-Pos231_Y,0.0,3.356891583822249e-08,Pos220-Pos231
220,231,Pos220_A-Pos231_G,0.0,1.918223762184143e-08,Pos220-Pos231
220,231,Pos220_A-Pos231_F,0.0,1.278815841456095e-08,Pos220-Pos231
220,231,Pos220_A-Pos231_*,0.0,7.992599009100594e-09,Pos220-Pos231
220,231,Pos220_F-Pos231_R,0.0,4.010831502748662e-06,Pos220-Pos231
220,231,Pos220_F-Pos231_S,0.0,1.140035258661712e-06,Pos220-Pos231
220,231,Pos220_F-Pos231_L,0.0,4.359599459509415e-09,Pos220-Pos231
220,231,Pos220_F-Pos231_Y,0.0,4.5775794324848854e-08,Pos220-Pos231
220,231,Pos220_F-Pos231_G,0.0,2.615759675705649e-08,Pos220-Pos231
220,231,Pos220_F-Pos231_F,0.0,1.743839783803766e-08,Pos220-Pos231
220,231,Pos220_F-Pos231_*,0.0,1.0898998648773537e-08,Pos220-Pos231
220,231,Pos220_D-Pos231_R,1.2054873785471467e-05,2.673887668499108e-07,Pos220-Pos231
220,231,Pos220_D-Pos231_S,0.0,7.600235057744746e-08,Pos220-Pos231
220,231,Pos220_D-Pos231_L,0.0,2.9063996396729436e-10,Pos220-Pos231
220,231,Pos220_D-Pos231_Y,0.0,3.0517196216565903e-09,Pos220-Pos231
220,231,Pos220_D-Pos231_G,0.0,1.7438397838037662e-09,Pos220-Pos231
220,231,Pos220_D-Pos231_F,0.0,1.1625598558691774e-09,Pos220-Pos231
220,231,Pos220_D-Pos231_*,0.0,7.265999099182358e-10,Pos220-Pos231
220,232,Pos220_V-Pos232_T,0.007787448465414567,0.00777393021941052,Pos220-Pos232
220,232,Pos220_V-Pos232_F,0.0008317862911975312,0.0008303423918565418,Pos220-Pos232
220,232,Pos220_V-Pos232_L,0.0011090483882633749,0.0011071231891420555,Pos220-Pos232
220,232,Pos220_V-Pos232_V,0.001579188465896762,0.0015764471497566226,Pos220-Pos232
220,232,Pos220_V-Pos232_S,0.0007715119222701739,0.0007701726533162126,Pos220-Pos232
220,232,Pos220_V-Pos232_N,0.00022904260192395785,0.00022864500645325062,Pos220-Pos232
220,232,Pos220_V-Pos232_M,0.00016876823299660052,0.0001684752679129215,Pos220-Pos232
220,232,Pos220_V-Pos232_A,2.4109747570942933e-05,2.4067895416131644e-05,Pos220-Pos232
220,232,Pos220_I-Pos232_T,0.0,2.3469177090359016e-06,Pos220-Pos232
220,232,Pos220_I-Pos232_F,0.0,2.5067696892179137e-07,Pos220-Pos232
220,232,Pos220_I-Pos232_L,0.0,3.3423595856238843e-07,Pos220-Pos232
220,232,Pos220_I-Pos232_V,0.0,4.759229409964444e-07,Pos220-Pos232
220,232,Pos220_I-Pos232_S,0.0,2.3251197117383547e-07,Pos220-Pos232
220,232,Pos220_I-Pos232_N,0.0,6.90269914422324e-08,Pos220-Pos232
220,232,Pos220_I-Pos232_M,0.0,5.08619936942765e-08,Pos220-Pos232
220,232,Pos220_I-Pos232_A,0.0,7.2659990991823585e-09,Pos220-Pos232
220,232,Pos220_A-Pos232_T,0.0,1.0326437919757968e-06,Pos220-Pos232
220,232,Pos220_A-Pos232_F,0.0,1.102978663255882e-07,Pos220-Pos232
220,232,Pos220_A-Pos232_L,0.0,1.4706382176745093e-07,Pos220-Pos232
220,232,Pos220_A-Pos232_V,0.0,2.0940609403843556e-07,Pos220-Pos232
220,232,Pos220_A-Pos232_S,0.0,1.023052673164876e-07,Pos220-Pos232
220,232,Pos220_A-Pos232_N,0.0,3.0371876234582257e-08,Pos220-Pos232
220,232,Pos220_A-Pos232_M,0.0,2.2379277225481663e-08,Pos220-Pos232
220,232,Pos220_A-Pos232_A,0.0,3.1970396036402377e-09,Pos220-Pos232
220,232,Pos220_F-Pos232_T,0.0,1.4081506254215408e-06,Pos220-Pos232
220,232,Pos220_F-Pos232_F,0.0,1.504061813530748e-07,Pos220-Pos232
220,232,Pos220_F-Pos232_L,0.0,2.0054157513743307e-07,Pos220-Pos232
220,232,Pos220_F-Pos232_V,0.0,2.855537645978666e-07,Pos220-Pos232
220,232,Pos220_F-Pos232_S,0.0,1.3950718270430128e-07,Pos220-Pos232
220,232,Pos220_F-Pos232_N,0.0,4.141619486533944e-08,Pos220-Pos232
220,232,Pos220_F-Pos232_M,0.0,3.05171962165659e-08,Pos220-Pos232
220,232,Pos220_F-Pos232_A,0.0,4.359599459509415e-09,Pos220-Pos232
220,232,Pos220_D-Pos232_T,0.0,9.387670836143607e-08,Pos220-Pos232
220,232,Pos220_D-Pos232_F,0.0,1.0027078756871655e-08,Pos220-Pos232
220,232,Pos220_D-Pos232_L,0.0,1.3369438342495538e-08,Pos220-Pos232
220,232,Pos220_D-Pos232_V,0.0,1.9036917639857778e-08,Pos220-Pos232
220,232,Pos220_D-Pos232_S,0.0,9.30047884695342e-09,Pos220-Pos232
220,232,Pos220_D-Pos232_N,0.0,2.761079657689296e-09,Pos220-Pos232
220,232,Pos220_D-Pos232_M,0.0,2.0344797477710602e-09,Pos220-Pos232
220,232,Pos220_D-Pos232_A,0.0,2.9063996396729436e-10,Pos220-Pos232
220,390,Pos220_V-Pos390_S,0.012368300503893724,0.01244310193014006,Pos220-Pos390
220,390,Pos220_V-Pos390_T,0.000180823106782072,0.00018050921562098732,Pos220-Pos390
220,390,Pos220_V-Pos390_D,0.0005786339417026304,0.0005776294899871594,Pos220-Pos390
220,390,Pos220_V-Pos390_E,0.0007112375533428165,0.0007340708101920151,Pos220-Pos390
220,390,Pos220_V-Pos390_I,0.00033753646599320105,0.000336950535825843,Pos220-Pos390
220,390,Pos220_V-Pos390_K,0.0006871278057718735,0.0006859350193597518,Pos220-Pos390
220,390,Pos220_V-Pos390_H,2.4109747570942933e-05,2.4067895416131644e-05,Pos220-Pos390
220,390,Pos220_V-Pos390_R,2.4109747570942933e-05,2.4067895416131644e-05,Pos220-Pos390
220,390,Pos220_V-Pos390_Y,1.2054873785471467e-05,1.2033947708065822e-05,Pos220-Pos390
220,390,Pos220_I-Pos390_S,0.0,3.756521534277279e-06,Pos220-Pos390
220,390,Pos220_I-Pos390_T,0.0,5.449499324386769e-08,Pos220-Pos390
220,390,Pos220_I-Pos390_D,0.0,1.7438397838037662e-07,Pos220-Pos390
220,390,Pos220_I-Pos390_E,0.0,2.2161297252506192e-07,Pos220-Pos390
220,390,Pos220_I-Pos390_I,0.0,1.01723987388553e-07,Pos220-Pos390
220,390,Pos220_I-Pos390_K,0.0,2.0708097432669718e-07,Pos220-Pos390
220,390,Pos220_I-Pos390_H,0.0,7.2659990991823585e-09,Pos220-Pos390
220,390,Pos220_I-Pos390_R,0.0,7.2659990991823585e-09,Pos220-Pos390
220,390,Pos220_I-Pos390_Y,0.0,3.6329995495911792e-09,Pos220-Pos390
220,390,Pos220_A-Pos390_S,0.0,1.652869475082003e-06,Pos220-Pos390
220,390,Pos220_A-Pos390_T,0.0,2.3977797027301784e-08,Pos220-Pos390
220,390,Pos220_A-Pos390_D,0.0,7.672895048736571e-08,Pos220-Pos390
220,390,Pos220_A-Pos390_E,0.0,9.750970791102724e-08,Pos220-Pos390
220,390,Pos220_A-Pos390_I,0.0,4.4758554450963326e-08,Pos220-Pos390
220,390,Pos220_A-Pos390_K,0.0,9.111562870374677e-08,Pos220-Pos390
220,390,Pos220_A-Pos390_H,0.0,3.1970396036402377e-09,Pos220-Pos390
220,390,Pos220_A-Pos390_R,0.0,3.1970396036402377e-09,Pos220-Pos390
220,390,Pos220_A-Pos390_Y,0.0,1.5985198018201188e-09,Pos220-Pos390
220,390,Pos220_F-Pos390_S,9.643899028377173e-05,2.2539129205663677e-06,Pos220-Pos390
220,390,Pos220_F-Pos390_T,0.0,3.2696995946320614e-08,Pos220-Pos390
220,390,Pos220_F-Pos390_D,0.0,1.0463038702822596e-07,Pos220-Pos390
220,390,Pos220_F-Pos390_E,1.2054873785471467e-05,1.3296778351503715e-07,Pos220-Pos390
220,390,Pos220_F-Pos390_I,0.0,6.10343924331318e-08,Pos220-Pos390
220,390,Pos220_F-Pos390_K,0.0,1.2424858459601832e-07,Pos220-Pos390
220,390,Pos220_F-Pos390_H,0.0,4.359599459509415e-09,Pos220-Pos390
220,390,Pos220_F-Pos390_R,0.0,4.359599459509415e-09,Pos220-Pos390
220,390,Pos220_F-Pos390_Y,0.0,2.1797997297547075e-09,Pos220-Pos390
220,390,Pos220_D-Pos390_S,0.0,1.5026086137109117e-07,Pos220-Pos390
220,390,Pos220_D-Pos390_T,0.0,2.1797997297547075e-09,Pos220-Pos390
220,390,Pos220_D-Pos390_D,0.0,6.975359135215065e-09,Pos220-Pos390
220,390,Pos220_D-Pos390_E,0.0,8.864518901002478e-09,Pos220-Pos390
220,390,Pos220_D-Pos390_I,0.0,4.0689594955421204e-09,Pos220-Pos390
220,390,Pos220_D-Pos390_K,0.0,8.283238973067888e-09,Pos220-Pos390
220,390,Pos220_D-Pos390_H,0.0,2.9063996396729436e-10,Pos220-Pos390
220,390,Pos220_D-Pos390_R,0.0,2.9063996396729436e-10,Pos220-Pos390
220,390,Pos220_D-Pos390_Y,0.0,1.4531998198364718e-10,Pos220-Pos390
225,231,Pos225_T-Pos231_R,0.022156858017696554,0.022145137670509612,Pos225-Pos231
225,231,Pos225_T-Pos231_S,0.006280589242230634,0.006294514674824199,Pos225-Pos231
225,231,Pos225_T-Pos231_L,2.4109747570942933e-05,2.4070801815771315e-05,Pos225-Pos231
225,231,Pos225_T-Pos231_Y,0.00025315234949490077,0.0002527434190655988,Pos225-Pos231
225,231,Pos225_T-Pos231_G,0.0001446584854256576,0.0001444248108946279,Pos225-Pos231
225,231,Pos225_T-Pos231_F,9.643899028377173e-05,9.628320726308526e-05,Pos225-Pos231
225,231,Pos225_T-Pos231_*,6.027436892735733e-05,6.017700453942829e-05,Pos225-Pos231
225,231,Pos225_I-Pos231_R,1.2054873785471467e-05,1.4973770943595003e-05,Pos225-Pos231
225,231,Pos225_I-Pos231_S,2.4109747570942933e-05,4.2561316323370575e-06,Pos225-Pos231
225,231,Pos225_I-Pos231_L,0.0,1.6275837982168482e-08,Pos225-Pos231
225,231,Pos225_I-Pos231_Y,0.0,1.7089629881276903e-07,Pos225-Pos231
225,231,Pos225_I-Pos231_G,0.0,9.765502789301089e-08,Pos225-Pos231
225,231,Pos225_I-Pos231_F,0.0,6.510335192867393e-08,Pos225-Pos231
225,231,Pos225_I-Pos231_*,0.0,4.06895949554212e-08,Pos225-Pos231
225,231,Pos225_L-Pos231_R,0.0,4.545609036448483e-06,Pos225-Pos231
225,231,Pos225_L-Pos231_S,0.0,1.2920399598166068e-06,Pos225-Pos231
225,231,Pos225_L-Pos231_L,0.0,4.940879387444003e-09,Pos225-Pos231
225,231,Pos225_L-Pos231_Y,0.0,5.187923356816203e-08,Pos225-Pos231
225,231,Pos225_L-Pos231_G,0.0,2.964527632466402e-08,Pos225-Pos231
225,231,Pos225_L-Pos231_F,0.0,1.976351754977601e-08,Pos225-Pos231
225,231,Pos225_L-Pos231_*,0.0,1.2352198468610007e-08,Pos225-Pos231
225,231,Pos225_S-Pos231_R,0.0,5.347775336998216e-07,Pos225-Pos231
225,231,Pos225_S-Pos231_S,0.0,1.5200470115489492e-07,Pos225-Pos231
225,231,Pos225_S-Pos231_L,0.0,5.812799279345887e-10,Pos225-Pos231
225,231,Pos225_S-Pos231_Y,0.0,6.103439243313181e-09,Pos225-Pos231
225,231,Pos225_S-Pos231_G,0.0,3.4876795676075323e-09,Pos225-Pos231
225,231,Pos225_S-Pos231_F,0.0,2.325119711738355e-09,Pos225-Pos231
225,231,Pos225_S-Pos231_*,0.0,1.4531998198364717e-09,Pos225-Pos231
225,231,Pos225_A-Pos231_R,1.2054873785471467e-05,1.6043326010994648e-06,Pos225-Pos231
225,231,Pos225_A-Pos231_S,0.0,4.560141034646848e-07,Pos225-Pos231
225,231,Pos225_A-Pos231_L,0.0,1.7438397838037662e-09,Pos225-Pos231
225,231,Pos225_A-Pos231_Y,0.0,1.831031772993954e-08,Pos225-Pos231
225,231,Pos225_A-Pos231_G,0.0,1.0463038702822597e-08,Pos225-Pos231
225,231,Pos225_A-Pos231_F,0.0,6.975359135215065e-09,Pos225-Pos231
225,231,Pos225_A-Pos231_*,0.0,4.359599459509415e-09,Pos225-Pos231
225,232,Pos225_T-Pos232_T,0.007775393591629096,0.0077748689864941345,Pos225-Pos232
225,232,Pos225_T-Pos232_F,0.0008317862911975312,0.0008304426626441104,Pos225-Pos232
225,232,Pos225_T-Pos232_L,0.0011090483882633749,0.0011072568835254805,Pos225-Pos232
225,232,Pos225_T-Pos232_V,0.0015671335921112906,0.001576637518933021,Pos225-Pos232
225,232,Pos225_T-Pos232_S,0.0007715119222701739,0.0007702656581046821,Pos225-Pos232
225,232,Pos225_T-Pos232_N,0.00022904260192395785,0.0002286726172498275,Pos225-Pos232
225,232,Pos225_T-Pos232_M,0.00016876823299660052,0.00016849561271039921,Pos225-Pos232
225,232,Pos225_T-Pos232_A,2.4109747570942933e-05,2.4070801815771315e-05,Pos225-Pos232
225,232,Pos225_I-Pos232_T,1.2054873785471467e-05,5.257095668240419e-06,Pos225-Pos232
225,232,Pos225_I-Pos232_F,0.0,5.615164103848126e-07,Pos225-Pos232
225,232,Pos225_I-Pos232_L,0.0,7.486885471797501e-07,Pos225-Pos232
225,232,Pos225_I-Pos232_V,0.0,1.0660673878320354e-06,Pos225-Pos232
225,232,Pos225_I-Pos232_S,0.0,5.208268154293914e-07,Pos225-Pos232
225,232,Pos225_I-Pos232_N,0.0,1.5462046083060058e-07,Pos225-Pos232
225,232,Pos225_I-Pos232_M,0.0,1.1393086587517937e-07,Pos225-Pos232
225,232,Pos225_I-Pos232_A,0.0,1.6275837982168482e-08,Pos225-Pos232
225,232,Pos225_L-Pos232_T,0.0,1.5959040421444129e-06,Pos225-Pos232
225,232,Pos225_L-Pos232_F,0.0,1.7046033886681812e-07,Pos225-Pos232
225,232,Pos225_L-Pos232_L,0.0,2.2728045182242413e-07,Pos225-Pos232
225,232,Pos225_L-Pos232_V,0.0,3.2362759987758216e-07,Pos225-Pos232
225,232,Pos225_L-Pos232_S,0.0,1.581081403982081e-07,Pos225-Pos232
225,232,Pos225_L-Pos232_N,0.0,4.6938354180718026e-08,Pos225-Pos232
225,232,Pos225_L-Pos232_M,0.0,3.458615571210802e-08,Pos225-Pos232
225,232,Pos225_L-Pos232_A,0.0,4.940879387444003e-09,Pos225-Pos232
225,232,Pos225_S-Pos232_T,0.0,1.8775341672287213e-07,Pos225-Pos232
225,232,Pos225_S-Pos232_F,0.0,2.005415751374331e-08,Pos225-Pos232
225,232,Pos225_S-Pos232_L,0.0,2.6738876684991077e-08,Pos225-Pos232
225,232,Pos225_S-Pos232_V,0.0,3.8073835279715556e-08,Pos225-Pos232
225,232,Pos225_S-Pos232_S,0.0,1.860095769390684e-08,Pos225-Pos232
225,232,Pos225_S-Pos232_N,0.0,5.522159315378592e-09,Pos225-Pos232
225,232,Pos225_S-Pos232_M,0.0,4.0689594955421204e-09,Pos225-Pos232
225,232,Pos225_S-Pos232_A,0.0,5.812799279345887e-10,Pos225-Pos232
225,232,Pos225_A-Pos232_T,0.0,5.632602501686164e-07,Pos225-Pos232
225,232,Pos225_A-Pos232_F,0.0,6.016247254122992e-08,Pos225-Pos232
225,232,Pos225_A-Pos232_L,0.0,8.021663005497324e-08,Pos225-Pos232
225,232,Pos225_A-Pos232_V,1.2054873785471467e-05,1.1422150583914667e-07,Pos225-Pos232
225,232,Pos225_A-Pos232_S,0.0,5.580287308172052e-08,Pos225-Pos232
225,232,Pos225_A-Pos232_N,0.0,1.6566477946135776e-08,Pos225-Pos232
225,232,Pos225_A-Pos232_M,0.0,1.2206878486626361e-08,Pos225-Pos232
225,232,Pos225_A-Pos232_A,0.0,1.7438397838037662e-09,Pos225-Pos232
225,390,Pos225_T-Pos390_S,0.012464739494177497,0.01244460453875377,Pos225-Pos390
225,390,Pos225_T-Pos390_T,0.000180823106782072,0.00018053101361828488,Pos225-Pos390
225,390,Pos225_T-Pos390_D,0.0005786339417026304,0.0005776992435785116,Pos225-Pos390
225,390,Pos225_T-Pos390_E,0.000723292427128288,0.0007341594553810252,Pos225-Pos390
225,390,Pos225_T-Pos390_I,0.00033753646599320105,0.00033699122542079843,Pos225-Pos390
225,390,Pos225_T-Pos390_K,0.0006871278057718735,0.0006860178517494825,Pos225-Pos390
225,390,Pos225_T-Pos390_H,2.4109747570942933e-05,2.4070801815771315e-05,Pos225-Pos390
225,390,Pos225_T-Pos390_R,2.4109747570942933e-05,2.4070801815771315e-05,Pos225-Pos390
225,390,Pos225_T-Pos390_Y,1.2054873785471467e-05,1.2035400907885658e-05,Pos225-Pos390
225,390,Pos225_I-Pos390_S,0.0,8.414608236781106e-06,Pos225-Pos390
225,390,Pos225_I-Pos390_T,0.0,1.220687848662636e-07,Pos225-Pos390
225,390,Pos225_I-Pos390_D,0.0,3.9062011157204356e-07,Pos225-Pos390
225,390,Pos225_I-Pos390_E,0.0,4.964130584561386e-07,Pos225-Pos390
225,390,Pos225_I-Pos390_I,0.0,2.2786173175035873e-07,Pos225-Pos390
225,390,Pos225_I-Pos390_K,0.0,4.638613824918017e-07,Pos225-Pos390
225,390,Pos225_I-Pos390_H,0.0,1.6275837982168482e-08,Pos225-Pos390
225,390,Pos225_I-Pos390_R,0.0,1.6275837982168482e-08,Pos225-Pos390
225,390,Pos225_I-Pos390_Y,0.0,8.137918991084241e-09,Pos225-Pos390
225,390,Pos225_L-Pos390_S,0.0,2.5544346433085496e-06,Pos225-Pos390
225,390,Pos225_L-Pos390_T,0.0,3.705659540583002e-08,Pos225-Pos390
225,390,Pos225_L-Pos390_D,0.0,1.1858110529865608e-07,Pos225-Pos390
225,390,Pos225_L-Pos390_E,0.0,1.5069682131704208e-07,Pos225-Pos390
225,390,Pos225_L-Pos390_I,0.0,6.917231142421604e-08,Pos225-Pos390
225,390,Pos225_L-Pos390_K,0.0,1.4081506254215407e-07,Pos225-Pos390
225,390,Pos225_L-Pos390_H,0.0,4.940879387444003e-09,Pos225-Pos390
225,390,Pos225_L-Pos390_R,0.0,4.940879387444003e-09,Pos225-Pos390
225,390,Pos225_L-Pos390_Y,0.0,2.4704396937220014e-09,Pos225-Pos390
225,390,Pos225_S-Pos390_S,0.0,3.0052172274218233e-07,Pos225-Pos390
225,390,Pos225_S-Pos390_T,0.0,4.359599459509415e-09,Pos225-Pos390
225,390,Pos225_S-Pos390_D,0.0,1.395071827043013e-08,Pos225-Pos390
225,390,Pos225_S-Pos390_E,0.0,1.7729037802004955e-08,Pos225-Pos390
225,390,Pos225_S-Pos390_I,0.0,8.137918991084241e-09,Pos225-Pos390
225,390,Pos225_S-Pos390_K,0.0,1.6566477946135776e-08,Pos225-Pos390
225,390,Pos225_S-Pos390_H,0.0,5.812799279345887e-10,Pos225-Pos390
225,390,Pos225_S-Pos390_R,0.0,5.812799279345887e-10,Pos225-Pos390
225,390,Pos225_S-Pos390_Y,0.0,2.9063996396729436e-10,Pos225-Pos390
225,390,Pos225_A-Pos390_S,0.0,9.01565168226547e-07,Pos225-Pos390
225,390,Pos225_A-Pos390_T,0.0,1.3078798378528245e-08,Pos225-Pos390
225,390,Pos225_A-Pos390_D,0.0,4.1852154811290386e-08,Pos225-Pos390
225,390,Pos225_A-Pos390_E,0.0,5.3187113406014865e-08,Pos225-Pos390
225,390,Pos225_A-Pos390_I,0.0,2.4413756973252723e-08,Pos225-Pos390
225,390,Pos225_A-Pos390_K,0.0,4.969943383840733e-08,Pos225-Pos390
225,390,Pos225_A-Pos390_H,0.0,1.7438397838037662e-09,Pos225-Pos390
225,390,Pos225_A-Pos390_R,0.0,1.7438397838037662e-09,Pos225-Pos390
225,390,Pos225_A-Pos390_Y,0.0,8.719198919018831e-10,Pos225-Pos390
231,232,Pos231_R-Pos232_T,1.2054873785471467e-05,0.00017273314338504237,Pos231-Pos232
231,232,Pos231_R-Pos232_F,0.0,1.8449824912643845e-05,Pos231-Pos232
231,232,Pos231_R-Pos232_L,1.2054873785471467e-05,2.459976655019179e-05,Pos231-Pos232
231,232,Pos231_R-Pos232_V,1.2054873785471467e-05,3.502792845733831e-05,Pos231-Pos232
231,232,Pos231_R-Pos232_S,0.0,1.711288107839429e-05,Pos231-Pos232
231,232,Pos231_R-Pos232_N,0.0,5.080386570148304e-06,Pos231-Pos232
231,232,Pos231_R-Pos232_M,0.0,3.743442735898751e-06,Pos231-Pos232
231,232,Pos231_R-Pos232_A,0.0,5.347775336998216e-07,Pos231-Pos232
231,232,Pos231_S-Pos232_T,0.0,4.9097518473031056e-05,Pos231-Pos232
231,232,Pos231_S-Pos232_F,0.0,5.244162189843875e-06,Pos231-Pos232
231,232,Pos231_S-Pos232_L,1.2054873785471467e-05,6.992216253125166e-06,Pos231-Pos232
231,232,Pos231_S-Pos232_V,1.2054873785471467e-05,9.956307925645617e-06,Pos231-Pos232
231,232,Pos231_S-Pos232_S,0.0,4.8641504369566375e-06,Pos231-Pos232
231,232,Pos231_S-Pos232_N,0.0,1.4440446609715018e-06,Pos231-Pos232
231,232,Pos231_S-Pos232_M,0.0,1.0640329080842644e-06,Pos231-Pos232
231,232,Pos231_S-Pos232_A,0.0,1.5200470115489492e-07,Pos231-Pos232
231,232,Pos231_L-Pos232_T,0.0,1.8775341672287213e-07,Pos231-Pos232
231,232,Pos231_L-Pos232_F,0.0,2.005415751374331e-08,Pos231-Pos232
231,232,Pos231_L-Pos232_L,0.0,2.6738876684991077e-08,Pos231-Pos232
231,232,Pos231_L-Pos232_V,0.0,3.8073835279715556e-08,Pos231-Pos232
231,232,Pos231_L-Pos232_S,0.0,1.860095769390684e-08,Pos231-Pos232
231,232,Pos231_L-Pos232_N,0.0,5.522159315378592e-09,Pos231-Pos232
231,232,Pos231_L-Pos232_M,0.0,4.0689594955421204e-09,Pos231-Pos232
231,232,Pos231_L-Pos232_A,0.0,5.812799279345887e-10,Pos231-Pos232
231,232,Pos231_Y-Pos232_T,0.0,1.971410875590157e-06,Pos231-Pos232
231,232,Pos231_Y-Pos232_F,0.0,2.1056865389430471e-07,Pos231-Pos232
231,232,Pos231_Y-Pos232_L,0.0,2.8075820519240627e-07,Pos231-Pos232
231,232,Pos231_Y-Pos232_V,0.0,3.9977527043701325e-07,Pos231-Pos232
231,232,Pos231_Y-Pos232_S,0.0,1.9531005578602178e-07,Pos231-Pos232
231,232,Pos231_Y-Pos232_N,0.0,5.798267281147521e-08,Pos231-Pos232
231,232,Pos231_Y-Pos232_M,0.0,4.272407470319226e-08,Pos231-Pos232
231,232,Pos231_Y-Pos232_A,0.0,6.103439243313181e-09,Pos231-Pos232
231,232,Pos231_G-Pos232_T,0.0,1.1265205003372328e-06,Pos231-Pos232
231,232,Pos231_G-Pos232_F,0.0,1.2032494508245985e-07,Pos231-Pos232
231,232,Pos231_G-Pos232_L,0.0,1.6043326010994647e-07,Pos231-Pos232
231,232,Pos231_G-Pos232_V,0.0,2.2844301167829333e-07,Pos231-Pos232
231,232,Pos231_G-Pos232_S,0.0,1.1160574616344103e-07,Pos231-Pos232
231,232,Pos231_G-Pos232_N,0.0,3.313295589227155e-08,Pos231-Pos232
231,232,Pos231_G-Pos232_M,0.0,2.4413756973252723e-08,Pos231-Pos232
231,232,Pos231_G-Pos232_A,0.0,3.4876795676075323e-09,Pos231-Pos232
231,232,Pos231_F-Pos232_T,0.0,7.510136668914885e-07,Pos231-Pos232
231,232,Pos231_F-Pos232_F,0.0,8.021663005497324e-08,Pos231-Pos232
231,232,Pos231_F-Pos232_L,0.0,1.069555067399643e-07,Pos231-Pos232
231,232,Pos231_F-Pos232_V,0.0,1.5229534111886222e-07,Pos231-Pos232
231,232,Pos231_F-Pos232_S,0.0,7.440383077562736e-08,Pos231-Pos232
231,232,Pos231_F-Pos232_N,0.0,2.208863726151437e-08,Pos231-Pos232
231,232,Pos231_F-Pos232_M,0.0,1.6275837982168482e-08,Pos231-Pos232
231,232,Pos231_F-Pos232_A,0.0,2.325119711738355e-09,Pos231-Pos232
231,232,Pos231_*-Pos232_T,0.0,4.6938354180718033e-07,Pos231-Pos232
231,232,Pos231_*-Pos232_F,0.0,5.0135393784358274e-08,Pos231-Pos232
231,232,Pos231_*-Pos232_L,0.0,6.68471917124777e-08,Pos231-Pos232
231,232,Pos231_*-Pos232_V,0.0,9.518458819928888e-08,Pos231-Pos232
231,232,Pos231_*-Pos232_S,0.0,4.6502394234767094e-08,Pos231-Pos232
231,232,Pos231_*-Pos232_N,0.0,1.380539828844648e-08,Pos231-Pos232
231,232,Pos231_*-Pos232_M,0.0,1.01723987388553e-08,Pos231-Pos232
231,232,Pos231_*-Pos232_A,0.0,1.4531998198364717e-09,Pos231-Pos232
231,390,Pos231_R-Pos390_S,6.027436892735733e-05,0.00027647998492280775,Pos231-Pos390
231,390,Pos231_R-Pos390_T,2.4109747570942933e-05,4.010831502748662e-06,Pos231-Pos390
231,390,Pos231_R-Pos390_D,0.0,1.2834660808795718e-05,Pos231-Pos390
231,390,Pos231_R-Pos390_E,0.0,1.6310714777844556e-05,Pos231-Pos390
231,390,Pos231_R-Pos390_I,1.2054873785471467e-05,7.486885471797502e-06,Pos231-Pos390
231,390,Pos231_R-Pos390_K,0.0,1.5241159710444914e-05,Pos231-Pos390
231,390,Pos231_R-Pos390_H,1.2054873785471467e-05,5.347775336998216e-07,Pos231-Pos390
231,390,Pos231_R-Pos390_R,0.0,5.347775336998216e-07,Pos231-Pos390
231,390,Pos231_R-Pos390_Y,0.0,2.673887668499108e-07,Pos231-Pos390
231,390,Pos231_S-Pos390_S,0.0,7.858643049708067e-05,Pos231-Pos390
231,390,Pos231_S-Pos390_T,0.0,1.140035258661712e-06,Pos231-Pos390
231,390,Pos231_S-Pos390_D,0.0,3.6481128277174783e-06,Pos231-Pos390
231,390,Pos231_S-Pos390_E,0.0,4.636143385224295e-06,Pos231-Pos390
231,390,Pos231_S-Pos390_I,0.0,2.1280658161685287e-06,Pos231-Pos390
231,390,Pos231_S-Pos390_K,1.2054873785471467e-05,4.332133982914505e-06,Pos231-Pos390
231,390,Pos231_S-Pos390_H,0.0,1.5200470115489492e-07,Pos231-Pos390
231,390,Pos231_S-Pos390_R,0.0,1.5200470115489492e-07,Pos231-Pos390
231,390,Pos231_S-Pos390_Y,0.0,7.600235057744746e-08,Pos231-Pos390
231,390,Pos231_L-Pos390_S,0.0,3.0052172274218233e-07,Pos231-Pos390
231,390,Pos231_L-Pos390_T,0.0,4.359599459509415e-09,Pos231-Pos390
231,390,Pos231_L-Pos390_D,0.0,1.395071827043013e-08,Pos231-Pos390
231,390,Pos231_L-Pos390_E,0.0,1.7729037802004955e-08,Pos231-Pos390
231,390,Pos231_L-Pos390_I,0.0,8.137918991084241e-09,Pos231-Pos390
231,390,Pos231_L-Pos390_K,0.0,1.6566477946135776e-08,Pos231-Pos390
231,390,Pos231_L-Pos390_H,0.0,5.812799279345887e-10,Pos231-Pos390
231,390,Pos231_L-Pos390_R,0.0,5.812799279345887e-10,Pos231-Pos390
231,390,Pos231_L-Pos390_Y,0.0,2.9063996396729436e-10,Pos231-Pos390
231,390,Pos231_Y-Pos390_S,0.0,3.155478088792914e-06,Pos231-Pos390
231,390,Pos231_Y-Pos390_T,0.0,4.5775794324848854e-08,Pos231-Pos390
231,390,Pos231_Y-Pos390_D,0.0,1.4648254183951633e-07,Pos231-Pos390
231,390,Pos231_Y-Pos390_E,0.0,1.86154896921052e-07,Pos231-Pos390
231,390,Pos231_Y-Pos390_I,0.0,8.544814940638451e-08,Pos231-Pos390
231,390,Pos231_Y-Pos390_K,0.0,1.7394801843442563e-07,Pos231-Pos390
231,390,Pos231_Y-Pos390_H,0.0,6.103439243313181e-09,Pos231-Pos390
231,390,Pos231_Y-Pos390_R,0.0,6.103439243313181e-09,Pos231-Pos390
231,390,Pos231_Y-Pos390_Y,0.0,3.0517196216565903e-09,Pos231-Pos390
231,390,Pos231_G-Pos390_S,0.0,1.803130336453094e-06,Pos231-Pos390
231,390,Pos231_G-Pos390_T,0.0,2.615759675705649e-08,Pos231-Pos390
231,390,Pos231_G-Pos390_D,0.0,8.370430962258077e-08,Pos231-Pos390
231,390,Pos231_G-Pos390_E,0.0,1.0637422681202973e-07,Pos231-Pos390
231,390,Pos231_G-Pos390_I,0.0,4.8827513946505445e-08,Pos231-Pos390
231,390,Pos231_G-Pos390_K,0.0,9.939886767681466e-08,Pos231-Pos390
231,390,Pos231_G-Pos390_H,0.0,3.4876795676075323e-09,Pos231-Pos390
231,390,Pos231_G-Pos390_R,0.0,3.4876795676075323e-09,Pos231-Pos390
231,390,Pos231_G-Pos390_Y,0.0,1.7438397838037662e-09,Pos231-Pos390
231,390,Pos231_F-Pos390_S,0.0,1.2020868909687293e-06,Pos231-Pos390
231,390,Pos231_F-Pos390_T,0.0,1.743839783803766e-08,Pos231-Pos390
231,390,Pos231_F-Pos390_D,0.0,5.580287308172052e-08,Pos231-Pos390
231,390,Pos231_F-Pos390_E,0.0,7.091615120801982e-08,Pos231-Pos390
231,390,Pos231_F-Pos390_I,0.0,3.2551675964336963e-08,Pos231-Pos390
231,390,Pos231_F-Pos390_K,0.0,6.62659117845431e-08,Pos231-Pos390
231,390,Pos231_F-Pos390_H,0.0,2.325119711738355e-09,Pos231-Pos390
231,390,Pos231_F-Pos390_R,0.0,2.325119711738355e-09,Pos231-Pos390
231,390,Pos231_F-Pos390_Y,0.0,1.1625598558691774e-09,Pos231-Pos390
231,390,Pos231_*-Pos390_S,0.0,7.513043068554558e-07,Pos231-Pos390
231,390,Pos231_*-Pos390_T,0.0,1.0898998648773537e-08,Pos231-Pos390
231,390,Pos231_*-Pos390_D,0.0,3.487679567607532e-08,Pos231-Pos390
231,390,Pos231_*-Pos390_E,0.0,4.432259450501238e-08,Pos231-Pos390
231,390,Pos231_*-Pos390_I,0.0,2.03447974777106e-08,Pos231-Pos390
231,390,Pos231_*-Pos390_K,0.0,4.141619486533944e-08,Pos231-Pos390
231,390,Pos231_*-Pos390_H,0.0,1.4531998198364717e-09,Pos231-Pos390
231,390,Pos231_*-Pos390_R,0.0,1.4531998198364717e-09,Pos231-Pos390
231,390,Pos231_*-Pos390_Y,0.0,7.265999099182358e-10,Pos231-Pos390
232,390,Pos232_T-Pos390_S,4.821949514188587e-05,9.706851644572489e-05,Pos232-Pos390
232,390,Pos232_T-Pos390_T,0.0,1.4081506254215408e-06,Pos232-Pos390
232,390,Pos232_T-Pos390_D,0.0,4.506082001348931e-06,Pos232-Pos390
232,390,Pos232_T-Pos390_E,0.0,5.7264792100476e-06,Pos232-Pos390
232,390,Pos232_T-Pos390_I,0.0,2.6285478341202096e-06,Pos232-Pos390
232,390,Pos232_T-Pos390_K,1.2054873785471467e-05,5.350972376601855e-06,Pos232-Pos390
232,390,Pos232_T-Pos390_H,0.0,1.8775341672287213e-07,Pos232-Pos390
232,390,Pos232_T-Pos390_R,0.0,1.8775341672287213e-07,Pos232-Pos390
232,390,Pos232_T-Pos390_Y,0.0,9.387670836143607e-08,Pos232-Pos390
232,390,Pos232_F-Pos390_S,0.0,1.036799943460529e-05,Pos232-Pos390
232,390,Pos232_F-Pos390_T,0.0,1.504061813530748e-07,Pos232-Pos390
232,390,Pos232_F-Pos390_D,0.0,4.812997803298394e-07,Pos232-Pos390
232,390,Pos232_F-Pos390_E,0.0,6.116518041691709e-07,Pos232-Pos390
232,390,Pos232_F-Pos390_I,0.0,2.807582051924063e-07,Pos232-Pos390
232,390,Pos232_F-Pos390_K,0.0,5.715434891416843e-07,Pos232-Pos390
232,390,Pos232_F-Pos390_H,0.0,2.005415751374331e-08,Pos232-Pos390
232,390,Pos232_F-Pos390_R,0.0,2.005415751374331e-08,Pos232-Pos390
232,390,Pos232_F-Pos390_Y,0.0,1.0027078756871655e-08,Pos232-Pos390
232,390,Pos232_L-Pos390_S,1.2054873785471467e-05,1.3823999246140387e-05,Pos232-Pos390
232,390,Pos232_L-Pos390_T,0.0,2.0054157513743307e-07,Pos232-Pos390
232,390,Pos232_L-Pos390_D,0.0,6.417330404397859e-07,Pos232-Pos390
232,390,Pos232_L-Pos390_E,0.0,8.155357388922278e-07,Pos232-Pos390
232,390,Pos232_L-Pos390_I,0.0,3.7434427358987506e-07,Pos232-Pos390
232,390,Pos232_L-Pos390_K,0.0,7.620579855222456e-07,Pos232-Pos390
232,390,Pos232_L-Pos390_H,0.0,2.6738876684991077e-08,Pos232-Pos390
232,390,Pos232_L-Pos390_R,0.0,2.6738876684991077e-08,Pos232-Pos390
232,390,Pos232_L-Pos390_Y,0.0,1.3369438342495538e-08,Pos232-Pos390
232,390,Pos232_V-Pos390_S,0.0,1.9684172839612942e-05,Pos232-Pos390
232,390,Pos232_V-Pos390_T,0.0,2.855537645978666e-07,Pos232-Pos390
232,390,Pos232_V-Pos390_D,0.0,9.137720467131733e-07,Pos232-Pos390
232,390,Pos232_V-Pos390_E,0.0,1.1612519760313244e-06,Pos232-Pos390
232,390,Pos232_V-Pos390_I,0.0,5.330336939160177e-07,Pos232-Pos390
232,390,Pos232_V-Pos390_K,0.0,1.0851043054718931e-06,Pos232-Pos390
232,390,Pos232_V-Pos390_H,0.0,3.8073835279715556e-08,Pos232-Pos390
232,390,Pos232_V-Pos390_R,0.0,3.8073835279715556e-08,Pos232-Pos390
232,390,Pos232_V-Pos390_Y,0.0,1.9036917639857778e-08,Pos232-Pos390
232,390,Pos232_S-Pos390_S,0.0,9.616695127749835e-06,Pos232-Pos390
232,390,Pos232_S-Pos390_T,0.0,1.3950718270430128e-07,Pos232-Pos390
232,390,Pos232_S-Pos390_D,0.0,4.4642298465376414e-07,Pos232-Pos390
232,390,Pos232_S-Pos390_E,0.0,5.673292096641586e-07,Pos232-Pos390
232,390,Pos232_S-Pos390_I,0.0,2.604134077146957e-07,Pos232-Pos390
232,390,Pos232_S-Pos390_K,0.0,5.301272942763448e-07,Pos232-Pos390
232,390,Pos232_S-Pos390_H,0.0,1.860095769390684e-08,Pos232-Pos390
232,390,Pos232_S-Pos390_R,0.0,1.860095769390684e-08,Pos232-Pos390
232,390,Pos232_S-Pos390_Y,0.0,9.30047884695342e-09,Pos232-Pos390
232,390,Pos232_N-Pos390_S,0.0,2.8549563660507323e-06,Pos232-Pos390
232,390,Pos232_N-Pos390_T,0.0,4.141619486533944e-08,Pos232-Pos390
232,390,Pos232_N-Pos390_D,0.0,1.325318235690862e-07,Pos232-Pos390
232,390,Pos232_N-Pos390_E,0.0,1.6842585911904706e-07,Pos232-Pos390
232,390,Pos232_N-Pos390_I,0.0,7.731023041530029e-08,Pos232-Pos390
232,390,Pos232_N-Pos390_K,0.0,1.5738154048828985e-07,Pos232-Pos390
232,390,Pos232_N-Pos390_H,0.0,5.522159315378592e-09,Pos232-Pos390
232,390,Pos232_N-Pos390_R,0.0,5.522159315378592e-09,Pos232-Pos390
232,390,Pos232_N-Pos390_Y,0.0,2.761079657689296e-09,Pos232-Pos390
232,390,Pos232_M-Pos390_S,0.0,2.1036520591952764e-06,Pos232-Pos390
232,390,Pos232_M-Pos390_T,0.0,3.05171962165659e-08,Pos232-Pos390
232,390,Pos232_M-Pos390_D,0.0,9.765502789301089e-08,Pos232-Pos390
232,390,Pos232_M-Pos390_E,0.0,1.2410326461403466e-07,Pos232-Pos390
232,390,Pos232_M-Pos390_I,0.0,5.696543293758968e-08,Pos232-Pos390
232,390,Pos232_M-Pos390_K,0.0,1.1596534562295042e-07,Pos232-Pos390
232,390,Pos232_M-Pos390_H,0.0,4.0689594955421204e-09,Pos232-Pos390
232,390,Pos232_M-Pos390_R,0.0,4.0689594955421204e-09,Pos232-Pos390
232,390,Pos232_M-Pos390_Y,0.0,2.0344797477710602e-09,Pos232-Pos390
232,390,Pos232_A-Pos390_S,0.0,3.0052172274218233e-07,Pos232-Pos390
232,390,Pos232_A-Pos390_T,0.0,4.359599459509415e-09,Pos232-Pos390
232,390,Pos232_A-Pos390_D,0.0,1.395071827043013e-08,Pos232-Pos390
232,390,Pos232_A-Pos390_E,0.0,1.7729037802004955e-08,Pos232-Pos390
232,390,Pos232_A-Pos390_I,0.0,8.137918991084241e-09,Pos232-Pos390
232,390,Pos232_A-Pos390_K,0.0,1.6566477946135776e-08,Pos232-Pos390
232,390,Pos232_A-Pos390_H,0.0,5.812799279345887e-10,Pos232-Pos390
232,390,Pos232_A-Pos390_R,0.0,5.812799279345887e-10,Pos232-Pos390
232,390,Pos232_A-Pos390_Y,0.0,2.9063996396729436e-10,Pos232-Pos390
