Mutation_Set,Count
No_mutations,981
S162I; S163F,28170
S162I; S163F; K225E; S361A,6505
K225I,3888
S162I,2467
S162I; K225E,1611
L98P; S162I; S163F,1412
S162I; S163F; K225E,1033
S162I; S163F; S361A,404
S162I; S163F; N297S,294
K225T,280
S162I; S163F; I352T,238
S162I; K225I,228
S162I; S163F; K225I,228
S162I; S163F; T350S,211
S162I; S163F; T372N,205
S162N; K225I,154
S162I; S163F; N175H,143
K225N,128
T160M; K225I,108
S162I; S163F; Y355H,93
S162I; N175H,93
T6S; S162I; S163F,90
S162I; S163F; T234A,88
T160A; K225I,88
S162I; K225N,85
S162I; S163F; M172I,84
G101S; S162I; S163F,83
S162C; K225E,82
S162I; S163F; S273G; N297S,80
K225L,72
S162I; K225T,72
S162I; K225E; S361A,70
K225I; S361A,57
K225I; Q354R,54
T6S; A32S; S162I; S163F,53
S162I; S163F; K225T,53
S162I; S163F; K225E; S318I; S361A,52
N138D; S162I; S163F,52
S162I; S163F; Y384C,51
S162I; S163F; I227V,49
S162I; K225Q,48
S162I; S163F; D265G,48
K62N; S162I; S163F,45
S162I; S163F; Y171C,45
S162I; S163F; C231R,41
S162I; K225E; S318N,41
S162I; S163F; L276F,39
T6S; A32S; L56H; T75Q; T76S; Q88T; P121D; S162I; S163F,38
S60G; S162I; S163F,38
F194I; K225I,37
S162I; S163F; I352V,36
S162I; S163F; I399V,35
S162I; S163F; G378D,35
N122D; S162I; S163F; K225E; S361A,34
I41V; S162I; S163F,34
S162I; S163F; E411K,34
M172I; K225T,33
S162I; S163F; G401D,33
S162I; S361A,33
S66F; S162I; S163F,33
S162I; S163F; M211I,33
S162I; S163F; Y384H,33
K225Q,31
S162I; S163F; K225E; L328M; S361A,31
K225E,30
S162I; S163F; K225E; S361A; G401D,30
S162I; S163F; D365N; T372S; Q373E; F375Y; G378N; S379N; A381K; T382V; Y384F; K385R; V389A; E390N; E391L; Q394R; V396I; E397K; E398P; K400T; N407K; K408I; E410R; E411F,30
S162I; S163F; Y357H,29
S162I; S163F; Q354R,29
T6S; A32S; L56H; T75Q; T76S; Q88T; S162I; S163F,29
S162I; S163F; V389I,28
S162I; S163F; A313T,28
G220V; K225I,27
S162I; S163F; K330R,27
S162I; S163F; Y357C,27
S162I; S163F; N362D,27
S162I; S163F; G403S,26
S162I; S163F; K277E,26
S162I; S163F; L276I,26
S162I; S163F; W268R,25
W40*; S162I; S163F,25
T6S; A32S; L56H; T75Q; T76S; Q88T; P121D,25
S162I; S163F; S292N,25
S162I; S163F; S166P,24
K225E; S361A,24
N96S; S162I; S163F,24
S162I; S163F; I247V,24
S162I; S163F; E269G,23
S162I; S163F; V396I,23
S162I; S163F; K285R,23
N122D; S162I; S163F,23
S162I; S163F; N344Q; D365N; T372S; Q373E; F375Y; G378N; S379N; A381K; T382V; Y384F; K385R; V389A; E390N; E391L; Q394R; V396I; E397K; E398P; K400T; N407K; K408I; E410R; E411F,23
S162I; S163F; I181V,23
N72D; S162I; S163F,22
I134V; S162I; S163F,22
S162I; S163F; K225N,22
S162I; S163F; V184I,22
S162I; S163F; C231S,21
S162I; D199N; K225E,21
S162I; S163F; N258D,21
S162I; S163F; N261D,21
N10S; S162I; S163F,21
S162I; S163F; E280K,21
S162I; S163F; E349K,21
S162I; S163F; T229M,21
S162I; S163F; K225Q,21
S162I; S163F; Q270R,21
E28K; S162I; S163F,21
S162I; S163F; I302T,21
S162I; S163F; R402C,20
N111S; S162I; S163F,20
S162I; S163F; T242A,20
S162I; S163F; S273G; N297S; V405G,20
S162I; S163F; N293S,19
S162I; S163F; M172V,19
S162I; S163F; T372A,19
S162I; S163F; G403D,19
S162I; S163F; R402H,19
S162V; S163F,19
S162I; S163F; T264A,19
S162I; S163F; K225E; K329N; S361A,19
Q27R; S162I; S163F,19
S162I; S163F; N293D,19
S60N; S162I; S163F; K225E; S361A,19
S162I; S163F; D199G,19
S162I; S163F; I165V; K225E; S361A,18
S162I; S163F; K225E; S361A; A381E,18
S162I; S163F; E281G,18
S162I; S163F; I233V,18
M1I; S162I; S163F,18
S162I; S163F; N407K,18
S162I; S163F; T341A,18
S162I; S163F; E398D,18
K225I; N383D,18
S162I; S163F; Q267R,17
S162I; S163F; K385R,17
L98P; S162I; S163F; V389I,17
S162I; S163F; N383D,17
S162I; S163F; I263V,17
S162I; S163F; K225E; Q270R; S361A,17
S162I; S163F; N407K; K408Q; I409D; E410*; E411R,17
S162I; S163F; G403V,17
S162I; S163F; E410K,17
S162I; S163F; S273N,16
S162I; S163F; E281K,16
S162I; S163F; K342E,16
F136L; S162I; S163F,16
I39V; S162I; S163F,16
T6S; S162I; S163F; K225E; S361A,16
S162I; S163F; K225E; A313T; S361A,16
T6S; A32S; L56H; S162I; S163F,15
S162I; S163F; K225E; A340V; S361A,15
Q53K; S162I; S163F,15
S162I; S163F; K285N,15
S162I; S163F; S361P,15
S162I; S163F; K406E,15
S162I; S163F; T198A,15
Y30F; S162I; S163F,15
S162I; S163F; I371V,15
S162I; S163F; S292I,15
S162I; S163F; T382M,15
G152R; S162I; S163F,15
S162I; S163F; F358L,15
S162I; S163F; N243S,15
S162I; S163F; D199N,15
S162I; S163F; E391D,14
S162I; S163F; R402S,14
N96D; S162I; S163F,14
K37E; S162I; S163F,14
S162I; S163F; K225E; E269G,14
T6S; A32S; L56H; T75Q; T76S; S162I; S163F,14
L98P; S162I; S163F; S361A,14
T59I; S162I; S163F,14
S162I; S163F; N197D,14
S162I; S163F; V319I,14
S162I; S163F; I409V,14
G101D; S162I; S163F,14
L145M; S162I; S163F,14
S162I; S163F; R272H,14
T6S; A32S; L56H; T75Q; T76S; Q88T; P121D; T198S; D199I,14
H125Y; S162I; S163F,14
L98F; S162I; S163F,14
S162I; S163F; N197D; K225E; S361A,14
P121S; S162I; S163F,14
S162I; Y355H,14
S162I; S163F; I271V,13
S162I; M211I; K225E,13
S162I; S163F; D301N,13
S162I; S163F; A313V,13
S162I; S163F; E266D,13
S162I; S163F; N195S,13
S162I; S163F; R193L,13
Q27R; K225I,13
S162I; S163F; I409T,13
S162I; S163F; D325N,13
I102V; S162I; S163F,13
T160M; K225N,13
S162I; S163F; V291A,13
R16H; S162I; S163F,13
D65G; S162I; S163F; K225E; S361A,13
S162I; S163F; E411G,12
S162I; S163F; K400E,12
S162I; S163F; E390K,12
F194L; K225I,12
S162I; S163F; Q267K,12
S162I; S163F; D326N,12
S162I; S163F; S318N,12
S162I; S163F; F337S,12
S162I; S163F; K329E,12
S162I; S163F; F334L,12
N92K; S162I; S163F,12
S162I; S163F; K225E; I352T; S361A,12
S162I; S163F; K284N,12
S162I; S163F; K400R,12
S162I; S163F; N407T; K408R; I409L; E410K; E411S,12
S162I; S163F; I203V,12
S162I; S163F; K342R,12
S162I; S163F; K284R,12
N111H; S162I; S163F,12
S162I; S163F; E398G,12
E133K; S162I; S163F,12
S162I; S163F; E305K,12
S162I; S163F; E213*,12
Y69H; S162I; K225E,12
T6S; A32S; S162I; S163F; K225E; S361A,12
L98P; S162I; S163F; K225E,12
S162I; S163F; N314D,12
S162I; S163F; D301G,12
T6S; A32S; L56H; T75Q; T76S; Q88T; P121D; T198S; D199I; K225L; D265V; E266A; W268Y; E269N; Q270D; R272Y; S273T; K277N; K278D; E280R; E281K; K284S,11
L98P; S162I; S163F; D312G,11
S162I; S163F; N238K,11
S162I; M172I,11
N97D; S162I; S163F,11
S162I; S163F; N407D,11
I86T; S162I; S163F,11
S162I; S163F; V405I,11
S162I; S163F; N370S,11
S162I; S163F; W268*,11
D65E; S162I; S163F,11
S162I; S163F; E398K,11
S162I; S163F; D365N,11
K225I; E269K,11
S162I; S163F; K225E; A313V; S361A,11
S162I; S163F; F337L,11
N161S; S162I; S163F,11
I35V; S162I; S163F,11
E106D; S162I; S163F; K225E; S361A,11
S162I; S163F; N314S,11
N72S; S162I; S163F,11
K225I; Y355H,11
S162I; S163F; E391K,11
Y68H; S162I; S163F,11
S162I; S163F; Y384F,11
S162I; S163F; K225E; E269G; S361A,11
S162I; S163F; R244H,11
D65N; S162I; S163F,10
S162C,10
D54N; S162I; S163F,10
M151I; S162I; S163F,10
S162I; S163F; E397K,10
S162I; S163F; K225E; S361A; K406E,10
I41V; K225I,10
S162I; S163F; I215V,10
S162I; S163F; N388H,10
I102L; S162I; S163F,10
S162I; S163F; K225E; C231Y; S361A,10
S162I; S163F; I262V,10
V148I; S162I; S163F,10
S162I; S163F; S273G,10
S162I; S163F; K225E; N297S,10
Y69H; S162I; S163F,10
L98P; S162I,10
T51A; S162I; S163F,10
I102M; K225I,10
N116D; S162I; S163F,10
S108N; S162I; S163F,10
S162I; S163F; N388D,10
N122S; S162I; S163F,10
S162I; S163F; V291M,10
A32S; S162I; S163F,10
S162I; S163F; T372S; Q373E; F375Y; G378N; S379N; A381K; T382V; Y384F; K385R; V389A; E390N; E391L; Q394R; V396I; E397K; E398P; K400T; N407K; K408I; E410R; E411F,10
A129V; S162I; S163F,10
S162I; S163F; N248K,10
S162I; S163F; N248S,10
S162I; S163F; S292G,10
S162I; S163F; K225E; S361A; G401C,10
S162I; S163F; D312G,10
S162I; S163F; T264K,10
R82H; S162I; S163F,10
S162I; S163F; N261S,10
S162I; S163F; G257V,10
S162I; S163F; K225E; R272H; S361A,9
P57S; S162I; S163F,9
S67I; S162I; S163F,9
S162I; S163F; K245R,9
S162I; S163F; T230M,9
S162I; S163F; R348H,9
L98P; S162I; N248K,9
S162I; S163F; P298S,9
S162I; S163F; N322S,9
L56H; S162I; S163F,9
S162I; S163F; Q236K,9
T6S; A32S; L56H; T75Q; T76S; Q88T; S162I; S163F; K225E; S361A,9
P2S; S162I; S163F,9
L98P; S162I; S163F; K225E; S361A,9
M36I; S162I; S163F,9
T6S; A32S; L56H; T75Q; T76S; Q88T; P121D; T198S; D199I; K225L,9
S162I; S163F; K225E; D265G; S361A,9
S162I; S163F; I368V,9
S162I; S163F; K356E,9
S162I; S163F; Y299C,9
T6A; S162I; S163F,9
S162I; S163F; I247T,9
S162I; S163F; I215V; K225E; S361A,9
S162I; S163F; H212Y,9
S162I; K225E; T229M,9
S162I; S163F; N370D,9
Q141R; S162I; S163F,9
S162I; S163F; E201K,9
I90N; S162I; S163F,9
D128G; S162I; S163F,9
S162I; S163F; N316S,9
T6S; S162I; K225E,9
S162I; S163F; I271N,9
S162I; S163F; E349G,9
S361A,9
S99L; S162I; S163F,9
S162I; S163F; S217G,9
V47M; S162I; S163F,9
S162I; S163F; A313E,9
P120L; S162I; S163F,9
S162I; S163F; N344S,9
T51I; S162I; S163F,9
S162I; S163F; K408N,9
S162I; S163F; N258S,9
S162I; S163F; T242I,9
N10D; S162I; S163F,9
S162I; S163F; I165V,9
S162I; S163F; K225E; D365N; T372S; Q373E; F375Y; G378N; S379N; A381K; T382V; Y384F; K385R; V389A; E390N; E391L; Q394R; V396I; E397K; E398P; K400T; N407K; K408I; E410R; E411F,8
S162I; S163F; N297D,8
S162I; S163F; I232T,8
S162I; S163F; S318I,8
S162I; S163F; N175S,8
T75I; S162I; S163F,8
S162I; S163F; A381V,8
S162I; S163F; K278N,8
S60N; S162I; S163F,8
K225I; T264A,8
S162I; S163F; G401S,8
S162I; S163F; A224T,8
L98I; S162I; S163F,8
L56R; K225I,8
S162I; K225N; Y357C,8
S162I; S163F; K225E; K277E; S361A,8
G101S; K225I,8
T6S; K225I,8
S162I; S163F; T230A,8
S162I; S163F; K300R,8
S162I; S163F; S187F,8
T59P; S162I; S163F,8
S162I; S163F; H176Y,8
S162I; S163F; K225E; I232L; S361A,8
S162I; S163F; Q373*,8
T160A; K225T,8
S162I; S163F; K225E; I232T; S361A,8
S140G; S162I; S163F,8
T6S; A32S; K225I,8
K225I; Y357C,8
S162I; S163F; E269K,8
K225I; V345A,8
S162I; S163F; K225E; V291G; S361A,8
D117N; S162I; S163F,8
S162I; Y384C,8
S162I; S163F; I183V,8
S162I; S163F; K225E; L276F; S361A,8
S162I; S163F; N197S,8
S99L; S162I; S163F; K225E; S361A,8
S162I; S163F; L328M,8
K80R; S162I; S163F,8
P121L; S162I; S163F,8
S162I; S163F; P239Q,8
S162I; S163F; K278E,8
S162I; S163F; D259G,8
D65Y; S162I; S163F,8
S162I; S163F; T382A,8
P52T; S162I; S163F,8
N92T; K225N,8
S137N; S162I; S163F,8
S162I; S163F; K288E,8
H125R; S162I; S163F,8
N34S; S162I; S163F,8
K62N; S162I; S163F; K225E; S361A,8
S162I; S163F; T234M,8
S162I; S163F; K225E; S361A; G403D,8
S162I; S163F; C231Y,8
S162I; S163F; A283S,8
E105D; S162I; S163F,8
S162I; S163F; N407S,8
P71S; S162I; S163F,8
S162I; S163F; P393S,8
N63D; S162I; S163F,8
S162I; S163F; I232V,8
S162I; S163F; E391A,8
S162I; S163F; K225E; I302T; S361A,8
S162I; S163F; F194L,7
R45H; S162I; S163F,7
S162I; S163F; K225E; I227V; S361A,7
S162I; S163F; L286F,7
S162I; S163F; K225E; D310N; S361A,7
Y69C; S162I; S163F,7
S162I; S163F; L296M,7
S162I; S163F; N195D,7
S162I; S163F; Q354K,7
Y30H; S162I; S163F,7
S162I; D326N,7
S162I; S163F; M211V,7
S162I; S163F; Q290R,7
S162I; S163F; Y351H,7
G64S; S162I; S163F,7
S162I; S163F; K225E; G257S; S361A,7
N96K; S162I; S163F; K225E; S361A,7
T6S; A32S; L56H; T75Q; T76S; Q88T; P121D; T198S; D199I; G220V; K225I; D265V; E266A; W268Y; E269N; Q270D; R272Y; S273T; K277N; K278D; E280R; E281K; K284S,7
I48V; S162I; S163F,7
S162I; S163F; I327V,7
S162I; S163F; T230K,7
F55S; S162I; S163F,7
T160A; K225Q,7
S162I; S163F; S273R,7
L98P; I102L; S162I; S163F,7
N147S; S162I; S163F,7
P58S; S162I; S163F,7
K225I; S292N,7
N10S; S162I; S163F; K225E; S361A,7
S162I; S163F; D265A,7
S163F,7
S60R; S162I; S163F,7
S162I; S163F; G315D,7
S162I; S163F; F252L,7
S162I; S163F; P239S,7
F55L; S162I; S163F,7
S162I; S163F; K406R,7
S66P; S162I; S163F,7
P57H; S162I; S163F,7
V13A; S162I; S163F,7
S162I; S163F; D301Y,7
S162I; S163F; S273I,7
S162I; S163F; K225R,7
P146S; S162I; S163F,7
S162I; S163F; D265N,7
S162I; S163F; K288R,7
S67I; K225I,7
G25S; S162I; S163F,7
S162I; S163F; K225E; S361A; E390K,7
S162I; S163F; K225E; N248S; S361A,7
S162I; S163F; I321V,7
S162I; S163F; I249L,7
S162I; S163F; V389A,7
S162I; S163F; K225E; N293D; S361A,7
S162I; S163F; N344Q,7
S162I; S163F; T198I,7
S162I; S163F; V289M,7
S162I; S163F; K225E; S361A; N407S,7
R45C; S162I; S163F,7
A129S; S162I; S163F,7
S162I; S163F; D199N; K225E; S361A,7
T6S; A32S; L56H; S162I; S163F; K225E; S361A,7
T50P; S162I; S163F,7
S162I; S163F; R244C,7
D77N; S162I; S163F,7
S162I; S163F; E411*,7
T119A; S162I; S163F,7
Q27H; S162I; S163F,7
Q53*; S162I; S163F,7
I134V; K225I,7
E79D; S162I; S163F,7
E106K; S162I; S163F,7
M1V; S162I; S163F,7
S162I; S163F; N164S,7
S162I; S163F; K225E; N344Q; D365N; T372S; Q373E; F375Y; G378N; S379N; A381K; T382V; Y384F; K385R; V389A; E390N; E391L; Q394R; V396I; E397K; E398P; K400T; N407K; K408I; E410R; E411F,7
S162I; S163F; Q235R,7
K225I; N261S,7
L98P; K225I,7
K225I; N314D,7
S162I; S163F; D326G,7
S162I; S163F; V396A,7
S162I; S163F; I399T,7
Q53R; S162I; S163F,7
S162I; S163F; N320S,7
S162I; S163F; L240M,7
S162I; S163F; F324L,7
I42V; S162I; S163F,7
S162I; S163F; G378S,6
S162I; S163F; N383S,6
S162I; S163F; Y222S,6
S162I; Q236*,6
S162I; S163F; K385E,6
M172T; K225T,6
I181V; K225I,6
I102T; S162I; S163F; K225E; S361A,6
S162I; S163F; I282V,6
E28G; S162I; S163F,6
K22R; S162I; S163F,6
T6S; A32S; L56H; T75Q; T76S; Q88T; P121D; K225E; S361A,6
K225I; N383S; V396D,6
S162I; S163F; Q235*,6
S66Y; S162I; S163F,6
S162I; S163F; P173S,6
S162I; S163F; T264A; T372N,6
S162I; S163F; N274D,6
S162I; S163F; N200D,6
L98P; S162I; S163F; K225I,6
K225I; I227V,6
S162I; S163F; N238S,6
G24S; S162I; S163F,6
Q53R; K225I,6
Y73H; S162I; S163F,6
Q88T; S162I; S163F,6
T50A; S162I; S163F,6
T160A; S162I; S163F,6
F158L; S162I; S163F,6
P23L; S162I; S163F; K225E; S361A,6
S67N; S162I; S163F,6
S162I; S163F; E305*,6
S162I; S163F; V405A,6
A153T; S162I; S163F,6
Y20H; S162I; S163F,6
R93H; S162I; S163F,6
L98P; S162I; S163F; N195D,6
S162I; S163F; I282F,6
N46S; S162I; S163F,6
S162I; S163F; D338N,6
S162I; S163F; Q295H,6
S162I; S163F; E410G,6
S162I; S163F; S333L,6
M36V; S162I; S163F; K225E; S361A,6
A110T; S162I; S163F,6
S162I; S163F; P294L,6
K62R; K225I,6
K225I; V389I,6
D81N; S162I; S163F,6
S162I; S163F; K278R,6
K225I; N344Q; D365N; T372S; Q373E; F375Y; G378N; S379N; A381K; T382V; Y384F; K385R; V389A; E390N; E391L; Q394R; V396I; E397K; E398P; K400T; N407K; K408I; E410R; E411F,6
T6S; A32S; L56H; T75Q; T76S; Q88T; P121D; T198S; D199I; K225I,6
S162I; S163F; N392T,6
G101C; S162I; S163F,6
I126V; S162I; S163F,6
S162I; S163F; I241V,6
S162I; S163F; T372I,6
Q141*; S162I; S163F,6
S162I; S163F; E280G,6
S162I; S163F; K245E,6
E44D; S162I; S163F,6
S162I; S163F; E397G,6
P120Q; S162I; S163F,6
S162I; S163F; H219Y,6
S162I; S163F; Q290K,6
P43Q; S162I; S163F,6
S162I; S163F; V405G,6
T17A; Y73*,6
S162I; S163F; K225E; S361A; A381V,6
S162I; S163F; I302V,6
S162I; S163F; N297S; S361A,6
S162I; S163F; D326Y,6
P120S; S162I; S163F,6
S162I; S163F; R193C; K225E; S361A,6
K225I; N261D,6
S162I; S163F; D366N,6
S162I; S163F; S361F,6
S162I; S163F; E398A,6
S162I; S163F; K329R,6
Y30C; S162I; S163F,6
K135E; S162I; S163F,6
S162I; S163F; C231G,6
S162I; S163F; N197T,6
S162I; S163F; K225E; S361A; T372N,6
S162I; S163F; K225E; S287G; S361A,6
E154D; S162I; S163F; K225E; S361A,6
K225I; E391K,6
S140I; S162I; S163F,6
S162I; S163F; E269D,6
S162I; S163F; Q235K,6
D65G; S162I; S163F,6
S162I; S163F; R348C,6
S162I; S163F; S166F,6
S162I; S163F; G401V,6
K225I; V405I,6
E154G; S162I; S163F,6
S162N; K225E,6
S162I; S163F; N243D,6
S162I; S163F; K225E; K342R; S361A,6
S162I; S163F; D310N,6
T59A; S162I; S163F,6
S162I; S163F; K225E; I371V,5
K225I; R402C,5
S162I; S163F; K225E; S318N; S361A,5
G25C; S162I; S163F,5
T17I; S162I; S163F,5
T160M; S162I; S163F,5
S162I; S163F; G308D,5
V132F; S162I; S163F,5
I39V; L98P; S162I; S163F,5
S162I; S163F; V345I,5
K225I; I232V,5
S162I; S163F; K225E; S361A; I368V,5
A182S; K225I,5
S162I; S163F; F343L,5
T6S; A32S; L56H; K225I,5
S162I; S163F; R272S,5
A110S; S162I; S163F,5
S162I; S163F; K225I; S361A,5
N10T; S162I; S163F; K225E; S361A,5
S162I; S163F; Q354*,5
P120T; S162I; S163F,5
S162I; S163F; G256E,5
I41T; S162I; S163F,5
S162I; S163F; K329N,5
L98P; S162I; S163F; S361P,5
S162I; S163F; I232L,5
T50I; S162I; S163F,5
K225I; T242A,5
G101V; S162I; S163F,5
Q141H; S162I; S163F,5
S162I; S163F; Q394*,5
Y69H; S162I; S163F; K225E; S361A; E410G,5
S162I; S163F; K225E; K311E; S361A,5
P155Q; S162I; S163F,5
S162I; S163F; P393Q,5
P188L; K225I,5
S162I; V396I,5
A32T; S162I; S163F,5
P121S; S162I; S163F; K225E; S361A,5
S162I; S163F; Q394R,5
S162I; S163F; L328M; S361A,5
S162I; S163F; D325G,5
S162I; S163F; I327T,5
K37N; S162I; S163F,5
L98P; S162I; S163F; S217G,5
D156G; S162I; T198A; K225I,5
K62N; K225I,5
S162I; S163F; T209A,5
E79*; S162I; S163F,5
S162I; S163F; R193H,5
S162I; S163F; G315S,5
E28A; S162I; S163F,5
S162I; S163F; K225T; I262V,5
S140N; S162I; S163F,5
S162I; S163F; S180Y,5
S162I; S163F; Q295R,5
S162I; S163F; E266K,5
T51I; S162I; S163F; I399V,5
S162I; S163F; Q394K,5
S162I; S163F; P188Q,5
I102M; S162I; S163F,5
S162I; S163F; Y299H,5
K109R; S162I; S163F,5
V132I; S162I; S163F; K225E; S361A,5
K225I; E280G,5
P71T; S162I; S163F,5
K225I; K342N,5
S162I; S163F; F358S,5
S162I; S163F; K225E; F337L; S361A,5
M36V; S162I; S163F,5
R82C; S162I; S163F,5
L98P; S162I; S163F; N175H,5
N10D; S162I; S163F; K225E; S361A,5
S162I; S163F; N238D,5
S162I; S163F; S166P; K225E; S361A,5
S162I; S163F; I395V,5
C26R; S162I; S163F; K225E; S361A,5
R82H; S162I; S163F; K225E; S361A,5
I48T; S162I; S163F,5
S162I; S163F; A381T,5
D128Y; S162I; S163F,5
S162I; S163F; T185I,5
S162I; S163F; I227T,5
K225I; E391G,5
S162I; S163F; S191*,5
I18V; S162I; S163F,5
E28D; S162I; S163F,5
S162I; S163F; S318R,5
S162I; S163F; E281D,5
V148I; S162I; S163F; K225E; S361A,5
E106*; S162I; S163F,5
P112L; S162I; S163F,5
S162I; S163F; K225E; D301A; S361A,5
S162I; S163F; L296P,5
T75A; S162I; S163F,5
S162I; S163F; M172R,5
S162I; S163F; W268L,5
S162I; K225N; W268R,5
S162I; S163F; Y171S,5
N147T; S162I; S163F,5
S162I; S163F; K408R,5
V13I; S162I; S163F,5
S60N; L98P; S162I; S163F,5
S162I; S163F; N388S,5
S162I; S163F; A207T,5
S162I; S163F; Y369C,5
S162I; S163F; D259N,5
S162I; S163F; D196N,5
S162I; S163F; E411D,5
S108G; S162I; S163F,5
L98P; M151I; S162I; S163F,5
K31E; S162I; S163F,5
P58L; S162I; S163F,5
R82L; S162I; S163F,5
S162I; S163F; D312Y,5
S162I; S163F; L286I,5
S162I; S163F; R402L,5
S162I; S163F; L275F,5
S162I; S163F; K288N,5
S162I; S163F; N175K,5
C26R; S162I; S163F,5
S162I; S163F; N170H; K225E; S361A,5
K85R; S162I; S163F,5
T6S; A32S; L56H; T75Q; T76S; Q88T; P121D; T198S; D199I; G220V; K225I,5
S162I; S163F; R168L,5
D65N; K225I,5
K37R; S162I; S163F,5
S162I; S163F; Q373H,5
S162I; S163F; K330M,5
S162I; S163F; I183V; N297S,5
S162I; S163F; D312N,5
S162I; S163F; G257D,5
S162I; S163F; T341N,5
N63S; S162I; S163F,5
R16C; S162I; S163F,5
S162I; S163F; G401C,5
S162N,5
P23L; S162I; S163F,5
S162I; S163F; P294S,5
S162I; T350S,5
P121Q; S162I; S163F,5
S162I; S163F; R272C,5
T59I; S162I; S163F; Y384H,5
S162I; S163F; K356R,5
S162I; S163F; A182T,5
F136S; S162I; S163F,5
S162I; S163F; N314S; N316I,5
S162I; Q270*,5
K225I; L276F,4
L98P; S162I; S163F; N175D; E269G,4
L98P; S162I; S163F; T198I,4
M1T; S162I; S163F; R402S,4
H125N; S162I; S163F,4
S162I; S163F; F358I,4
S162I; S163F; R168C; K225E; S361A,4
N96S; S162I; S163F; K225E; S361A,4
Q235*,4
S162I; S163F; T335A,4
Q27R; S162I; S163F; K225E; S361A,4
P120S; S162I; S163F; K225E; S361A,4
L98P; S162I; S163F; D312N,4
S162I; S163F; N197S; K225E; S361A,4
S162I; S163F; K225E; E349K; S361A,4
K225I; N238K,4
K225I; S367F,4
P12T; S162I; S163F,4
S162I; S163F; K225E; S292N; S361A,4
S162I; S163F; I215T,4
S60G; N97S; S162I; S163F,4
S162I; K225E; W268R,4
A129T; S162I; S163F,4
F83L; S162I; S163F,4
S162I; S163F; K225E; I352V; S361A,4
S162I; S163F; D325E,4
M172V; K225T,4
F124L; S162I; S163F,4
E189D; K225I,4
S162I; S163F; Y317*,4
N96T; S162I; S163F,4
S67N; K225I,4
K225I; Y384C,4
N8D; L98P; S162I; S163F; Q267R,4
P43S; S162I; S163F,4
I21V; S162I; S163F,4
D77N; K225I,4
T6S; S162I,4
S162I; S163F; Q295*,4
N111S; S162I; S163F; K225E; S361A,4
S162I; S163F; K225E; S361A; G378D,4
N138D; S162I; S163F; K225E; S361A,4
S162I; S163F; I232F,4
S162I; E410K,4
L98P; S162I; S163F; I247T,4
S162I; S163F; I399L,4
S162I; S163F; K225E; T372N,4
S162I; S163F; D338G,4
S162I; S163F; K330N,4
S162I; S163F; D325A,4
S162I; S163F; R244S,4
S162I; M211I,4
L98R; S162I; S163F,4
T6S; A32S; L56H; T75Q; T76S; Q88T; P121D; K225I,4
S162I; S163F; K225E; S361A; E411K,4
N8D; S162I; S163F,4
G139D; S162I; S163F,4
A129E; S162I; S163F,4
P57S; L98P; S162I; S163F,4
S162I; S163F; P298T,4
F55L; K225I,4
S162I; S163F; S379P,4
S162I; I183M,4
Q123H; S162I; S163F,4
S162I; S163F; K225E; K359R; S361A,4
S162I; Q373*,4
S162I; S163F; S180F,4
S162I; S163F; I183M,4
S162I; K385R,4
S162I; S163F; K225E; S361A; N388S,4
T119S; S162I; S163F,4
K225I; I352V,4
K80E; S162I; S163F,4
S162I; S163F; N170K,4
S67R; S162I; S163F,4
L56H; T75Q; T76S; Q88T; S162I; S163F,4
K225N; S361A,4
S162I; S163F; Y317C,4
S162I; S163F; P298L,4
T59I; K225I,4
K62R; S162I; S163F,4
S162I; S163F; L309M,4
S162I; S163F; L380S,4
I35V; K225I,4
Q88*; S162I; S163F,4
G100D; S162I; S163F,4
S60N; S162I; S163F; K225E; A313T; S361A,4
V87M; S162I; S163F,4
S162I; K225I; S361A,4
T119I; S162I; S163F,4
S162I; S163F; H176L,4
S162I; S163F; D199G; K225E; S361A,4
S162I; S163F; Q235H,4
S162I; S163F; G220C,4
S162I; S163F; G246C,4
S162I; S163F; T198S; K225E; S361A,4
S162I; S163F; V405F,4
L98P; S162I; S163F; D312G; E349K,4
T51A; L98P; S162I; S163F,4
K225I; E280K,4
D11N; S162I; S163F,4
S162I; S163F; G256R,4
K225I; V396I,4
S162I; I352T,4
T6S; S162I; S163F; K225E,4
G49D; S162I; S163F,4
S162I; S163F; F178L,4
S162I; S163F; L210M,4
S162I; S163F; K306R,4
R16S; S162I; S163F,4
S162I; S163F; V289A,4
S162I; S163F; K285N; I352T,4
S162I; S163F; K277N,4
S67N; S162I; S163F; K225E; S361A,4
E105G; S162I; S163F,4
S162I; S163F; G257S,4
F158S; S162I; S163F,4
P146Q; S162I; S163F,4
G127D; S162I; S163F,4
S162I; S163F; R168H,4
N122K; S162I; S163F,4
S162I; S163F; I352A,4
K225I; N407S,4
L98P; S162I; S163F; F358I,4
L56Q; S162I; S163F,4
S162I; S163F; T229A,4
E28*; S162I; S163F,4
S162I; S163F; G246S,4
K225I; A381S,4
S162I; S163F; M211I; C231S,4
S162I; S163F; D366Y,4
S162I; K225E; Y384C,4
K225I; W268G,4
S162I; S163F; K225M,4
I183V; K225T,4
S162I; S163F; R193C,4
K225I; E397G,4
K62E; S162I; S163F,4
D65N; S162I; S163F; K225E; S361A,4
K225I; F343V,4
K225I; I232T,4
S140R; S162I; S163F,4
S140R; K225I,4
S162I; S163F; N169D,4
S162I; S163F; K225E; E281G; S361A,4
S162I; S163F; A224V,4
D156N; S162I; S163F,4
S137G; S162I; S163F,4
S162I; S163F; N195I,4
S162I; S163F; M211I; K225E; S361A,4
N297S,4
I94V; S162I; S163F; K225E; S361A,4
S162I; S163F; D301E,4
D70N; S162I; S163F; K225E; S361A,4
N96S; K225I,4
V13F; S162I; S163F,4
S162I; S163F; D196G,4
S162I; S163F; K311E,4
D11Y; S162I; S163F,4
T6S; A32S; L56H; T75Q; T76S; Q88T; P121D; T198S; D199I; K225I; D265V; E266A; W268Y; E269N; Q270D; R272Y; S273T; K277N; K278D; E280R; E281K; K284S,4
S162I; S163F; K225E; N344S; S361A,4
D70N; S162I; S163F,4
S162I; S163F; E266G,4
S162I; S163F; Y190C,4
S162I; S163F; Y332H,4
D54Y; S162I; S163F,4
S162I; S163F; E390G,4
S162I; S163F; G315C,4
S162I; S163F; K225E; Y357H; S361A,4
R82L; K225I,4
V132I; S162I; S163F,4
K225I; T382M,4
S162I; S163F; G179C,4
S162I; S163F; Q270H,4
E44G; S162I; S163F,4
S162I; S163F; N274S,4
N118S; S162I; S163F,4
S162I; S163F; N175S; K225E; S361A,4
K225I; D301N,4
R45H; S162I; K225E,4
N195S; K225I,4
S162I; S163F; K288Q; N297S,4
T6S; A32S; L56H; T75Q; T76S; Q88T; P121D; T198S; D199I; K225E; S361A,4
N138D; S162I; S163F; Q267R,4
S162I; S163F; K225E; K330R; S361A,4
S162I; S163F; E305A,4
L98P; S162I; S163F; V405I,4
S162I; S163F; K225E; A340S; S361A,4
S162I; S163F; A182V,4
S162I; S163F; L208M,4
V87A; S162I; S163F,4
K37R; S162I; S163F; K225E; S361A,4
S162I; S163F; N407H,4
S162I; S163F; K225E; T242A; S361A,4
S162I; S163F; K225E; F343L; S361A,4
S67N; S162I,4
P112T; S162I; S163F,4
S187F; K225I,4
S162I; S163F; K225E; S361A; V405I,4
L98P; S162I; S163F; N362I,4
N116D; S162I; S163F; K225E; S361A,4
S162I; S163F; T234P,4
K225I; N261S; K330M,4
S162I; S163F; P173L,4
T6S; A32S; S162I,4
S162I; S163F; N261D; S273N,4
P57T; S162I; S163F,4
K85R; S162I; S163F; K225E; S361A,4
N116H; S162I; S163F,4
S162I; S163F; I233L,4
S162I; S163F; D199Y,4
K225I; K278E,4
S162I; S163F; E305G,4
S162I; S163F; T341I,4
T50P,4
S162I; S163F; E269A; Y384C,4
K225I; T229M,4
S162I; S163F; V345A; G401D,4
S162I; D326A,4
S162I; S163F; E251G,4
T6S; A32S; L56H; T75Q; T76S; Q88T; S162I,4
S162I; S163F; R168C,4
I39V; S162I; S163F; K225E; S361A,4
S130A; K225I,4
S162I; S163F; K225E; V345A; S361A,3
K225I; C231Y,3
K225I; C231S,3
S162I; E201K; K225E,3
S162I; S163F; I377T,3
K225I; G403V,3
S162I; S163F; N297S; K330R,3
S162I; S163F; K225E; A313E; S361A,3
K225I; E269G,3
Y30S; S162I; S163F,3
S162I; S163F; N258H,3
S162I; S163F; F255L,3
S162I; N175H; K225E,3
S162I; S163F; F194S,3
S162I; S163F; K278M,3
S162I; I232F,3
K37E; S162I; S163F; K225E; S361A,3
S162I; S163F; K225E; S361A; T372S; Q373E; F375Y; G378N; S379N; A381K; T382V; Y384F; K385R; V389A; E390N; E391L; Q394R; V396I; E397K; E398P; K400T; N407K; K408I; E410R; E411F,3
G64D; K225I,3
S162I; S163F; F202L,3
S60G; S162I; S163F; T234A,3
G152S; S162I; S163F,3
S162I; K225E; E280K,3
P12S; S162I; S163F,3
K225I; K385N,3
S162I; S163F; M172I; N297S,3
S162I; S163F; G220V,3
S99*; S162I; S163F,3
Y68C; S162I; S163F,3
S162I; K225E; E281G,3
G139C; S162I; S163F,3
T6S; A32S; S162I; K225E,3
S99A; S162I; S163F; K225E; S361A,3
S162I; S163F; N195S; K225E; S361A,3
S162I; S163F; N314K,3
F83L; S162I; S163F; K225E; S361A,3
D70Y; S162I; S163F,3
K225I; K330N,3
A153V; S162I; S163F,3
A129V; S162I; S163F; K225E; S361A,3
Q53K; K225I,3
K225I; N392S,3
N63D; S162I; S163F; K225E; S361A,3
S162I; S163F; I249T,3
S162I; S163F; K225E; C231R; S361A,3
S162I; S163F; S287N,3
S162I; S163F; K225E; I271V; S361A,3
S162I; S163F; F194S; K225E; S361A,3
L114M; S162I; S163F,3
S162I; S163F; L167M,3
S162I; K225E; K406E,3
G25D; S162I; S163F,3
S162I; N164S,3
S162I; S163F; C231*,3
K225I; K330R,3
S67G; S162I; S163F; K225E; S361A,3
S162I; S163F; G177S,3
S162I; S163F; P206Q,3
N38D; S162I; S163F,3
N164S; K225L,3
S162I; S163F; E269D; K284N,3
S162I; S163F; A224S,3
S162I; S163F; E201G,3
Y20H; S162I; S163F; K225E; S361A,3
S162I; S163F; K225E; I233V,3
M211I,3
S162I; S163F; V396F,3
S162I; S163F; V345A,3
T119N; S162I; S163F,3
P146L; S162I; S163F,3
N122D; K225I,3
K225I; K284R,3
P71L; S162I; S163F,3
S162I; S163F; H216N,3
S162I; S163F; A381S,3
T6S; A32S; L56H; T75Q; T76S; Q88T; P121D; T198S; D199I; K225I; C231R; D265V; E266A; W268Y; E269N; Q270D; R272Y; S273T; K277N; K278D; E280R; E281K; K284S,3
S162I; S163F; K225E; S361A; Y384H,3
S162I; I165V; K225I; N261S; D325N; K330M,3
D65N; L98P; S162I; S163F,3
S130Y; S162I; S163F,3
S162I; S163F; E336K,3
S162I; S163F; A207T; K225E; S361A,3
L98P; E133K; S162I; S163F; G378S,3
Q141K; S162I; S163F,3
Y20F; S162I; S163F,3
S162I; S217G; K225E,3
S162I; S163F; P206S,3
S162I; S163F; K225E; R348H; S361A,3
S162I; S163F; K284E,3
G49S; S162I; S163F,3
N111D; S162I; S163F,3
S162I; S163F; M172I; K225E,3
S162I; S163F; D301G; T350S,3
S162I; K225E; V389I,3
S162I; S163F; K225E; T341A; S361A,3
S162I; K225E; R272H,3
L98P; S162I; S163F; F178L,3
K62R; S162I; S163F; K225E; S361A,3
S162I; S163F; K225N; K342E,3
S67G; S162I; S163F,3
Q267R,3
S162I; N197D,3
P2L; S162I; S163F,3
D81G; S162I; S163F,3
S162I; N238K,3
P57L; S162I; S163F,3
K225I; F303L,3
N122S; S162I; S163F; K225E; S361A,3
S162I; S163F; N164S; K225E; S361A,3
I134V; S162I; S163F; K225E; S361A,3
S162I; S163F; K225E; N248D; S361A,3
P58T; S162I; S163F,3
D117Y; S162I; S163F,3
I102L; S162I; K225E,3
D65Y; S162I,3
S162I; S163F; P239T,3
K225I; T372A,3
I86V; S162I; S163F; Y317C,3
T75S; S162I; S163F,3
Q88*; S162I,3
I4V; S162I; S163F; K225E; S361A,3
Q53K; S162I,3
S162I; S163F; C231F,3
S162C; P393R; Q394K; I395L; V396L; E397R; E398R; I399L; K400R; G401V; R402V; G403A; L404W; V405L; N407T; K408R; I409L; E410K; E411S,3
S162I; S163F; K225E; N261S; S361A,3
P23S; S162I; S163F,3
S162I; S163F; N175H; T372A,3
S162I; S163F; K225E; I352T,3
S162I; S163F; K225E; S361A; T382M,3
T59I; S162I,3
S162I; S163F; N316D,3
S162I; S163F; S287G,3
S162I; S163F; D301A,3
T75Q; T76S; S162I; S163F,3
N97S; S162I; S163F,3
S162I; M172I; K225E,3
S163F; K225I,3
K225I; T372N,3
S162I; K225E; Q235K,3
A131V; S162I; S163F,3
S162I; S163F; K225E; F252L; S361A,3
D65N,3
S162I; S163F; K225E; I352V,3
S162I; S163F; H216Y; K225E; S361A,3
S162I; S163F; Y384N,3
S162I; S163F; K225E; S361A; N407K,3
S162I; S163F; N238K; P239T,3
P112Q; S162I; S163F,3
S162I; S163F; D205E,3
S162I; S163F; N248I,3
S162I; I232L,3
G139S; S162I; S163F,3
K225I; G308D,3
N97S; S162I; S163F; K225E; S361A,3
T350S,3
Q27K; S162I; S163F,3
S162I; S163F; K385N,3
A129T; S162I; S163F; K225E; S361A,3
K225I; I352T,3
P146L; S162N; K225I,3
S162I; S163F; K225E; V345I; S361A,3
K225I; G403S,3
S162I; S163F; K225E; N238S; S361A,3
K225I; K284E,3
S162I; S163F; E280G; Y384S,3
S162I; A313S,3
S162I; S163F; K225E; S361A; E398G,3
K225I; D338G,3
S162I; S163F; N362S,3
S162I; S163F; K323R,3
S162I; S163F; K225E; S361A; T372S,3
S162I; S163F; P173T,3
S162I; E390K,3
S162I; S163F; P239L,3
S162I; S163F; K225E; N314D; S361A,3
K225I; R244S,3
Q141P; S162I; S163F,3
D128A; K225I,3
S162I; S163F; I183V; K225E; S361A,3
S162I; S163F; G403A; L404W; V405L; N407T; K408R; I409L; E410K; E411S,3
I102T; K225I,3
L98P; S162I; S163F; I232V,3
S66F; S162I; S163F; A283V,3
S162I; S163F; Q236R,3
S162I; S163F; K300N,3
F136L; S162N; K225I,3
G127C; S162I; S163F,3
T50S; S162I; S163F,3
S162I; S163F; M211T; K225E,3
S162I; S163F; A283V,3
A340V,3
S162I; S163F; F303Y,3
Q27*; K225I,3
S162I; S163F; K225E; S273R; S361A,3
S162I; K225E; Y355H,3
K225I; K300M,3
T17N; S162I; S163F,3
S162I; K225E; G403C,3
S162I; S163F; N175H; K225E; S361A,3
S162I; S163F; T228I,3
S162I; S163F; Y351C,3
S162I; S163F; S174G,3
D15E; S162I; S163F,3
T119I; S162I,3
N122D; S162I; S163F; K225E,3
S162I; S163F; E251K,3
S162I; D365N; T372S; Q373E; F375Y; G378N; S379N; A381K; T382V; Y384F; K385R; V389A; E390N; E391L; Q394R; V396I; E397K; E398P; K400T; N407K; K408I; E410R; E411F,3
S162I; G403S,3
K225I; A283S,3
K225I; E411K,3
P121D; S162I; S163F,3
K80E; I94V; N118D; S162I; S163F,3
T6S; A32S; L56H; T75Q; T76S; Q88T; P121D; S162I; S163F; K225E; S361A,3
S162I; T230M,3
N118D; S162I; S163F,3
S162I; S163F; K359R,3
A131T; S162I; S163F,3
S162I; S163F; K225E; N261T; S361A,3
S162I; S163F; G403C,3
S162I; S163F; K225E; S361A; E391G,3
S162I; T264S; Y357H,3
S99P; K225I,3
S162I; S163F; K225E; S361A; R402S,3
F83Y; S162I; S163F,3
Q123R; S162I; S163F,3
S162I; Y357C,3
S162I; S163F; N316H,3
T6S; L98P; S162I; S163F,3
S162I; S163F; R193L; K225E; S361A,3
S162I; V184I,3
N118K; S162I; S163F,3
T6S; A32S; L56H; T75Q; T76S; Q88T; P121D; T198S; D199I; G220V; K225T,3
G100S; S162I; S163F,3
K225I; G257D,3
S162I; S163F; F186L,3
L19P; S162I; S163F,3
S162I; S163F; W268C,3
S162I; S163F; I215F,3
S66P; S162I; S163F; K225E; S361A,3
S108I; K225I,3
K225I; I271V,3
I203V; K225I,3
S99A; S162I; S163F,3
S162I; S163F; K225E; S379P,3
S162I; S163F; I249V,3
S162I; S163F; N195K,3
S162I; S163F; I203V; K225E; S361A,3
K225I; E390K,3
T75N; S162I; S163F,3
N138S; S162I; S163F,3
S162I; S163F; Y384S,3
S162I; S163F; P188T,3
S162I; S163F; N297K,3
S162I; S163F; E266*,3
T76M; S162I,3
G152D; S162I; S163F,3
S162I; S163F; A182E,3
R193C; K225I,3
S162I; E266D,3
S162I; S163F; V389F,3
S162I; S163F; N407T,3
A32S; L56H; T75Q; T76S; Q88T; S162I; S163F,3
S162I; S163F; T229P,3
S162I; K225E; Y384F,3
S162I; S163F; T350S; N362D,3
N63D; M172I; K225T,3
E213*; K225I,3
K225I; N248S,3
E44K; S162I; S163F,3
P12Q; S162I; S163F,3
S162I; S163F; D365G,3
N10S; S162I; S163F; K225E; N261S; S361A; G401S; K408N,3
S162I; S163F; K346R,3
R45H; S162I; S163F; K225E; S361A,3
S162I; S163F; K225E; S361A; G401S,3
S162I; K225E; I262V; S318N,3
L98P; S162I; S163F; R193H,3
S162I; S163F; E251*,3
S162I; S163F; H212R,3
S162I; S163F; K225E; D325N; S361A,3
K225I; L276I,3
S162I; S163F; H176R,3
K225I; E250K,3
S162I; S163F; V319A,3
S162I; S163F; E269A,3
M1I; S162I,3
K225I; I271T,3
D128N; S162I; S163F; K225E; S361A,3
S162I; S163F; N248Y,3
S162I; N407T; K408R; I409L; E410K; E411S,3
K225I; D312N,3
S162I; S163F; P393L,3
S162I; S163F; G226S,3
K62N; S162I; S163F; K225E,3
D117G; S162I; S163F,3
K225Q; Y355H,3
S162I; S163F; K323E,3
S162I; S163F; M172I; K225E; S361A,3
D117E; S162I; S163F,3
E159K; S162I; S163F,3
G101S; S162I; S163F; K225E; S361A,3
I86N; S162I; S163F; M172I,3
S162I; S163F; S379L,3
W40L; S162I; S163F,3
G101S; S162I; S163F; S361A,3
S162I; S163F; K225E; S361A; R402C,3
I39V; K225I,3
S162I; K225E; G257D,3
S162I; Q394K,3
N10S; S162I; S163F; K225E; S361A; G401S; K408N,3
S162I; S163F; V345F,3
S162I; S163F; N175H; I183T,3
L98P; S162I; S163F; Y384H,3
S162I; S163F; K225E; D265A; S361A,3
R402H,3
R82C; S162I; S163F; K225E; S361A,3
F194V; K225I,3
S162I; W268R,3
K225I; Y384H,3
F83C; S162I; S163F; K225E; S361A,3
S162I; K225E; K400R,3
I21V; L98P; S162I; S163F,3
S162I; S163F; K225E; S361A; V389I,3
L56H; S162I,3
I126L; S162I; S163F,3
S163P; K225I,3
S162I; S163F; L360S,3
I39V; I42V; S162I; S163F,3
S162I; K406E,3
S162I; I409S,3
S162I; D196Y; K225E,3
S162I; S163F; I262L,3
N138D; T160M; K225I,3
S162I; S163F; G308S,3
S162I; S163F; I183T,3
Y69H; S162I; S163F; K225E; S361A,3
S162I; S163F; L364M,3
K225I; K385R,3
S162I; S163F; I247V; I371V,3
S162I; S163F; D365Y,3
L98P; S162I; S163F; E269K,3
S162I; R272C,3
I134T; S162I; S163F,3
N92K; S162I; K225I,3
K62N,3
H125Y; S162I; S163F; K225E; S361A,3
M151I; S162I; S163F; K225E; S361A,3
T209I; K225I,3
T6S; A32S,3
S162I; S163F; N175H; S361A,3
N92K; S162I; S163F; K300R,3
V13I; S162I; S163F; K225E; S361A,3
V13I; K225I,3
S162I; S163F; K225E; E250K; S361A,3
K225I; G401V,3
S162I; S163F; P206L; K225E; S361A,3
S162I; K225T; E305K,3
K225I; K400E,3
Y30C; S162I; S163F; N175H,3
S162I; S163F; I262V; S273G; N297S,3
I41V; S162I; S163F; K225E; S361A,3
S162I; S163F; K225E; S361A; I399T,3
S162I; S163F; G223D,3
S162I; S163F; G220S,3
K225I; S273R,3
S162I; S163F; E250*,3
K225I; T350S,3
N197S; K225I,3
S162I; S163F; K330Q,3
S162I; S163F; A381E,3
S162I; S163F; E269*,3
S162I; S163F; D259Y,3
L98P; S162I; S163F; N297S,3
L103M; S162I; S163F,3
S162I; S163F; K225E; K311R; S361A,3
S162I; S163F; K225E; T372A,3
D11G; S162I; S163F,3
A224T,3
S162I; K225E; I352T,3
S162I; S163F; T350I,3
R93H; S162I,3
S162I; S163F; N175H; N362D,3
P2H; S162I; S163F,3
L145M; K225I,3
S162I; S163F; S287I,3
S162I; K225E; R402S; G403W; L404P; V405G; K406*; N407K; K408Q; I409D; E410*; E411R,3
S162I; I352V,3
T6S; A32S; L56H; T75Q; T76S; Q88T; K225I,3
K225I; N407K; K408Q; I409D; E410*; E411R,3
E105K; S162I; S163F; K225E; S361A,3
S162I; S163F; D366G,3
I102T; S162I; S163F; I352V,3
S162I; K225E; K285R,3
I41V; L98P; S162I; S163F,3
S162I; S163F; Y222H; K225E; S361A,3
S162I; S163F; K225E; T264A,3
T6S; A32S; L98P; S162I; S163F; N274S; Q354K,3
P112S; S162I; S163F; K225E; S361A,3
L98P; S162I; S163F; T234A,3
G100C; S162I; S163F,3
N10S; L98P; S162I; S163F,3
P2T; S162I,3
E28K; K225I,3
K225I; N376S,3
V47A; K225E,3
E28K; S162I; S163F; S273G; N297S,3
T6I; S162I; S163F; K225E; S361A,3
L98P; S162I; S163L,3
N46K; S162I; S163F,3
S162I; S163F; N175H; E398G,3
S162I; S163F; K225E; P294Q; S361A,3
R16L; S162I; S163F,3
S162I; S163F; I241M,3
S162I; L276F,3
S162I; S163F; L167P,3
F91L; S162I; S163F,3
S162I; S163F; K225E; S318N,3
E106K; K225I,3
S162I; S163F; F255Y,3
L98P; S162I; S163F; T341A,3
N96D,3
K225I; S292I,3
S162I; S163F; K225E; S361A; I409T,3
S162I; S163F; P188L,3
S162I; V389I,3
S162I; S163F; G223S,3
S162I; S163F; I262M,3
S162I; S163F; L404P,3
M172I; K225T; G257D,3
S162I; S163F; E189K,3
S162I; S163F; I271T,3
L103P; S162I; S163F,3
T51I; S162I; S163F; S361A,3
T198A; K225I,3
S162I; S163F; K277R,3
S162I; S163F; E391G,3
N38S; E154G; S162I; K225E,3
I42V; S162I; S163F; K225E; S361A,3
G64D; S162I; S163F,3
I102L; S162I; S163F; K225E; S361A,3
S162I; S163F; K225E; D265G,3
S162I; S163F; T372P,3
S162I; S163F; S367F,3
K225Q; Y384C,3
I48V; S162I; S163F; K225E; S361A,3
L98P; S162I; S163F; D365N; T372S; Q373E; F375Y; G378N; S379N; A381K; T382V; Y384F; K385R; V389A; E390N; E391L; Q394R; V396I; E397K; E398P; K400T; N407K; K408I; E410R; E411F,3
S162I; S163F; E213G,3
S162I; K225L,3
S162I; S163F; T228S,3
S162I; S163F; T382K,3
D117A; S162I; S163F,3
K62N; S162I,3
Y222H; K225I,3
S162I; S163F; E305D,3
M172I; K225N,3
L98P; S162I; S163F; I233V,3
S162V; S163F; K225E; S361A,3
L98P; S162I; K225E,3
S162I; S163F; P206T,3
S162I; S163F; K225E; S361A; I377V,3
K3E; S162I; S163F; K225E; S361A,3
K225L; N238K,3
S162I; S163F; Y222H; K225I,3
S162I; S163F; N175T,2
K225I; L240M,2
E154D; S162I; S163F,2
P58S; K225I,2
S162I; S163F; P294T,2
V47A; K225I,2
S162I; S163F; N322D,2
K225I; D301G,2
K225I; V396A,2
F124S; S162I,2
S162I; S163F; K342E; T372N,2
M172I; K225I,2
F178Y; K225I,2
K225I; V319I,2
D54N; S162I; S163F; K225E; S361A,2
K225I; I247V,2
S162I; E349K,2
K225I; K329N,2
S162I; S163F; K225E; N258D; S361A,2
R93S; S162I; S163F,2
S162I; S163F; K225E; R272C; S361A,2
G115C; S162I; S163F,2
L98P; S162I; S163F; D301G,2
K225I; V289A,2
N169D; K225I,2
Y222S; K225I,2
L56H; T75Q; T76S; S162I; S163F,2
R193H; K225I,2
L98P; S162I; S163F; N248Y; Y357C,2
S162I; S163F; C347Y,2
R45L; S162I,2
I39V; S162I; S163F; I352V,2
T76M; S162I; S163F,2
L98P; S162I; S163F; D265G,2
Y69H; S162I; S163F; K225E; S287N; S361A,2
S162I; S163F; G177C,2
S162I; S163F; T335N,2
S162I; S163F; A207S; K225E; S361A,2
K80R; S162I; K225E,2
I41V; S162I; S163F; K225E,2
L56M; S162I; K225E,2
P71Q; S162I; S163F,2
S162I; S163F; Y355D,2
L98P; S162I; S163F; E397G,2
S162I; I262L,2
S162I; S163F; H176Q; K277E,2
S162I; S163F; Y171H; K225E; S361A,2
S162I; S163F; E266V,2
G378D,2
K225I; E398A,2
F83V; L98P; S162I; S163F; K225E,2
K225T; A313V,2
P52S; K225I,2
S162I; S163F; T234K,2
S162I; S163F; S379P; N407K,2
C231R,2
Y69H; S162I; S163F; K225E,2
K225I; Q270R,2
S162N; K225N,2
S162N; K225E; L276F,2
Y222C; K225I,2
S162I; S163F; H212N,2
Y30H; S162I; S163F; K225E; S361A,2
V405I,2
S162I; S163F; K225E; L240M; S361A,2
A32S; K225I,2
N96S; S162I; S163F; T350S,2
C26Y; S162I; S163F,2
S162I; S163F; L404M,2
E159G; K225I,2
I102F; S162I; S163F,2
N63K; K225I,2
G64D; S162I; S163F; K225E; S361A,2
S130F; S162I; S163F,2
S162I; S163F; K225E; D338N; S361A,2
M1I; S162I; S163F; K225E; S361A,2
L98P; S162I; S163F; T335A,2
F136L; K225I,2
K225I; N362D,2
Y30C; S162I; K225I,2
E79K; S162C; K225E,2
T6S; T75Q; T76S; Q88T; S162I; S163F,2
S162I; S163F; K225E; E251K; S361A,2
S162I; S163F; F192L,2
K225I; S292N; D326G,2
Y113S; S162I; S163F; K225E,2
L56H; S162I; S163F; K225E; S361A,2
E28G; S162I; S163F; K225E; S361A,2
C26R; S162I,2
E28K; S162I; S163F; A224S,2
S162I; S163F; Y384C; V396I,2
S162I; S163F; Y384H; E410K,2
S162I; S163F; G401V; R402V; G403A; L404W; V405L; N407T; K408R; I409L; E410K; E411S,2
N97K; K225T,2
K225I; A313V,2
W40C; S162I; S163F,2
S162I; K225E; N344S,2
S162I; S163F; K225E; V319I,2
K225I; S318R,2
S162I; S163F; A340S,2
S162I; K225E; I371V,2
S162I; S163F; I215T; K225E; S361A,2
F124V; S162I; S163F,2
S162I; S163F; Y190*; L208M,2
F194L; K225I; A340T,2
T17A; S162I; S163F,2
S162I; S163F; V319L,2
S162I; S163F; K225E; P239L; S361A,2
V47M; S162I; S163F; K225E; S361A,2
K22R; K225I,2
S162I; S163F; I241T,2
S187P; K225T,2
I126T; S162I; S163F,2
K37N; K225I,2
M36T; S162I; S163F,2
F136L; S162I,2
S162I; S163F; F252S,2
D65Y; K225I,2
S162I; S163F; S187P; I352V,2
Q88*; S162I; S163F; K225E; S361A,2
K225I; N316D,2
S162I; S163F; K225E; L360S; S361A,2
P57T; S162I; K225I,2
I39T; S162I; S163F,2
L98P; S162I; S163F; V291L,2
N195D; K225I,2
L98P; F136L; S162I; S163F,2
S162I; S163F; M172I; K385E,2
A131S; S162I; S163F,2
Q27R; S162I; S163F; K225E; N261T; S361A,2
S162I; S163F; G256V,2
K225I; D259N,2
S60R; S162I; S163F; K225E; S361A,2
L98P; S162I; S163F; N392S,2
L98P; S162I; S163F; K225R,2
S162I; S163F; T341A; T372N,2
S162I; S163F; V184A,2
K225I; S273I,2
I18T; S162I; S163F,2
S162I; S163F; D259E,2
V47M; K225I; V345A,2
I126V; K225I,2
A129S; K225I,2
L98P; S162I; S163F; Y357C,2
P57S; S162I; N175H,2
S162I; D312G,2
D15N; S162I; S163F,2
S66F; S140R; S162I; S163F,2
S162I; S163F; K225I; Y357C,2
S162I; S163F; I165L,2
S162I; S163F; G374D,2
F33L; S162I; S163F; K225E; S361A,2
S162I; K225E; I232V,2
S162I; S163F; L380F,2
S162I; K225E; N388S,2
T76A; S162I; S163F,2
S162I; S163F; N376K,2
F55L; S162I; N175H,2
S162I; S163F; N392D,2
S162I; S163F; Q304R,2
P121L; K225I,2
S162I; G177S,2
P23S; K225I,2
K225I; N383S,2
K225I; Q290K,2
I102V; S162I; K225E; S361A,2
N14D; S162I; S163F; T372A,2
S162I; S163F; K329N; S361A,2
F178L,2
K225I; Y357H,2
S162I; S163F; K285T,2
S162I; S163F; Q387K,2
S162I; S163F; Y171H,2
S162I; S163F; K225E; E269K; S361A,2
S162I; R272H,2
Y113C; S162I,2
I215V; K225I,2
L98P; S162I; S163F; I227V,2
S162I; S163F; G315S; E411K,2
L98P; S162I; S163F; W268C,2
S162I; N195S,2
S162I; N238S,2
S162I; S163F; G223C; K225E; S361A,2
S162I; N293S,2
S162I; S163F; K225E; I227V; S361A; N362S,2
S162I; K225I; I271T,2
E28K; S162I; S163F; K225E; I409S,2
L98P; S162I; S163F; Q267R,2
P43T; S162I,2
S162I; S163F; G257S; N383D,2
K225I; Q290H,2
S162I; K225N; I262L,2
S162I; S163F; I377L,2
K225I; T264I,2
S162I; S163F; S318I; S361A,2
S162I; S163F; K225E; S361A; E411D,2
S162I; S163F; K225E; S361A; I371T,2
S162I; S163F; K225E; T264P; S361A,2
K225R,2
S162I; S163F; S217R,2
T59I; S162I; S163F; K225E; S361A,2
S162I; S163F; G386S,2
N122S; S162I,2
S162I; S163F; K225I; E390K,2
S162I; S163F; T382P,2
S162I; S163F; S361Y,2
S162I; S163F; K225E; N316S,2
S162I; G403C,2
S162I; S163F; T341P,2
S162I; S163F; F375S; N376T; I377S; G378A; S379H; L380W; A381R; T382R; N383T; Y384T; K385R; G386V; Q387R; N388M; V389S; E390R; E391R; N392T; P393R; Q394K; I395L; V396L; E397R; E398R; I399L; K400R; G401V; R402V; G403A; L404W; V405L; N407T; K408R; I409L; E410K; E411S,2
S162I; S163F; K225E; S361A; R402H,2
E391K,2
Q88T; P121D; S162I; S163F,2
S162I; S163F; N175H; N297S,2
S162I; I232T,2
K225I; R348H,2
K225I; P298L,2
P57S; K225I,2
S162I; S163F; F358L; T372N,2
K225I; D325N,2
S162I; S163F; Q204*,2
S162I; S163F; M172I; Y357H; T372N,2
S162I; S163F; K225E; S273G; N297S,2
S162I; K285R,2
S162I; S163F; S166P; K245E; T350S,2
S162I; S163F; S273G; N297S; G401D,2
E154*; S162I; S163F,2
T76S; K225T,2
S162I; S163F; I302S,2
K225I; N316Y,2
S162I; S163F; K225I; Q373K,2
S162I; S163F; G226D,2
K225T; I352V,2
S162I; S163F; N392T; P393R; Q394K; I395L; V396L; E397R; E398R; I399L; K400R; G401V; R402V; G403A; L404W; V405L; N407T; K408R; I409L; E410K; E411S,2
E159D; S162I; S163F,2
S162I; S163F; N164S; N407D,2
P57T; S162I; S163F; K225E; S361A,2
S162I; S163F; N197K; K225E; S361A,2
S162I; K225E; R244H,2
K225I; D366N,2
P121S; S162I; K225E; E391K,2
S162I; S163F; Y332*,2
S162I; S163F; K225E; S361A; N388D,2
K225I; L380S,2
K225I; E410G,2
S162I; S163F; V405F; E411K,2
S162I; S163F; K225I; E280K,2
L98P; S162I; S163F; F334S,2
K225I; I262T,2
L107P; S162I; S163F; K225E; S361A,2
S162I; S163F; K225E; S361A; N383S,2
S60G; S162I; S163F; K225E; S361A,2
S162I; S163F; T264P,2
S162I; K225N; Y357H,2
P121L; G315S,2
T6S; A32S; L56H; T75Q; T76S; Q88T; S162I; S163F; K225T,2
D81N,2
T6S; A32S; L56H; T75Q; T76S; Q88T; P121D; K225E,2
S162I; S163F; N261T,2
L98P; S162I; S163F; Y384C,2
M36I; S162I; S163F; S273G; N297S,2
S162I; K330N,2
S162I; S163F; D338Y,2
T160A,2
S162I; S163F; R168S,2
S162I; K225E; T234M,2
T50A; S162I; S163F; I165V; K225E; S361A,2
L98P; S162I; S163F; K342N,2
E106K; S162I; S163F; K225E; S361A,2
S162I; S163F; K342E; I352V,2
S162I; S163F; K225E; F358L; S361A,2
S162I; I263V,2
S162I; S163F; T350A,2
S162I; S163F; T234A; E269D,2
L98P; A131V; S162I; S163F,2
S162I; S163F; I352T; S361A,2
L98P; S162I; S163F; N344Q; D365N; T372S; Q373E; F375Y; G378N; S379N; A381K; T382V; Y384F; K385R; V389A; E390N; E391L; Q394R; V396I; E397K; E398P; K400T; N407K; K408I; E410R; E411F,2
S60R; K225I,2
T59I; K62N; K225I,2
Q354R,2
D117N; S162I,2
S162N; K225I; S361A,2
S162I; S163F; A207V; K225E; S361A,2
S162I; S163F; I165V; V184I,2
G101D; S162I; S163F; K225E; S361A,2
S162I; S163F; V184I; K225E,2
S162I; I327T,2
S162I; S163F; G179D,2
N97H; L98P; S162I; S163F,2
S162I; S163F; K225E; Y357C; S361A,2
S162N; K225I; D301A,2
L98P; S162I; S163F; D265V,2
S162I; S163F; Y222F; E266G,2
S60N; S162I,2
K85E; S162I; S163F,2
S162I; S163F; P294Q,2
S162I; E391G,2
K225I; E349K,2
S162I; N383K,2
K225I; E281G,2
L98P; S162I; S163F; E269G,2
S162I; S163F; I227V; S273C,2
S162I; S163F; K225E; N316S; S361A,2
H142Y; S162I; S163F,2
P2T; S162I; S163F,2
K62E; S162I; S163F; V184I,2
K225I; E266*,2
L61M; S162I; S163F,2
I41T; S162I; S163F; N170D,2
S162I; S163F; K311R,2
T6S; A32S; L56H; T75Q; T76S; Q88T; P121D; T198S; D199I; K225T; D265V; E266A; W268Y; E269N; Q270D; R272Y; S273T; K277N; K278D; E280R; E281K; K284S,2
A32S; L56H; S162I; S163F,2
S162I; S163F; K342R; I352T,2
S162I; S163F; K225E; I321V; S361A,2
D77E; S162I; S163F,2
Y68H; S162I; S163F; Q270H; E305D,2
S162I; S163F; K225E; I302L; S361A,2
S162I; S163F; Y357S,2
K225I; S318I,2
Y113C; S162I; S163F,2
S162I; S163F; K225E; S361A; Y384H; N407T; K408R; I409L; E410K; E411S,2
L98P; S162I; S163F; D312Y,2
K225I; N322D,2
Q27*; S162I; S163F; K225E; S361A,2
M1L; S162I; S163F; K225E; S361A,2
S162I; T372A,2
K225I; T350P; Y351I; I352S; G353A; Q354N; Y355I; K356S; Y357T; F358S; K359N; L360C; S361L; N362T; L363C; L364W; D365T; D366T; S367L; I368S; Y369T; N370I; I371L; T372P; Q373R; G374V; F375S; N376T; I377S; G378A; S379H; L380W; A381R; T382R; N383T; Y384T; K385R; G386V; Q387R; N388M; V389S; E390R; E391R; N392T; P393R; Q394K; I395L; V396L; E397R; E398R; I399L; K400R; G401V; R402V; G403A; L404W; V405L,2
R193L,2
S162I; S163F; K225E; S292N,2
S162I; S163F; A313S,2
E154K; S162I; S163F; K225I,2
S162I; S163F; K225E; G256V; S361A,2
S162I; S163F; K277E; G401D,2
S162I; S163F; E189G,2
K225I; K406R,2
S162I; S163F; S191P; K225E; S361A,2
S162I; S163F; Q204*; S273G; N297S,2
S162I; S163F; K278T,2
S162I; K225E; P298S,2
P121D; K225I,2
I102T; S162I; K225E,2
S162I; S163F; S273N; S292I,2
S162I; S163F; E280K; S318N,2
Y68H; L98P; S162I; S163F,2
S162I; K225I; Q354R,2
A153S; K225T,2
G139C; S162I; S163F; K225E; S361A,2
S60G; S162N; K225I; Y355H,2
K225I; P294L,2
N14D; L98P; S162I; S163F,2
K225I; C347R,2
S162I; S163F; N170D,2
S162I; S163F; E349D,2
S162I; S163F; K225E; N274D; S361A,2
T6S; A32S; L56H; T75Q; T76S; Q88T; P121D; I352T,2
A153T; S162I,2
T17I; S162I; S163F; K225E; S361A,2
S162I; S163F; K225E; K406N,2
S162I; S163F; Q373R; G374V; F375S; N376T; I377S; G378A; S379H; L380W; A381R; T382R; N383T; Y384T; K385R; G386A; Q387R; N388M; V389S; E390R; E391R; N392T; P393R; Q394K; I395L; V396L; E397R; E398R; I399L; K400R; G401V; R402V; G403A; L404W; V405L; N407T; K408R; I409L; E410K; E411S,2
S162I; K225E; D265G,2
S162I; S163F; S191L; K225E; S361A,2
S162I; H219N,2
S162I; S163F; S174R,2
S162I; K225E; G226V,2
I18T; S162I; S163F; I165S; K225E; S361A,2
S162I; K225N; Q235R,2
T119A; S162I; S163F; K225E; S361A,2
D70G; S162I; S163F,2
S162I; S163F; K225E; D338G; S361A,2
S162I; S163F; E213G; L276I,2
S162I; S163F; K225E; F255L; S361A,2
P58L; S162I,2
K225I; L296M,2
S162I; S163F; F303S,2
S162I; S163F; Q237K,2
L98P; N122S; S162I; S163F,2
D70N; L98P; S162I; S163F; E269G,2
S162I; S163F; T254A,2
S162V; S163F; K225E,2
S162I; S163F; N170S; K225E; S361A,2
V148I; S162I; S163F; K225E,2
S162I; S163F; Y332C,2
K80R; S162I; S163F; K225E; S361A,2
S162I; E269G,2
S162I; S163F; K225E; S318I,2
S162I; S163F; K225E; K330N; S361A,2
S162I; S163F; E269G; S273G; N297S,2
S162I; S163F; S174N,2
P121T; S162I; S163F,2
S162I; S163F; P206L,2
S140N; K225E,2
D117N,2
S162I; S163F; D310Y,2
I4M; S162I; S163F,2
G25S; L98P; S162I; S163F,2
P112L; S162I; S163F; K225E; S361A,2
L309M; K385R,2
T76K; S162I; S163F,2
S162I; K225E; V405D,2
S162I; S163F; N197K,2
L98P; S162I; S163F; Q295R,2
L56M; A129S; S162I; N175H; T264A,2
T6S; A32S; L56H; T75Q; T76S; Q88T; P121D; T198S; D199I; K225E,2
I150V; S162I; S163F,2
E105K; S162I; S163F,2
D54G; S162I; S163F; K225E; S361A,2
L98P; S162I; S163F; E269G; V345A,2
T50S; S162I; F375S; N376T; I377S; G378A; S379H; L380W; A381R; T382R; N383T; Y384T; K385R; G386V; Q387R; N388M; V389S; E390R; E391R; N392T; P393R; Q394K; I395L; V396L; E397R; E398R; I399L; K400R; G401V; R402V; G403A; L404W; V405L; N407T; K408R; I409L; E410K; E411S,2
S162I; S163F; K225E; D312G; S361A,2
K85N; S162I; S163F; K225E; S361A,2
S162I; S163F; V184F,2
S162I; S163F; K225E; S361A; N407K; K408I; E410R; E411F,2
S162I; S163F; Y171C; T372A,2
S162I; S163F; Q270K,2
S162T; S163F,2
I102M; K225I; N316S; S367P,2
S162I; S163F; C231S; V345A,2
S162I; I165V; K225I; N261S; K330M,2
T6S; A32S; L56H; T75Q; T76S; Q88T; S162I; S163F; N297S,2
D70E; S162I; S163F,2
S162I; S163F; A182V; K225E; S361A,2
S162I; S163F; K225E; S361A; E391K,2
S162I; K225E; E266D,2
L98P; S162I; S163F; N261S,2
S162I; K225E; Q270R,2
A381E,2
P155L; K225I,2
S162I; S163F; L208P,2
A153S; S162I,2
S162I; S163F; I321T,2
S162I; F337L,2
H125L; S162I; S163F,2
T51I; S162I; S163F; K225E; S361A,2
S162I; T341N,2
S162I; S163F; I183L,2
S162I; S163F; K225E; Q270*; S361A,2
L98P; S162I; S163F; A283S,2
K225I; D326G,2
S162I; S163F; K225E; K329N,2
V87A; S162I; S163F; K225E; S361A,2
K225I; T372I,2
S162I; S163F; G220D,2
I150V; S162I; S163F; K225E; S361A; I371V; I395V,2
S162I; S163F; Q270*,2
F158L; S162I,2
K225I; Q295L,2
Y30C; S162I; S163F; K225E; S361A,2
S162I; S163F; E411A,2
S162I; S163F; G401D; N407K; K408Q; I409D; E410*; E411R,2
K225I; E398K,2
S162I; S163F; N316K,2
S162I; S163F; K225E; I263V; S318I; S361A,2
L98P; S162I; S163F; M211I,2
D156A; K225I,2
S162I; S163F; D205G,2
C26F; S162I; S163F,2
P52S; S162I; S163F; T372N,2
I143V; S162I; S163F,2
K225I; I233V,2
Y68H; S162I; S163F; T341I,2
S162I; S163F; T209I,2
I39V; S162I; S163F; V345I,2
H125Y; S162I; K225E,2
S162I; K225E; C231R,2
T6A; L98P; S140G; S162I; S163F,2
K225N; G257D,2
S162I; S163F; K225E; E280K; S361A,2
M151I; K225I,2
N92S; S162I; S163F,2
L98F; K225I,2
K225I; Q236R,2
S187Y; K225I,2
S162I; K225E; G308S,2
K225I; D326Y,2
S162I; K225*,2
E78*; S162I; S163F,2
S162I; S163F; N200S; K225E; S361A,2
G25V; S162I; S163F,2
G403S,2
R45C; K225I,2
E78K; S162I; S163F; K225E,2
L98P; S162I; S163F; Y171C,2
G101S; S162I,2
D77Y; K225I,2
E28K; S162I,2
S162I; S163F; S367T,2
S162I; S163F; K225E; K385R,2
L19M; S162I; S163F,2
F33L; S162I; S163F,2
S162I; S163F; K225E; Y299C; S361A,2
S162I; S163F; Q236*,2
E78K; K225I,2
S162I; S163F; L218M; K225E; S361A,2
S162I; S163F; N383K,2
H212R; K225L,2
V148A; S162I; S163F,2
S162I; K225E; G403S,2
S162I; S163F; L240R,2
P58Q; S162I; S163F,2
N10T; S162I; S163F,2
Q53*; L98P; S162I; S163F,2
I126V; S162I; S163F; K225E; S361A,2
I41V; S162I,2
T6S; A32S; L56H; T75Q; T76S; Q88T; P121D; S162I; S163F; K225E,2
S162I; S163F; T264I,2
A153T,2
I102L; S162I; S163F; K284R,2
L98P; S162I; S163F; E281K,2
S162I; S163F; K225E; I368T,2
S162N; K225I; N407K; K408Q; I409D; E410*; E411R,2
S162I; N175H; K285N,2
S162I; S163F; L404R,2
S162I; S163F; K225N; S361A,2
S162I; S163F; I165V; K288E; N297S,2
N14D; S162I; S163F; K225E; S361A,2
N138D; S162I; S163F; K356R,2
S162I; S163F; K225E; T228S; S361A,2
S162I; S163F; K225E; K284E; S361A,2
T17I; K225I,2
Y69H; S162I; S163F; N316D,2
K225I; D265N,2
R45L,2
S162I; K225E; Q354R,2
S162I; S163F; K225E; I327V; S361A,2
K225I; R272L,2
S162I; S163F; K225E; S361A; K400Q,2
N8S; S162I; S163F,2
S67N; L98P; S162I; S163F,2
P112S; S162I; S163F,2
S137I; S162I; S163F; Y355H,2
S162I; S163F; K225E; S361A; Y384C,2
S162I; S163F; Y357V; F358L; K359Q; L360I; S361V; N362*; L364A; D365G; D366R; S367L; I368Y; Y369L; N370Q; I371Y; T372Y; Q373P; N376Q; I377H; G378R; S379L; L380I; A381G; T382D; N383E; Y384L; K385Q; Q387S; N388E; V389C; E390R; E391G; N392E; Q394A; I395N; V396C; E397*; E398G; I399D; K400*; R402S; G403W; L404P; V405G; K406*; N407K; K408Q; I409D; E410*; E411R,2
S162I; S163F; K225E; S361A; I409V,2
F136L; S162I; S163F; K225E; S361A,2
P23S; K62N; S162I; S163F; D196N,2
S162I; S163F; N376S,2
S60G; P121T; S162I; S163F,2
S162I; S163F; P188T; K225E; S361A,2
S162I; R402C,2
N161Y; S162I; S163F,2
E159*; S162I; S163F,2
S162I; K225E; Q236K,2
S162I; Q204*,2
T6S; A32S; L56H; T75Q; T76S; Q88T; S162I; K225E,2
I150V; K225I,2
S162I; T372S; Q373E; F375Y; G378N; S379N; A381K; T382V; Y384F; K385R; V389A; E390N; E391L; Q394R; V396I; E397K; E398P; K400T; N407K; K408I; E410R; E411F,2
K225I; C347Y,2
S162I; S163F; N344D,2
S162I; S163F; K225E; K285R; S361A,2
G49S; K225I,2
S162I; S163F; N274T,2
S162I; M172I; A313S,2
L61P; S162I; S163F; N170I; G308D,2
K225I; E281K,2
S162I; S163F; Y279S,2
M1I; S162I; S163F; G403C,2
E78D; S162I; S163F,2
S162I; S163F; N164T,2
K225I; V405A,2
S162I; S163F; K225E; G353S; S361A,2
S162I; S163F; K225E; N261D; S361A,2
S162I; S163F; Y384*,2
S162I; S163A; K225I,2
D70E; S162I; S163F; K225E; S361A,2
K225I; Y299C,2
S162I; S187P; K225E,2
V47L; S162I; S163F,2
S162I; S163F; T264S,2
S162I; I183T,2
K225I; L404P,2
S162I; S163F; Y307C,2
S162I; S163F; N243S; S273I,2
I4T; S162I; S163F,2
S162I; Y357H,2
I134T; S162I; S163F; K225E; S361T,2
F55L; S162I; S163F; K225E; S361A,2
N388D,2
S162I; V405I,2
S162I; G401D,2
K225I; A313T,2
A182E,2
T59A; S162I; S163F; S361A,2
N10I; N122D; S162I; S163F,2
S162I; S163F; K225E; S361A; T372A,2
S162I; E411K,2
M1T; S162I; S163F,2
S162I; S163F; I165T; K225E; S361A,2
S162I; S163F; N274H,2
S162I; S163F; K359R; T372N,2
S162I; Q295*,2
L98P; S162I; S163F; F334L,2
S162I; S163F; M211T,2
S162I; S163F; T335I,2
N96I; S162I; S163F; K225E; S361A,2
D54Y; S162I; S163F; K225E; S361A,2
K85R; K225I; G257S,2
S130F; S162I; S163F; I352V,2
S162N; K225I; K284R,2
S162I; S163F; E336*,2
K225I; N314S; N316I,2
S162I; S163F; K225E; S361A; E398D,2
S162I; S163F; H219R,2
Y357C,2
S162I; S163F; K225E; S361A; L364M,2
Q53K; S162I; S163F; K225E; S361A,2
Y68H; S162I; S163F; K225E; S361A,2
Y68C; L98P; S162I; S163F,2
S162I; S163F; G353D,2
T59P; E133K; S162I,2
S162T,2
N92K; S162I; S163F; K225E; S361A,2
S162I; S163F; K356T,2
S162I; S163F; K225E; S273G; S361A,2
D65N; S162I; K225E,2
S162I; S163F; K225E; K285R; S361A; R402H,2
S162I; S163F; K225E; T350S,2
S162I; S163F; G246D,2
K225T; D301N; F324L,2
S162I; S163F; K278R; D326N,2
G101S; S162I; K225T,2
S162I; S163F; A207V,2
V13F; S162I; S163F; G308S,2
S162I; S163F; N195D; K225E; S361A,2
S162I; K225I; L276F,2
V148G; S162I; S163F; K225E; S361A,2
S162I; S163F; S180Y; K225E; S361A,2
S162I; S163F; K356N,2
S162I; S163F; K225E; I327T; S361A; K385R,2
L74P; S162I; S163F; D301A,2
K225I; K278M,2
S162I; S163F; I395T,2
L56M; S162I; S163F,2
Q27K; S162I; S163F; P239S,2
W40R; S162I; S163F,2
S162I; S163F; K225E; Q236R; S361A,2
K225I; G246D,2
S162I; K225E; A313E,2
S162I; S163F; E410*,2
E106A; S162I; S163F,2
S162I; S273N,2
S162I; S163F; K285R; T372N,2
D156Y; S162I; S163F,2
S162I; S163F; I183V; I352T,2
S162I; S163F; I368T,2
L98P; S162I; S163F; Q235R,2
W40C; S162I; K225E,2
S162I; A313V,2
S162I; S163F; A224S; K225E; S361A,2
L98P; S162I; G226D; N248K,2
E79G; S162I; S163F,2
S162I; S163F; K225E; K342E; S361A,2
S162I; S163F; K225E; S361A; D366Y,2
S162I; E280K,2
S162I; S163F; D265G; S273I; V396I,2
S162I; S163F; F252L; T350S,2
L98P; S162I; S163F; T350S,2
S162I; S163F; I371T,2
S162I; S163F; T198A; K225E; S361A,2
L98P; S162I; S163F; K278E; V389I,2
F202L; K225I,2
K225I; Y384*,2
Q123*; S162I; S163F,2
K225I; D326N,2
N116S; S162I; S163F,2
S162I; S163F; K225E; G353D; S361A,2
S162I; I249V,2
E44*; S162I; S163F,2
S162I; S163F; S191P,2
S162I; K225E; N248T,2
S162I; S163F; K225E; N258H; S361A,2
S162I; S163F; D199A,2
L84M; K225I,2
P188Q; K225I,2
S162I; S163F; K225E; E410K,2
R45H; K225I,2
S162I; S163F; T350S; I371V,2
W40*; K225I; W268*,2
K225I; R402H,2
S162I; S163F; R193L; K284N,2
S162I; S163F; G386C,2
K225I; S292R,2
S162I; S163F; A340E,2
L144F; S162I; S163F,2
S174G; K225N; R244C,2
S162I; S163F; K225E; S361A; E411G,2
S162I; S163F; I352T; N407T; K408R; I409L; E410K; E411S,2
S162I; S163F; K225E; C347S; S361A,2
S162I; S163F; K225E; I247V; S361A,2
S162I; S163F; I409S,2
I102T; S162I; S163F,2
T6S; A32S; L56H; L98P; S162I; S163F,2
I48S; S162I; S163F; K225E; K329R; S361A,2
G25C; S162I; S163F; K225E; S361A,2
S162C; K225E; N258Y,2
R82L; S162I,2
A224V; K225I,2
N72I; S162I; S163F,2
S162I; S163F; N195T; K225E; S361A,2
N96D; L98P; S162I; S163F,2
K225I; K400R,2
L98P; E154A; S162I; S163F,2
I102V; S162I,2
N122D; S162I; S163F; K311R,2
S162I; S163F; G177V,2
R45L; K225T,2
S162I; K225E; N293S,2
S162I; S163F; K225E; S361A; T382A,2
L74V; S162I; K225E,2
S162I; S163F; K225E; S361A; Q373R,2
S66F,2
S162I; S163F; T242N,2
S162I; S163F; Q267*,2
D77G; K225I,2
K3R; K225I,2
P52S; S162I; S163F,2
I102M; S162I; K225I,2
P23L; S162I; S163F; T372N,2
T6S; A32S; L56H; T75Q; T76S; Q88T; G101S; P121D; S162I; S163F,2
I102V; K225I,2
S162I; S163F; I262T,2
E78G; S162I; S163F,2
V13F; K225I,2
S162I; S163F; L260R,2
E201G; K225I; S292N,2
P146L,2
S162I; S163F; N297T,2
S162I; N248I,2
T6S; A32S; L56H; T75Q; T76S; Q88T; P121D; T198S; D199S; K225I; D265V; E266A; W268Y; E269N; Q270D; R272Y; S273T; K277N; K278D; E280R; E281K; K284S,2
Q27*; S162I,2
Q88L; S162I; S163F,2
S162I; S163F; K284N; G403D,2
A182T; K225I,2
K225I; Y357C; G403S,2
T6S; A32S; L56H; T75Q; T76S; Q88T; G101S; P121D,2
S162I; S163F; K225E; S361A; S367F,2
S162I; S163F; E397D,2
R82H; K225I,2
K225I; P294Q,2
K225I; N297D; N370D,2
I215T; K225I,2
S162I; D312N,2
M1R; S162I; S163F,2
Y73H; S162I,2
S162I; S163F; E390*,2
S162I; R168H; Y384C,2
D65G; S162I; S163F; K225E,2
I143V; S162I; K225E,2
S162I; S163F; K406*,2
S162I; S163F; S318G,2
T160A; S162I; N175H,2
S60I; S162I; S163F,2
S162I; S163F; K225I; P294Q,2
S162I; S163F; Q387H,2
S162I; S163F; E281A,2
S162I; S163F; D265V; E266A; W268Y; E269N; Q270D; R272Y; S273T; K277N; K278D; E280R; E281K; K284S,2
P12L; S162I; S163F,2
S162I; S163F; M172I; I371V; Y384C,2
K225I; A340T,2
T50I; K225I,2
L98P; S162I; S163F; C231S,2
S162I; S163F; K225E; S361A; E397*,2
K225I; I327V,2
E28K; S162I; S163F; N297S,2
T6S; A32S; L56H; T75Q; T76S; Q88T; L98P; P121D; T198S; D199I,2
R82H; S162I; K225E,2
S162I; S163F; S292I; N297S,2
S162I; K225E; T242A,2
G49C; S162I; S163F,2
S162I; S163F; N407K; K408I; E410R; E411F,2
S162I; S163F; M172L,2
I102M; K225I; F303V,2
R16S; S162I; S163F; K225E; S361A,2
G24D; S162I; S163F,2
S162I; Q235H,2
K225I; L360S,2
S162I; S163F; I399N,2
I18T; K225I,2
S162I; S163F; K225E; S361A; E390*,2
H142Q; S162I; N392S,2
S162I; S163F; K225E; S361A; N407T; K408R; I409L; E410K; E411S,2
S162I; A313E,2
D156N; S162I; E349*,2
Q27*; S162I; S163F,2
K225I; Q267*,2
S162I; S163F; G223D; K225E; S361A,2
S99P; S162I; K225E,2
F194L,2
S174I; K225I,2
L98P; S162I; S163F; N370S,2
K285N,2
S162I; E305D,2
K62N; S162I; S163F; E269V,2
P23L; K225I,2
L98P; S162I; S163F; K288E,2
S162I; S163F; D366E,2
S162I; S163F; D205N; K225E; S361A,2
I39S; S162I; S163F,2
S162I; S163F; Q267H; I352T,2
S162I; S163F; Q373K,2
T6S; A32S; L56H; T75Q; T76S; L98P; S162I; S163F,2
A110V; S162I; S163F,2
S162I; S163F; K225E; T230M; S361A,2
S162I; S163F; N175D,2
S162C; K225E; V345A,2
S162I; S163F; T209P,2
Y68H; K225I,2
S162I; S163F; L240Q,2
Q53R; S162I; S163F; T382A,2
N111K; S162I; S163F,2
L98P; S162I; S163F; D196N; I371T,2
S162N; K225I; I227V,2
S162I; S163F; E398G; I399D; K400*; R402S; G403W; L404P; V405G; K406*; N407K; K408Q; I409D; E410*; E411R,2
E78K; S162I; S163F,2
S162I; S163F; N175H; N243S,2
I41V; K225N,2
G115S; K225I,2
S162I; S163F; A182E; K225E; S361A,2
N197H; K225I,2
I149T; S162I; S163F; K225E; S361A,2
L98P; A153T; S162I; S163F,2
E105K; S162I,2
L98P; S162I; S163F; I271V,2
S137N; S162I; S163F; K225E; S361A,2
S162I; S163F; K225E; E349G; S361A,2
K225I; N388S,2
L98P; S162I; S163F; F178L; Q394R,2
K400R,2
S162I; S163F; Y222D,2
S162I; K225E; D301N,2
N72H; S162I; S163F,2
Q88K; K225I; N258T,2
D77G; S162I; S163F,2
K225I; K400M,2
S162I; S163F; K225E; E305K; S361A,2
A32V; S162I; S163F,2
S162I; R193C,2
K37R; K225I,2
D81N; K225I,2
L98P; S162I; S163F; K400N,2
S162I; K225E; V319I,2
S162I; S163F; N238D; F303Y,2
E201K; K225I; Q354R,2
K225I; F334L,2
S162I; K225E; V389F,2
S162I; S163F; K225E; S287N; S361A,2
E106*; S162I; S163F; K225E; S361A,2
S162I; K225Q; Y384C,2
S162I; S163F; W268R; S361A,2
S162I; S163F; N169D; K225E; S361A,2
S162I; S163F; K225E; D326G; S361A,2
S162I; S163F; E398*,2
S162I; K225E; N238D,2
T6S; K225I; K278N,2
D65N; S162I,2
S162I; N322S,2
S162N; K225I; K408N,2
S162N; K225I; K285E,2
S162I; S163F; S273G; N297S; Y355H; V405G,2
S66Y; S162I,2
S162I; S163F; T198S,2
D117Y; S162I; S163F; K225E; S361A,2
S162I; S163F; A224T; K225E; S361A,2
S162N; K225E; E410K,2
D81N; S162I,2
S67I; S162I,2
S162I; G353C,2
S162I; S163F; C231Y; L286F,2
S162I; S163F; K225E; S361A; I409N,2
N122D; S162I; S163F; K225E; N297D; S361A,2
F7S; S162I; S163F; K225E; S361A,2
S162I; S163F; L218M,2
P146L; K225I,2
R193L; K225I,2
S162I; K225E; T372N,2
S162I; S163F; D338A,2
S162I; S163F; S273G; N297S; L328M; V405G,2
L286I,2
S162I; S163F; T234S,2
G152R; S162I; S163F; K225E; S361A,2
K225I; E305K,2
Y20C; S162I; S163F,2
K225T; E411K,2
N38S; S162I; S163F,2
K225I; I321V,2
S162I; S163L,2
Q123*; S162I; S163F; K225E; S361A,2
S162I; N175H; S292N,2
P43L; S162I; S163F,2
D77Y; S162I; S163F,2
L98P; K135R; S162I; S163F,2
I134V; S162I; S163F; K225E,2
K225I; K285N,2
S162I; S163F; R193H; K225E; S361A,2
A32S; L56H; T75Q; T76S; S162I; S163F,2
T6S; A32S; L56H; T75Q; T76S; S162I; S163F; K225E; S361A,2
S162I; S163F; K277N; N383S,2
S99L; S162I; S163F; T350S,2
R45C; S162I; S163F; K225E,2
S162I; K330R,2
T50I; S162I; S163F; K225E; S361A,2
T119I; S162I; S163F; K225E; S361A,2
S162I; S163F; H219Q,2
A32V; S162I; S163F; K225E; S361A,2
K225I; N407T,2
S162I; S163F; K225E; I302V; S361A,2
K225I; D312G,2
K225I; Q267R,2
S162I; S163F; K400N,2
S162I; S163F; K225E; K288E; S361A,2
S162I; S163F; K225E; E266D; S361A,2
I126L; S162I; S163F; K225E,2
S162I; E201K,2
S162I; S163F; K225E; S361A; E398K,2
K225I; Q394A; I395N; V396C; E397*; E398G; I399D; K400*; R402S; G403W; L404P; V405G; K406*; N407K; K408*; I409D; E410*; E411R,2
L61Q; K225I,2
G179D; K225I,2
S162I; S163F; A313V; S361A,2
A131T; S162I; S163F; K225E; S361A,2
S162I; L210M,2
K225I; T242I,2
K225I; Q235K,2
S162I; T198I; K225Q,2
L56R; S162I; S163F,2
S162I; S163F; G353C,2
K225I; A313S,2
P71L; S162I; S163F; K225E; S361A,2
S162I; S163F; T242S,2
I150L; S162I; S163F,2
D81N; S162I; S163F; K225E; S361A,2
T6I; S162I; S163F,2
K225I; V345I,2
S162I; S163F; K225E; Q267R; S361A,2
S162I; G378C,2
L98P; S162I; K225I,2
D81A; S162I; S163F,2
T6S; A32S; L56H; T75Q; T76S; Q88T; P121D; T198S; D199I; G220V; K225T; D265V; E266A; W268Y; E269N; Q270D; R272Y; S273T; K277N; K278D; E280R; E281K; K284S,2
D65A; S162I; S163F,2
L98P; S162I; S163F; D325G,2
L98P; S162I; S163F; I368V,2
K225I; I247T,2
S162I; S163F; K225E; K284N; S361A,2
T6S; A32S; L56H; T75Q; T76S; Q88T; P121D; T198S; D199I; G220V; K225I; I227V; D265V; E266A; W268Y; E269N; Q270D; R272Y; S273T; K277N; K278D; E280R; E281K; K284S,2
R82S; S162I; S163F,2
K225T; S361A,2
H219P,2
K225I; E266D,2
S162I; T242I,2
I21L; S162I; S163F; I233V,2
S162I; S163F; A182S,2
F29L; K225I,2
S162I; S163F; E189K; K225E; S361A,2
D196N; K225I,2
S162I; S163F; K225E; S361A; A381T,2
P57L; S162I; S163F; K225E,2
T59P; K225I; G401V,2
S162I; R402H,2
L104F; S162I; S163F,2
S162I; S163F; K225E; V291A; S361A,2
Q53R; S162I; S163F; K225E; S361A,2
S162I; S318N,2
S162I; S163F; S187P,2
S162I; N248S,2
S162I; S163F; N261S; N297S,2
D117G; S162I; S163F; N261S; Y332H,2
I134L; S162I; S163F,2
T75A; S162I; S163F; K225E; S287G,2
K225I; V291M,2
K225T; N407K; K408Q; I409D; E410*; E411R,2
L98P; S162I; S163F; N388D,2
S162I; K225I; S273R,2
H125Y; S162I; S163F; N344D,2
R45L; S162I; S163F,2
S162I; K225T; T229M,2
N122D; S162I,2
S162I; S163F; V291E,2
S162I; S163F; N175H; N388S,2
S60R; K62Q; S162I; S163F,2
Y171H; K225I,2
S162I; S163F; G353V,2
I102V; S162I; S163F; E266D,2
T75Q; T76S; Q88T; S162I; S163F,2
S162I; S163F; F252L; A283S,2
S162I; S163F; D312E,2
S162I; S163F; E269G; P298S; D312N,2
T160A; S162I; S163F; K225E; S361A,2
S162I; S163F; G374C,2
T75I; K225I,2
S162I; S163F; I352L,2
S162I; M172T; K225E,2
S162I; S163F; K225E; F358I; S361A,2
S162I; S163F; G374A,2
S162I; S163F; F334S,2
I18V; S162I; S163F; K225E; S361A,2
S162I; K225E; G378S,2
K225I; N407D,2
K62Q; S162I; S163F,2
M151T; S162I; S163F,2
S162I; S163F; D310A,2
K225L; S361A,2
S162I; S163F; I165V; K225E,2
S162I; S163F; Q394H,2
R16C; S162I; S163F; K225E; S361A,2
S162I; S163F; H176N,2
K225I; D312Y,2
S162I; S163F; F252L; I352A,2
L98P; S162I; S163F; D199G; K278R,2
S162I; S163F; K225E; S361A; G401V; R402V; G403A; L404W; V405L; N407T; K408R; I409L; E410K; E411S,2
L98P; S162I; S163F; D366N,2
N95K; S162I; S163F,2
S162I; S163F; K225E; G256R; S361A,2
N122S; S162I; S163F; K225E; S361A; G403V,2
S162I; S163F; K225E; S361A; A381S,2
K225I; G374D,2
K37E; K225I,2
K89N; S162I; S163F,2
E105K; K225I,2
S162I; S163F; S166Y,2
L98P; S162I; S163F; N175S,2
I41V; D65Y; S162I; S163F,2
K225Q; N248S; Y384C,2
S162I; S163F; T234A; E281D,1
S162I; S163F; N407I,1
E201K; K225T,1
S162I; S163F; K245N,1
D54N; S162I; K225E,1
S162I; S163F; K225E; D259Y,1
S162I; S163F; N261S; W268G,1
Y384C,1
K225I; K300N,1
P52L; S162I; S163F; S318R,1
S162I; S163F; K225E; L360F; S361A; G401C,1
S162I; S163F; V319I; V345A,1
K330R,1
E28K; M36T; K225I,1
G49V; K225I,1
K225I; E281K; E349K,1
S162I; S163F; C231S; Y299*,1
N72D; S162I; S163F; N258D,1
L98P; S162I; S163F; S273N,1
S162I; S163F; K225E; L286F; S361A,1
N10S; S162I; S163F; K225E,1
K225I; S361A; N362S,1
K225L; F334L,1
S108C; S162I; S163F,1
S162I; S163F; V291G,1
Y69D; S162I; S163F; Q394K,1
L98P; P146T; S162I; S163F,1
P43L; S162I; S163F; K225E,1
S162I; N258K,1
K85R; L98P; S162I; S163F; G308D,1
S162I; S163F; N195I; I352T,1
S162I; S163F; Y171*; N293D,1
S162I; K225Q; N407D,1
T160A; K225T; G401S,1
T6S; A32S; S162I; Q394K,1
S162I; S163F; K225I; D259N; Y357C,1
A313E,1
S162I; S163F; K225E; S287G; G401S,1
G64D; S162I; S163F; K225E; N322S; S361A,1
E28V; S162I,1
L98P; S162I; S163F; S318I,1
S162I; S163F; T350S; D365G,1
G152D; S162I,1
N122K; K225I,1
T229M; S379L,1
K62N; S162I; S163F; S187F,1
S162I; S163F; K225E; S361A; G378C,1
N72D; S162I; S163F; I399T,1
T6S; A32S; L56H; T75Q; T76S; Q88T; G100D; P121D,1
S162I; S163F; K277R; E281G,1
L98P; P155S; S162I; S163F,1
E44G; D54V,1
S162I; S163F; K225E; N383S,1
T160M; R193C; K225T,1
G49D; S162I; S163F; K225E; S361A,1
A32G; S162I; K225E,1
K225I; D366E,1
R45L; S162I; K225I,1
S217I,1
S162I; S163F; R168L; T234A,1
D15N; S162I; S163F; R272H,1
S137N; S162I,1
S162I; S163F; K225E; K400M; G403S,1
S99L; S162I; S163F; I183V; K225E; S361A,1
S162I; S163F; K225E; S361T,1
S60R; S162I; K225E; Y384H,1
N72S; K225N,1
N8S; K225I,1
L98P; S162I; S163F; T372P,1
K225I; T350I,1
N34S; A153D; S162I; S163F; L296Q,1
E106K; K225E; S361A,1
S162I; S163F; T372N; Y384S,1
Q53K; K225I; N383D,1
I302T,1
S162I; I233T,1
Q27R; K225I; S361A,1
N138D; S162I; S163F; G378D,1
S162I; S163F; I232N,1
T6S; G24S; A32S; L56H; T75Q; T76S; Q88T; P121D; S162I; K225E,1
S162I; S163F; C347*,1
S162I; G179D,1
D15Y; S162I; S163F; N407S,1
S162I; S163F; S174N; K225E; S361A,1
S162I; S163F; I327S,1
S162I; K225E; G256R,1
K225I; N376T,1
N92K; K225N,1
A32T; L56H; S162I; S163F,1
S162I; Y279H,1
C26R; S162I; S163F; Q270*; V396I,1
S162I; S163F; K342R; F358C,1
P23S; S162I; S163F; I233V,1
L56H; T75Q; T76S; Q88T; P121D; E154*; S162I; S163F; T198S; D199I,1
K225T; E280*,1
S162I; S163F; K225E; R348C; S361A,1
S162I; N195K,1
S162I; S163F; D301V,1
P57S; S162I; S163F; Q236L,1
G101D; S162I; S163F; S292N,1
T160A; K225T; V289A,1
S162I; E189Q; K225E,1
Y69H; S162I; K225E; N274H,1
S162I; S163F; S191L,1
I86V; S162I; S163F; N297S,1
Q88T; P121D; S162I,1
S162I; S163F; N175H; K356E,1
Q27*; T75A; S162I; S163F,1
L56M; K225I; A381S,1
S162I; S163F; S361A; G401D,1
D117G; S162I; S163F; S333*,1
V148F; S162I; S163F,1
D65N; H216Y; K225I,1
L98P; S162I; S163F; S180F,1
C26R; S162I; S163F; D265G,1
S162I; S163F; K225I; Q290*,1
G152R; K225I,1
S162I; D205G,1
S162I; D310Y,1
K22R; S162I; S163F; D338Y,1
S162I; S163F; Q295P,1
S162I; T198A; K225E,1
I21M; S162I; S163F; K225E; S361A,1
K225I; T372S; Q373E; F375Y; G378N; S379N; A381K; T382V; Y384F; K385R; V389A; E390N; E391L; Q394R; V396I; E397K; E398P; K400T; N407K; K408I; E410R; E411F,1
S162I; S163F; M172I; V396F,1
S162I; S163F; I183V; R402C,1
S162I; S163F; T350S; Q394K; I395L; V396L; E397R; E398K; I399L; K400R; G401V; R402V; G403A; L404W; V405L; N407T; K408R; I409L; E410K; E411S,1
N96S; S162I; K278E,1
S162I; S163F; N243H,1
K225N; I262M,1
A32R; S162I; S163F,1
S162I; S163F; K225E; I321T; S361A,1
K37R; S162I; S163F; G308V,1
K225I; V319A,1
L331M,1
D117N; S162I; S163F; T264I,1
E28G; S162I; S163F; I352V,1
S162I; S163F; K306Q,1
S162I; K225E; I262T,1
S162I; K225N; E305*,1
S162I; N175H; Y355H,1
S162I; K323R,1
R45S; S162I; S163F; K225E; S361A,1
T6S; A32S; L56H; T75Q; T76S; Q88T; P121D; C231R,1
D156Y; S162I; N164S; K329N; T350S,1
L210P; K225I,1
K225I; Y332H,1
E250K,1
S162I; S163F; K225I; P298T; L328Q,1
S162I; S163F; D205Y,1
G246D,1
Q141*; S162I; S163F; I352T,1
I86N; S162I; S163F,1
G101S; S162I; S163F; M211I,1
T6S; A32S; L56H; T75Q; T76S; Q88T; L98P; P121D; S162I; S163F; K225E; D312N; S361A,1
S162I; S163F; Y222C,1
T59I; S162I; N164S; K225I,1
S66Y; S162I; S163F; A381T,1
S162I; V291L,1
S162I; S163F; N258S; A381V,1
S162I; S163F; K225E; Y279S; S361A,1
N10D; Y68H; S162I; S163F,1
S162I; S163F; L240M; L296Q,1
S162I; S163F; I377V,1
T75Q; T76S; E79V; S162I; S163F,1
H212N,1
T59I; K225I; S361P,1
P23T; S162I,1
T6S; A32S; S108G; S162I; S163F; Q267R,1
G115C; S162I; S163F; K225E; S361A,1
T6S; A32S; K225I; Y357C,1
P120Q; K225I; S361A,1
S162I; S163F; S191L; E411K,1
R16S; S162I; S163F; T185N,1
E154K; S162I; K225E,1
S162I; I371V,1
T6S; A32S; L56H; T75Q; T76S; Q88T; P121D; D196Y,1
L98P; K225I; T229M,1
S162I; S163F; P206S; K225E; S361A,1
N161Y; K225I; V405I,1
T6S; A32S; S162I; S163F; K225E; D312N; S361A,1
R45C; S162I; L275S,1
S162I; M172I; S361A,1
S162I; S163F; K225E; Q354R,1
K225E; E397K,1
P57S; S162I; S163F; T372S,1
P121D; S162I; S163F; K225E; S361A,1
S162I; N175H; A381G,1
S162I; S163F; N175S; I352V,1
R82C; S162I; K225E; T229M,1
I183L,1
D70Y; S162I; K225N,1
S162I; R244H,1
S60G; S162I; S163F; E349K,1
E28*; K225I; N316H,1
K3E; S162I; K225I,1
S162I; S163F; K225E; K346*; S361A,1
F136L; S162I; S163F; R193L; K225E; S361A,1
S162I; S163F; K225E; I327T; S361A,1
S162I; S163F; E189A,1
S162I; S163F; N175H; K278E; T350S,1
S162I; I282F; E390*,1
A32E; S162I; K225I,1
E106G; K225N,1
S162I; D265A,1
S162I; S163F; A313V; T350S,1
S162I; S163F; F194I; Y384C; I399V,1
S162I; S163F; K285Q,1
D196N; K225T,1
L98P; S140G; S162I; S163F,1
Y20C; S162I; S163F; T372N,1
E154G; K225I,1
Q123H; S162I; S163F; K225E; S361A; N370S,1
N97D; S162I; S163F; C231S,1
S162I; T209I,1
V148I; S162I; S163F; D325N,1
T6S; A32S; L56H; T75Q; T76S; Q88T; P121D; T198S; D199I; S361A; P393R; Q394K; I395L; V396L; E397R; E398R; I399L; K400R; G401V; R402V; G403A; L404W; V405L; N407T; K408R; I409L; E410K; E411S,1
S162I; S163F; N344Q; D365N; T372S; Q373E,1
T6S; A32S; K225I; N314D,1
N197D; K225N,1
Q141R; S162I; S163F; A224V,1
E44*; S162I; K225E,1
G64V; S162I; K225E,1
P52S; S162I; K225Q,1
P43Q; S162I,1
S162I; L275F,1
S162I; N344Q; D365N; T372S; Q373E; F375Y; G378N; S379N; A381K; T382V; Y384F; K385R; V389A; E390N; E391L; Q394R; V396I; E397K; E398P; K400T; N407K; K408I; E410R; E411F,1
P43T; S162I; S163F,1
S162I; S163F; E411V,1
P71S; S162I; K225E,1
N111D; S162I; S163F; K225T; K342E,1
Q27K; T160M; S163F; K225N,1
N10S; A32S; S162I; S163F,1
K225I; I409D; E410*; E411R,1
P57L; K225I; S287N,1
G101C; S162I; K225E,1
K225I; N344Q; D365N,1
P2S; N92K; S162I; S163F,1
K225I; N320D,1
A110S; K225I,1
N122D; S162I; S163F; G403V,1
K37R; F194V,1
S162I; T242I; K385R,1
A32S; L56Q; S162I; S163F; A283T,1
E44V; S162I; S163F; T341A,1
K225I; K406E,1
K62N; L98P; S162I; S163F,1
S162I; S163F; K225E; Y332*; S361A,1
T6S; A32S; L56H; T75Q; T76S; Q88T; P121D; T198S; D199I; K225L; T228S; D265V; E266A; W268Y; E269N; Q270D; R272Y; S273T; K277N; K278D; E280R; E281K; K284S,1
S162I; S163F; S361V,1
G24D; S162I; S163F; T350S,1
N14D; K37R; G101S; K225I,1
A131T; K225I,1
S162I; S361A; V396A,1
S162I; S163F; S273G; N297S; D366N,1
T59P; L98P; S162I; S163F,1
N10S; I102V; K225I,1
S162I; K225E; S273R,1
F83S; S162I; S163F,1
S162I; S163F; Q237*; T372S; Q373E; F375Y; G378N; S379N; A381K; T382V; Y384F; K385R; V389A; E390N; E391L; Q394R; V396I; E397K; E398P; K400T; N407K; K408I; E410R; E411F,1
S162I; S163F; E269G; N407D,1
S162I; S163F; I165S,1
F55L; D128N; K225I,1
S162I; S163F; L309P,1
F55L; S162I; Y171*; K225N,1
Q88T; K225I,1
S162I; S163F; E349K; E398D,1
T6S; A32S; L56H; T75Q; T76S; S162I; K225E,1
I126V; S162N; K225I; Y307F; A313S,1
T6I; L98P; S162I; S163F,1
M172I; F194I; K225I,1
P43T; T75Q; T76S; Q88T; P121D; S162I; S163F,1
A340T,1
D11N; S162I; D199N; K225E; K277Q,1
K225I; C347G,1
K225N; Y357H,1
I48V; S162I,1
L98P; D128Y; S162I; S163F,1
H212N; K225I,1
S162I; S163F; K225I; K277E,1
S162I; R168C; S361A,1
L56Q; S162I; S163F; N258D,1
T6S; A32S; L56H; T75Q; T76S; Q88T; P121D; N175H; T198S; D199I; G220V; K225T; S361A,1
Q53K; D54H; S162I; S163F,1
S162I; S163F; K225E; S361A; D365N; T372S; Q373E; F375Y; G378N; S379N; A381K; T382V; Y384F; K385R; V389A; E390N; E391L; Q394R; V396I; E397K; E398P; K400T; N407K; K408I; E410R; E411F,1
S162I; K225E; D265N; K288E; D366N,1
S162I; S163F; K225E; E269G; S361A; G401S; E410G,1
S162I; F334L,1
G24C; S162I; S163F; K225E; S361A,1
S162I; S163F; K225E; I395V,1
S162I; I249T,1
Q27H; S162I; S163F; K225E; S361A,1
I42S; E251D; R402H,1
S162I; S163F; E281G; K385R; V396F,1
M1I; P23L; P112S; M151I; K225I,1
S292I,1
L98P; S162I; S163F; N238K,1
S162I; S163F; T350S; S367F,1
S162I; S163F; Q295*; N407K,1
P173L; K225I,1
G24C; L98P; S162I; S163F,1
N38D,1
S162I; S163F; K225E; N392S,1
S162I; N175H; V291M,1
S162I; S163F; K225E; S361A; N407I,1
T6S; G101S; S162I,1
G177C; K225I,1
K62N; S162I; S163F; A381T,1
S108N,1
L98P; A131T; S162I; S163F,1
S162I; S163F; K225E; Q354K; S361A,1
N138S; S162I; S163F; K225T,1
Y73C; S162I; S163F,1
S60G; S162I; S163F; T234A; D365N; T372S; Q373E; F375Y; G378N; S379N; A381K; T382V; Y384F; K385R; V389A; E390N; E391L; Q394R; V396I; E397K; E398P; K400T; N407K; K408I; E410R; E411F,1
S162I; S163F; S292I; T341N,1
S162I; S163F; T254I; D301N,1
D81Y; S162I; S163F; K225E; S361A; V396A,1
S162I; S163F; T230R,1
S162I; S163F; N293D; S361A,1
T160A; K225I; I233L,1
I41T; L98P; S162I; S163F,1
S162I; S163F; S292N; Y355H,1
S162I; S163F; T335N; I352V; D365N,1
S162I; S163F; I215V; K225E; S361A; G374C,1
Y113H; K225Q,1
S162I; K225N; E397K,1
L98P; S162I; S163F; K342E,1
S162I; S163F; K225E; S361A; I399N,1
T6S; S162I; S163F; E390K,1
T6S; A32S; S162I; S163F; I399V,1
S162I; S163F; K225E; K356R,1
S162I; S163F; L210M; N297D,1
T6S; A32S; L56H; T75Q; T76S; Q88T; P121D; S162I; S163F; K225E; N316K; S361A,1
K225I; A313E,1
T6S; A32S; S162I; S163F; C231R; S273N; Q304K,1
L98P; S162I; S163F; P206S; V389I,1
M1T; K225T,1
L98P; S162I; S163F; N170S; I227V,1
G152V; S162I; S163F,1
K225I; K284N; D338N,1
K225I; G315S,1
S162I; S217N,1
S162I; S163F; K225E; S361A; Q387H,1
S162I; S163F; P188L; K225E; W268G; S361A,1
P2S; S162I,1
S162I; S163F; D265V; Y357H,1
T119I; K225I,1
S162I; S163F; Y190C; K225E; A283T; S361A,1
K225I; L276P; Q354R,1
N63T; S162I; S163F,1
I143V; K225I; E411K,1
R16H; K225N,1
S162I; S163F; S217I; K225E,1
T6S; A32S; L56H; T75Q; T76S; Q88T; P121D; N376Q; I377H; G378R; S379L; L380I; A381G; T382D; N383E; Y384L; K385Q; Q387S; N388E; V389C; E390R; E391G; N392E; Q394A; I395N; V396C; E397*; E398G; I399D; K400*; R402S; G403W; L404P; V405G; K406*; N407K; K408Q; I409D; E410*; E411R,1
R93C; K225I; D265G,1
L98P; S162I; S163F; G403A; L404W; V405L; N407T; K408R; I409L; E410K; E411S,1
N95D; K225I; N293K; E390K,1
S162I; S163F; K225E; Q295*; S361A,1
S162I; S163F; E201G; D265G,1
Y20H; S162I; S163F; S191L,1
G24D; S162I; S163F; S318N,1
S162I; S163F; Q290*,1
S162I; K225I; Q373P; N376Q; I377H; G378R; S379L; L380I; A381G; T382D; N383E; Y384L; K385Q; Q387S; N388E; V389C; E390R; E391G; N392E; Q394A; I395N; V396C; E397*; E398G; I399D; K400*; R402S; G403W; L404P; V405G; K406*; N407K; K408Q; I409D; E410*; E411R,1
S162I; N175H; V289M,1
G24C; K225I,1
E79*; S162I; S163F; K225E; S361A,1
S162I; S163F; Y332D,1
E28K; E105*; Q123E; S162I; S163F; K225E,1
S187F; K225I; N407T; K408R; I409L; E410K; E411S,1
S162I; S163F; T198P,1
P57S; K62N; S162I; S163F,1
L56H; T75Q; T76S; Q88T; P121D; T198S; D199I; K225I; N248S; D265V; E266A; W268Y; E269N; Q270D; R272Y; S273T; K277N; K278D; E280R; E281K; K284S; N314S; N316I,1
S162C; K225E; K300N,1
Y30C; S162I; S163F; A283S; S361A,1
S162I; S163F; T229K,1
I41V; K225I; D365N,1
S162I; S163F; Y357C; S361A,1
P112S; S162I,1
K225I; E266K; E397G,1
S162I; S163F; V396I; N407S,1
S162I; S163F; T198A; K225E; K278E; S361A,1
S162I; K385E,1
S162I; S163F; S287N; S361A,1
K225I; E398D,1
D65Y; S162I; K225E; Y357H,1
P121D; T198S; D199I,1
S162I; S163F; I247V; S273G; N297S,1
D65N; F252L,1
T6S; A32S; S162I; S163F; F303L,1
P12L; K225I,1
M211I; K225E; S361A,1
L98P; N122K; S162I; S163F,1
K225Q; N392K,1
S162I; S163F; N175H; I399T,1
S162I; K225I; T229M,1
G64S; S162I; S163F; S217N,1
S162I; S163F; L260M; D265N,1
S162I; G401V,1
S162I; S163F; H219Y; K225E; S361A,1
E28K; S162I; S163F; N370S,1
S162I; K225Q; Q354R; N383S,1
S162I; S163F; H216Q,1
S187F,1
S162I; S163F; K225E; T234M,1
P155Q; S162I; S163F; K225E; I352T; S361A,1
S162I; S163F; K225E; E269G; S361A; A381S,1
S162I; S163F; Y355N,1
S99L; K225I; Q267L; Y357H,1
S162I; W268R; G374D,1
S162I; S163F; I165V; E189*; K225E; S361A,1
L98P; S162I; S163F; W268R,1
N111S; S162I; S163F; N297S,1
E133K; S162I; S163F; K225E; S361A; V396I,1
T51I; N138S; S162I; S163F; S318R,1
S162I; T198S; D199I; K225E,1
G115S; S162I; S163F; M211L; K225E; S361A,1
S162I; S163F; V291G; N297S; Y357S,1
S162I; S163F; I409L,1
S162I; S163F; E269G; S361A,1
D15E; S162I; K225E,1
S162I; K225A,1
S162I; S163F; S273G; N297S; Y355H,1
I35V; S162I; S163F; T372S; Q373E; F375Y; G378N; S379N; A381K; T382V; Y384F; K385R; V389A; E390N; E391L; Q394R; V396I; E397K; E398P; K400T; N407K; K408I; E410R; E411F,1
A129E; S162I; S163F; L404M,1
P71A; S162I; S163F; K225E; S361A,1
F33L; S162I; S163F; K225E,1
T6S; A32S; S162I; S163F; S180F; K225E; S361A,1
N38S; K225I,1
N72K; N138D; S162I; S163F,1
S162I; S163F; Y171C; K225E; S361A,1
K225I; G353D,1
S162I; S163F; W268R; I352T,1
S162I; S163F; K225E; I352S; S361A,1
G256R,1
N10S; T59A; S162I; S163F; K225E; S361A,1
S162I; S163F; N164T; K225E; K285E; S361A,1
T6S; A32E; K225I; V345A,1
K225I; Q267L,1
L98P; S162I; S163F; I352V,1
S162I; G223D; K225E,1
G115C; K225I,1
S162I; S163F; V184I; T350S; S361A,1
D65N; G115C; S162I; S163F; I262V; A313V,1
S162I; S163F; T234M; N407T; K408R; I409L; E410K; E411S,1
S162I; S163F; E336K; S361A,1
P188S; V289M,1
V289G,1
S162I; S163F; N297S; G378D,1
S162I; S163F; V184G,1
K225I; K300*; A313T,1
S162I; S163F; N169H; K225E; S361A,1
S162I; S163F; K225E; S361A; E391D,1
W40*; S162I; S163F; K225E,1
S162I; S163F; Y307*,1
R45H; S162I,1
T59A; S162N; K225I,1
S162I; S163F; E269G; Q354R,1
L98P; S162I; S163F; I183V; G403A,1
D65N; Q141R; K225I,1
N122D; S162I; S163F; P188Q,1
Y69C; L157S; K225I,1
G101C; S162I; S163F; K225E; S361A,1
N97K; S162I; S163F; M211I,1
K109E; S162I; S163F; Y357C,1
I35T; S162I; S163F,1
L61M; K225I,1
S140G; K225I; S361F,1
Q88R; S162I; S163F,1
Y30H; A32V; S162I; S163F,1
R93C; N96D; S162I; S163F,1
T6S; A32S; L56H; T75Q; T76S; Q88T; P121D; T198S; D199I; K225I; C231R,1
N92S; K225I,1
S162I; S163F; G374D; V389I,1
A32V; N96Y; S162I; S163F,1
S162I; S163F; R193S; K225E; S361A,1
M151V; S162I; M211I,1
K225I; L360F,1
F194I; K225M; Y351C; I352S,1
T6S; A32S; L56H; T75Q; T76S; Q88T; P120R; S162I; K225E; W268*,1
S162I; S163F; K225E; K300Q,1
S162I; S163F; V184I; T350S,1
K225I; Y317H,1
A129S; S162I; S163F; E281D,1
S162I; K225E; D301E,1
I262T,1
K37E; S162I; S163F; I352T,1
E201K; K225I; K285R; Q354R,1
S162I; S163F; K225E; S361A; Q373H,1
P2S; M172I; K225T,1
P71L; S162I; S163F; N195D; K225I,1
I41V; S162I; K225E; S292I,1
M1T; K225I; E398G,1
S162I; S163F; K225E; L276P; S361A,1
T6A; T59P; S162I; S163F,1
S162I; S163F; N243S; T264A,1
G220D; K225I,1
N111S; S162I,1
S162I; N258D; N383S; V396D,1
Q53*; S162I; S163F; T234A,1
S162I; S163F; S273G; E280G; N297S; V405G,1
L56M; S162I; S163F; Y355H,1
S162I; S163F; P188S,1
S162I; K225E; S361F,1
S166F; K225I,1
A32S; L56H; T75Q; T76S; Q88T; F194I; K225I,1
L98P; S162I; S163F; D196A,1
F91L; K225T,1
T6S; A32S; L56H; T75Q; T76S; Q88T; K225I; F334L,1
D117G; S162I; S163F; K225E; S361A,1
S137R; N138D; S162I; S163F,1
S162I; S163F; L167M; P393T,1
K225I; S273G; D365N; T372S; Q373E; F375Y; G378N; S379N; A381K; T382V; Y384F; K385R; V389A; E390N; E391L; Q394R; V396I; E397K; E398P; K400T; L404M; N407K; K408I; E410R; E411F,1
K225I; N258S,1
K225I; D366T; S367L; I368S; Y369T; N370I; I371L; T372P; Q373R; G374V; F375S; N376T; I377S; G378A; S379H; L380W; A381R; T382R; N383T; Y384T; K385R; G386V; Q387R; N388M; V389S; E390R; E391R; N392T; P393R; Q394K; I395L; V396L; E397R; E398R; I399L; K400R; G401V; R402V; G403A; L404W; V405L; N407T; K408R; I409L; E410K; E411S,1
K225I; F252L,1
S162I; S163F; K225E; K323R,1
D117G; S162I; S163F; L286V,1
L98P; S162I; S163F; Q295P,1
E105K; S162I; S163F; R193L,1
K225T; D326N,1
R16H; I41V; S162I; S163F; I241T; A381V,1
S162I; K225E; I399V,1
S162I; S163F; K225E; S361A; D366A; S367H; I368*; N370S; T372L; Q373T; G374C; F375L; N376E; I377Q; G378*; S379Q; L380*; A381L; T382S; N383Y; Y384R; K385S; G386P; Q387F; N388*; V389E; E390K; E391*; N392A; P393D; Q394S; I395R; V396T; E397K; E398L; I399P; K400E; R402N; G403R; L404G; V405N; K406A; N407I; K408I; I409T; E411Y,1
Q27*; Y69H; S162I; S163F,1
K225I; F358C,1
S162I; S163F; N197D; N297S,1
T160M; K225I; D312G; S367F,1
H125Q; S162I; S163F; S287G,1
S162I; E213*,1
S162I; S191*; D205G,1
N10D; S162I; S163F; K225E; F334L; S361A,1
P2H; S162I; S163F; P206Q,1
S162I; S163F; K225E; L328M; S361A; G378C,1
S162I; S163F; Y355S; S361A,1
I102F; Q267R; A340T,1
I143T; S162I; S163F,1
Y30F; S162I; S163F; N164S; N362D,1
S162I; S163F; K225E; T350N; S361A,1
N10K; T76A; S162I,1
N175D; K225I,1
V148A; S162I; S163F; K225Q,1
V47A,1
S162I; K225E; E397K,1
Y68H; T119I; S162I; S163F,1
S162I; S163F; T198A; K330R; E398A,1
S162I; A340T,1
K225I; K306R,1
L98P; S162I; S163F; G246V,1
L107M; S162I,1
G115D; S162I; S163F,1
I102V; S162I; K225I,1
N10D; A129T; S162I; S163F; K225E; S361A,1
P112S; S162I; S163F; G179D,1
K225I; G257V,1
H216N; K225I,1
S162I; S163F; N388K; V389C; E390R; E391G; N392E; Q394A; I395N; V396C; E397*; E398G; I399D; K400*; R402S; G403W; L404P; V405G; K406*; N407K; K408Q; I409D; E410*; E411R,1
S162I; S163F; Q267H,1
I35V; L98P; S162I; S163F,1
Q123K; S162I,1
K80E; S162I; S163F; K225E; S361A,1
K225I; Q373K,1
N95K; S162I; S163F; I352V,1
T160M; K225N; E269K,1
P43Q,1
S67N; K225L,1
T6S; S162I; S163F; I321T,1
D11Y; K225I; V345A,1
K225T; K329R,1
P43S; S162I; S163F; Y384C,1
S162I; Y299C,1
A32S; L56H; T75Q; T76S; Q88T; P121D; K225I; E305G,1
S162I; F202L; K225E,1
L98P; S162I; S163F; A381T,1
L276F,1
S162I; S163F; K225E; Q295*,1
E44K; S162I; S163F; D312G,1
S162I; S163F; K225E; N407S,1
S162I; S163F; S166A,1
S217I; K225I; Y384C; E398G,1
E106A; S162I; S163F; N297S,1
E154D; S162I; S163F; K225I,1
L98P; S162I; S163F; Y190H,1
N95S; S162I; S163F; K225E,1
S162I; S163F; N261S; D265Y,1
T254I,1
S162I; K225E; N314D; Y384C,1
S108N; S162I,1
N72D; S162I; S163F; T372N,1
P23L; S162I; S163F; D326N,1
S162I; D196G; K225I,1
K225I; G315D,1
T6S; A32S; L56H; T75Q; T76S; Q88T; P121D; T198S; D199N; K225I,1
G25C; S162I; K225E; T242I,1
S162I; S163F; Q204R; I215F; N243S,1
D259N; D326N,1
K225I; S367Y,1
S162I; S163F; N314K; A381T,1
E105D,1
M211I; K225I,1
S162I; S163F; K225E; E281D; S361A,1
V47M; E105K; K225I,1
P155Q; S162I; S163F; S361A,1
G64S; S162I; S163F; T382M,1
I102L; S162I; S163F; G378D,1
P120L; S162I; S163F; T198N,1
K225I; E280A; S292N,1
K225I; V345A; D365N; T372S; Q373E; F375Y; G378N; S379N; A381K; T382V; Y384F; K385R; V389A; E390N; E391L; Q394R; V396I; E397K; E398P; K400T; N407K; K408I; E410R; E411F,1
I39V; T76R; S162I; S163F; K225E; S361A,1
S162I; S163F; K385N; E397D,1
L98P; I134V; S162I; S163F,1
K225I; D301A,1
S162I; S163F; K225E; N258K; S361A,1
N197K; K225E; S361A,1
N111S; S162I; S163F; K225E,1
S162I; N274K,1
P121S; K225I,1
S162I; S163F; W268R; N344Q; D365N; T372S; Q373E; F375Y; G378N; S379N; A381K; T382V; Y384F; K385R; V389A; E390N; E391L; Q394R; V396I; E397K; E398P; K400T; N407K; K408I; E410R; E411F,1
S162I; S163F; K225E; V319I; S361A,1
D81Y; S162I; S163F; K225E; S361A,1
S162I; S163F; N362D; I399V,1
K225I; E349K; T372N,1
S162I; S163F; S361A; K400M,1
E106G; S162I; S163F; N175H; T350S,1
S162I; S163F; T350S; I409V,1
T6S; A32S; L56H; T75Q; T76S; Q88T; P121D; T198S; D199I; K225L; D265V; E266A; S361A,1
S162I; S163F; K311R; S361A,1
N10D; S162I; K225E,1
F55S; L98P; S162I; S163F,1
M36I; S162I; S163F; S191L,1
T6S; A32S; L56H; T75Q; T76S; Q88T; G101S; P121D; T198S; D199I; K225I,1
S162I; S163F; K225E; Y357S; S361A,1
N238Y,1
S162I; S163F; N322K; I352T,1
D65N; S162C; K225E,1
S162I; S163F; L404W; V405L; N407T; K408R; I409L; E410K; E411S,1
S162I; S163F; K225E; F255S; S361A,1
G152R; G220V; K225I,1
V148I; S162I; S163F; K311E,1
T6S; A32S; L56H; K225I; A340S,1
N195D,1
H212Y; K225I,1
S162I; S163F; G220C; K225E; S361A,1
S162I; K225N; D326N; K385N,1
P23L; S162I; S163F; K225E; D301V; S361A,1
E397K,1
T50A; S162I,1
N38S; Q123R; S162I; S163F; K225E; S361A,1
S162I; S163F; G177D; K225E; S361A,1
A110S; S162I; S163F; I241V; G378D,1
S162I; L328M,1
Q53H; S162I; S163F; T382M,1
A153T; S162I; S163F; I352T,1
S162I; S163F; R402S; G403*; L404P; V405G; K406*; N407K; K408Q; I409D; E410*; E411R,1
L61M; S162I,1
E189D; K225I; C231R,1
S67N; F83L; S162I; S163F,1
I21F; K225Q,1
S162I; S163F; K225E; G257V; S361A,1
G64S; S162I; S163F; P239S,1
P57T; S162I; S163F; K225E; Q237*; S361A,1
P120Q; S162I; S163F; K225E; S361A,1
S162I; K225E; Q237*; E349K; Y357H; G401D,1
L98P; Q123*; S162I; S163F,1
T6S; A32S; L56H; T75Q; T76S; Q88T; P121D; E154G; T198S; D199I; K225I; D265V; E266A; W268Y; E269N; Q270D; R272Y; S273T; K277N; K278D; E280R; E281K; K284S; S361A,1
Y30H; S162I; S163F; S318I; S361A,1
S162I; Y190D; K225E,1
R45L; K225I,1
L98P; S162I; S163F; G177V,1
K22N,1
P71T; T76M; K225I,1
M151I; S162I; S163F; N297S,1
N138D; K225I,1
S162I; S163F; R272H; T382A,1
K225I; L404M,1
K225T; C231S,1
S162I; S163F; K225E; F375S; N376T; I377S; G378A; S379H; L380W; A381R; T382R; N383T; Y384T; K385R; G386V; Q387R; N388M; V389S; E390R; E391R; N392T; P393R; Q394K; I395L; V396L; E397R; E398R; I399L; K400R; G401V; R402V; G403A; L404W; V405L; N407T; K408R; I409L; E410K; E411S,1
S162I; S163F; I165V; I409F,1
S162I; E281K; Y357H; N407T; K408R; I409L; E410K; E411S,1
A153D; S162I; S163F; K225E; S361A,1
S162I; S163F; G378N; S379N; A381K; T382V; Y384F; K385R; V389A; E390N; E391L; Q394R; V396I; E397K; E398P; K400T; N407K; K408I; E410R; E411F,1
T6S; A32S; S162I; S163F; W268*,1
S162I; S163F; A224E; C231R,1
S162I; S163F; K284M,1
K225I; S361P,1
T160M; K225T,1
S162I; S163F; N175H; E349K,1
S162C; S163F; K225E,1
S162I; S163F; K225E; D312E,1
E79K; S162I; S163F; V319I; I352V,1
S162I; S163F; Q237K; Y357H,1
S162I; S163F; S287R,1
K225I; N316H,1
Y113H; S162I; S163F,1
S162I; K225E; K342E; S361A,1
K225I; G403C,1
T6S; P121D; S162I; N164S; S361A,1
A129S; S162I; S163F; S367F,1
K225I; S292G,1
G49S; S162I; S163F; S361A,1
S162I; S163F; K225N; V405A,1
R93C; S162I; S163F; V405G,1
G24S; K225I,1
S162I; S163F; D259Y; N314S,1
K225I; K300R,1
N34Y; N72Y; S162I; S163F,1
I102M; K225I; S361A,1
A32S; L56H; T75Q; T76S; Q88T; P121D; T198S; D199I; K225I; C231R,1
E28K; L98F; S162I; S163F,1
P155Q; T160R; S162I; S163F; N297S,1
S162I; S163F; K225E; Q387K,1
S162I; S163F; N164S; N297S,1
S162I; K225E; F334L,1
A131V; S162I; S163F; K225E; S361A,1
S162I; R244C,1
S162I; S163F; L260Q; Y384C,1
D128N; S162I; S163F; Y171C,1
S162I; S163F; K225E; S361A; E391*,1
T6S; A32S; L56H; T75Q; T76S; Q88T; P121D; I165V; T198S; D199I; K225L; D265V; E266A; W268Y; E269N; Q270D; R272Y; S273T; K277N; K278D; E280R; E281K; K284S,1
F202L; K225I; L404P,1
S162I; S163F; K225E; F375L,1
S162I; K225I; S333L; R348S,1
E105*; S162I; S163F; L276I; S361A,1
S162I; K225E; E269G,1
S162I; D310G,1
G101D; S162I; S163F; S379P,1
T6S; A32S; D54Y; L56H; T75Q; T76S; Q88T; P121D; S162I; S163F; Q235R,1
K225I; S287G,1
S162I; S187Y,1
S162I; D312Y,1
M36V; I102V; S162I; S163F,1
S162I; S163F; R168C; N197D,1
S162I; S163F; K225E; Q267K; S361A,1
S162I; S163F; T242A; F252I,1
T160A; K225I; K406E,1
K225I; N261D; N407K; K408Q; I409D; E410*; E411R,1
T6S; A32S; L56H; T75Q; T76S; Q88T; P121D; A153T,1
S162I; S163F; K225E; S361A; I395V,1
E213K; K225I,1
S162I; K225E; T228N,1
S162I; K225E; V289M,1
S162I; S163F; N200K,1
H142Y; S162I; S163F; K225E,1
G152R; S162I; S163F; R348L,1
A32S; L98P; S162I; S163F,1
G25S; S162I; S163F; N258D,1
C347F,1
K62M; S162I; S163F,1
V132A; S162I; S163F; Q354R; E410K,1
S162I; S163F; K225E; C231S; D301N; S361A; G403A; L404W; V405L; N407T; K408R; I409L; E410K; E411S,1
S162I; K225I; V389I,1
P71T; A153T; S162I; S163F,1
T59P; K225I; S292N; G401V,1
A129E,1
S162I; S163F; T230A; I327V,1
S162I; M172V; K225E,1
S163F; K225I; Q387H,1
P146S; S162I; S163F; T234A,1
P57L; S162I; S163F; I249L,1
S162I; S163F; E349K; S361A,1
S60G; K225I; L276F,1
S162I; S163F; K225E; K359R,1
S162I; S163F; K359E,1
S162I; K225I; D325N,1
K62T; S162I; S163F,1
S162I; S163F; S379*,1
V345I,1
Y384F,1
S162I; S163F; E390D; P393L,1
S162I; S163F; N261S; N297S; Q373P; N376Q; I377H; G378R; S379L; L380I; A381G; T382D; N383E; Y384L; K385Q; Q387S; N388E; V389C; E390R; E391G; N392E; Q394A; I395N; V396C; E397*; E398G; I399D; K400*; R402S; G403W; L404P; V405G; K406*; N407K; K408Q; I409D; E410*; E411R,1
S162I; S163F; I247V; A381S,1
T119A; K225I; E280G,1
D15N; S162I; S163F; K225E; S361A,1
Q27R; S162I; S163F; I352T,1
S162I; S163F; S292N; K342R,1
N10S; S162I; S163F; I183V,1
S162I; S163F; I352T; G401S,1
S162I; S163F; K225E; T264A; S361A,1
S162I; S174I; K225I,1
S162I; S163F; D205E; K225E; S361A,1
L98P; S162I; S163F; N388S,1
S162I; K225E; K245R; E269D,1
T6S; A32S; L56H; T75Q; T76S; Q88T; P121D; T198S; D199I; K225L; D265V; E266A; W268Y; E269N; Q270D; R272Y; S273T; K277N; K278D; E280R; E281K; K284S; S361A,1
I41T; S162I; S163F; N170D; Y369C,1
T160A; K225I; Y299C,1
N169D; K225Q,1
T59A; S162I; S163F; G353D,1
S162I; S163F; T234A; A313S,1
S162I; K225E; I247V,1
S162I; G223D; N297S,1
L56H; T75Q; T76S; Q88T; P121D; T198S; D199I; K225L; D265V; E266A; W268Y; E269N; Q270D; R272Y; S273T; K277N; K278D; E280R; E281K; K284S; N314S; N316I; N344Q,1
G152S,1
S162I; S163F; I181M,1
L98P; S162I; S163F; Q290*,1
S162I; S163F; D338N; A381T,1
Y30C; S162I; S163F; K225E,1
S162I; S163F; N175T; K225E; I249V; S361A,1
M172I; K225T; S361A; A381E,1
S162I; S163F; E213*; D325N; E398K,1
G101D; F334L,1
N96S; S162I; S163F; I227V,1
K3E; S162I; S163F; K225E; P298S; S361A; V405G,1
S162I; L208M; K225I,1
T17A; S162I,1
E44D; D128Y; S162I; S163F; G378D,1
D117E; S162I; S163F; K225E; S361A,1
Y30H; K225N,1
N92T; S162I; S163F; T242A; G257S,1
S162I; S163F; E266D; N344Q; D365N,1
S60N; S162I; S163F; Q237*,1
P121S; S162I,1
G101S; S162I; S163F; T350S,1
I42T; N92S; S162I; S163F,1
K85Q; S162I; S163F; P188L; D326N,1
M172L; K225I,1
A32S; L56H; T75Q; T76S; Q88T; P121D; S162I; T198S; D199I,1
G177S; K225I,1
S162I; L260P; N407T; K408R; I409L; E410K; E411S,1
S162I; S163F; S217G; E397A,1
T6S; A32S; L56H; T75Q; T76S; Q88T; P121D; S162I; S163F; Y222C; K225E; Y355H; S361A,1
S162I; S163F; S187P; F334L,1
S162T; K225E,1
E154A; S162I; S163F,1
D81A; S162I,1
S162I; N293K; S361P,1
S162I; S163F; N175H; L253F,1
S162R; K225T,1
S162I; S163F; N169Y,1
D70N; S162I; S163F; T372N,1
P58T; K225I; E280K,1
T6S; A32S; L56H; S162I; R193L; K225E,1
S162I; S163F; R193S,1
S162I; S163F; P239Q; I352V,1
S162I; K408R,1
S162I; K225E; A313T,1
K225L; V389A,1
T6S; A32S; L56H; S162I; S163F; K225E,1
A32S; S162I; S163F; S361A,1
T51I; S162I; S163F; E398D,1
G152A,1
S162I; S163F; I183V; R193L,1
P57L; G64D; S162I; S163F,1
P71S; M211I; K225N,1
E78K; S162I; S163F; N258D; T350S,1
G101D; K225L; D326G,1
K225T; N376I,1
L98P; S162I; S163F; P206S,1
P155S; S162I; S163F,1
K22*; S162I; S163F,1
T50S; K225I,1
S162I; I227V,1
Y69H; K225T,1
S162I; G177S; K225E,1
S162I; S163F; N195S; I399F,1
N293D,1
N10K; S162I; S163F; V184F; K225E; S361A,1
V87A; N138D; S162I; S163F,1
S162I; S163F; N175H; I377L,1
S162I; S163F; E397K; R402H,1
S162I; S163F; K225E; D301Y; S361A,1
S162I; L240M,1
S162I; S163F; N170D; K225E; S361A,1
F194S; K225I,1
Q141P; S162I; S163F; K225E; Q235K; S361A,1
F33V; S162I; S163F,1
S162I; S163F; K225E; S361A; E410*,1
T6S; A32S; P57L; S162I; S163F; K225E; V319A; S361A,1
S162I; S163F; T234A; T264P,1
L98P; S162I; S163F; L253F,1
L98P; S162I; S163F; A224T,1
S162I; S163F; K225E; Q270R,1
N116D; K225I,1
S162I; S163F; K225E; L328M; S361A; K408R,1
S162I; S163F; N175H; G353D,1
M36V; L98P; S162N,1
S162I; Q267R,1
S162I; S163F; K225I; N261S; N407D,1
T6S; A32S; L56H; G64S; T75Q; T76S; Q88T; S162I; S163F,1
S162I; S163F; N261D; S273N; T372A,1
S162I; K225E; T341I,1
S162I; S163F; K225E; S361A; P393S,1
S162I; S163F; K225E; D365G,1
G49C; N96S; S162I; S163F,1
D117G; K225I,1
S162I; S163F; Q373H; N376K; I377H; G378R; S379L; L380I; A381G; T382D; N383E; Y384L; K385Q; Q387S; N388E; V389C; E390R; E391G; N392E; Q394A; I395N; V396C; E397*; E398G; I399D; K400*; R402S; G403W; L404P; V405G; K406*; N407K; K408Q; I409D; E410*; E411R,1
T6S; A32S; L56H; S162I; K225E,1
S162I; D199G,1
T6S; A32S; L56H; T75Q; T76S; Q88T; P121D; T198S; D199I; K225L; D265V; E266A,1
K225I; I321T,1
S162I; S163F; K225E; D265V; E266A; W268Y; E269N; Q270D; R272Y; S273T; K277N; K278D; E280R; E281K; K284S; S361A,1
K225I; I282V; V291M,1
N38D; L98P; S162I; S163F; K385R,1
K225I; R348C,1
S99L; S162I; S163F; E281K,1
S162I; S163F; Y357H; S361A,1
K225I; Y384S,1
K225I; C347S,1
S162I; S163F; N261K; G386A,1
F55L,1
L98P; A129T; S162I; S163F,1
N118H; S162I; S163F; E398D,1
E79*; S162I; S163F; P239S; K311E,1
S162I; S163F; K225I; T372N,1
S162I; S163F; D366G; I409V,1
S162I; Y369H,1
K225I; N297S,1
S162I; C231Y,1
S162I; S163F; K225E; T242N; S361A,1
D54Y; A129S; K225T,1
S162I; S163F; K342E; T350S,1
S162I; S163F; Q236*; I409T,1
S162I; S163F; F192Y,1
N5Y; S162I; S163F,1
S162I; S163F; N293H,1
D65V; S162I; S163F,1
E28*; S162I; S163F; K225E; S361A,1
G49S,1
K62R; S162I; S163F; K225E,1
I41V; S162I; K225I,1
K400E,1
S67N; L98P; S162I; S163F; A313V,1
S162I; K225E; N297D,1
S162I; S163F; D365A,1
L98P; S162I; S163F; G374V; F375S; N376T; I377S; G378A; S379H; L380W; A381R; T382R; N383T; Y384T; K385R; G386V; Q387R; N388M; V389S; E390R; E391R; N392T; P393R; Q394K; I395L; V396L; E397R; E398R; I399L; K400G; G401V; R402V; G403A; L404W; V405L; N407T; K408R; I409L; E410K; E411S,1
N92T; S162I; S163F; K225E; S361A,1
I143L; S162I; S163F,1
F124S; S162I; S163F; E391D,1
S162I; E410G,1
D54N; K62N; S162I; S163F,1
S162I; S163F; C231R; N297S,1
L56P; K225I,1
R45P; S162I; S163F; K225E; S273N,1
N10S; S162I; S163F; S361A,1
N14S; S162I; S163F,1
S162I; S163F; I263V; N297S,1
Q141K; K225I,1
S66Y; S162I; S163F; K225I,1
S162I; S163F; K225E; C231Y,1
A32S; I126V; S162I; S163F; T264A,1
F91L; S162I; S163F; M172L,1
S162I; S163F; K225E; S361A; K408*,1
L19P; S162I; S163F; D301N,1
S162I; K225E; G378C,1
S67I; G100C; S162I; S163F,1
S162I; S163F; V345A; S361A,1
L98R; S162I; S163F; T335I,1
S162I; S163F; I352T; R402H,1
S162I; S163F; Y171C; N407K; K408Q; I409D; E410*; E411R,1
S162I; S163F; Y369*,1
T59A; N195S; K225I,1
Y69H; S162I,1
S162I; T242A,1
P12T; S162I; K225E; S273N; S318N,1
S162I; S292N,1
T50I; S162I; K225E,1
K225I; Y317*,1
S162I; K225I; E305D,1
M211K; K225I,1
S162I; K225E; L240R,1
S162I; S163F; N297S; Y357C,1
F178S; K225I,1
S162I; D365N,1
S162I; N175H; S273G; N297S,1
S162I; S163F; S217I; K225E; S361A,1
S162I; S163F; Y355C,1
N96H; S162I; K225E,1
F124L; S162I; S163F; N388S,1
I4V; S162I,1
G139V; K225T,1
S162I; S163F; N175H; F252S,1
S162I; T350I,1
A32S; L56H; T75Q; T76S; Q88T; P121D; T198S; D199I; K225L,1
S162I; K225I; K285R; Q354K,1
M36L; S162I; S163F,1
S162I; S187P,1
N72Y; S162I; S163F; K225E,1
S162I; S163F; N293T,1
G49D; S162C; K225E,1
S162I; L404P,1
S108I; S162I; S163F; R272H,1
S162I; S163F; R348H; N388D,1
K225I; L240Q; P298L; S361A,1
S162I; N175H; V319I,1
I102V; S162I; S163F; S217I; K225E; S361A,1
F192L; T198S; D199I; K225I; C231R; K359R,1
S162I; K225E; T229M; E250D,1
N97H; S162I; S163F,1
N72K; S162I; S163F,1
T6S; S162I; S163F; T234A,1
S162I; N314H,1
K225I; T264S,1
T6S; A32S; L56R; T75Q; T76S; Q88T; P121D; K225E,1
T6S; I41V; F192L; K225I,1
S162N; K225E; K288N,1
A32T; S162I; S163F; G256E; N297S,1
S162I; S163F; S292C; N297S,1
L98P; S162I; Y171C,1
S162I; S163F; K225E; E397G,1
I181T; K225I,1
S162I; K225E; F337S,1
G49D; S162I; S163F; V184I,1
S162I; S163F; K225E; S273N; S361A,1
N10D; S162I; S163F; I352T,1
I150V; S162I; S163F; K225E,1
T75Q; T76S; R93H; S162I; S163F,1
E28G; S162I; S163F; K225I,1
L98P; S162I; S163F; N175H; S361A,1
S162I; S163F; L210P,1
S162I; S163F; K225E; Q237*; S361A,1
A153T; S162I; S163F; K225E; S361A,1
S162I; S163F; N175H; Q237*; T372A,1
V148I; S162I; S163F; E269D,1
N38S; S162I; S163F; S166P; I321T,1
S162I; S163F; K225E; Q295K; S361A,1
T6S; T75I; S162I,1
D70E; L98P; S162I; S163F,1
F91L; S162I; S163F; I352T,1
S162I; S163F; K225E; S361A; P393R; Q394K; I395L; V396L; E397R; E398R; I399L; K400R; G401V; R402V; G403A; L404W; V405L; N407T; K408R; I409L; E410K; E411S,1
L98P; G139S; S162I; S163F,1
T6S; A32S; L56H; S162I; S163F; I409S,1
S162I; S163F; T350S; N407K; K408I; E410R; E411F,1
I35V; S162I; N175H,1
I42T; S162I; S163F,1
N63K; S162I; K225E; K359R,1
S162I; H216R; K225E; S318N,1
T6S; A32S; L56H; T75Q; T76S; Q88T; P121D; S162I; S163F; N407S,1
S162I; S163F; P239S; A283T; S361A; L404R,1
S162I; P173Q; K225E,1
S162I; G220S; K225T,1
S162I; S163F; E269D; I377V,1
S162I; S163F; A381R; T382R; N383T; Y384T; K385R; G386V; Q387R; N388M; V389S; E390R; E391R; N392T; P393R; Q394K; I395L; V396L; E397R; E398R; I399L; K400R; G401V; R402V; G403A; L404W; V405L; N407T; K408R; I409L; E410K; E411S,1
T6S; A32S; L56H; T75Q; T76S; Q88T; P121D; I409T,1
V132I; S162I; S163F; T341I,1
V291M,1
L104F; S162I; S163F; S361A,1
T6S; A32S; L56H; T75Q; T76S; Q88T; L103P; S162I; S163F,1
N10D; N138D; S162I; S163F; I352T,1
R93S; S162I; S163F; P298T,1
S162I; T264S,1
V184I; K225I,1
S162I; Y279C,1
K225I; Q354R; V405I,1
G220V; K225I; W268R,1
S162I; S163F; K225E; S361A; P393L,1
G101S; S162I; S163F; K225E; G315D; S361A,1
H216P,1
S162I; S163F; I227V; N297S,1
A153S; K225I; T341A,1
S162I; S163F; N197S; K225E,1
S162I; S163F; N175H; H176Q,1
K62N; A153S; S162I; S163F,1
T6S; S162I; S163F; K225E; K285R; S361A,1
S162N; K225M,1
P155L; S162I; S163F,1
Q141R; S162I,1
E28*; G64S; S162I; S163F,1
K31E; S162I; S163F; A340T,1
T59A; S162I; S163F; K225E; S361A,1
S162I; S163F; C231G; N362D,1
K225I; K329R,1
T75Q; T76S; Q88T; P121D,1
S162I; S163F; R193C; K288R,1
S162I; S163F; N175K; K225E; S361A,1
K225I; L309M,1
S162I; S163F; I165T,1
K225I; I232F,1
E78*; S162I; K225N,1
Q27K; I42V; S162I; S163F,1
G101D; K225I,1
L98P; S162I; S163F; S287N,1
T160M; K225I; N261S; K330M,1
Q88K,1
F136I; S162I; K225E,1
S162I; S163F; G315D; S361P,1
T6S; S162I; S163F; K278E,1
S162I; S163F; D301N; G374S,1
S162I; S163F; Q267K; G401D,1
N92S; S162I; S163F; K225E; E305D; S361A,1
L98P; S162I; S163F; P188L; K225N; S292N,1
S162I; S163F; K225E; S361A; N407K; K408Q; I409D; E410*; E411R,1
S162I; S163F; K225I; Q295P,1
N63H; S162I,1
S162I; S163F; E251K; S361A,1
L98P; S162V; S163F,1
S162I; S163F; T234A; N407K; K408Q; I409D; E410*; E411R,1
S162I; K225E; S361A; K385R,1
S162I; S163F; T198S; V405F; E411K,1
S162N; K225I; D265E; I399V,1
S162I; S163F; I227L,1
D117G; H125Y; S162I; S163F,1
S137R; S162I; S163F,1
N344Q; D365N; T372S; Q373E; F375Y; G378N; S379N; A381K; T382V; Y384F; K385R; V389A; E390N; E391L; Q394R; V396I; E397K; E398P; K400T; N407K; K408I; E410R; E411F,1
N72D; S162I; S163F; D301G,1
S162I; S163F; T234A; D366Y,1
Q53H; S162I; S163F,1
T6S; D15Y; A32S; L56H; T75Q; T76S; Q88T; P121D; K225E; S361A,1
S162I; F192L,1
L98P; I143F; S162I; S163F,1
K225N; V389I,1
T59P; E305K,1
G64C; K225I; Q394A; I395N; V396C; E397*; E398G; I399D; K400*; R402S; G403W; L404P; V405G; K406*; N407K; K408*; I409D; E410*; E411R,1
S162I; S163F; E411R,1
P23Q; S162I; S163F; T372N,1
S162I; K225I; S333L,1
N376K,1
S162I; S163F; K225E; Q373*,1
Q88T; S162I; K225E,1
K225I; Y332H; Y355H,1
T160A; N195S; K225I; S361A; G378D,1
S162I; S163F; C231H,1
S162I; S163F; N175H; A313T,1
S162I; S163F; E281K; I352T,1
G24D; S162I; S163F; D265N,1
T6K; S162I; S163F,1
S162I; S163F; K225E; S361A; Q394*,1
S67N; S162I; S163F; T230A,1
S162I; S163F; K225I; K285R,1
D65N; S162I; S163F; T372N,1
K225I; G256R; Q354R,1
S162I; S163F; K225E; Q304K; D326Y; S361A,1
K62N; S162I; S163F; T229M,1
I102V; S162I; S163F; T372N,1
T160M; K225I; Q354R,1
P2S; L107P; S162I; Y299*,1
S162I; S163F; M172I; L276I,1
S162I; S163F; N314D; K385R,1
K225L; C347R,1
V13A; N261D,1
N96K; S162I; S163F; K225E,1
N161D; S162I; S163F; Y357H,1
N72D; S162I; S163F; K225E,1
E133*; S162I; S163F; K342E,1
A153V; S162I; S163F; K225E; S361A,1
S60N; S162I; S163F; W268R,1
S162I; S163F; A283S; S361A,1
R82S; S162I; S163F; N376D,1
N122D; S162I; S163F; K225E; S361A; I399V,1
T6S; A32S; L56H; T75Q; T76S; Q88T; P121D; A313V,1
L98P; S99L; S162I; S163F,1
K225I; K285R,1
N116H; A153V; S162I; S163F,1
T6S; I18L; L56M; A129S; S162I; N175H; T264A,1
N97T; S162I; S163F; K225E; S361A,1
S162I; S163F; K288E; T350S,1
S162I; S163F; K225E; K356E; S361A,1
S137R; S162I; S163F; K225E; S361A,1
P121D; D156Y,1
D11Y; S162I; S163F; Q267H; I352T,1
S162I; S163F; K278Q,1
S162I; I232V,1
P121D; Q387*,1
S137R; S162I; S163F; K225E; T242A,1
S162I; S163F; K225E; L276F; K329N; S361A,1
L145M; S162I; S163F; N407K,1
S162I; S163F; E266K; R272H,1
S162I; S163F; K288Q; A313V,1
S162I; S163F; K225E; F343L,1
T59S; S162I; S163F,1
S162I; S163F; K225E; S361A; E390V,1
S162I; N175H; C231Y,1
K37N; S162I; S163F; G226S,1
L98P; S162I; S163F; N407T; K408R; I409L; E410K; E411S,1
S60N; S162I; K225E; S361A,1
Q27R; L98P; S162I; S163F,1
M151I; S162I; S163F; D199G; N261S,1
A32S,1
A153S; K225I,1
S162I; S163F; N362D; V389I,1
S162I; S163F; N261D; K285R; P393S,1
D11Y; S162I; S163F; N297S,1
T6S; L56H; L98P; S162I; S163F; T234S,1
S162I; K225I; L309M,1
Q141*; S162I,1
S137R; S162I; K225E,1
L98P; S162I; S163F; N293D,1
L98P; S162I; S163F; T382M,1
S162I; S163F; C231R; L276I,1
S162I; S163F; S273G; N297S; R348H,1
S162I; S163F; E201*; K225E; S361A,1
L98P; S162I; S163F; E349K,1
T6S; A32S; L56H; T75Q; T76S; Q88T; P121D; N138D; T198S; D199I; K225I; D265V; E266A; W268Y; E269N; Q270D; R272Y; S273T; K277N; K278D; E280R; E281K; K284S,1
S162I; S163F; I249T; N362D,1
S162I; S163F; K225E; S361A; Q373*,1
S162I; S163F; V345L,1
L84P; S162I; S163F; T229A,1
L98P; S162I; S163F; D199N,1
R168H,1
S162I; S163F; D265E,1
S162I; S163F; K225E; S361A; G401V,1
S162I; S163F; I352T; I395V,1
K225I; S318G,1
I102V; S162I; S163F; K225E; S361A,1
F55S,1
K22N; S162I; S163F,1
P43Q; S162I; S163F; H176N; D265G,1
S162I; S163F; K225E; S361A; Y384S,1
K225I; A381E,1
S162I; S163F; N314S; N316I; N344H,1
S162I; S163F; K225I; E397*,1
E28*; S162I; S163F; K225E,1
S162I; N258T,1
K225T; E250*,1
T6S; A32S; L56H; T75Q; T76S; Q88T; P121D; T198S; D199I; N258H,1
S162I; S163F; K225E; K323T; S361A,1
S162I; D199G; K225N,1
K225I; R272H,1
S162I; S163F; K225E; G315C; S361A,1
P146L; S162I; Y355H,1
F194L; K225N,1
S162I; S163F; F358Y,1
K225I; I352S,1
T6S; A32S; L56H; T75Q; T76S; Q88T; G101S; P121D; T198S; D199I; K225I; D265V; E266A; W268Y; E269N; Q270D; R272Y; S273T; K277N; K278D; E280R; E281K; K284S,1
T160M; K225I; E250K,1
S162I; S163F; S292N; I302T,1
T119I; S162I; S163F; I232T,1
D11Y; K225I,1
K225N; K342R,1
P239Q,1
A129V,1
E28D; S162I; S163F; S273G; G378D,1
D310Y,1
S162I; S163F; K225E; N243K; S361A,1
A207T; K225L,1
E44K; S162I; S163F; N407H,1
S162I; Q295H,1
S162I; S163F; G257S; T372N,1
S162I; S163F; K225E; T350A; S361A,1
G223S; K225I,1
S162I; S163F; Y171H; S217I; S361A,1
G49C; S162I; S163F; K225E; S361A,1
S162I; N383D,1
E28A; K225T,1
N5D; S162I; S163F,1
S162I; S163F; Y307D,1
S162I; S163F; K225I; Y279N,1
L56H; S162C; K225E,1
I35T; Y73H; M172I; K225T,1
N63T; K225I,1
R82C; S162I; K225E,1
V13I; S162I,1
N258S,1
S162I; S163F; K225E; E266D; F343L; S361A,1
M1V; L98I; S162I; S163F,1
S162I; S163F; R193L; S287G,1
S162I; K225E; S318N; E398K,1
S162I; Q290K; E398K,1
F158L; K225I,1
S162I; S163F; V289L,1
P155L; S162I,1
S162I; K225E; K277E,1
K225N; G378S,1
I39T; S162I; S163F; K225E; S361A; N388D,1
S162I; K225E; E336A; T372N,1
T6S; A32S; L56H; T75Q; T76S; Q88T; P121D; E305D,1
A32S; L56H; Q88T; P121D; S162I; S163F; K225E; S361A,1
S162I; S163F; N297S; N407S,1
Q27H; S162I,1
S162I; S163F; M172I; T335N,1
K225I; E397D,1
I90N; K225I,1
S162I; S163F; I247V; E269K; L276I,1
N164H; K225T,1
T6S; S162I; S163F; S174N,1
F194I; K225I; I352V,1
D15G; S162I; S163F; N175T,1
N63D; S162I; K225E,1
I35L; S162I; S163F,1
T6S; A32S; L56H; T75Q; T76S; Q88T; P121D; T198S; D199S,1
K225I; D325N; K330M,1
S66F; S162I; S163F; K225I,1
S162I; S163F; K225E; W268*; S361A,1
P57T; S162I; S163F; K225E; E281K; S361A,1
F7L; S162I; S163F; Q354R; V389I,1
S162I; S163F; K225E; Y317*; S361A,1
L98P; S162I; S163F; Q387K,1
S162I; P393T,1
S162I; S163F; F334C,1
D15N; T59A; S162I; K225E; E398G,1
T6S; Q27R; A32S; L56H; T75Q; T76S; Q88T; S162I; S163F,1
Q27*; S162I; S163F; N200S; K225E; S361A,1
S162I; I368V,1
G127S; S162I; S163F; T350S,1
K225I; I302V; E349K,1
S162I; S163F; S217G; K225E,1
N95I; K225I; S361A; S367Y,1
N118S; S162I; S163F; S361A,1
S162I; I183V; K225E,1
D117N; S162I; S163F; K225E; S361A,1
S162I; S163F; R168L; K225E; S361A,1
P43T; S162I; S163F; L276I,1
K225I; T234M,1
L98P; S162I; S163F; Q267*; A381T,1
T59P; S162I; S163F; F324L,1
H125Y; S162I; S163F; A381T,1
L98P; S162I; S163F; A224S; D325N,1
V47M; S162I; S163F; K225E,1
T6S; A32S; L56H; T75Q; T76S; Q88T; P121D; S162C,1
Y68C; S162I; N175H; K300E,1
T6S; A32S; L56H; T75Q; T76S; K225E; N297S,1
S162I; K225E; N297S,1
T6S; S162I; S163F; N316Y,1
I143V; S162I; S163F; K225E; S361A,1
L114P; S162I; S163F,1
L98I; S162I; S163F; N175H,1
S162I; S163F; K225I; T234K,1
T75Q; T76S; Q88T; P121D; T198S; D199I; G220V; K225I; I227V,1
A313T,1
S162I; S163F; K225E; T350I; S361A,1
S162I; I165V,1
S162I; S163F; K225E; G315C; S361A; E391*,1
L98P; S162I; S163F; G403S,1
S60R; S162I; K225I; E281K; K288R,1
S162I; S163F; S217N; D265G,1
F136Y; S162I; S163F,1
S162I; S163F; K225E; Q290K; S361A; I377L,1
E78G; S162I,1
S162I; S163F; K225E; S318I; S361A; T382M,1
G49V; S162I; S163F; V389I,1
S162I; S163F; G386V; Q387R; N388M; V389S; E390R; E391R; N392T; P393R; Q394K; I395L; V396L; E397R; E398R; I399L; K400R; G401V; R402V; G403A; L404W; V405L; N407T; K408R; I409L; E410K; E411S,1
R82C; S162I; S163F; I377V,1
K225T; F255L,1
S66F; S162I,1
N95S; S162I; S163F,1
T6S; S162I; S163F; D205G; N248Y,1
L104S; S162I; S163F,1
S162I; L276P,1
N10D; S162I; S163F; T209P,1
Y30C; K225I,1
S162I; K225E; K356R,1
D117E; K225I,1
G49D; S162I; K225E,1
S162I; S163F; G179S; K225E; E269G; S361A,1
S162I; S163F; Y279N,1
K62E; K225I,1
T6S; K225N,1
D156N; K225I,1
S162I; K225I; S318I,1
K225L; Q354R,1
S162I; G378S,1
P23Q; M172I; K225T; N392K,1
M36V; S162I; N297D,1
D77Y; S162I; S163F; N297S; V405G,1
G64S; S162I; S163F; N370S,1
S162I; S163F; K330R; V405I,1
S162I; S163F; T198S; D199I; K225L,1
S162I; S163F; Y279N; I368V,1
S162I; S163F; H176Y; T229M,1
S162I; S163F; K225E; P294S; I321T; S361A,1
N96K; K225I,1
D117N; S162I; S163F; S361Y,1
I48T,1
I149T; R348S,1
S162I; S163F; K225E; K284R; S361A,1
L98P; S162I; S163F; K225I; S379*,1
E106A; S162I; S163F; T198S; D199I; K225L,1
K225I; E250*; D366N,1
S162I; S163F; K225E; Q236K; S361A,1
A32S; L56H; S162I,1
S162I; S163F; V184I; I399V,1
T6S; S162I; S163F; E410K,1
A153D; S162I; K225Q,1
T75I,1
V47A; S162I; S163F,1
N118D; S162I; S163F; K225E; S361A; N362D,1
T6A; S162I; S163F; K225E; S361A,1
Y30F; S162I; S163F; T372S; Q373E; F375Y; G378N; S379N; A381K; T382V; Y384F; K385R; V389A; E390N; E391L; Q394R; V396I; E397K; E398P; K400T; N407K; K408I; E410R; E411F,1
S162I; S163F; N293H; P393L,1
S162I; N344Q; D365N,1
K225I; E391*,1
T6S; A32S; L56Y; T75Q; T76S; Q88T; P121D; T198S; D199I; R272C,1
N138Y; K225I,1
S162I; S163F; I203T,1
S162I; S163F; Y171C; N297S,1
S162I; K225E; E391K,1
K225I; F252C,1
S162I; N392I,1
M172I; K225T; T382M,1
D54N; K225I,1
W40*; K225I,1
S162I; S163F; I203V; K225E,1
T6S; A32S; L56H; T75Q; T76S; Q88T; P121D; T198S; D199I; I232V,1
R93S; S162I; S163F; T242A,1
T6S; L98P; S162I; S163F; R402C,1
S162I; I395L; V396L; E397R; E398R; I399L; K400R; G401V; R402V; G403A; L404W; V405L; N407T; K408R; I409L; E410K; E411S,1
N383D,1
T230A,1
Q373*,1
S108I; S162I; S163F; D338Y,1
Q27R; E154*; S162I; S163F,1
K225I; D265V; E266A; W268Y; E269N; Q270D; R272Y; S273T; K277N; K278D; E280R; E281K; K284S; E305V,1
S162I; S163F; I165V; I352V,1
A32S; S162I; S163F; T198A,1
T6S; A32S; L56H; T75Q; T76S; Q88T; K225I; L364P,1
T6S; A32S; L56H; T75Q; T76S; Q88T; P121D; G220V; K225I,1
S162I; S163F; H176Y; E251G,1
M1V; A110V; S162I; S163F; K225E; S361A,1
S162I; S163F; T230M; N322S,1
I41V; E106V; S162I; S163F; G403S,1
G115V; K225I,1
S162I; S163F; D301H; N314S; N316I,1
K225T; I327L,1
N72T; S162I; S163F; E269A; N362D,1
L98P; S162I; S163F; D199G,1
I41V; S162I; S163F; Y357*,1
T6S; I18V; S162I; S163F; S361A,1
P121D; S162I; S163F; S361A,1
S162I; S163F; D205A; S361A,1
S67N; S162I; S163F; T372N,1
A32S; S162I; K225E; E410K,1
C26R; S162I; K225N; E250D,1
N316S,1
H142Q; S162I; S163F; K225E; S361A,1
E106V,1
S162I; S163F; K225E; S361A; N362K,1
N63D; S162I; S163F; Y190C,1
K62R; G101D; S162I; S163F; K225E,1
P71S; S162I; S163F; E391K,1
T76M; S162I; S163F; K225E; S361A,1
T6S; Q27K; S162I; N164S,1
S162I; S163F; Q354K; Q373H,1
I41T; K225I; S287G,1
I21V; S162I; N175H,1
S66P; S162I; S163F; K225E,1
S162I; S163F; K225E; Y351H; S361A,1
S162I; S163F; K225E; K356R; S361A,1
T6S; L145M; S162I; S163F,1
S162I; S163F; T242I; T350S,1
V148G; S162I; S163F,1
F158S; S162I; S163F; Q387H,1
T6S; A32S; L56H; T75Q; T76S; Q88T; P121D; T198S; D199I; K225L; K329N; Q354R; T372A,1
A224S; K225I; G403V,1
M1I; S162I; K225I,1
E251D,1
L98P; S162I; S163F; T382M; V389I,1
T59I; N161Y; S162I; S163F,1
N63K; S162I; S163F,1
S162I; K225E; D265A,1
S162I; S163F; N362D; I395T,1
S162I; S163F; S273G; N297S; N383S,1
S162I; S163F; S217G; K225E; S361A,1
T119I; S162I; S163F; K225E; S361A; G401D,1
L98P; S162I; S163F; S361F,1
N407S,1
K37N; L98P; S162I; S163F,1
H125Y; S162I,1
S162I; S163F; D196E; N197D; K225E; S361A,1
S60N; K225I,1
S108I; S162I; S163F; S361A,1
G139C; S162I; S163F; S292N,1
L98P; S162I; S163F; S217G; S361A,1
K225I; I409T,1
S162I; S163F; E201K; K225E,1
S162I; N293D,1
D11N; S162I; S163F; N388Y,1
S162I; K225Q; E410K,1
I39V; S162I; S163F; N195D; K225E,1
L98P; S162I; S163F; T264I,1
S162I; M172I; N175H,1
S162I; S163F; K225E; N322D; S361A,1
K37R; S162I; K225E,1
D156Y; S162I; S163F; K225E,1
F343L,1
E78G; S162I; S163F; K225E; S361A,1
F194L; K225L,1
S162I; P173S; E281G,1
F337S,1
S162I; S163F; S361A; G401C,1
S162I; S163F; S217N; L276I,1
I39V; T59I; S162I; S163F,1
S60G; L98P; S162I; S163F,1
S162I; S163F; K225E; K300N; S361A,1
L98P; S162I; S163F; N383D,1
D15Y; Y20C; S162I; S163F; K225E,1
S162I; S163F; T350S; Y384H,1
I41V; P71S; S162I; S163F; K225E; D265G; D325N; S361A,1
S108N; S162I; S163F; K225I,1
N261S,1
V13I; L98P; S162I; S163F,1
P71S; S162I; S163F; K225E; S361A,1
S162I; S163F; S367P,1
K3E; S162I,1
N122D; S162I; S163F; S361A; G401D,1
L56H; K225I,1
S108N; S162I; S163F; D196E; K225E; S361A,1
R45C; S162I; S163F; K225E; F252L; S361A,1
N138D; S162I; S163F; K330R,1
S162I; S163F; T350S; E411K,1
P294S,1
H142Q; S162I; S163F,1
S162I; K225Q; K329N; S361A,1
L98P; S162I; S163F; L276I,1
T6S; A32S; L56H; T75Q; T76S; Q88T; P121D; I134V; T198S; D199I; K225T; E391*,1
S162I; S163F; A313T; S361A,1
T75Q; T76S,1
S162I; K225E; D326Y,1
D15V; N138D; S162I; S163F,1
E28K,1
G101D; K225I; Q373*,1
E410K,1
S162I; S163F; N175H; E266D,1
S162I; D196Y,1
G101S; S162I; S163F; N392H,1
I90V; K225I,1
T6S; A32S; L56H; T75Q; T76S; Q88T; K225Q,1
S162I; S163F; I232L; Q394A; I395N; V396C; E397*; E398G; I399D; K400*; R402S; G403W; L404P; V405G; K406*; N407K; K408Q; I409D; E410*; E411R,1
S162I; K225E; G256E,1
R16H; D70N; S162I; S163F; I233V,1
S162I; S163F; D312A,1
K225T; R348H,1
K225I; N248S; Y355H,1
I90V; S162I; S163F; K225E; S361A,1
T209P; K225N,1
S162I; S163F; T350S; Y357F,1
N138D; S162I; S163F; R272S,1
T6S; A32S; L56H; T75Q; T76S; Q88T; P121D; G401S,1
E79D; S162I; S163F; K225E; S361A,1
S162I; S163F; D199Y; K225E,1
T6S; A32S; S162I; S163F; A207T; K225E; S361A,1
G64D; S162I,1
K37N; S162I; S163F; E349G,1
S162I; S163F; R193H; K225E; L240R,1
S162I; S163F; K225E; Y317N; S361A,1
K225I; Q354R; Y357C,1
S162N; K225T,1
T6S; A32S; L56H; T75Q; T76S; Q88T; K225N,1
S162N; K225I; R244C,1
T6S; R16H; D65G; S162I; S163F; K225E; S361A,1
T6S; S67C; S162I; S163F,1
K22N; K225I,1
S162I; S163F; P173Q,1
Y20D; S162I; S163F; K225E; S361A,1
T160M; K225I; I241V,1
E106A; S162I; S163F; K225E; S361A,1
P188S; K225I,1
K225I; R348H; V396A,1
N92S; S162I; K225E; N314H; Y355H,1
S162I; S163F; K225E; T335I; S361A,1
S162I; S163F; K225E; L240Q; S361A,1
S174G; K225I,1
T6S; A32S; L56H; L61P; T75Q; T76S; Q88T; P121D; S162I; S163F,1
N118H; S162I; S163F,1
S162I; K225N; T228A,1
N138S; S162I; S163F; K225E,1
S162I; S163F; A207S; E269G,1
Y20*; S162I; S163F,1
S162I; S163F; L360F,1
S162I; D199N; K225E; K277Q,1
S162I; S163F; F252L; I352T,1
K225I; D325Y; Q354R,1
S162I; S163F; K225E; K288N; S361A,1
T6S; A32S; S162I; S163F; I282N,1
S162I; S163F; I327A,1
S162I; K225E; D365H,1
M1I; P57S; S162I; S163F,1
Q27*; N96S; K225I; D366N,1
A207E; K225I,1
I86N; S162I; S163F; M172I; R348N; G353N,1
S162I; P294S,1
S162I; S163F; K385R; K406E,1
P121D; S162I; S163F; E410G,1
S66T; S162I; S163F; S333A,1
L98P; I134V; S162I; S163F; N274S,1
I18V; L56P; K225I,1
N10S; N161Y; K225I; V405I,1
T75S; K225I,1
K225I; I368T,1
K225I; E397K,1
T6S; A32S; L56H; T75Q; T76S; Q88T; P121D; T198S; D199I; G220V; K225I; D265V; E266A; W268Y; E269N; Q270D; R272Y; S273T; K277N; K278D; E280R; E281K; K284S; I352V,1
S162I; T382A,1
M151I; S162I; K225E; Q235R,1
S162C; K225E; I409T,1
S162I; S163F; K225E; E411G,1
S162I; S163F; K225E; K285N; S361A,1
N5D; A224T; K225I,1
S162I; S163F; S361A; G386S,1
T6S; A32S; L56H; T75Q; T76S; Q88T; P121D; T198S; D199I; G220V; K225I; I227V,1
G49S; S162I; S163F; T350S,1
S162I; K225E; I352V,1
S162I; F252L,1
Q88K; S162I; V389I,1
S108G; S162I,1
I42T; S162I; S163F; K225E; S361A,1
S162I; S163F; K225E; P239T; S361A,1
S162I; S163F; K225E; R348S; E349K,1
S162I; S163F; N344K,1
T6S; A32S; L56H; T75Q; T76S; Q88T; P121D; T160M; K225I,1
S162I; S163F; I181T,1
T6S; A32S; S162I; S163F; Y355H,1
K225I; K277E,1
R45H; S162I; K225E; T350I,1
L56P; K225I; V345A,1
S162I; S163F; L253M,1
T6S; K225I; S292N; K300N,1
S162I; S163F; G220D; S318N,1
D15N; S162I; S163F; I247T,1
V184I; N195S; K225I,1
G49S; P71T; S162I; S163F,1
E78G; L98P; S162I; S163F; C231Y; T254A,1
S162I; S163F; I183V; L276I,1
S162I; S163F; K225E; R272C,1
D196G; W268R,1
S162I; S163F; S318I; E397G,1
K225I; D365G,1
A182T; K225L,1
M172I; K225T; I271T,1
P12L,1
D128G; S140C; S162I; S163F; K225E; S361A,1
G127S; S162I; S163F; T229M,1
K31N; K225I,1
S162I; K225E; N243S,1
A207T,1
S162I; D199N; K225E; N344Q,1
S162I; S163F; D326E,1
S162I; S163F; G179V; K225E,1
N138D; S162I; S163F; K284N,1
S162I; S163F; K306T,1
S162I; S163F; K225E; R244H; S361A,1
S162I; S163F; L404P; V405G; K406*; N407K; K408Q; I409D; E410*; E411R,1
Q88R; K225I,1
G25V; L98P; S162I; S163F,1
K225I; Y357*,1
T160M; S162I; S163F; K225E; S361A,1
L103R; S162I; S163F; Y355H,1
H125N; S162I,1
S166P; K225I,1
I143F; S162I; S163F; T382K,1
R82H; K225N,1
S162I; S163F; Q290R; S318N,1
S162I; S163F; Y222C; K225E; S361A,1
S66F; K225I,1
T6S; K80*; S162I; S163F,1
S162N; M211I; K225I,1
K225I; N293D,1
T6S; A32S; L56H; T75Q; T76S; Q88T; K225I; Q290*,1
L98P; S162I; S163F; N197D,1
A131T; T160A; K225T,1
N197Y; K225I,1
S162I; K225E; G246S,1
S162I; S163F; K329T,1
S162I; S163F; K385R; E390K,1
K225I; T350A,1
S162I; S163F; S273G; N297S; S379P,1
K225M,1
I21V; S162I; S163F; N274D,1
K22R; S162I; S163F; K225E; S361A,1
N118D; S162I; S163F; I352T,1
S162I; S163F; K225E; S361A; D366A,1
S162I; S163F; K225E; I262V; S361A,1
N161K; S162I; S163F; N362D,1
T160P; S162I; S163F; T350S,1
A131V; S162I; S163F; W268*,1
S162I; S163F; Y384S; K406E,1
S162I; S163F; H176Q,1
S162I; S163F; T341N; S361A,1
S162I; S163F; L276I; S361A,1
A110D; S162I; S163F,1
K225N; T228P,1
T6S; A32S; L56H; T75Q; T76S; Q88T; P121D; A129T; T198S; D199I; K225L; Y357H,1
S162I; S163F; K225E; D338G; N344S,1
K225N; T382P,1
F194I,1
V148D,1
I48V; K62R; S162I; S163F; D199N,1
I18F; S162I; S163F; K225E; S361A,1
S162I; S163F; G315S; I368V,1
G24C; L98P; S162I; S163F; Q236*,1
Q394R,1
S162I; N362D,1
L145M; K225N,1
S162I; M211I; K225Q,1
D128N; S162I; S163F; K225E; S318I; S361A,1
T209P,1
E28G; S162I,1
K225I; C347*,1
K225I; F324L,1
I21V; L98P; S99*; S162I; S163F,1
S162I; S163F; G378S; N407T; K408R; I409L; E410K; E411S,1
T6S; A32S; L56H; T75Q; T76S; Q88T; P121D; S162I; S163F; N238K,1
A207T; K225T,1
S162I; S163F; E280G; N297S,1
L98P; S162I; S163F; F375L,1
S162I; S163F; T228I; N407T; K408R; I409L; E410K; E411S,1
K225E; D366Y,1
K225I; F375L,1
S162I; S163F; K225E; S361A; S367Y,1
T6S; A32S; L56H; T75Q; T76S; Q88T; P121D; S163F; K225I; E250*,1
S162I; S163F; K225E; S361A; N376K,1
S162I; Q267*,1
S162I; S163F; Q354K; N407K,1
S66F; L98P; S162I; S163F; Q235R,1
S162I; S163F; M172I; K225I,1
I35V; K225I; W268R,1
V132I; K225I,1
G101S; S162I; S163F; A207T,1
N118K; S162I; S163F; K225E; S361A,1
Q27R; K225I; R244S,1
T59I; Y113H; S162I; D265A,1
K31N; S162I; S163F; K225E; S361A,1
N10D; S162I; S163F; K225E,1
S217I; K225I,1
R16S; S162I; S163F; N297S,1
T6S; L56H; N122D; S162I; S163F; K225E; S361A,1
D65G; N96S; S162I; S163F; S361A,1
L98P; S162I; S163F; E281K; E398K; G403S,1
N72H; S162I; S163F; K225E; S361A,1
K85N; K225I,1
S162I; S163F; K225E; P298L; S361A,1
F33S; S162I; S163F; E281G; T372N,1
S162I; S163F; A313V; K329E; T372N,1
L98P; S162I; S163F; V396I,1
T6S; A32S; L56H; T75Q; T76S; Q88T; P121D; S162I; N248I,1
S67I; K225I; G256R,1
S162I; S163F; N376I,1
T51S; S162I; S163F; K225E; S361A,1
S162I; S163F; G220V; K225T; R402S; G403W; L404P; V405G; K406*; N407K; K408Q; I409D; E410*; E411R,1
S162I; S163F; M211I; K225E,1
K225I; D338E,1
S162I; S163F; G256R; T382M,1
E349*,1
V132A; T160M; K225I,1
Q27K; K225I,1
S162I; S163F; E213K; G257S; N383D,1
S162I; K225E; A283S,1
P146S; N170D; K225I,1
P52L; S162I; S163F,1
S162I; S163F; T198N; K225E; S361A,1
S191P; K225L,1
L98P; K225I; W268R; E349K,1
L98P; N111S; S162I; S163F,1
S162I; S163F; K225E; I227V; Q290K; S361A,1
S162N; K225E; R402S,1
P57S; S162I; K225E,1
S162I; S163F; K225E; E269*; S361A,1
D77Y; S162I; S163F; K225E; S361A,1
S162I; S163F; G308C,1
Y68H; E78G; S162I; S163F,1
Q27K; S162I; S163F; K225E; S361A,1
S162I; S163F; K225E; S361A; F375S,1
S162I; P206Q; K225E,1
S162I; S163F; N258K,1
S140I; K225T,1
S162I; K225T; D259N,1
N10I; S162I; S163F; L364M,1
S162I; S163F; K225E; S361A; I409L,1
E105*; S162I; S163F; K225E; S361A,1
S162I; E281G,1
S162I; S163F; I203V; K225E; G308S; S361A,1
T75P; K225I,1
D128Y; S162I; K225E; N238S,1
S162I; M172I; K225T,1
I41V; Q53K; S162I; S163F; T372N,1
S162I; D326Y,1
Y113F; S162I; K225E,1
T6S; A32S; S162I; S163F; N197D,1
K225T; E266K,1
S162I; D205N; K225E,1
N63S; S162I; S163F; N293D,1
S162I; Y351H,1
Y69H; S162I; S163F; Y222C,1
S162I; S163F; E266G; N297S,1
K225N; Y355H,1
A131V; S162I; S163F; T234A,1
I126T; S162I; S163F; K225E; S361A,1
L98P; S162I; S163F; I321V,1
L98P; S162I; S163F; A224T; D265G; V289M,1
N46S; L98P; S162I; S163F; D310G,1
P43L; S162I; S163F; T350S,1
V47A; S162I; S163F; Y307H,1
S162I; S163F; G179D; N322S,1
K225T; I249V,1
P58L; S162I; S163F; L276F,1
F303S; N362S,1
S162I; S163F; I227V; V405A,1
K225N; S292N,1
D65Y; S162I; S163F; K225E; D338N; S361A,1
S67N; E154G; S162I; K225E,1
S162I; S163F; A313E; I352T,1
S162I; S163F; K225E; L276I; S361A,1
K225I; Q394*,1
L145M; S162I; S163F; K225E,1
T6S; A32S; L56H; T75Q; T76S; K225I,1
S60R; S162I,1
S162I; S163F; N320K,1
T59A; L98P; S162I; S163F,1
S162I; S163F; T198S; D199I; G220V; K225T; Y357H,1
S162I; S163F; E201D,1
K85N; S162I; S163F,1
S162I; S163F; K225T; E269D,1
S162I; S163F; K225E; V291L; S361A,1
K225I; N322S,1
E28K; S162I; S163F; K284E,1
S162I; S163F; E266D; I352P,1
E201D; K225I,1
V47G; S162I; S163F,1
P2S; S162I; S163F; K225E; S361A,1
K225Q; K300R,1
K225N; E349K,1
L84M; S162I; S163F; K277E,1
E28K; S162I; S163F; Y357H,1
G127C; S162I; K225E,1
Q141*,1
Y73N; S162I,1
Q27*; S162I; S163F; K225E; N297S,1
S162I; K225E; L296M,1
T6S; N122D; S162I; S163F; K225E; E349K; S361A,1
S67R; S162I; S163F; K225E,1
T6S; S162I; S163F; N388D,1
S162I; S163F; F186C; K225E; S361A,1
E106*; S162I; S163F; E201K,1
S162I; S163F; F358V,1
T6S; K22R; A32S; S162I; S163F,1
S162I; S163F; K300R; I352T,1
S162I; S163F; K225E; S361A; E411R,1
S162I; S163F; N388Y,1
Q53*; S162I; S163F; S180P; S287N,1
D81N; S162I; K225Q; E397G,1
P120S; S162I; K225I,1
P43S; S162I; S163F; K225E; S361A,1
D117N; K225I,1
T51I; S162I; S163F; L380F,1
S162I; S163F; K225E; E269G; E397D,1
I4M; S162I; S163F; I352T,1
K225I; I371V,1
N14K; S162I; S163F; K225E; S361A,1
E189K; K225I,1
T198I; K225Q,1
Q53*; S162I,1
S162I; S163F; N197S; S361A,1
S162I; S163F; S292C; T350A,1
D77A; S162I; S163F; K225E; S361A,1
S162I; S163F; F252V; N258D,1
S162I; S163F; K225I; E280K; D326Y,1
G220C; K225I,1
S162I; S163F; K329E; I352T,1
S162I; S163F; D205Y; I232L,1
S162I; K225E; F303S,1
S162I; S163F; T230A; E281G,1
S140R; S162I; S163F; K225E; S361A,1
K225I; S292I; G403V,1
T6S; A32S; L56H; T75Q; T76S; Q88T; P121S; S162I; S163F; K225E; S361A,1
T6S; A32S; T51P; L56H; T75Q; T76S; Q88T; P121D; S162I; S163F; N383D,1
S162I; F343I,1
S162I; S163F; Y222H; K225E; E266D,1
G152R; S162I; S163F; S292N,1
Q53*; T372N,1
S162I; S163F; Y171C; N175H,1
S162I; S163F; S191A; K225E; S361A,1
S162I; S163F; K225E; Q237L,1
N63T; L98F; K225I,1
T6S; A32S; L56H; T75Q; T76S; Q88T; P121D; T198S; D199I; D265V; E266A; W268Y; E269N; Q270D; R272Y; S273T; K277N; K278D; E280R; E281K; K284S,1
P120T; S162I; S163F; N344Q; Y355C; D365N; T372S; Q373E; F375Y; G378N; S379N; A381K; T382V; Y384F; K385R; V389A; E390N; E391L; Q394R; V396I; E397K; E398P; K400T; N407K; K408I; E410R; E411F,1
N92S; S162I; S163F; K225E; G315D; S361A,1
K225I; N261S; K330M; S379P,1
K225I; F358L,1
D81Y; S162I; S163F; I181V,1
K225I; G378S,1
S162I; S163F; N200S,1
S162I; S163F; K225E; D259N; S361A,1
S162I; S163F; K225E; I232L,1
S162I; S163F; K225E; F358V; S361A,1
T160M; K225E; S361A,1
S162I; S163F; K225I; S292I,1
L56P; S162I,1
S162I; D199N; K225E; P239L,1
I150T; K225I,1
S162I; S163F; K225E; E349K,1
K225T; Q290K,1
S162I; S163F; Q290P,1
S162I; S163F; I241V; G378D,1
E398G,1
L98P; S162I; S163F; I352T,1
S162I; S163F; L260P,1
S162I; S163F; D310G,1
N14D; G25S; K225I; N316H,1
S162I; T198I; K225Q; S361A,1
S137N; K225T,1
S162I; S163F; D310N; G378D,1
T75Q; T76S; Q88T; S162I; S163F; K225E; S361A,1
V47A; K225I; S361A,1
E105D; S162I,1
T6S; A32S; L56H; T75Q; T76S; Q88T; P121D; T198S; D199I; G220V; K225E; S273G; S361A,1
I4V; S162I; S163F,1
S162I; S163F; I352T; Y357H,1
T6S; S162I; S163F; N175H; Q290K; D325G,1
K31E; S162I; S163F; K225Q,1
K62R; S162I; S163F; I262T,1
S162I; S163F; T230K; T341I,1
G220V; K225I; T372I,1
E105K; S162I; K225N,1
K225E; G315D; S361A,1
E44D; I126V; S162I,1
F91L; S162I; S163F; K225E; S361A,1
T6S; A32S; L56H; T75Q; T76S; Q88T; L98P; P121D; T198S; D199I; K225T,1
T6S; A32S; L56H; T75Q; T76S; Q88T; S162I; S163F; Y171C,1
S162I; K225E; K342R,1
S162I; S163F; N195S; A381V,1
T6S; A32S; L56H; T75Q; T76S; Q88T; P121D; E154G,1
V87A; S162I; K225N; T228A; K311R; K330T,1
S162I; M172L,1
S162I; S163F; S166F; I262S,1
S162I; S163F; K225E; Y279C; S361A,1
S67R; S162I; S163F; K225E; S361A,1
L98P; S162I; S163F; L380S,1
K37T; S162I; S163F,1
S162I; S163F; T234A; Q267H,1
G101V; K225I,1
S162I; S163F; K225E; A283S; N314S; S361A,1
G101D; S162I; S163F; N297S,1
Y113F; S162I; S163F,1
L98P; S162I; S163F; F192V,1
N34S; S162I; S163F; K225E; S361A,1
S162I; S163F; Q394A; I395N; V396C; E397*; E398G; I399D; K400*; R402S; G403W; L404P; V405G; K406*; N407K; K408*; I409D; E410*; E411R,1
T17I; S162N; K225I,1
I165M,1
K37R; S162I; S163F; Q270K,1
S162I; I399V,1
S162I; S163F; E269A; D325N; Y384C,1
S162I; S191*; L253V; N258Y,1
S162I; S163F; I183N; K225I; T350I; Q354R,1
K109E; S162I; S163F,1
R16H; L98P; S162I; S163F,1
Y30C; S67N; S162I; S163F,1
S162I; S163F; T234A; F337Y,1
Y68C; S162I,1
E44K; G223C; K225I,1
K225I; G378D,1
S162I; S163F; N175H; A207T,1
S162I; S163F; H219L,1
S162I; S163F; D205N,1
S162I; S163F; K225E; S361A; D365A,1
I21T; G64D; S162I; S163F,1
V148A; S162I; S163F; E411K,1
I41V; S162I; S163F; F252L,1
E28D; S162I; S163F; Y357S,1
G64D; K225I; I368T; Y384H,1
T160M; K225I; E397K,1
S162I; H216Y; K225I,1
T6S; A32S; L56H; T75Q; T76S; Q88T; P121D; T198S; D199I; K225T; T350S,1
D205Y; I352V,1
D196N,1
S162I; S163F; K225E; C231*; S361A,1
G179D; K225I; V405I,1
S162I; N388D,1
Y355H,1
I165T,1
I48T; K225I,1
Q27*; S162I; K225E,1
M151L; S162I; S163F,1
S162I; S163F; Q267P,1
S162I; F194I; K225I,1
S162I; S163F; T198S; D199I; K225L; T372N,1
I233V,1
S162C; V184I; K225E,1
S162I; S163F; Y299F,1
S162I; S163F; E201K; Q270*; K400R,1
R82L,1
T6S; I102L; S162I; S163F,1
S162I; S163F; N297S; N407K,1
S162I; S163F; V184I; P188L,1
S162I; S163F; S333*,1
S162I; S163F; D205E; F343V,1
T6I; S162I; S163F; K225E; F358L; D365N,1
T6S; V47L; S162I; K225E; N248D,1
N34S; L98P; S162I; S163F; S361A,1
R45H; P120T,1
D11Y; S162I,1
S162N; K225I; T264A,1
S162I; N175S; K225Q,1
E106G; S162I; S163F; K225E; S361A,1
S162I; S163F; Q204H; F358I,1
I149T; K225T,1
K225I; N322S; S361A,1
S162I; S163F; K288N; Q373H,1
Q237*,1
A131T; S162I,1
E28G; S162I; S163F; D326Y; D365N; T372S; Q373E; F375Y; G378N; S379N; A381K; T382V; Y384F; K385R; V389A; E390N; E391L; Q394R; V396I; E397K; E398P; K400T; N407K; K408I; E410R; E411F,1
S162I; S163F; T242A; K285R,1
S174I,1
N195Y; K225I,1
T6S; A32S; L56H; S162N; K225I,1
S162I; S163F; K225E; N261H; S361A,1
V148I; S162I; S163F; A283T,1
E105K; N118D; S162I; S163F; K225E; S361A,1
N8D; N161K; S162I; S163F,1
T6S; A32S; L56H; T75Q; T76S; Q88T; S162I; D199N; K225E; T382A,1
S162I; S163F; L167M; K225E; S361A,1
S162I; S163F; C347R,1
W40*; S162I,1
P146S; S162I; S163F; K225E; S361A,1
M1V; K225I,1
S162I; S163F; G378S; N407D,1
K225I; R402L,1
S162I; S163F; Q373R; G374V; F375S; N376T; I377S; G378A; S379H; L380W; A381R; T382R; N383T; Y384T; K385R; G386V; Q387R; N388M; V389S; E390R; E391R; N392T; P393R; Q394K; I395L; V396L; E397R; E398R; I399L; K400R; G401V; R402V; G403A; L404W; V405L; N407T; K408R; I409L; E410K; E411S,1
L145M; S162I; S163F; T350S,1
K225I; I227S,1
S162I; S163F; K225E; K245E; S361A,1
S162I; S163F; I227V; I232L,1
V184I; K225T,1
T6S; A32S; L56H; V184G,1
E105D; S162I; K225E; S318N,1
N96D; L98V; S162I; S163F,1
S162I; K225E; G378D,1
S162I; S163F; I181V; D265G,1
S162I; S163F; R402S; G403W; L404P; V405G; K406*; N407K; K408Q; I409D; E410*; E411R,1
S162I; V184I; T372N,1
D205G; K225I,1
I90S; S162I; S163F,1
S162I; S163F; T198S; D199I; K225L; D265V; E266A; W268Y; E269N; Q270D; R272Y; S273T; K277N; K278D; E280R; E281K; K284S; N314S; N316I; N344Q,1
H142Y; K225I,1
K225L; Y317C,1
T6S; A32S; L56H; T75Q; T76S; Q88T; P121D; T198S; D199I; K225Q; I232F,1
T6K; S162I; S163F; K225E; S361A,1
L98P; T119I; S162I; S163F,1
P57S; S162I; S163F; K225E; S361A,1
P2S; S162I; S163F; N175H,1
S162I; V319I,1
S162I; K288N; E411*,1
S162I; S163F; I327T; N362D,1
S162I; S163F; K300R; G403C,1
T160M; K225I; D265N,1
S361F; V405A,1
S67N; S162I; S163F; Y307C,1
Y73*; R93H; S162I; K225E,1
T6S; A32S; L56H; K225I; Y279*,1
S162I; S163F; E269G; D326G,1
S162I; S163F; I263T,1
R45S; L56M; S162I; S163F,1
D128N; S162I; S163F; K225E,1
S162I; K225E; L331M,1
S162I; S163F; I352T; S379L,1
I90N; S162I; K225E,1
S162I; S163F; H176L; Q295*,1
S162I; S180P; K225E,1
L56H; Q88T; S162I; S163F,1
T75A; S162I; S163F; K225E; S361A,1
F7Y; K62E; S162I; S163F; K225E; S361A,1
P43Q; S162I; S163F; G403D,1
P12Q; S162I; K225I,1
S162I; D265N,1
S162I; S163F; N297S; N376D,1
D70N; K225I,1
S162I; S163F; N238K; T350S,1
V132I,1
D196Y; K225I; K346E,1
K225E; T234S,1
Y20F; S162I; S163F; E269K; V291M,1
N10S; S162I; S163F; I352T,1
W268G,1
S162I; I321V,1
N72S; S162I,1
S162I; S163F; K225E; L275S; K284E; S361A,1
D15Y; S162I; S163F; N175H,1
N63D; S162I; S163F; E305G,1
T51S; S162I; S163F; N293I,1
S162I; S163F; K225E; E281D,1
V13F; S162I; S163F; I227V,1
T6S; A32S; L56H; T75Q; T76S; Q88T; P121D; T198S; D199I; K225T; C231S; D265V; E266A; W268Y; E269N; Q270D; R272Y; S273T; K277N; K278D; E280R; E281K; K284S,1
S162I; S174I; K225E,1
K225T; Q270R,1
S162I; K225E; T372A,1
S162I; S163F; K225E; S361A; E391A,1
K225I; G403A; L404W; V405L; N407T; K408R; I409L; E410K; E411S,1
S162I; S163F; H212Y; K225E; D259Y; S361A,1
S162I; S163F; T372N; R402H,1
S162I; S163F; K225E; E269A; S361A,1
I21T; S162I,1
L98P; E154*; S162I; S163F,1
S217R,1
K225T; Q270L,1
K225I; L331P; E397K,1
T6S; A32S; L56H; T75Q; T76S; L84P; Q88T; I90V; P121D; S162I; S163F; T198S; D199I; K225I; I233V,1
S162I; S163F; K225E; S292I; S361A,1
K135E; S162I; S163F; N169D; K225E; S361A,1
S162I; S163F; D265Y,1
P112S; S162I; S163F; I352T,1
S162I; S163F; D301A; Y357H,1
S162I; S163F; G403V; V405I,1
T160M; S162I; S163F; N297S,1
S162I; S163F; K225E; D312Y,1
T75Q; T76S; Q88T; P121D; S162I; S163F,1
S162I; S163F; G257D; T372N,1
S162I; D196N; K225T,1
E133K; S162I; S163F; K225E,1
S162I; S163F; E201A,1
L98P; S162I; S163F; Q295H,1
T160A; S163A,1
E28D; S162I; S163F; Q235H,1
S162I; A207S; K385R,1
D11Y; N138D; S162I; S163F; K284N,1
S66F; S162I; S163F; S174R,1
Q27R; S162I; S163F; Q204H,1
S67I; S162I; S163F; I241V,1
S162I; S163F; N297S; T341P,1
E159K; S162I; S163F; K225E,1
K80T; S162I; S163F,1
K3E; S162I; S163F; E280K; I352T,1
D11A; K225I; Q354R,1
K225I; Y357H; T372N,1
S162I; I247V,1
N92D; S162I; S163F; K225E; S361A,1
K225T; G257D,1
K85E; K225I,1
K225Q; S361A,1
Y20C; S162I; S163F; R272H,1
F194I; K225I; S361A,1
S162I; S163F; F194S; C231R,1
P121A; S162I; S163F,1
S162I; Y307S,1
D117G; S162I; S163F; E305K; R348S,1
N362D,1
T160M; K225I; E391D,1
T160M,1
S162I; S163F; K225E; I271V; V319I; S361A; N383S,1
D65V; I102M; K225I,1
I42V; S162I; K225E; S361A,1
S162I; S163F; M172I; T350S,1
T6S; A32S; L56H; T75Q; T76S; Q88T; P121D; T242I,1
P121D; T198S; D199I; Y222C; K225L; D265V; E266A; W268Y; E269N; Q270D; R272Y; S273T; K277N; K278D; E280R; E281K; K284S; N314S; N316I,1
S162I; S163F; E280*,1
E79V; S162I; S163F,1
P120Q; K225I,1
G101S; N111K; S162I; S163F,1
S162I; S163F; T198A; N388D,1
E28K; L98P; S162I; N248K,1
S162I; S163F; E189D,1
S162I; K225I; T230M,1
P146S; S162I; S163F; Y357H,1
V184I; K225I; E269A,1
S162I; S163F; Q290H; I352L,1
L98P; S162I; S163F; K278T; I352V,1
S162I; D365E,1
K225I; G226D; Q354R,1
S162N; K225I; Y357C,1
G127V; S162I,1
S162I; K225E; F324L,1
G152R; S191L; K225I,1
S162I; S163F; K225E; S361A; V396A,1
N97K; S162I; S163F,1
P43T; K225I,1
N8Y; K225I,1
S162N; K225I; A381T,1
G101S; S162I; S163F; E281K,1
P2H; K225I,1
A32E; S162I; S163F; K225E; S361A,1
S162I; N164S; K225E; S361A,1
S162I; K225Q; G403V,1
F7S; K225I; V396A,1
N95Y; A110S; K225I; E397D,1
S162I; S163F; I227V; G403S,1
N95Y; A110S; K225I,1
V13I; S162I; S163F; K225Q,1
L61M; K225I; Y357C,1
S162I; K225E; I409F,1
P112L; K225I,1
S162I; S163F; I409D; E410*; E411R,1
S60R; S162I; K225E,1
D117N; K225T,1
S162I; N316S; N388H,1
N111K; S162I; K225E; S361A; T372S; Q373E; F375Y; G378N; S379N; A381K; T382V; Y384F; K385R; V389A; E390N; E391L; Q394R; V396I; E397K; E398P; K400T; N407K; K408I; E410R; E411F,1
V47A; S162I; K225E; K284E,1
N63S; S162I; S163F; K225E; S361A,1
A110S; S162I,1
K109N; S162I; S163F,1
T6S; S162I; S163F; K225I,1
S162I; S163F; K225E; E336K; S361A,1
S162I; K225E; G246C,1
K225T; E266K; D325E,1
T6S; A32S; L56H; T75Q; T76S; Q88T; P121D; K225I; N362S,1
S162I; S163F; K225E; T234M; S361A,1
S162I; S163F; K225E; D310Y,1
L98P; S162I; K225E; Q354R,1
S162I; S163F; K225E; S361A; I399V,1
S162I; A207S; N383D; Y384C,1
S162I; S163F; K225E; E266K; S361A,1
L98P; S162I; S163F; P206L; K225I,1
P146L; S162I; S163F; E280G,1
F192L; K225I,1
S162I; S163F; A313T; I352T,1
L98P; H125Y; S162I; S163F,1
H212R; K225I,1
N138D; S162I; S163F; N297S,1
M1I; S162I; S163F; D366N,1
S162I; F194V; Y222H; K225E,1
S162I; S163F; N200D; T372N,1
S162I; Q204L; K225I,1
R16L; A32S; S162I; S163F,1
G101S; K225N,1
T76M; S162I; S163F; I409T,1
S162I; S163F; M211I; G403D,1
S162I; K225T; N261D,1
S162I; S163F; P298Q,1
S162I; S163F; G378D; E411G,1
V132A; S162I; S163F; A313T,1
S162I; S163F; N238K; T341A,1
A129E; K225I,1
S162I; N297T,1
L360I; S361V; N362*; L364A; D365G; D366R; S367L; I368Y; Y369L; N370Q; I371Y; T372Y; Q373P; N376Q; I377H; G378R; S379L; L380I; A381G; T382D; N383E; Y384L; K385Q; Q387S; N388E; V389C; E390R; E391G; N392E; Q394A; I395N; V396C; E397*; E398G; I399D; K400*; R402S; G403W; L404P; V405G; K406*; N407K; K408Q; I409D; E410*; E411R,1
L98P; S162I; S163F; L331M,1
M172I; K225I; F303L,1
S162I; S163F; Q270R; S361A,1
S162I; S163F; T350S; E391D,1
N38H; L98P; S162I; S163F,1
D54E; V289L,1
T75I; S162I; S163F; G223S,1
S162I; S163F; G220C; G257V,1
K62N; S162I; S163F; N297S,1
S162I; S163F; M172I; N370S,1
S162I; S163F; K225I; T228I,1
T6S; A32S; L56H; T75Q; T76S; Q88T; S162I; S163F; G246D,1
L98P; S162I; S163F; N169D,1
K225I; F358S,1
S162I; L296R,1
S162I; S163F; G220V; K225T,1
L98P; S162I; S163F; L328M,1
S162I; E398D,1
S162I; S163F; K225E; P239Q; S361A,1
Y68H; S162I; S163F; K225E; S361A; L404P,1
S162I; S163F; K225E; I302V; S361A; A381E,1
P121D; S162I; S163F; S273G,1
L98I; K225I,1
S180T; K225I; N362S,1
K225I; N376D,1
D128E; S162I; S163F,1
S162I; S163F; K225L; D265V; E266A; W268Y; E269N; Q270D; R272Y; S273T; K277N; K278D; E280R; E281K; K284S; N314S; N316I; N344Q; D365N; T372S; Q373E; F375Y; G378N; S379N; A381K; T382V; Y384F; K385R,1
N138D; S162I; S163F; V396F,1
H142Y; S162I; S163F; T198A,1
K225I; D265V; E266A; W268Y; E269N; Q270D; R272Y; S273T; K277N; K278D; E280R; E281K; K284S; S292N; N314S; N316I; N344Q; D365N,1
S162I; S163F; K225E; R244C; S361A,1
S162I; S163F; P239S; D365N,1
S162I; S163F; T234A; R244S; E269D,1
T6S; L98P; S162I; S163F; I247N,1
E154K; S162I; S163F,1
G49D; S162I; S163F; K225E,1
H125R; K225I,1
T6S; S162I; S163F; S361A,1
S162I; S163F; I203S,1
S162I; S163F; A313T; G403S,1
S162I; S163F; K285R; P393Q,1
D77N; E78K; H125Y; S162I; S163F,1
S162I; S163F; T234P; P239S; K329E,1
S162I; K225E; N388D,1
S162I; S163F; T350S; I399V,1
S162I; S163F; N314Y,1
T6S; A32S; L56H; T75Q; T76S; Q88T; P121A; S162I,1
K85E; S162I; S163F; K225E; S361A,1
S162I; S163F; D338A; S361A; N370S,1
L104F; S162I; S163F; K225E; S361A,1
S162I; N175H; D259N,1
S162I; S163F; K225E; G353V; S361A,1
I4T; F55L; S162I; S163F,1
S162I; S163F; K225E; P239L,1
S162I; S163F; I232T; T372N,1
P57S; S162I; S163F; C231R; I247V,1
S162I; S163F; E280A,1
N72D; S163F,1
L56H; P71L; S162I; S163F,1
S162I; G378D,1
S162I; S163F; K225E; I247T; P298T; S361A,1
L56H; S162I; I327T,1
P71Q,1
S162I; H219Y,1
S162I; S163F; S217G; K406E,1
T50S; S162I; S163F; K225E; S361A,1
S162I; K225Q; I368V,1
T6S; A32S; T50S; L56H; T75Q; T76S; Q88T; S162I; S163F,1
N72D; V148I; S162I; S163F,1
S162I; S163F; F303L,1
E28G; H125R; T160M; K225N; K311R; A381V,1
N118D; S162I; S163F; K225E; S361A,1
L84M; S162I; S163F,1
V47A; S162I; S163F; T350S,1
D301G; K330N; I395V,1
S162I; R402L,1
S162I; D199G; K225E,1
S162I; S163F; K225E; K306Q; S361A,1
I102L; S162I; S163F; A313T; N362D,1
S162I; G386D,1
N95Y,1
E336*,1
T160M; K278Q,1
S162I; K225E; K329N,1
S162I; K225I; K342N,1
S162I; S163F; Q304*; K329N,1
S162I; S163F; S361A; T372N,1
S162I; S163F; K225E; K311R; S361A; V405I,1
L331P,1
S162I; S163F; S166P; K225I,1
S162I; S163F; N175H; N407K; K408Q; I409D; E410*; E411R,1
L98P; S162I; S163F; F358S,1
C26Y; K37N; S162I; S163F,1
E78K; S162I; S163F; K225E; K329N; S361A,1
S162I; S163F; L208P; C231R,1
S162I; S163F; K330E,1
S162I; S163F; V405L; N407T; K408R; I409L; E410K; E411S,1
K225I; T254A,1
K225I; T254P,1
Y113C; S162I; K225E,1
S162I; S163F; K225E; N243S; S361A,1
E28K; S162I; S163F; E398G,1
G24C; L296P,1
S162I; D366Y,1
L98P; S162I; S163F; S361P; G403A; L404W; V405L; N407T; K408R; I409L; E410K; E411S,1
G25S; S162I,1
F91S; S162I; S163F,1
T6S; A32S; L56H; T75Q; T76S; Q88T; P121D; T198S; D199I; K225L; N238S; D265V; E266A; W268Y; E269N; Q270D; R272Y; S273T; K277N; K278D; E280R; E281K; K284S,1
S162I; S163F; I262V; S361A; I409T,1
S162I; S163F; I352T; N407K; K408I; E410R; E411F,1
K225I; N261T,1
A32T; S162I,1
M1I; G101S; S162I; S163F,1
L61P; S162I; S163F; K225L,1
E105*; S162I; S163F,1
E79D; K225I,1
S108R; T119N; S162I; S163F,1
P155S; S162I; S163F; S191P; K225E; S361A,1
S162I; V405F,1
S162I; S163F; S273G; N297S; K385R,1
M36V; S162I; S163F; K225E; C231R; S361A,1
S162I; S163F; K225E; S361A; L380*,1
G100D; S162I; S273I,1
S162I; S163F; K225E; L240M,1
S162I; S163F; M172I; Y355H,1
R16H; K225I,1
L114R; S162I; S163F,1
G64S; S162I; S163F; K225E; S361A,1
S162I; S163F; I247T; Y317H,1
I102M; S162I; S163F; I183M,1
L98P; S162I; S163F; Q237R,1
S162I; D365G,1
S162I; S163F; F194Y; K225E; S361A,1
S162I; K225E; T229M; W268R,1
P173A; K225I,1
T198P; K225I,1
S162I; K225E; N258D,1
S162I; S163F; T242P,1
G115S; S162I; S163F; I227V,1
G25S; S162I; S163F; E280*,1
K37N; P43S; S162I; V291A,1
H125Y; S162I; S163F; L286F,1
I41V; K225I; I395T,1
P155L; S162I; S163F; I399T,1
S162I; S163F; K225E; N297S; S361A,1
S162I; S163F; L208M; K225E,1
N10D; S162I; K225Q,1
S162I; Q373K,1
N147T; S162I; S163F; E281K,1
I368N; T372N,1
D15N; S162I; S163F; Y171C,1
K37N; S162I; K225E,1
T6S; A32S; L56H; T75Q; T76S; Q88T; S162I; S163F; K408N,1
S162I; S163F; K225E; L260M; S361A,1
S60N; S162I; S163F; L276F,1
M1I; W40R; S162I; S163F,1
K225I; N314K,1
S162I; G401V; R402V; G403A; L404W; V405L; N407T; K408R; I409L; E410K; E411S,1
S162I; S163F; F375L; N383D,1
T6S; A32S; S162I; S163F; N274S; Q354K,1
S162I; S163F; K225E; E281G,1
I143V; K225T; Y357H,1
S162I; S163F; F337I,1
K225I; E305G,1
K225Q; N407K,1
Q141P; S162I,1
T6S; P57T; S162I; S163F,1
N72D; N92S; S162I; S163F,1
S162I; K225E; A340V,1
S66T; S162I; S163F; N175H,1
S162I; S163F; K288E; G403C,1
N14Y; S162I; S163F; T350S,1
S162C; S163F; D199N; K225E; K277Q,1
S162I; S163F; K225E; Q295K; Q304H; S361A,1
L98P; S162I; S163F; I215V,1
E28A; W40L; S162I; K225Q,1
R82C; S162I,1
N118S; K225I,1
M151I; S162I; S163F; K225E; E411K,1
S162I; R168H; K225E; I321T,1
T119S; S162I,1
F194I; K225N,1
S162I; S163F; K225E; G386S,1
S162I; S163F; K225E; Y355H,1
S162I; S163F; K225E; R244L; E269G,1
S162I; S163F; K225E; K277E,1
S162I; S163F; L404Q,1
S162N; K225E; K285R,1
S162I; S163F; Y369H,1
S162I; S163F; K225E; E266G; S361A,1
I90M; S162I; S163F,1
P120Q; I134V; S162I; S163F,1
S162I; K225E; F358L,1
S162I; S163F; I399L; K400R; G401V; R402V; G403A; L404W; V405L; N407T; K408R; I409L; E410K; E411S,1
K225T; T229M,1
N122D; S162I; S163F; K225E; P393Q,1
S162I; S163F; D365K; Q373R; G374V; F375S; N376T; I377S; G378A; S379H; L380W; A381R; T382R; N383T; Y384T; K385R; G386V; Q387R; N388M; V389S; E390R; E391R; N392T; P393R; Q394K; I395L; V396L; E397R; E398R; I399L; K400R; G401V; R402V; G403A; L404W; V405L; N407T; K408R; I409L; E410K; E411S,1
S162I; N195I; K225T,1
S162I; S163F; T198S; D199I,1
F33L; S162I; S163F; T372N,1
K225T; E281G,1
S162I; S163F; G386D,1
S162I; N195I; K225E,1
I39T; K225I; R244H,1
K225I; K277N,1
E44D; S162I; S163F; K225E; S361A,1
E28K; L98P; P120T; S162I; S163F,1
R16H; S162I; S163F; K225E; S361A,1
S162I; I183T; S292N; T382M,1
S162I; S163F; K225E; S361A; L380M,1
N8D; K225I; T234P,1
A224S; K225I,1
D15Y; S162I; S163F,1
S162I; S163F; V405T,1
T6S; A32S; L56H; T75Q; T76S; Q88T; P121D; T198S; D199I; K225L; D265V; E266A; W268Y; E269N; Q270D; R272Y; S273T; K277N; K278D; E280R; E281K; K284S; Y369C,1
S162I; K225I; Q354R; P393S,1
V345A,1
S162I; S163F; Q235R; N297S,1
S162I; S163F; G315C; Y355H,1
L98P; S162I; S163F; E269K; Y355C; Q394K,1
S162I; S180Y; K225E,1
G127C; S162I; S163F; K225E,1
N10T; S162I; S163F; L276I,1
N138D; S162I; T341N,1
T6S; A32S; L56H; T75Q; T76S; Q88T; S162I; S163F; K225E,1
S162I; A313T,1
D54N; G115S; K225I,1
K225T; I233T,1
E106D; S162I,1
S162I; S163F; K225E; Q235K; I327V; S361A,1
I90M; S162I; S163F; L331P,1
S67I; S162I; S163F; S361A,1
S162I; S163F; D196G; N388H,1
L145M; S162I; S163F; R193L,1
K225I; I282V,1
K62N; S162I; K225N,1
S162V; S163F; E269*,1
S162I; S163F; S333L; I399F,1
S162I; S379A,1
A129T; S162I; S163F; K225E; W268L; S361A,1
S162I; S163F; S174I,1
N96K; P121D; S162I; S163F,1
Q27*; S162I; S163F; K225E,1
D11V; S162I; N175H,1
S130F; S162I; S163F; S273G; N297S,1
S162I; S163F; K225E; N314S; N316I; S361A,1
L98P; S162I; S163F; F202C,1
S191L; K225I,1
K225T; Y351S,1
S162I; S163F; E390K; N407K,1
L296M,1
S162I; K225E; G315D,1
N147T; S162I; S163F; N344Q; D365N; T372S; Q373E; F375Y; G378N; S379N; A381K; T382V; Y384F; K385R; V389A; E390N; E391L; Q394R; V396I; E397K; E398P; K400T; N407K; K408I; E410R; E411F,1
S162I; S163F; T229K; L276I,1
L98P; E106K; S162I; S163F; E269G,1
S140G; S162I; S163F; K225E; S361A,1
S162I; F192L; K225E,1
T59I; S162I; S163F; K225I,1
L61P; S162I,1
S162I; S163F; K225E; S361A; G403S,1
K225I; S379P,1
S162I; S163F; K225E; E391G,1
L98R; S99L; S162I; S163F,1
K62N; S162I; K225E,1
S66C; D77G; S162I; S163F,1
K225I; V289G,1
K225I; D365N; T372S; Q373E; F375Y; G378N; S379N; A381K; T382V; Y384F; K385R; V389A; E390N; E391L; Q394R; V396I; E397K; E398P; K400T; N407K; K408I; E410R; E411F,1
S162I; S163F; K225E; I282T; N297S,1
S162I; S163F; I302L,1
L56H; T75Q; T76S; Q88T; P121D; T198S; D199I; G220V; K225I; D265V; E266A; W268Y; E269N; Q270D; R272Y; S273T; K277N; K278D; E280R; E281K; K284S; N314S; N316I; N344Q,1
S162I; S163F; G226D; I352V,1
S162N; K225I; I241V,1
M1I; S162I; S163F; K288E,1
I39T; K225I; E410D,1
S162I; K225E; N293K,1
S162N; R193S; K225E,1
A153S; S162I; S163F; T185I,1
R16S; S162I,1
K225I; F337C,1
S187T; K225I,1
S162I; S163F; I247T; F252S,1
S162I; S163F; N238T; Q270*,1
Q88*,1
K225T; E349K,1
E44D; S162I; K225I,1
S162I; S163F; N274H; S361A,1
Q141*; S162I; S163F; Y355H,1
K225T; E266D,1
S162I; S163F; E251D,1
F29S; S162I; S163F,1
V13I; S162I; S163F; T341A; N344Q; D365N,1
D117Y; S187F; S217N; K225I,1
W40C; S162I; S163F; K225E; S361A,1
H125N; S162I; S163F; S187P,1
N95S; K225I,1
Q123*; S162I; S163F; N175H; E398G,1
N116H; S162I,1
W40*; S162I; S163F; N195T,1
S162I; K225I; I241V,1
K22*; I39V; S162I; S163F; S361A,1
S162I; K225I; D366N,1
L61P; L98P; S162I; S163F,1
S162I; S163F; K225E; A283T; S361A,1
K225I; N362T; L363C; L364W; D365T; D366T; S367L; I368S; Y369T; N370I; I371L; T372P; Q373R; G374V; F375S; N376T; I377S; G378A; S379H; L380W; A381R; T382R; N383T; Y384T; K385R; G386V; Q387R; N388M; V389S; E390R; E391R; N392T; P393R; Q394K; I395L; V396L; E397R; E398R; I399L; K400R; G401V; R402V; G403A; L404W; V405L; N407T; K408R; I409L; E410K; E411S,1
S162I; S163F; K225E; S361A; N376S,1
T6S; A32S; S162I; S163F; K225E; S361A; G401D,1
L98P; S108I; S162I; S163F,1
L98R; K225T,1
K225T; A381T,1
C231Y,1
K225I; I271T; G315D,1
G101S; S162I; K225E,1
D65G; S162I; S163F; N175S,1
N46I; K225I; L276F,1
P52Q; K225I,1
S66F; S162I; S163F; G378D,1
N96S; K225N,1
S162I; S163F; K225E; I321V; D326N; S361A,1
I86V; S162I; S163F,1
T6S; A32S; L56H; T75Q; T76S; Q88T; P121D; T198S; D199I; S361A,1
T6S; A32S; L56H; T75Q; T76S; Q88T; P121D; M172I; T198S; D199I; K225T; D265V; E266A; W268Y; E269N; Q270D; R272Y; S273T; K277N; K278D; E280R; E281K; K284S,1
V13I; T50P; K225I,1
T6S; A32S; L56H; T75Q; T76S; Q88T; P121D; T198S; D199S; K225I,1
K225I; N261S; K330M; S361A,1
D15Y; K225I,1
S162I; S163F; P239S; N274S,1
S162I; S163F; C347S,1
S162I; K225I; E280K,1
S162I; S163F; D265N; R272H; Q290*,1
S162I; K225E; Q290K,1
L98P; S162I; S163F; I262L,1
K225E; E251*; S361A,1
P43Q; S162I; S163F; Y171C,1
S162I; S163F; Y357S; N388S,1
S162I; S163F; N175S; G403S,1
N10S; S162I,1
S162I; N175K; Q387K,1
S162I; S163F; E305K; N407T; K408R; I409L; E410K; E411S,1
N170D; K225I,1
S162I; S163F; K225N; Y357C,1
N111D; S162I; S163F; N376Q; I377H; G378R; S379L; L380I; A381G; T382D; N383E; Y384L; K385Q; Q387S; N388E; V389C; E390R; E391G; N392E; Q394A; I395N; V396C; E397*; E398G; I399D; K400*; R402S; G403W; L404P; V405G; K406*; N407K; K408Q; I409D; E410*; E411R,1
S162I; S163F; T372S,1
S162I; S163F; K408E,1
G49S; L98P; S99L; S162I; S163F; D265A,1
S162I; K225E; N293D,1
S162I; S163F; G179D; K225E; S361A,1
L98P; S162I; S163F; K225E; I327N; S361A,1
S162I; S163F; D338G; G378D,1
S162I; S163F; H219P; K225E; S361A,1
P23L; S162I; S163F; K225N,1
S162I; S163F; K225E; S361A; S379A,1
N195D; K225I; A283V,1
F83L; K225T,1
P146S; S162I; S163F; K225E; Q270*; S361A,1
S162I; S163F; K225E; Q235H; S361A,1
S162I; S163F; P239S; K385R,1
F334S,1
S162I; S163F; D199G; N297S,1
F124S; S162I; S163F,1
S162I; K225N; Q235R; S367F,1
S162I; S163F; D199N; K225E; I302T,1
S162I; S163F; N376Q; I377H; G378R; S379L; L380I; A381G; T382D; N383E; Y384L; K385Q; Q387S; N388E; V389C; E390R; E391G; N392E; Q394A; I395N; V396C; E397*; E398G; I399D; K400*; R402S; G403W; L404P; V405G; K406*; N407K; K408Q; I409D; E410*; E411R,1
T6S; A32S; K225N; N407D,1
Q88K; S162I,1
K225I; Q354K,1
M151L,1
S162I; S163F; N175H; L286F; R402C,1
S162I; I181V,1
G100S; S162I; S163F; K225E; S361A,1
S162I; S163F; K285E,1
S162I; S163F; D196Y; E411K,1
S162I; S163F; L276F; E398D,1
S162I; S163F; T234A; D301A,1
S162I; S163F; K225E; Q304R; S361A,1
S162I; S163F; N297S; G308D,1
S108R; K225I; N261S,1
Q27*; S162I; N175H,1
S162I; S163F; Q295K,1
I102L; S162I; S163F; G401S,1
A32S; N161S; S162I; S163F,1
S162I; S163F; K385Q,1
E106D; S162I; S163F,1
S162I; S163F; L276F; Y332H,1
L98P; S162I; S163F; E398G; I399D; K400*; R402S; G403W; L404P; V405G; K406*; N407K; K408Q; I409D; E410*; E411R,1
K225I; S367P; N370K,1
E44*; S162I; S163F; H176L,1
A110V; S162I; S163F; K225E; S361A,1
S162I; S163F; I263V; V405I,1
N92S; S162I; S163F; K225E; S361A,1
S162I; S163F; N297S; G403S,1
T6S; A32S; L56H; T75Q; T76S; Q88T; P121D; S162I; S163F; R272H,1
K225I; T372P,1
S162I; K225E; I327T,1
S162I; S163F; N175H; H212N,1
S162I; T185N,1
S162I; F324S,1
V87A; S162I; S163F; K225E,1
T51A; S162I; S163F; G403A,1
L98F; S162I; S163F; F303S,1
T50A; S162I; S163F; K225E; S361A,1
S162I; S163F; L286F; E397D,1
S162I; S163F; Q295H; S361A,1
Q27L; K225I,1
S162C; K225E; Q304K,1
K225I; K284N,1
S162I; P294A,1
L98I; S162I; S163F; K225E; S361A,1
S162I; S163F; R348H; Y384C,1
L98P; S162I; S163F; A313T,1
K225I; G374V; F375S; N376T; I377S; G378A; S379H; L380W; A381R; T382R; N383T; Y384T; K385R; G386V; Q387R; N388M; V389S; E390R; E391R; N392T; P393R; Q394K; I395L; V396L; E397R; E398R; I399L; K400R; G401V; R402V; G403A; L404W; V405L; N407T; K408R; I409L; E410K; E411S,1
G152D; S162I; N258K,1
E44G; L98P; S162I; S163F,1
Q141*; S162I; S163F; K225I,1
M172I; K225T; K346N,1
L98P; S162I; S163F; T185A; K385N,1
S108N; P121S; S162I; S163F,1
G64S; L98P; S162I; S163F,1
C26R; K225N,1
S162N; K225I; V319L,1
S108R; S162I; S163F; K225E,1
K225I; P298Q,1
S162N; K225E; S361A,1
G49V; H176N; K225I,1
S162I; N175H; K285R,1
T6S; A32S; L56H; T75Q; T76S; Q88T; P121D; Q267R,1
W40*; K225I; E280K,1
T59N; S162I; S163F; L167P,1
S162I; T350A; V389I,1
K225I; L296P,1
G64D; S162I; S163F; K225E; N297S; S361A,1
P393S,1
Q88*; K225I,1
S162I; K288E,1
S162I; S163F; K225E; Y279H; S361A,1
N95K; S162I; S163F; Q270R,1
S162I; S163F; K225E; D265V; E266A; W268Y; E269N; Q270D; R272Y; S273T; K277N; K278D; E280R; E281K; K284S,1
M211V; K225I,1
Q88T; S162I; S163F; I183V; K225E; S361A,1
S162I; S163F; D196E; K225E; S361A,1
N175T; K225N,1
S162I; S163F; N197S; K225E; S361A; R402L,1
S162I; S163F; A340T; G378D,1
L98P; S162I; S163F; S273R; S287N,1
K225I; Y279C,1
N118S; S162I; S163F; K285N; N297D,1
S162I; S163F; N370T,1
T6S; A32S; L56H; T75Q; T76S; Q88K; S162I; S163F,1
Q53*; S162I; K225E,1
S162I; S163F; I232T; V319L,1
T372N,1
D54N; S162I,1
N72T; S162I; S163F; T382M,1
C26W; G403A; L404W; V405L; N407T; K408R; I409L; E410K; E411S,1
D70N; L98P; S162I; S163F,1
S162I; S163F; V291L,1
S162I; K225I; D312H,1
I143V; S162I; S163F; K225E; S361A; E411K,1
F29L; W40*; S162I; S163F,1
S162I; N175K,1
P52S; S162I; S163F; D338G,1
S162I; D301N,1
T6S; N97D; S162I; K225I,1
S162I; S163F; K225E; D365N; T372S,1
S162I; S163F; I352V; T372N,1
S162I; K225Q; I395V,1
S162I; A182E; D265N; G378D,1
S162I; P206S; T242I; F252L,1
D156G,1
T6S; A32S; L56H; T75Q; T76S; S162I; S163F; K225E; L328M; S361A,1
S162I; S163F; K225E; Q235K; S361A,1
S162I; S163F; S217N,1
E78*; R168H; K225I,1
S162I; S163F; H176L; K225E; Y332F; S361A,1
F7C; S162I; S163F,1
I102L; S162I; S163F; V345A,1
S162I; S163F; L214R; K225E; D338Y; S361A; E391A,1
L61P; S162I; S163F; F252S,1
H125Y; S162I; S163F; M172V; G403C,1
S162I; S163F; G179C; K225E; S361A,1
S162I; S163F; N175H; N407T; K408R; I409L; E410K; E411S,1
G139D; K225I,1
R93C,1
L98P; S162I; S163F; K346R,1
S108N; K225I; N293D,1
S162I; S163F; K225E; K300E; S361A,1
S162I; S163F; K225E; V345A; S361A; D366N,1
S162I; K225E; E349K; Y357H; G401D,1
S162I; S163F; N175H; N383D,1
S162I; K225I; N274S,1
S162I; S163F; G177C; K225E; S361A,1
S162I; S163F; M172I; V389I,1
L98P; S162I; S163F; R272C,1
S162I; S163F; A182T; K225E; S361A,1
S162I; S163F; K225I; N261S; E280K; K330M,1
K225T; E391K,1
S162I; S163F; E280K; E391D,1
P121T; S162I; S163F; K225E; S361A,1
S60R; S162I; S163F; S361A,1
K225I; E250D,1
K3R; S162I; S163F,1
S137N; S162I; S163F; K225E; T234A; S361A,1
S162I; S163F; K300R; L404W; V405L; N407T; K408R; I409L; E410K; E411S,1
S162I; S163F; E269G; N297S,1
S162I; K225E; Y299D,1
L56P; L98P; S162I; S163F,1
S108G; K225I; N407K; K408Q; I409D; E410*; E411R,1
T160A; K225I; I352T,1
T160M; K225I; N344S,1
S162I; S163F; G220D; S361A,1
G220V; K225T; E397D,1
T6S; A32S; L56H; T75Q; T76S; Q88T; P121D; P173L; K225N,1
D11G; P146Q; S162I; S163F; I263V; I352T,1
E133K; S162I; S163F; L286F,1
S162I; S163F; P188T; D338G,1
K225I; Q304R,1
G64V; S162I; S163F; K225E; A340V; S361A,1
S162I; S163F; K284R; L331M,1
P2S; S162I; K225E; E349K; Y357H; G401D,1
S162I; L360F,1
G223C; K225I; S361A,1
Q27R; S162I; K225E,1
T6S; A32S; L56H; P71S; T75Q; T76S; Q88T; P121D; E154G; T198S; D199I; K225I; D265V; E266A; W268Y; E269N; Q270D; R272Y; S273T; K277N; K278D; E280R; E281K; K284S; S361A,1
S162I; S163F; S166P; K288E,1
T59A; S162I; S163F; I302T,1
F83L,1
K225I; Y357C; N388S,1
S162I; S163F; V389I; I409V,1
P155Q; S162I; S163F; T372N,1
S162I; S163F; K225E; S361A; N392S,1
D310G,1
K225I; N261S; K330M; I409F,1
I39V; S162I; S163F; K225E,1
Q88K; S162I; S163F; E201A,1
P57T,1
S162I; S163F; N258D; S361F,1
S162I; S163F; A224V; K225E; S361A,1
S162I; S163F; K225E; L331P; S361A,1
K135R; K225T,1
T75I; S162I; S163F; E336K,1
S162I; S163F; I165V; E280K,1
S162I; S163F; A340T,1
I183T; K225I,1
P155S; K225I,1
S162I; S163F; K225I; N297S; Y384C,1
S66F; S162I; S163F; K225E; S361A,1
D77G; S162I; S163F; K225E; S361A; G403S,1
S162I; S163F; T229M; E280K,1
K225I; E398G,1
I39T; S162I; S163F; N170S,1
S162I; T372N,1
T6S; A32S; L56H; T75Q; T76S; Q88T; L98P; S162I; S163F; K225E; S361A,1
K225I; N238K; L363F; L364A; D365G; D366R; S367L; I368Y; Y369L; N370Q; I371Y; T372Y; Q373P; N376Q; I377H; G378R; S379L; L380I; A381G; T382D; N383E; Y384L; K385Q; Q387S; N388E; V389C; E390R; E391G; N392E; Q394A; I395N; V396C; E397*; E398G; I399D; K400*; R402S; G403W; L404P; V405G; K406*; N407K; K408Q; I409D; E410*; E411R,1
S162I; S163F; P188S; K225E; S361A,1
N92K; S162I; S163F; N297S,1
L144W; S162I; S163F; I352T,1
S162I; S163F; N261I,1
Q123H; K225I,1
S162I; D199A; K225E,1
P52T; S162I; S163F; K225E; S361A,1
S162I; S163F; K277R; N322S,1
S162I; S163F; I227V; F252L,1
P121D; S162I; S163F; T264A,1
S162I; S163F; T350S; E390K,1
T51A; S162I; S163F; K225E,1
S60N; S162I; S163F; K225E,1
L98P; S162I; S163F; Q236*; V405F,1
S162I; K225I; V345A,1
S162I; S163F; T230K; I352T,1
E106D; S162I; S163F; K225E,1
G127S; S162I; S163F,1
S162I; S163F; L275S,1
L56H; T75Q; T76S; Q88T; P121D; T198S; D199I; T229M; D265V; E266A; W268Y; E269N; Q270D; R272Y; S273T; K277N; K278D; E280R; E281K; K284S,1
S162I; S163F; S191A,1
Q53R; S162I; S163F; K225E; I262N; K406E,1
F91L; S162I; S163F; K225E,1
F194L; K225I; I233V,1
D81Y; S162I; K225E,1
Y171C,1
S162I; S163F; E269*; T350S,1
K225I; R402S,1
S162I; N316D,1
S162I; M211I; K225I; A340E,1
R16L; S162I; S163F; S166P,1
S162I; S163F; N297H,1
Y171C; K225I; E398D,1
S162I; D196G; G257S,1
S162I; K225E; N261S,1
T119I,1
L98P; D117E; S162I; S163F; K225R,1
N63D; G220V; K225I; N407K; K408Q; I409D; E410*; E411R,1
S162I; S163F; H219N,1
T6S; S162I; S163F; D265Y,1
L98P; S162I; S163F; E398K,1
P120S; S162I; S163F; V389A,1
I102L; S162I; S163F; Q373R,1
S162I; S163F; K225E; T335N,1
L98P; K225I; S292N,1
S162I; S163F; S361A; Q373K,1
D156G; S162I,1
S162I; Q290K,1
T17I,1
T6S; A32S; L56H; T75Q; T76S; Q88T; L98P; P121D; S162I; S163F; K225E; S361A,1
S162I; S163F; I215V; K225E,1
N122Y; S162I; S163F; K225E; S361A,1
S162I; S163F; Q237*,1
S66F; S137R; S162I; S163F,1
T50I; S162I; K225N; S361A,1
S60G; N138D; S162I; S163F; Q354R,1
L98P; S162I; S163F; K385R,1
T6S; G64S; S162I; K225E,1
F33L; K225I,1
S162I; S163F; K225E; Q304K; S361A,1
S162I; N175H; K356E,1
S162I; S163F; N248S; A313V,1
S162I; E251G,1
G101C; S162I; K225I; L276V,1
S162I; S163F; C231S; S318N,1
S162V; K225E,1
S162I; K225E; I282T; S361A,1
N10S; S162I; S163F; K225E; I233V; S361A,1
I35N; K225I,1
S162I; H219R,1
I41T; S162I; S163F; M172I,1
M172T,1
T6S; A32S; L56H; T75Q; T76S; Q88T; P121D; S162I; S163F; T350A,1
S162I; V405G,1
N72D; K225I; K359R,1
K22*; S162I; S163F; K225E,1
Q88T; P121D; I143V; S162I; S163F; S287R,1
N147D; S162I; S163F,1
T6S; E28K; A32S; L56H; T75Q; T76S; Q88T; P121D; F252L; I399N; G403A,1
S162I; S163F; V389I; N407S,1
P52T; S162I; S163F; P294L,1
G139S; S162I; S163F; K225I,1
I134V; S162I; S163F; T234A,1
S140I; S162I; S163F; N314S; N316I; D365N; Y384C,1
S60R; S162I; S163F; L167M; K225E; S361A,1
D70H; S162I; S163F; K342E,1
L98P; G115C; S140N; S162I; S163F; K329E,1
S162I; S163F; E391K; E398D,1
V148I; K225I,1
S162I; K225E; D301N; K311E,1
S162I; S163F; P188S; K225E; L328M; S361A,1
S162I; S163F; A207T; E398D,1
K225I; K311E,1
T51A; S162I; S163F; K225E; G401S,1
S162I; S163F; G378C,1
S162I; S163F; K225E; I263V; S361A,1
Y73D; S162I; S163F,1
N122T; S162I; S163F; K225E; S361A,1
S162I; S163F; K225E; F324L,1
S162I; S163F; K225E; G403C,1
H212R; K225N,1
S162I; K225E; T350A,1
L107R; E154G; S162I; S163F; K225E,1
S162I; S163F; P239L; I352T,1
S162I; S163F; K225E; S361A; T382P,1
L61P; S162I; S163F,1
K225T; A283V,1
D70G; K225I; N258D,1
T75N; S162I; S163F; I352V,1
Q267*,1
S67N; P146Q; S162I; S163F,1
S162I; S163F; N388S; G403S,1
T59P; S162I; S163F; L404P,1
D70V; L74P; S162I; S163F; K225E; S361A,1
T160M; K225I; S361A,1
S361F,1
S162I; S163F; G220V; N297S; K356E,1
N175T,1
P58S; S162I; S163F; K284R,1
Q304*,1
D11E; S162I,1
D15Y; L98P; S162I; S163F,1
I41V; S162I; S163F; K225E; K329E; S361A,1
L98P; S162I; S163F; S166P,1
L56P; S162I; S163F,1
S162N; K225I; E397K,1
T230M,1
K109N; K225I,1
D128N; K225I; T372S; Q373E; F375Y; G378N; S379N; A381K; T382V; Y384F; K385R; V389A; E390N; E391L; Q394R; V396I; E397K; E398P; K400T; N407K; K408I; E410R; E411F,1
S162I; R168H,1
L98P; S162I; S163F; G403V,1
S162I; S163F; K225E; S361A; N407D,1
T6S; A32S; S162I; S163F; T234A; F255S,1
S162I; I183M; K225E,1
N116S; S162I; S163F; K225E; S361A,1
K300N,1
S162I; S163F; D312N; R402H,1
S162I; Q354R; R402C,1
T198I; K225I,1
S162I; S163F; L380M,1
S162I; S163F; Y171C; R244C,1
F136S; K225L,1
T160A; K225I; Y355H; I399T,1
S162I; S163F; A207V; T372N,1
P52Q; S162I; S163F,1
T119P; S162I; S163F; K225E; S361A,1
N46S; S162I,1
V13I; K225I; C231S,1
N111S; T160M; K225I,1
S162R; K225I,1
S162I; F186S; K225E,1
S162N; D199N; K225I,1
S162V; S163F; K225Q,1
K225Q; I368V,1
S162I; S163F; F194V,1
S162I; S163F; L240P,1
S162I; S163F; T228P,1
S162I; K225I; K400E,1
P188Q; K225I; P239Q,1
K3Q; S162I; S163F,1
S162I; A207E,1
T6A; S162I; S163F; Q270R,1
S162I; S163F; D199G; K385N,1
S162I; S163F; E269K; G403S,1
S162I; S163F; G256E; N297S,1
S162I; S163F; G179S,1
S67I; S162I; S163F; I232T,1
Q295*,1
E28K; T59I; T160M; K225I,1
S66F; S162I; S163F; K342Q,1
S162N; K225I; S273N,1
S99L; S162I; S163F; F178Y,1
S162I; G257V,1
F29L; S162I; S163F; K225I,1
I90M; L98R; S162I; S163F; K225E; S361A,1
A32S; L56H; T75Q; T76S; Q88T; P121D; S162I; N164S,1
S162I; N175H; V291M; F334L,1
S162I; S163F; D365N; I371V; T372S; Q373E; F375Y; G378N; S379N; A381K; T382V; Y384F; K385R; V389A; E390N; E391L; Q394R; V396I; E397K; E398P; K400T; N407K; K408I; E410R; E411F,1
S162I; P173T,1
T6S; A32S; L56H; T75Q; T76S; Q88T; S162I; S163F; T350S,1
K225I; E280K; V291M,1
S162I; S163F; I183M; K330R,1
Y30*; K225I,1
S162I; S163F; K284R; N297S,1
F91L; S162I; K225I; V389I,1
R82C; S162I; K225E; S318N,1
S162I; S163F; D301A; I368V,1
A153V; K225I,1
S162I; S163F; K225E; G226C,1
N122S; S162I; S163F; D301G,1
D128N; S162I; S163F,1
T6S; A32S; S162I; S163F; N297S,1
N138D; F158L; S162I,1
S162I; S163F; G374S,1
S162I; S163F; T198A; T350S,1
S162I; S163F; G220V; K225E; S361A,1
S162I; S163F; M172I; I395V,1
S162I; K225E; D301V,1
K225I; K323R,1
L98P; S162I; S163F; H216R,1
S162I; K359R,1
L114M; K225I,1
N96S; S162I; S163F; K285N; D325N,1
K225I; G386V,1
D54Y; K225I,1
N34S; S162I; S163F; K225E; S318I; S361A,1
S162I; Y384H,1
A129T; S162I; S163F; L339S,1
P57T; S162I,1
R82L; S162I; S163F; G257D,1
S140T; S162I; S163F,1
S162I; M172I; E280V,1
S162I; E269D,1
S162I; S163F; E201K; K225E; S361A,1
S162I; S163F; G226S; T372N,1
S60I; S162I; S163F; K225E,1
L98P; N138D; S162I; S163F; S361A,1
N118I; S162I,1
G101S; K225E,1
S162I; S163F; N164K,1
T6S; A32S; L56H; T75Q; T76S; Q88T; S162I; S163F; G374D,1
K225I; D265Y,1
I149V; S162I; S163F; K225E; S361A,1
S162I; S163F; R168H; A224T,1
R16H; S162I,1
S162I; K225T; L380F,1
S162I; S163F; Y171C; G179V,1
S162I; S163F; Y222*; K225E; S361A,1
S162I; S163F; T372N; Y384C,1
S162I; S163F; M172R; P393S,1
L98P; N138D; S162I; S163F,1
S162I; S163F; K323E; Y369N,1
S162I; R193S; K225E,1
S162I; S163F; K225E; A313V; E336K,1
S162I; S163F; T234A; N293K,1
K225N; I371T,1
S66F; S162I; S163F; S273G; N297S,1
M151V; S162I; S163F,1
S162I; M172V,1
S162I; F186L; K225I,1
S162I; S163F; T230A; S361P,1
I21V; S162I; K225I,1
P57T; K225I,1
N38S; S162I; S163F; K225E; S361A,1
T6S; A32S; L56H; T75Q; T76S; L98P; S162I; S163F; T335A,1
S162I; Q237R,1
A129S; S162I; K225E,1
R16H; S162I; S163F; Q354R; G378V,1
L98P; A110V; S162I; S163F,1
S162I; S163F; S361A; I399T,1
L98P; T160M; K225N,1
S162I; S163F; I181T; K225E; N297T; A313T; S361A,1
S162N; A224S; K225I,1
D15E; S162I,1
E44D; R193L,1
S162I; S163F; K225E; D301V; S361A,1
S162I; S163F; G403A,1
R16H; S162I; S163F; T264I,1
F124S; K225I,1
I102V; K225T,1
T75N; S162I; S163F; K225E; F337L; S361A; A381T,1
S162I; S163F; E201D; N344Q; D365N; T372S; Q373E; F375Y; G378N; S379N; A381K; T382V; Y384F; K385R; V389A; E390N; E391L; Q394R; V396I; E397K; E398P; K400T; N407K; K408I; E410R; E411F,1
I203T; K225I; V405I,1
S162I; S163F; K346E,1
S174G; M211R; K225I,1
S162I; S163F; K225E; K245R; S361A,1
S162I; S163F; C347Y; Q387P,1
E28K; S162I; S163F; R244C,1
G101S; S162I; S163F; P188S,1
S162I; S163F; M172I; V291A,1
S162I; S163F; K225E; Q354K,1
P120T; S162I; S163F; K284R,1
L107P,1
I39V; S162I; K225E,1
S162I; T372I,1
S162I; S163F; K225E; K288E; D325N; S361A,1
S162I; K225E; E411K,1
S162I; S163F; I181V; K288E,1
S162I; S163F; L276I; F358L,1
S162I; S163F; K225E; R402L,1
S162I; S361D,1
K225Q; F255S,1
K225I; V291G,1
S162I; S163F; N297S; N388D,1
S162I; S163F; N248T,1
S162I; S163F; K225E; N322S; S361A,1
P71T; S162I; S163F; K225E; S361A,1
G101S; P155S; S162I,1
D54N; S162I; S163F; G401V; R402V; G403A; L404W; V405L; N407T; K408R; I409L; E410K; E411S,1
N147S; G152S; K225I,1
S162I; S163F; Q270R; Q394R,1
K225I; E281G; Y307H,1
A32V; S162I; S163F; S166P,1
S162I; K225E; G401S,1
N38S; Q123R; S162I; S163F; T234A,1
L98P; F136Y; S162I; S163F,1
S162I; S163F; M211I; Y355H,1
L98P; S162I; S163F; L286I,1
S162I; S163F; K225E; K342E,1
T6S; A32S; L56H; T75Q; T76S; S162I; S163F; F255L,1
G101D; S162I; S361A; G401S,1
P43L; K225I,1
S162I; S163F; N170H; S361P,1
S162I; S163F; K225L,1
S162I; S163F; Q387K; E391K,1
S162I; S163F; A283D,1
S162I; K225E; Y357H,1
S162I; S163F; I215L; Q270H,1
S162I; S163F; K225E; V345F; S361A,1
P57S; S162I; S163F; E269G,1
E79G; S162I; S163F; Y307H,1
S162I; S163F; Y299*,1
S162I; G223S,1
I39V; S162I; S163F; S361A,1
S162I; K225N; N314K,1
E78K; S162I; S163F; K225E; S361A,1
S162I; S163F; K225E; N238T; S361A,1
A32S; L56H; T75Q; T76S; Q88T; G127C; S162I; S163F,1
L98P; S162I; S163F; T264A; D365N,1
A129S; S162I; S163F; K225E; S361A,1
T6S; A32S; S162I; S163F; N238D,1
K31E; S162I; S163F; K225E; S361A,1
T6S; A32S; L56H; T75Q; T76S; Q88T; P121D; T198S; D199S; K225E; S361A,1
F83C; S162I; S163F; I409V,1
L98P; E133K; S162I; S163F; N407K; K408I; E410R; E411F,1
M36I; Q123*; S162I; S163F,1
S162I; S163F; I227F; Y351F; Y384H,1
S162I; S163F; N175S; K225E,1
S162I; S163F; R402C; E411K,1
S162I; S163F; D365N; G403S,1
S162I; S163F; T185P,1
S162I; S163F; R168C; E305A,1
K225N; D338N,1
K225E; K356R,1
S162I; S163F; K225E; N314S; N316I; N344Q,1
E44*; K225I,1
S162I; N175H; S292N; G353S,1
K225I; G246C,1
S162I; S163F; H176Y; K225T,1
S162I; S163F; L309R,1
T160M; K225N; S361A,1
S162I; S163F; N195D; K225E; E280K; S361A,1
S162I; S163F; K225E; S361A; E410G,1
P58S; S162L,1
N72S; S162I; K225I,1
S162I; S163F; K225E; N344S,1
S162I; K225E; F343L,1
L56Q; S162I; S163F; Y357V; F358L; K359Q; L360I; S361V; N362*; L364A; D365G; D366R; S367L; I368Y; Y369L; N370Q; I371Y; T372Y; Q373P; N376Q; I377H; G378R; S379L; L380I; A381G; T382D; N383E; Y384L; K385Q; Q387S; N388E; V389C; E390R; E391G; N392E; Q394A; I395N; V396C; E397*; E398G; I399D; K400*; R402S; G403W; L404P; V405G; K406*; N407K; K408Q; I409D; E410*; E411R,1
K225I; I262V; V319I,1
S162I; S163F; E397D; E398*; I399Y; K400S; G401I; R402L; G403T; L404C; V405L; K406E; N407Q; K408*; I409Q; E410*; E411L,1
S162I; K225I; A381T,1
S162I; K225N; L276F,1
S162I; S163F; N297D; S361A,1
D65V; S162I,1
T160M; K225I; Y369*,1
T160M; K225I; I232T,1
S162I; S163F; Y357*,1
S162I; S163F; K225E; V289A; S361A,1
S162I; S163F; D199E,1
S162I; S163F; I352V; S361A,1
S162I; C231*; S292N,1
I134V; S162I; K225E,1
S162I; S163F; N243K; I249L,1
K225I; N392D,1
S162I; S163F; I247V; T382M,1
S162I; S163F; N170D; N297S; K330R,1
S162I; S163F; K225E; E397*,1
K37E; M172I; K225T; I263V,1
S162I; S163F; K225E; K329R; S361A,1
S162I; S163F; N258S; V405A,1
N10D; S162I; K225I,1
D81A; K225I,1
S162I; S163F; A313V; L404P,1
T6S; A32S; L56H; T75Q; T76S; Q88T; P121D; S162I; S163F; T198S; D199I; K225L; S361A,1
S162I; S163F; N392H,1
D81Y; S162I; S163F; K225E; D365N; T372S; Q373E; F375Y; G378N; S379N; A381K; T382V; Y384F; K385R; V389A; E390N; E391L; Q394R; V396I; E397K; E398P; K400T; N407K; K408I; E410R; E411F,1
T50P; K225I,1
F255S; Y355H,1
N96T; L98P; E133K; S162I; S163F; K225E; K330N; S361A,1
K225I; S292N; G403D,1
D15G; S162I; S163F; Y369*; G378S,1
N34D; S162I; S163F,1
S162I; D259N,1
Q53R; S162I; S163F; A182V,1
R16P; S162I; S163F; P294L,1
S162I; S163F; N261D; S361A,1
N10S; S162I; S163F; G403A,1
K225I; P393T,1
S162I; S163F; M211I; T372N,1
A207V; K225I,1
S162I; K225Q; N261D,1
E44*; G101S; S162I; S163F,1
H125Y; S162I; S163F; K225E; W268G; S361A,1
N96D; S162I; S163F; N407K,1
S162I; K225N; N243S,1
S162I; S163F; M211V; L276F,1
N63S; S162I; S163F; T372N,1
D196N; K225I; N392S,1
K225I; S379*,1
P43L; S162I; S163F; I352T,1
S162I; S163F; K225I; E266G; V389A,1
N111D; S162I; S163F; Y355H,1
S162I; S163F; P188S; I247V,1
S162I; S163F; K225I; Y355H,1
S60N; S162I; S163F; Y355H; I399L,1
S162I; S163F; E281K; T372A,1
E78*; S162I; K225E; S361A,1
K225I; D310G,1
S162I; S163F; K225E; S361A; K400R; E411D,1
H125N; S162I; S163F; I271N; E411G,1
L98P; S162I; S163F; K225I; I302T,1
S162I; P173L; K225E,1
S162I; K225E; N248D,1
L98P; S162I; S163F; E305K,1
P57S; S162I; S163F; N175H,1
L98P; T160A; K225I,1
Q88K; S162I; S163F,1
S162I; I352V; T372A,1
D11A; K225I; Q354R; G401D,1
T6S; S162I; S163F; A381E,1
N72D; K225I,1
N122D; S162I; G403V,1
S162I; S163F; I181V; I395T,1
L98P; S162I; S163F; R193L; D259Y,1
K62N; S162I; S163F; K329N,1
P43L; S162I; S163F; K225E; S361A,1
I21M; S162I; S163F,1
T6S; A32S; L56H; S162I; S163F; K311E,1
L98F; S162I; S163F; V389A,1
P120L; F194I; K225I,1
K306R,1
Q27K; S162I; S163F; K225E; K329N; S361A,1
S162I; S163F; K225E; V291G; Y357C; Q373K,1
S162I; S163F; K225E; S318I; C347Y; S361A,1
D128Y; S162I; S163F; K225E; S361A,1
D54N; L98P; S162I; S163F; Y357H,1
S60G; D117N; S162I; S163F; Q236K,1
T6P; P12L; S162I; S163F,1
L98P; S162I; S163F; N238D,1
I41V; S162I; S163F; W268*; F343S,1
K225I; E281D,1
T6S; A32S; L56H; T75Q; T76S; Q88T; P121D; G139S; E154G,1
K225I; P239L,1
K225I; Q373*,1
T51I; S162I; K225Q; Y384C,1
S162I; S163F; L360W,1
Y30F; T51A; S162I; S163F,1
I35V; H216R; K225I,1
S162I; I215F; N274S,1
E78*,1
L98P; S162I; N248K; N274K,1
S162I; S163F; K225Q; C347G,1
S162I; S163F; N261H,1
G139S; S162I; S163F; L208P,1
T6S; S162I; C231R,1
S162I; K225I; F255C,1
P71S; K225T,1
K225I; N407H,1
S162I; S163F; K225E; C347F; S361A,1
F194I; K225I; G226S,1
N92S; K109R; S162I; S163F,1
F136I; S162I; S163F; T350S,1
Q27K; S162I; S163F; D325G,1
F136L; S162N; K225I; N316D,1
I39F; S162I; S163F,1
L98P; S162I; S163F; K225E; Y299C; S361A,1
S162I; S163F; E251G; Q394R,1
E201K,1
S379P,1
K225I; Y299C; S361F,1
I181V,1
I48T; S162I; S163F; K225Q,1
T6S; A32S; N122S; S162I; S163F; Y384C,1
A129T; S162I; S163F; N175H; L296P,1
P120L; S162I; S163F; N407K,1
S162I; S163F; L210M; T372N,1
D70N; L98P; S162I; S163F; T372A,1
S162I; S163F; K225E; G257D; S361A,1
T6A; K225I; S361A,1
S162I; S163F; K277E; Q354R,1
L98P; S162I; S163F; N258D; K342R,1
E28K; S162I; S163F; K225E; S361A,1
P57L; K225I,1
N97D; S162I; S163F; K225E; S361A,1
L98P; S162I; S163F; T198I; C347Y; S361A,1
S162I; S163F; S361A; G374D,1
L98P; S162I; S163F; V291A; Y384H,1
S162I; S163F; K225E; T335A; S361A,1
K225T; E398G,1
Q53K; S162I; S163F; N175T,1
L56H; T75Q; T76S; Q88T; P121D; S162I; S163F; K225E; S361A,1
S174R; K225I; T254A,1
S162I; M172I; K225N,1
S162I; N175H; F334V,1
S162I; S163F; P239Q; T350S,1
P71L; S162I; S163F; I399V,1
N46S,1
S162I; S163F; K225E; A340T,1
T6S; V87M; S162I; S163F,1
S162I; S163F; K225E; E281*; S361A,1
P52S; S162I; S163F; K225E; S361A,1
P12Q; S162I; S163F; C231F,1
T6S; A32S; L56H; T75Q; T76S; Q88T; S162I; S163F; N248K,1
S66A; S162I; S163F,1
S162I; H216N; K225I,1
Q88T; G101S; P121D; S162I; S163F,1
K225R; Q354*,1
I183M; K225E; S361A,1
S162I; S163F; N170H; K225E,1
S162I; S163F; I262N,1
Y69H; K225I,1
S67N; A110T; S162I; S163F,1
K225I; K408E,1
G24S; S162I; S163F; K225E; S361A,1
I41V; E154K; K225I,1
S162I; S163F; N197S; N297S; S361A,1
D81Y; S162I; S163F,1
S162I; S163P,1
S162I; S163F; N344Q; D365N; N370S,1
F194L; K225I; L286F,1
T6S; A129T; S162I; S163F,1
T6S; A32S; L56H; T75Q; T76S; Q88T; S162I; S163F; I409D; E410*; E411R,1
N111S; S162I; S163F; P298L,1
T6S; A32S; L56H; T75Q; T76S; Q88T; P121D; T341A,1
S162I; S163F; K225E; S361A; K400R,1
P121T; K225I,1
G127C; K225I; S333L,1
E106V; S162I; S163F,1
K225I; Q387K,1
K300E,1
E79K; S162I; S163F,1
K225I; N248S; E305K,1
T75Q; T76S; Q88T; P121D; S361A,1
S162I; S163F; N175H; K311E,1
S99L; K225I,1
W40F; S162I; S163F,1
K225T; E281D,1
E201G; K225I,1
S162I; S163F; C231R; I368V,1
D54N; S60R; S162I; S163F,1
Q236*,1
S162I; S163F; K225E; T341A,1
F83L; T160A; K225I,1
S162I; I409T,1
T6S; A32S; L56H; T75Q; T76S; Q88T; S162I; S163F; N197D; K225E; S361A,1
S162I; S163F; E201V,1
T6S; A32S; L56H; T75Q; T76S; Q88T; P121D; T198S; D199I; K225I; C231R; N322S,1
T6S; N138D; S162I; S163F,1
G401V; R402V; G403A; L404W; V405L; N407T; K408R; I409L; E410K; E411S,1
K225I; K285R; D326N,1
G100D; K225Q; Y384C,1
S162I; S163F; K284R; E305D,1
Y30H; K225I,1
T6S; I143V; S162I; S163F; K225E; S273R; S361A,1
K225T; N297I,1
P121S; S162I; S163F; N169D; I352T,1
K225I; S318N,1
S140N; K225I; Q354R,1
K62E; S162I; S163F; K225E; P294Q; S361A,1
P23S; L98P; S162I; S163F; G403V,1
S162I; K225N; D265G,1
G101D; F136L; S162I; K225E,1
K62R; P121S; S162I; S163F; K225E; T372N,1
S162I; S163F; K225E; N293S; S361A,1
S67G; S162I,1
K225I; N388D,1
K225I; W268R,1
N407H,1
L210M; K225I,1
T50A; S162I; K225Q,1
S162I; S163F; H219P,1
T6S; A32S; L56H; T75Q; T76S; Q88T; S162I; S163F; A313T,1
T6S; A32S; L56H; T75Q; T76S; Q88T; S162I; S163F; K225E; K356R; S361A,1
L19M; S162I; S163F; Q304*,1
N63H; S162I; S163F; R193L,1
T6S; S162I; S163F; R402S,1
S162I; S318R,1
S162I; S163F; S361A; N383S,1
K225T; P294S,1
D65Y; S162I; K225E; I247V,1
S162C; K225E; T229M,1
S162I; R193L; I399T,1
S217N; K225T,1
Y9F; S162I; S163F; I371V,1
S162I; S163F; Q304H; S361A,1
N122S; K225I; Q236*,1
S162I; S163F; K225E; I233V; S361A,1
I102M; K225I; V389F,1
S162I; S163F; S333*; Y355H,1
T6S; A32S; S162I; S163F; K225E,1
K225I; S273G,1
S162I; S163F; Y384F; I395V,1
T6S; A32S; L56H; T75Q; T76S; Q88T; S162I; S163F; H212Y; K225E; S361A,1
T228I,1
D81A; S162I; S163F; K225E; S361A,1
R45H; S162I; S163F; S361A,1
S162I; L240Q,1
T59I; M172I; K225T,1
T6S; A32S; S162N; K225I,1
S162I; S163F; N293S; N383S,1
S162I; S163F; T264A; A313T; T372N,1
S162I; S163F; K225E; F252L; N297D; S361A,1
K225I; T254I,1
S162I; H216N; K225E,1
S162I; R193H; K225E,1
N122S; K225I,1
A182V; K225I,1
Q27H; N169I; K225E; S361A,1
S162I; I249L,1
S162I; S163F; S191L; K225E; S318I; S361A,1
K80I; S162I; S163F,1
S162I; N407K; K408Q; I409D; E410*; E411R,1
S162I; S163F; Y171S; S292N,1
K109R; S162I; K225E; S318N,1
S162I; K225E; Q237*; S361A,1
S162I; S163Y; K225I,1
S162I; S163F; L380*,1
L98P; S162I; S163F; D325N,1
L19M; K225I,1
S162I; S163F; E390K; P393L,1
K225I; I241T,1
K225I; I262V,1
M1I; K225I; G403D,1
N164H; K225N,1
S66F; S162I; S163F; M211V,1
I48T; S162I; S163F; N297S,1
T6S; A32S; L56H; T75Q; T76S; Q88T; S162I; S163F; S361A,1
S162I; S163F; V319I; N407K,1
K225N; Y299C,1
S162I; S163F; I233V; N293D,1
S162I; S166Y; A340T,1
S162I; S163F; K225E; Y307*; S361A,1
T6I; T119A; S162I; S163F; D312A,1
F33S; S162I; S163F; Q267R,1
S162I; G401S,1
N147S; K225I,1
I4V; K225I,1
L98P; E133K; S162I; S163F; I232V,1
S162I; S163F; F375L,1
S162I; S163F; T229M; D265N,1
L98P; S162I; S163F; Q236R,1
G115C; S162I; S163F; K225E; S361A; Y384H,1
T59A; S162I; K225E,1
L98P; S162I; S163F; I409T,1
G101S; S162I; S163F; E280G,1
N111Y; S162I; S163F,1
S162I; K225Q; Y279H,1
T75I; M211R; K225I,1
S162I; S163F; K225E; G403S,1
F7S; M172I; K225T,1
F124L; S162I; Y171C,1
S162I; S163F; K225E; S361A; Q394R,1
T6S; S162I; S163F; G403A,1
S162I; S163F; N392S,1
P2S; S162I; S163F; K225E,1
S162I; S163F; I241V; E411V,1
S162I; S163F; S287T,1
T6S; L56H; S162I; S163F,1
G64V; S162I; S163F,1
S162I; S163F; Y190C; D365N,1
E159*; S162I; K225E,1
S162I; S163F; I165V; K225E; I409D; E410*; E411R,1
K225I; K329E,1
S162I; S163F; N238S; S361A,1
K225I; G401S,1
G64D; F158L; S162I; S163F,1
S162I; S163F; N297S; V389I,1
N10D; S162I; S163F; T350S,1
G101S; S162I; S163F; Y357C,1
S162I; K225I; D338N,1
N10D; S162I,1
R193C; K225I; D326G,1
T17N,1
H125R; S162I; S163F; N261S,1
Q123R; K225I,1
G115C; S162I; S163F; I262V; A313V,1
S162I; S163F; E266A,1
P121D; S162I; N164S; K225T; E411K,1
T6S; A32S; L56H; T75Q; T76S; Q88T; P121D; S163A; T198S; D199I; K225I; C231R; S292N,1
L98P; S162I; S163F; N274S,1
L98P; S162I; S163F; E201K,1
K225T; K330N,1
S162I; P188Q; K225E,1
S162I; S163F; S166P; A381S,1
S162I; S163F; S292R,1
G223S; K225I; N407S,1
K31E; S162I; S163F; N407K,1
T59I; K225E; S361A,1
S162I; S163F; K225E; S361A; E411*,1
L98P; S162I; S163F; G256V; N383S,1
S162I; S163F; K225E; T230A; S361A,1
L98P; S162I; S163F; K285N,1
S162I; S163F; N170S,1
K225I; K359R,1
K225I; T382M; V405I,1
S162I; D326G,1
T51S; S162I; S163F; Q236R,1
H176Y; K225I; T230A,1
L98F; S162I; S163F; K225E; S361A,1
E280K,1
T6S; K225E; S361A,1
S162I; K225E; I352T; L363S,1
P121L; S162I; S163F; Q267H,1
S162I; S163F; K225E; N238K,1
S162I; S163F; F202S,1
S162I; S163F; K225E; N344Q; D365N; T372S; Q373E; F375Y; G378N; S379N; A381K; T382V; Y384F; K385R; V389A; E390S; E391L; Q394R; V396I; E397K; E398P; K400T; N407K; K408I; E410R; E411F,1
S162I; K225I; V396I,1
L98P; S162I; S163F; T372S; Q373E; F375Y; G378N; S379N; A381K; T382V; Y384F; K385R; V389A; E390N; E391L; Q394R; V396I; E397K; E398P; K400T; N407K; K408I; E410R; E411F,1
I21L; S162I; S163F,1
S162I; S163F; E189*; K225I,1
S162I; S163F; N197H,1
S162I; S187A; N248K,1
T6S; A32S; S162I; S163F; K225E; N274S; I352V,1
N147D; S162I; S163F; K329R; E398K,1
S162I; S163F; N297S; K400N,1
K225N; D366Y,1
S60G; S162I; S163F; K311R; Y384H,1
N111H; K225I,1
S162I; S163F; K225E; N293S; E305K; S361A,1
S60N; S162I; S361A,1
E28D; S162I; S163F; K225E; D301A; S361A,1
S162I; S163F; A313V; K323Q,1
T6S; Q141R; S162I; S163F; K225E; S361A,1
S162I; K225E; V396I,1
R45S; S162I,1
T6S; K225I; Q354R,1
Q27P; S162I; S163F; D326G,1
D54Y; S162I; S163F; Y384C,1
C26Y; S162I; S163F; K225G; S361A,1
S162C; K225E; V396G,1
S162I; S163F; K225E; S361A; Q373*; E411G,1
S162I; S163F; W268G,1
P57S; S162I; S163F; N316D,1
S162I; S163F; K225I; L276F,1
S162I; P173S,1
K225N; N344S,1
P52S; G101S; S162I; S163F; T350S,1
T59N; K225I,1
S162I; Y171*; I181V,1
K62R; K225E; S361A,1
N111H; S162I; S163F; A313S,1
S162N; K225I; G308D,1
S162I; S163F; S292I; S361A,1
Y9H; S162I; K225Q,1
S162I; S163F; K225E; I271T; S361A; E410G,1
S162I; S163F; E213K,1
P146L; S162I; S163F; E201K; S292N,1
I41V; D65G; K225I,1
K22N; S162N; K225I,1
L98P; S162I; S163F; W268L,1
F91L; K225I,1
D70V; L74P; K225I,1
N96S; L98P; S162I; S163F,1
E133G; S162I; S163F; K225E; S318I; S361A,1
S162I; K225E; D265N; K288E,1
S162I; I203M,1
M172I; N195D; K225T,1
D156G; S162I; S163F; N297S,1
S162I; E201*; K225E,1
S162I; S163L; K225E; S361A,1
S162I; S163F; E281G; S361A,1
K225T; G378D,1
L98P; S162I; S163F; I271N,1
S66F; S162I; S163F; T234A,1
T6S; A32S; L56H; S66F; T75Q; T76S; Q88T; P121D; T198S; D199I,1
S162I; S163F; S187A; I247T,1
S162I; S163F; K225I; Y357H,1
T6S; A32S; L98P; S162I; S163F,1
T6S; A32S; L56H; T75Q; T76S; Q88T; S162I; S163F; K225E; S361A; D366N,1
S162I; S163F; K225E; N248H; S361A,1
T6S; F178L; K225I,1
S162I; S163F; K225E; S361A; G374S,1
L98P; S162I; S163F; N274Y,1
S162I; K225E; Y384H,1
E411D,1
T6S; P121D; S162I; N164S; T198S; D199I,1
N92D; S162I; S163F,1
P188T,1
S162I; S163F; S166F; P206S,1
A131V; K225I,1
I42T; S162I; S163F; P206L,1
S162I; S163F; C231R; N362D,1
S162I; K225I; K385R,1
S162I; N164S; K225E,1
K225L; D312N,1
P43S; S162I; F192L; K225E,1
L98P; S162I; S163F; N293S,1
S162I; S163F; N170H,1
K31R; S162I; S163F; I352T,1
R16C; S162I; K225E; S361A,1
P112Q; S162I,1
S162I; S163F; N314D; S361A,1
P43T; S162I; S163F; K225E; S361A,1
K225I; K311R,1
T6S; A32S; L56H; T75Q; T76S; Q88T; P121D; T198S; D199I; G220V; K225I; V319I,1
L114M; S162I; S163F; K346R,1
L98P; S162I; S163F; A207V,1
S99*; S162I; S163F; K225E; E281K,1
S273R,1
L98P; S162I; S163F; K225E; L276I; S318I; S361A,1
F136S; S162I; K225E,1
K62E; A131S; S162I; S163F,1
N261D,1
P120T; S162N; K225I,1
P146S; S162I; S163F; S361A,1
T185A; K225I,1
T76M; K225I,1
S162I; I233V,1
N46D; S162I; S163F,1
Q373R; G374V; F375S; N376T; I377S; G378A; S379H; L380W; A381R; T382R; N383T; Y384T; K385R; G386V; Q387R; N388M; V389S; E390R; E391R; N392T; P393R; Q394K; I395L; V396L; E397R; E398R; I399L; K400R; G401V; R402V; G403A; L404W; V405L; N407T; K408R; I409L; E410K; E411S,1
S162I; K225E; K278Q; K356N,1
Y30H; K225I; I227V,1
S162I; S163F; K225E; N344Q; Q354R; D365N; T372S; Q373E; F375Y; G378N; S379N; A381K; T382V; Y384F; K385R; V389A; E390N; E391L; Q394R; V396I; E397K; E398P; K400T; N407K; K408I; E410R; E411F,1
N92S; S162I; S163F; M172L,1
K225I; I352V; Q387*,1
L98P; S162I; S163F; S379P,1
S162I; S163F; R193H; S318N,1
N34Y; R82H; K225T,1
T6S; A32S; L56H; T75Q; T76S; Q88T; P121D; T198S; D199I; G220V; K225T; C231S; Y357H,1
S162I; D259Y,1
P120L; S162I; S163F; K225E; S361A; N407K; K408Q; I409D; E410*; E411R,1
N72T; S162I; S163F,1
Q53R; D65N; K225I,1
S162I; S163F; K225E; K300R; S361A,1
F29V; K225T,1
S162I; S163F; Y171C; K400R,1
V184F; L309M; K385R,1
S162I; D205Y,1
S162I; S163F; R348P,1
S162I; E201D,1
S162I; S163F; G246C; T372S; Q373E; F375Y; G378N; S379N; A381K; T382V; Y384F; K385R; V389A; E390N; E391L; Q394R; V396I; E397K; E398P; K400T; N407K; K408I; E410R; E411F,1
S162I; S163F; K225E; T382P,1
S162I; S163F; E410D,1
D70N; S162I; S163F; K225E; N248S; S361A,1
T6S; A32S; L56H; T75Q; T76S; Q88T; P121D; S162I; S163F; D301N,1
S162I; S163F; P393R; Q394K; I395L; V396L; E397R; E398R; I399L; K400R; G401V; R402V; G403A; L404W; V405L; N407T; K408R; I409L; E410K; E411S,1
K225I; S379L,1
A32V; S162N; K225I,1
I35V; D77G; K225I; E281K,1
S162I; S163F; R168H; K225E; S361A,1
G220V; K225I; I233V,1
K385N,1
M1I; T198S; D199I; K225L; D265V; E266A; W268Y; E269N; Q270D; R272Y; S273T; K277N; K278D; E280R; E281K; K284S; N314S; N316I,1
S162I; S163F; A381S; N407K; K408Q; I409D; E410*; E411R,1
S60G; K225I; N344Q,1
N10S; S162I; G179D,1
S162I; S163F; A207V; G403S,1
L98P; N161S; S162I; S163F,1
Y73C; P121S; S162I; S163F,1
E133K; S162I; S163F; T372N,1
K62N; S162I; S163F; N258T,1
K225T; K330R,1
S162I; S163F; K225E; L328M; S361A; Y384C,1
N122S; S162I; S163F; T372N,1
T335I,1
S162I; S163F; Y279C,1
F202L; G220V; K225I,1
M151I; K225I; Q354R,1
S162I; S163F; P188L; N297S,1
K225E; T234M,1
S162I; S163F; K225E; Q237R; S361A,1
T51I; K225I,1
S162I; S163F; K225E; L404P,1
S162I; S163F; K245E; Y299*,1
S162I; S163F; Q290L,1
S162I; S273G; N297S,1
S162I; S163F; K225E; L309M; S361A,1
A32S; S162I; S163F; K225E; S361A,1
S67N; S162I; S163F; R193H,1
S162I; S163F; K300E,1
S162I; K225E; S318N; R348C,1
D70A; K225I,1
S162I; S163F; E281K; D366N,1
S162I; F178L,1
D265E,1
S162I; S163F; E189*,1
S162I; S163F; C231S; N316S,1
K37N; P52L; S162I; K225E; S361A,1
S162I; S163F; M172V; N407K; K408Q; I409D; E410*; E411R,1
S66Y; S162I; S163F; K225E,1
T185I; K225I,1
L214P,1
S162I; S163F; L380W,1
Q141K; S162I; K225T; E305K; Y355H,1
S162I; S163F; T242I; A313S; E410K,1
L145P,1
S99P; S162I; S163F,1
T6S; A32S; L56H; T75Q; T76S; Q88T; S162I; S163F; V389I,1
K225I; Y279H,1
A110T; I282V,1
E79K; S162I; S163F; K225E; S361A,1
E78V; S162I; S163F; K225E,1
S162N; K225E; C231S,1
T50I; S108N; S162I; S163F,1
S162V; S163F; D326G,1
L98P; E133K; S162I; S163F; I409V,1
T6S; A32S; L56H; T75Q; T76S; Q88T; P121D; S162I; M172I,1
S162I; S163F; C347Y; T350S,1
L98P; S162I; S163F; P393Q,1
M36I; K225I,1
S162I; S163F; S273G; N297S; S361A,1
T160M; S162I,1
S162I; S163F; K225E; T350P; S361A,1
S162I; S163F; Q354R; S361A,1
S162I; S163F; Y190H,1
R93S; S162I; S163F; P188T; K225E; S318I; S361A,1
K80N; K225I,1
S162I; S163F; A224V; N261D,1
I143V; S162I; S163F; D265N,1
S162I; S163F; K225E; C347F,1
S162I; S163F; K225E; S361A; V405A,1
S140R; S162I; S163F; G401D,1
T6S; K225E; L328M; S361A,1
Y69H; K225T; Q354R,1
L98P; S162I; S163F; E391K,1
P57S; S162I; S163F; K225I,1
S162I; S163F; V319I; T350S,1
S162I; K225I; N383D,1
E133K; S162I; S163F; L167P,1
T6S; A32S; L56H; T75Q; T76S; Q88T; P121D; S162I,1
K225I; I302V,1
S162I; S163F; K225T; L276F,1
S162I; S163F; N344Q; D365N; T372S; Q373E; F375Y; G378N; S379N; A381K; T382V; Y384F; K385R; N388K; V389A; E390N; E391L; Q394R; V396I; E397K; E398P; K400T; N407K; K408I; E410R; E411F,1
N118D; S162I; S163F; V289M,1
S162I; S163F; K225E; G257D; S333*; S361A,1
S162I; S163F; Q387*,1
Q53R; L98P; S162I; S163F,1
S162V,1
T160M; K225I; S361Y,1
T6S; A32S; F55L; L56H; T75Q; T76S; Q88T; S162I; S163F,1
S162I; S163F; D199N; T350S,1
R16C; S162I; K225E,1
P188L; K225T,1
S162I; S163F; K225E; E336G; S361A,1
S67N; S162I; S163F; E410K,1
K225I; A283T,1
K225I; N258D,1
Q53*; K225I; Y317*,1
G101D; S162I,1
E78*; S162I; S163F; K225E; S361A,1
S162I; S163F; S174I; K225E; S361A,1
P112Q; K225I,1
S162I; S163F; A283T,1
K225T; E397K,1
S162I; S163F; E390D,1
N97D; S162I; S163F; T341I,1
T6S; A32S; L56H; T75Q; T76S; S162I; S163F; G403V,1
S108R; S162I; S163F; V405F,1
S162I; Q354R,1
L98P; S162I; S163F; Q304K,1
T50A; S162I; S163F; K288N,1
Q53*; S162I; S163F; K225E; S361A,1
S162I; S163F; K225I; E349K,1
S162I; S163F; K225I; N383D,1
S162I; S163F; S273G; R402H,1
F136L; S162I; S163F; N392H,1
S162I; S163F; K225E; N314S; N316I; S361A; N407S,1
L98P; N122D; S162I; S163F,1
D205Y,1
N38S; S162I; K225E; F343L,1
S162I; S163F; Q295R; S361A,1
I42V; L98P; S162I; S163F,1
S162I; S163F; T350S; E391A,1
S162I; S163F; K225E; Y317C; S361A,1
E44D; S162I; S163F; G403D,1
S162I; S292C,1
S162I; S163F; N297S; Y355H,1
S162I; S163F; K225N; G401D,1
R16C; S162I; S163F; I227V,1
T6S; A32S; L56H; S162I; S163F; I165V,1
G115S; S162I; S163F; K225E; S361A,1
S162I; S163F; K225E; E410G,1
S162I; S163F; K225E; S361A; I368T,1
R93C; S162I,1
S162I; K225E; E281*,1
S162I; S163F; K225E; L360M; S361A,1
S162I; S163F; N169D; N243H,1
D65Y; N122S; F202L; K225I,1
D117N; S162I; S163F; T198I,1
I102S; S162I; S163F,1
N14K; S162I; S163F,1
T50N; S162I; N175H,1
S162I; S163F; R244C; I247T,1
S162I; S163F; I183V; K225E; K284E; S361A,1
L98P; E105D; S162I; S163F,1
G101D; K225I; E410K,1
Y69H; I86V; K225I,1
L98F; S162I; S163F; R193H; S361A; G401D,1
S162I; S163F; I241V; G401C,1
R82C; S162I; S163F; K225E; E280G; S361A,1
S162I; S163F; A313V; E398G,1
R82H; S162I,1
S162I; S163F; Y222H,1
S162I; S191L; V405I,1
S162I; S163F; Y307H; I352T,1
S162I; I262F,1
L98P; S162I; S163F; N261T,1
D117N; K225I; L309P,1
W40R; S162I; S163F; K225E; S361A,1
V132I; K225T,1
S162I; S163F; E281A; R402H,1
S162I; S163F; D205V; S361A,1
S162I; S163F; K225E; S361A; D365N,1
S162I; S163F; A313T; K346R,1
K225I; F255S,1
K225I; P298Q; I377T,1
K225I; P294S,1
N95D; S162I; S163F; K225E; D325N; S361A,1
E28K; S162I; S163F; V389I,1
S162I; S163F; R193H; T198A,1
L98P; S162I; S163F; N407D,1
S162I; S163F; S191*; K285R,1
S162C; K225E; G403A; L404W; V405L; N407T; K408R; I409L; E410K; E411S,1
R82H; N122K; K225I,1
T6S; A32S; D70Y; S162I; S163F; K225E; S361A,1
S162I; S163F; I232T; K400R,1
S162I; S163F; F178L; K225E,1
S162I; S163F; K225E; W268R; S361A,1
K22*; K225I,1
G139S; K225I,1
G64A; L98P; S162I; S163F; P188T,1
S162I; S163F; L360M,1
N161I; S162I; S163F; K400R,1
T6S; L98P; S162I; S163F; F178L,1
G101C; S162I,1
D65G; S162I; K225E,1
L98P; P121L; S162I; S163F,1
S162I; S163F; V291A; Y384N,1
S162I; S163F; K385T,1
S162I; M172I; F202Y,1
N138D; S162I,1
S162I; S163F; S273G; N297S; Y384C,1
S162I; S163F; H216Y,1
A153S; S162I; S163F,1
S162I; I183T; K225E,1
G139V; S162I; S163F,1
K225T; N258D,1
S162I; S163F; R193C; G378D; I409V,1
S162I; S163F; K225E; Q270R; D365N; T372S; Q373E; F375Y; G378N; S379N; A381K; T382V; Y384F; K385R; V389A; E390N; E391L; Q394R; V396I; E397K; E398P; K400T; N407K; K408I; E410R; E411F,1
R16L; S162I; S163F; K225E,1
E133K; S162I,1
S162I; S163F; K225T; D365N; T372S; Q373E; F375Y; G378N; S379N; A381K; T382V; Y384F; K385R; V389A; E390N; E391L; Q394R; V396I; E397K; E398P; K400T; N407K; K408I; E410R; E411F,1
E44A; S162I; S163F; K225E; S361A,1
K225I; Q235H,1
K225I; E266D; N344Q; D365N; T372S; Q373E; F375Y; G378N; S379N; A381K; T382V; Y384F; K385R; V389A; E390N; E391L; Q394R; V396I; E397K; E398P; K400T; N407K; K408I; E410R; E411F,1
R93C; S162I; S163F,1
S162I; E305*,1
K225T; G246D,1
M1T; R45H; K225T,1
L98P; S162I; S163F; K300N,1
S162I; S163F; K225E; S361A; G403A,1
T160M; S174N; M211I; K225T; T382M,1
Q53*; S162I; S163F; V389I,1
S162I; S163F; Y222C; K225I,1
S162I; S163F; Y317*; R348H,1
G101S; S162I; S163F; E280*; T350S,1
S379L,1
S162I; K225E; C231R; S361A,1
R93H; S162I; S163F; E410K,1
S162I; S163F; K225E; N322D; I409M; E410K; E411S,1
S162I; K225E; K284E,1
S162I; S163F; D196E,1
L19M; S162I; K225E,1
K62R; S162I; S163F; E269D,1
S162I; F192L; M211I,1
M36I; S162I; S163F; D199G; I377T,1
S162I; S163F; N297S; D312N,1
L104S; K225I,1
S162I; K225E; G315V; S361A,1
S162N; S174N; K225I,1
K3N; S162I; S163F,1
C26R; S162I; K225N,1
S108N; K225T; G378S,1
T6S; A32S; L56H; T75Q; T76S; S162I,1
S162I; G256R,1
R193H,1
I35N; S162I; S163F,1
T6S; A32S; L56H; T75Q; T76S; Q88T; P121D; R402C,1
R16C; S162I,1
R45H; K225T; I327L,1
S162I; S163F; I399M,1
L98P; K225T; N407K; K408Q; I409D; E410*; E411R,1
W40*; S162I; K225N,1
S162I; S163F; N322S; R402C,1
S162I; S163F; N261H; S361A,1
S162I; K225I; Y384C,1
N72D; N92K; S162I; S163F; Y357H,1
S162I; E250*,1
S162I; K225E; Q387*,1
S162I; N175H; T350S,1
K225I; V291A; Q354R,1
G24S; S162I; S163F; E281D,1
I4V; K225I; N407S,1
N72S; G100S; K225I; Y357H,1
S162I; S163F; S217G; D326Y,1
T160A; K225I; G315S,1
E159K; S162I; K225E,1
Q27R; K225I; T372N,1
K225I; K359E,1
M211T; K225I; E391K,1
S162I; S163F; K225E; S361A; S379*,1
S162I; N243S,1
R82H; S162I; S163F; K225E; S361A; I368V,1
S162I; T234M; Y355H,1
G101D; S162I; K225E,1
A110S; S162I; S163F; K225E; S361A,1
E44G; L56H; D117G; S162I; S163F; N261S; Y332H,1
E44G; D117G; S162I; S163F; N261S; Y332H,1
F33Y; S162I; S163F,1
Y68C; S162I; S163F; G378D,1
L98P; S162I; S163F; G378D,1
K3E; S162I; S163F; K225E; S361A; V405G,1
E79D; S140N; K225I; S361A,1
D65Y; K225I; G353C,1
F194L; K225T; E398G,1
G177V; E411*,1
S162I; S163F; F192V,1
S162I; E281K,1
N46Y; S162I; S163F; K225E; S361A,1
T6S; N138D; S162I; S163F; Q387*,1
T50A; K225I,1
S162I; K225E; I271T,1
L98P; S162I; S163F; L404P,1
A32S; L56H; T75Q; T76S; Q88T; S162I; S163F; I377V,1
S162I; S163F; S333P,1
S162I; S163F; R168H; K225I,1
K225T; S379L,1
K225I; Q267P,1
M151V; S162I; S163F; E269G,1
K37Q; S162I,1
S162I; S163F; Y299C; I399V,1
S162I; S163F; K225E; K346E; S361A,1
S162I; S163F; K225E; S292G; D310N; S361A,1
S162I; S163F; E251*; D265G,1
D365N; T372S; Q373E; F375Y; G378N; S379N; A381K; T382V; Y384F; K385R; V389A; E390N; E391L; Q394R; V396I; E397K; E398P; K400T; N407K; K408I; E410R; E411F,1
K31R; S162I; S163F,1
L98P; S162I; S163F; I399T,1
V87A; R93L; K225I,1
G25C,1
Q123R; S162I; K225E,1
D65G; S162I; S163F; S217I,1
M172I; K225T; G378A; S379H; L380W; A381R; T382R; N383T; Y384T; K385R; G386V; Q387R; N388M; V389S; E390R; E391R; N392T; P393R; Q394K; I395L; V396L; E397R; E398R; I399L; K400R; G401V; R402V; G403A; L404W; V405L; N407T; K408R; I409L; E410K; E411S,1
S162I; K225I; K306R,1
S162I; S292I,1
S162I; S163F; N258D; K359N,1
K225I; I302T,1
T119I; S162I; S163F; D199G,1
T6S; A32S; L56H; T75Q; T76S; Q88T; P121D; T198S; D199I; K225E; A313V; S361A,1
D156Y; K225I,1
F202C; K225I,1
M172I; S361A,1
S162I; S163F; K225E; I232V; S361A,1
S162I; S163F; L339S; I352T; E398G,1
S162I; S163F; C347F,1
N72K; K225N,1
N97D; S162I; S163F; T234M,1
S162I; S163F; K225T; I247T,1
S67I; Q204*; K225I,1
S162I; M211I; T264I,1
S162I; S163F; D326N; I399V,1
S162I; K225E; E390K,1
S180F; K225I,1
I39T; S162I; S163F; N297S,1
S162I; K225E; A283V; Y357S,1
T17A; S60R; S162I; S163F,1
K225I; T234P,1
S162I; T350A,1
S162I; S163F; K225E; L404R,1
K225I; Q295H,1
S162I; S163F; K225E; S361A; G386V; Q387R; N388M; V389S; E390R; E391R; N392T; P393R; Q394K; I395L; V396L; E397R; E398R; I399L; K400R; G401V; R402V; G403A; L404W; V405L; N407T; K408R; I409L; E410K; E411S,1
F29L; S162I; S163F,1
M1T; K225I,1
L98P; S162I; S163F; K284E,1
S162I; S163F; T264A; N314D,1
K37E; S162I; S163F; L286P,1
S162I; S163F; K225E; T228N; S361A,1
A32S; S162I; S163F; K225I,1
S162I; S163F; D325Y,1
T6S; S162I; S163F; K225E; I327T; S361A,1
E79G; K225I,1
Q88K; T160A; K225I,1
E106G; S162I; S163F,1
S162I; S163F; C231Y; I232T,1
F55L; S162I; S163F; K225E; I227T; S361A,1
S162I; K225E; N314S; N316I,1
N97H; S162I; K225E,1
K225I; L404P; V405G; K406*; N407K; K408Q; I409D; E410*; E411R,1
S60N; K225T,1
D196G,1
P23Q; S162I; S163F; K225E; S361A,1
N111S; S162N; K225I,1
L98P; S162I; S163F; N322S,1
S162I; S163F; I249L; S361A,1
S162I; S163F; N316Y,1
S162I; S163F; M172I; C231G,1
S137G; S162I; S163F; G256*,1
S162I; S163F; K225E; S361A; V389A,1
S162I; S163F; I262F,1
N34S; K225I,1
T50A; S162I; K225N; S292I,1
T6S; A32S; L56H; T75Q; T76S; Q88T; P121D; S162I; S163F; K225I,1
S162I; S163F; I181V; K225E; S361A,1
Y30F; N97S; S162I; S163F,1
S162I; S163F; H216N; K225E; S361A,1
S162I; S163F; I181F; G378D,1
S162I; S163F; Q236H,1
G401D,1
E79D; K225T,1
S162V; S163F; T372N,1
T6S; A32S; L56H; T75Q; T76S; Q88T; P121D; N138D,1
S162I; S163F; S217C; K225E; S361A,1
S162I; S163F; L167M; I368V,1
K225I; S273R; I352T; Q354R,1
Y69H; S162I; S163F; N293D,1
M151I; S162I; S163F; N258K,1
S162I; S163F; K225E; K385R; Q387*,1
S162I; S163F; G220D; K225E; S361A,1
L56M; S162I; S163F; K225E; S361A,1
V87A; S162I; S163F; G308S,1
P12Q; L98P; S162I; S163F,1
Q53*; K225I,1
T6S; A32S; L56H; T75Q; T76S; Q88T; P121D; T198S; D199I; G220V; K225T; S361A,1
H142P; S162I; S163F,1
K109T; S162I; S163F; K225E; S361A,1
S162I; N175H; G353S,1
N138D; S162I; S163F; C231Y,1
L98P; S162I; S163F; T229M,1
A32S; L56H; T75Q; T76S; Q88T; P121D; E154G; S162I; S163F; T198S; D199I,1
S162I; S163F; I233T,1
W40*; S162I; K225E,1
K225I; F252S,1
N161H; S162I; S163F,1
S60G; S162I,1
N63H; S162I; S163F; I352T,1
S162I; K225E; R348H,1
S162I; S163F; L276F; N297S,1
Q27K; T51I; S162I; S163F; N316D,1
D15E; S162I; P188T; K225I,1
M1K; K225I,1
S187T; N297D,1
P43T; S162I; K225E,1
S162I; S163F; K225E; R402C,1
S162I; S163F; T372N; K400Q,1
S162I; S163F; K225E; P298S,1
K31I; S162I; S163F; K225E,1
F33S; S162I; S163F; K225E; S361A,1
P23S; S162I; S163F; F252L,1
S162I; S163F; N195S; K278N,1
S162I; S163F; S273R; L276F,1
S162I; S163F; D310E,1
T59I; G220V; K225I,1
I48M; S162I; S163F,1
S162I; K225E; R348S,1
S162I; N175H; N293D,1
I39V; S162I; S163F; Y355H,1
P121D; S162I; K225E; S361A,1
S162I; K225E; E266G,1
Q27R; K225I; Y307H,1
S162I; S163F; L328Q,1
Y113D; G401V; R402V; G403A; L404W; V405L; N407T; K408R; I409L; E410K; E411S,1
S162I; S163F; K225E; F334S; S361A,1
P121D; S162I; V389I,1
R168L; A182E; K225I,1
L98P; S162I; S163F; R244C,1
S162I; S163F; V291M; T350S,1
N111D; S162I; I352V,1
T50A; S162I; S163F; K225E; V345I; S361A,1
K109R; S162I; S163F; K225E; S361A,1
S162I; S163F; L253S,1
T6S; A32S; L56H; P71Q; T75Q; T76S; P120L; S137N; S162I; S163F; K285R; S361A,1
S162I; S163F; T264A; E397D,1
G64S; S162I; S163F; Y171*,1
S162I; E189*,1
S162I; S163F; K225N; Q236P,1
T6S; S162I; S163F; K225E; E269G; S361A,1
S162I; S163F; R244C; T382A,1
S162I; S163F; Y171C; Q235K,1
K225T; E390G,1
I352T,1
S162I; K225E; L240M,1
D156Y; E159*; K225I,1
S162I; S163F; K277Q,1
A131T; S162I; K225E,1
I149T; S162I; K225E; Q236K; I271N,1
S162I; S163F; K225E; S273G; N297S; V405G,1
I352F,1
K225I; G257C,1
N10D; K225I,1
T6S; A32S; L56H; T75Q; T76S; Q88T; P121D; E154G; I352T,1
Y20H; K225I,1
L98P; S162I; S163F; E411K,1
E28K; G101S; S162I; S163F; N362D,1
S162I; S163F; S273N; K385N,1
F136C; S162I; S163F,1
I4V; S162I; K225Q; Y384C,1
N10K; S162I; S163F,1
S187P; K225I,1
S162I; S163F; T229M; N258T; N407K,1
S162I; K225I; D312A,1
V132F; S162I; S163F; F202S; K225E; F252L; S361A,1
S162I; G223V; K225Q,1
P71T; L98P,1
G49C; S162I; K225E,1
I143V; S162I; S163F; T229M,1
L98P; S162I; S163F; D196G,1
P71T; S162I; S163F; K225I,1
L98P; S162I; S163F; N164S,1
T264A,1
S162I; T264A; N407S,1
T6S; A32S; K225I; V291A; Y332C,1
N243S,1
S66F; S162I; S163F; K225E,1
T59A; S162I; S163F; V405I,1
S162I; S163F; K225E; S361A; N370S,1
S162I; S163F; T234A; P294L,1
L74Q; S162I; S163F; I409T,1
S162I; S163F; L260M,1
S162I; N314S; N316I,1
S162I; S163F; K225E; S361A; E397K,1
E154G; S162I; S163F; K225E; S361A,1
V132F; N147S; K225I,1
M1T; S162I; K225Q,1
V47L; S162I; S163F; K225E; S361A,1
S162I; I368N,1
S162I; K225E; R402S,1
T17N; L98P; S162I; S163F,1
N138D; S162I; S163F; L210M,1
S162I; S163F; E281*; C347S; S361A,1
S162I; S163F; G315D; S361F,1
Y222*,1
M36I; S162I; S163F; T372N,1
S162I; S163F; K225E; S361A; S367P,1
S162I; E281D,1
K225I; E250G,1
A32S; S162I; K225E,1
T6S; A32S; G49D; L56H; S162I; S163F; V396A,1
L98P; P155L; S162I; S163F,1
S273N,1
D196N; K225Q,1
S162I; S163F; V396L,1
S162I; S163F; P188T; S361A,1
L98P; S162I; S163F; I282V,1
E106D,1
K225I; D310N; I371V,1
G401C,1
S162I; S163F; I183V; S273G; N297S,1
L56H; Q88T; N161Y; K225I; V405I,1
S162I; S163F; T198A; I247T,1
S162I; K225E; N261D,1
I134V; S162I; S163F; N243Y,1
P121L; S162I; S163F; K225E; S361A,1
S162I; S163F; Y357H; G403C,1
G139D; S162I; S163F; K278E,1
S162I; S163F; K225E; R272L; S361A,1
L98F; S162I; S163F; K225E; Q270R; S361A,1
S162I; T209P; K225E,1
P58L; K225N,1
M36V; S162I; S163F; K225N,1
Y73F; S162I; S163F; K225E; P239L; S361A,1
S162I; S163F; N297S; E410K,1
S162I; S163F; K225G; S361A,1
D81G; S162I; S163F; K225E; S361A,1
K225I; N370S,1
L98P; S162I; S163F; S292I,1
P23L; S162I; S163F; T198P,1
S162I; Q267K,1
C26R; K225I; E251G,1
S162I; Y357S,1
K225I; Y357H; D365N; T372S; Q373E; F375Y; G378N; S379N; A381K; T382V; Y384F; K385R; V389A; E390N; E391L; Q394R; V396I; E397K; E398P; K400T; N407K; K408I; E410R; E411F,1
S162I; K225E; V319I; S361A,1
D65G; S162I; S163F; S174N; K225E; S361A,1
L98P; S162I; S163F; K245R,1
I42V; S162I; S163F; S361A,1
T6S; S162I; S163F; D366N,1
P112T; S162I; S163F; K225E; S361A,1
P58T,1
S162I; S163F; G223C,1
L98P; S162I; S163F; T242A,1
S162N; K225I; Y332H,1
S162C; D312G,1
I41L; S162I; S163F; K225E; S361A,1
S162I; S163L; N195I,1
K225I; V289M,1
N111S; S162N; K225I; K330R,1
S162I; S163F; S361A; F375L,1
T160M; K225I; E398D,1
S162I; S163F; E305K; I352T,1
L98I; S162I; S163F; I352V,1
I102M; K225I; N316S,1
D199G,1
L98P; S162I; S163F; I409D; E410*; E411R,1
S162I; S163F; N258D; K311E,1
F55S; S162I; S163F; N297S,1
S162I; S163F; L214P,1
S162I; S163F; K225E; I233L; S361A,1
S162I; S163F; D199G; G226C,1
T6S; A32S; T75Q; T76S; S162I; S163F,1
R45C; S162I; K225Q,1
N111T; S162I; S163F; I352T,1
N96D; L98P; S162I; S163F; E266K,1
K62N; S162C; K225E; I352T,1
N97D; S162I; K225I,1
S162I; S163F; K225E; I263V; N316S; S361A,1
S162I; S163F; K225E; L360F; S361A,1
L56P,1
T59S; L98P; S162I; S163F,1
R93H; K225N; E397G,1
S162I; P393R; Q394K; I395L; V396L; E397R; E398R; I399L; K400R; G401V; R402V; G403A; L404W; V405L; N407T; K408R; I409L; E410K; E411S,1
N322S,1
L98P; S162I; S163F; E410K,1
S162I; S163F; N197S; K225E; A340S; S361A; E411G,1
S162I; S163F; K225E; Y357S,1
S162I; S163F; K225Q; E281K,1
S162I; K225E; V291A,1
S162I; S163F; A313T; K346R; D365N; T372S; Q373E; F375Y; G378N; S379N; A381K; T382V; Y384F; K385R; V389A; E390N; E391L; Q394R; V396I; E397K; E398P; K400T; N407K; K408I; E410R; E411F,1
S162I; E397*,1
N161H; K225I,1
L98P; I150V; S162I; S163F,1
S162I; S163F; H212P; G378S,1
T160A; K225E; S361A,1
Q123*; S162I; S163F; K225Q,1
E28D; S162I; S163F; D196G; N388H,1
K225I; N370S; K385R,1
E105*; S162I; S163F; T372S; Q373E; F375Y; G378N; S379N; A381K; T382V; Y384F; K385R; V389A; E390N; E391L; Q394R; V396I; E397K; E398P; K400T; N407K; K408I; E410R; E411F,1
K225E; S379L,1
S99L; S162I; S163F; H219N,1
K37R; K225N,1
N38S; K225I; Y299H,1
T6S; A32S; L56H; T75Q; T76S; Q88T; P121D; T198S; D199I; K225I; C231R; D265V; E266A; W268Y; E269N; Q270D; R272Y; S273T; K277N; K278D; E280R; E281K; K284S; S292N,1
Y68C; S162I; K225L; D365N; T372S; Q373E; F375Y; G378N; S379N; A381K; T382V; Y384F; K385R; V389A; E390N; E391L; Q394R; V396I; E397K; E398P; K400T; N407K; K408I; E410R; E411F,1
M1T,1
S162I; S163F; K225E; E305G; S361A,1
L98P; S162I; S163F; R402C,1
S162I; K225E; G257S,1
I102F; S162I; S163F; K225E; S361A,1
S162I; S163F; Y222C; N297S,1
S162I; S163F; E336G,1
T51I; S162I; S163F; K225E; N261S; S361A,1
K225I; N297T; V345A,1
T6S; A32S; L56H; T75Q; T76S; S162I; S163F; N197S,1
I126V; S162I; S163F; I352V,1
S162I; S163F; S361A; Q373R,1
S162I; S163F; K225E; S361D,1
S162I; S163F; N316S; F375S; N376T; I377S; G378A; S379H; L380W; A381R; T382R; N383T; Y384T; K385R; G386V; Q387R; N388M; V389S; E390R; E391R; N392T; P393R; Q394K; I395L; V396L; E397R; E398R; I399L; K400R; G401V; R402V; G403A; L404W; V405L; N407T; K408R; I409L; E410K; E411S,1
E154K; S162I; S163F; K225E,1
Y20N,1
T6S; A32S; I41V; L56H; T75Q; T76S; Q88T; S162I; S163F,1
S162C; G220D; K225E,1
I35V; S162I; S163F; Q373R,1
F29I; S162I; S163F,1
L98P; S140N; S162I; S163F; K329E,1
S99L; A110T; S162I; S163F; K225E; S361A,1
K225I; D312E,1
A32S; S162I; S163F; K225E; Q270R; S361A,1
S66P; S162I; S163F; E398D,1
A129V; S162I; S163F; T372N,1
K225I; S273N; D325N,1
S162I; S163F; E397*,1
S162I; S163F; E305*; A313T,1
S162I; K225E; S318N; A381T,1
P71L; S162I; S163F; T372S; Q373E; F375Y; G378N; S379N; A381K; T382V; Y384F; K385R; V389A; E390N; E391L; Q394R; V396I; E397K; E398P; K400T; N407K; K408I; E410R; E411F,1
S162I; S163F; D196N; K225E; G257S; S361A,1
N200D; K225I,1
S162I; S163F; K225E; C231S,1
D77N; S162I,1
S162I; S163F; Q235H; T372N,1
S137I; S162I; S163F; M211I,1
S162I; S163F; Q354R; V405I,1
T198S; D199I; G220V; K225T,1
I102V; G115D; S162I; S163F,1
Y30N; K225E,1
S162I; S163F; I233V; T372N,1
T6S; A32S; S162I; S163F; K225E; Q270R; S361A,1
T75P; S162I; S163F; S361A,1
N175D; K225I; T242A,1
D128G; K225N,1
S162I; S163F; H216N; N407T; K408R; I409L; E410K; E411S,1
L145M; S162I; S163F; T228I,1
E154G; S162I; S163F; E251*,1
S162I; S163F; E397Q,1
K225T; V345I,1
D117N; S162I; S163F; Y279F,1
S162I; A207V,1
S162I; S163F; K225E; P298S; S361A,1
S162I; S163F; T350S; T372A,1
K225I; Q354R; S379P,1
S162I; K225N; S361A,1
P57T; S162N,1
S162I; S163F; V405D,1
G64S; S162I; S163F; S361A,1
Y9N; S162I; S163F; E398*,1
E28K; L98P; S162I; S163F,1
T6S; S162I; S163F; K225E; S361A; R402H,1
S162I; S163F; R348S,1
S67C; S162I; S163F; K225I; E411*,1
S162I; K225N; N383S,1
K225I; A381V,1
A129S; S162I; S163F; Y222C,1
S162I; S163F; I247V; R402C,1
S162I; T209A,1
P112Q; S162I; S163F; K225E; S361A,1
K225I; E281K; K342N,1
S162I; S163F; K225E; N314S; N316I,1
T6S; A32S; L56H; T75Q; T76S; Q88T; P121D; T198S; D199I; K225L; Q235R,1
A32S; I48V; P121D; S162I; S163F,1
N95K; K225I; S361A,1
S162I; S163F; T228N,1
N197S; K225I; C347F,1
S162I; S163F; G308C; D365N; T372S; Q373E; F375Y; G378N; S379N; A381K; T382V; Y384F; K385R; V389A; E390N; E391L; Q394R; V396I; E397K; E398P; K400T; V405G; K406*; N407K; K408D; I409H; E410S; E411F,1
T119I; S162I; T341N,1
L107M; S162I; S163F; P298Q,1
T6S; A32S; L56H; T75Q; T76S; Q88T; S162I; S163F; T372N,1
T76M; S162I; K225E,1
S162I; S163F; Q354R; E397D,1
S162I; S163Y,1
P58S; S162I; S163F; K225E; S361A,1
T59P; S162I,1
S162I; E280G,1
S162I; S163F; T234S; K285R,1
A32S; S162I; S163F; M172I,1
S162I; N195S; K225E,1
S162I; S163F; K225I; I352V,1
T6S; A32S; L56H; T75Q; T76S; Q88T; I102L; P121D; T198S; D199I; K225T; D265V; E266A; W268Y; E269N; Q270D; R272Y; S273T; K277N; K278D; E280R; E281K; K284S,1
S162I; S163F; K225E; T229M; S361A,1
Y68C; S162I; S163F; D325Y; G378D,1
G100S,1
K85E; S162I; K225I,1
T75Q; T76S; Q88T; P121D; T198S; D199I; K225L; D265V; E266A; W268Y; E269N; Q270D; R272Y; S273T; K277N; K278D; E280R; E281K; K284R; N314S; N316I; N344Q,1
N63S; K225I,1
S162I; L360S,1
K85E; S162I; S163F; E281K,1
S162I; S163F; M172I; N297S; N344Q; D365N; T372S; Q373E; F375Y; G378N; S379N; A381K; T382V; Y384F; K385R; V389A; E390N; E391L; Q394R; V396I; E397K; E398P; K400T; N407K; K408I; E410R; E411F,1
T6S; A32S; L56H; T75Q; T76S; Q88T; P121D; K225E; S361A; A381V,1
K22R; S162I; S163F; T234A,1
S162I; S163F; N164H,1
S162I; S163F; K225E; D265V; E266A; W268Y; E269N; Q270D; R272Y; S273T; K277N; K278D; E280R; E281K; S361A,1
D77N; S162I; S163F; K225E,1
T50P; S162I,1
K225I; E280G; Q354R,1
T51S; K225I,1
F91L; M151I; S162I; S163F; K225E; S361A,1
S162I; K225E; P294Q,1
S162I; S163F; K323T,1
K225T; E398D,1
K225I; I227T; N274S,1
S162I; S163F; P173S; D199N; K225E; D301Y,1
K3E; S162I; S163F,1
L98P; S162I; S163F; Q236K,1
S162I; N407S,1
L98P; S162I; S163F; D301N,1
S162I; P206S; K225E,1
P121S; S162I; S163F; V389I,1
L98P; S162I; S163F; A283V,1
S162I; T382M,1
Y30H; S162I,1
S130A; S162I; S163F,1
D117A; S162I; S163F; K225E; S361A,1
E106*; S162I; S163F; I215V; K225G; S361A,1
S162I; Y332S,1
P2L; I134V; S163F,1
S162I; S163F; N238T,1
C26F; S162I; S163F; K225E; S361A,1
S162I; S163F; I232L; E266*,1
A153S; S162I; K225E,1
S162I; S163F; S273G; N297S; N344Q; D365N; T372S; Q373E; F375Y; G378N; S379N; A381K; T382V; Y384F; K385R; V389A; E390N; E391L; Q394R; V396I; E397K; E398P; K400T; N407K; K408I; E410R; E411F,1
S162I; S163F; M172I; S273G; N297S,1
S162I; S163F; N248S; Q270R,1
S162C; K225E; S361A,1
Y73H; S162I; S163F; K225E; S361A,1
S162I; S163F; N175H; N297S; G308C,1
L98P; N116D; S162I; S163F,1
S162I; S163F; K225E; K385Q,1
N96D; S162I; S163F; I183V; K225E; S361A,1
S162I; E189K; V319I,1
S67G; S162I; S163F; G378A,1
S137R; S162I; Y171H; K225I,1
L98P; G101S; S162I; S163F,1
N122T; S162I; S163F; K225E,1
S162I; S163F; M211I; N293K,1
K225T; E336*,1
T160A; K225I; Y332H,1
K62R; S162N; K225I,1
S162I; S163F; S217I,1
K225I; E410K,1
N72D; S162I; Q236K,1
S162I; S163F; K225E; R244L; E269G; S361A,1
S162I; S163F; D265V; E266A; W268Y; E269N; Q270D; R272Y; S273T; K277N; K278D; E280R; E281K; K284S; D338Y,1
Y68S; L98P; S162I; S163F,1
K225I; G256*,1
K225I; N248Y,1
S162I; S163F; K225E; T234P; S361A,1
S162I; S163F; F375L; I409T,1
T6S; L56H; T75Q; T76S; Q88T; P121D; S162I; S163F; Y299N,1
S162I; S163F; G220V; K225I,1
D54Y; S162I; S163F; Y299N; N407T; K408R; I409L; E410K; E411S,1
T6S; A32S; L56H; T75Q; T76S; S162I; S163F; M172I; K225E,1
S162I; S273I,1
A153T; S162I; I262L,1
S162I; S163F; S180Y; I352T,1
S108N; S162I; S163F; K225E; S361A,1
K22Q,1
G115S; S162I; S163F,1
K85E; S162I; S163F; S361A,1
T6S; A32S; L56H; T75Q; T76S; Q88T; P121D; S162I; K225T,1
D117G; S162I; S163F; K225E,1
F91L,1
D65Y,1
S162I; V184I; I352V,1
P71T; S162I; S163F; E390*,1
T75I; S162I; S163F; Y384C,1
R93L; S162I; S163F; K225E; Q290K; S361A,1
S162I; S163F; D199N; D312N,1
S162I; S163F; D312G; I352T,1
L145M; T160M,1
R16S; S162I; S163F; P239Q,1
T198S; D199I; K225L,1
S162I; S163F; D338N; E390K,1
S162I; S163F; K225E; D325G,1
S162I; S163F; D265Y; R402L,1
N10D; S162I; S163F; R244L,1
S162I; S163F; Q290H; T335I,1
Q27K; I41V; K225I,1
N169S; K225I; D259G,1
H219Y; K225I,1
D117Y; S162I; Q267K,1
I126V; K225I; G374S,1
S162I; S163F; K225E; S361A; S379L,1
T6S; E28K; A32S; L56H; T75Q; T76S; Q88T; S162I; S163F,1
N96H; S162I; S163F; K225E; S361A,1
S162I; S163F; S367Y,1
Q27L; S162I; S163F; K225E; S318I; S361A,1
S162I; S163F; A313S; T350S,1
Y73H; L98P; S162I; S163F,1
S162I; S163F; K225E; S361A; I368L,1
L98P; S162I; S163F; N261H,1
S162I; S163F; N164D,1
S162I; K400R; G401V; R402V; G403A; L404W; V405L; N407T; K408R; I409L; E410K; E411S,1
L98P; S162I; S163F; T185A,1
S162I; E390G,1
S130A; S162I; S163F; Y357H,1
K225I; C231F,1
S162I; S163F; Q295K; Q354R,1
D15V; S162I; S163F,1
K31N; L98P; S162I; S163F,1
S162I; Q394R,1
N10S; S162I; S163F; Q270*,1
R82L; S162I; K225E,1
K225I; N238D,1
S162I; S318I,1
Y20C; S162I; S163F; K225E; S361A,1
L98P; S140I; S162I; S163F; G257D,1
S162I; S163F; M211I; T372A,1
S162I; S163F; K225E; K329E,1
P52Q; S162I; S163F; K225E; S361A,1
P58L; S162I; Q387*,1
T59I; S162I; S163F; E281K,1
P12L; S162I; S163F; K225E; S361A,1
A381V,1
L98P; S162I; S163F; G179S,1
Y68H; S162I; S163F; K329R,1
W268R,1
K225I; R402V; G403A; L404W; V405L; N407T; K408R; I409L; E410K; E411S,1
L107M; K225I,1
S162I; S163F; L253S; S361A,1
K62R; S162I; K225E,1
S162I; S163F; I227V; S318G,1
N118D; K225I,1
G49D; L98P; S162I; S163F,1
S162I; S163F; N388T,1
S162I; S163F; K225E; K284N,1
P112S; S162I; S163F; N297S; I352V,1
V13I; K225I; Q354R,1
L98P; S162I; S163F; D259N,1
E28K; S162I; S163F; D365E,1
N8D; L98P; S162I; S163F,1
M151I; S162I; S163F; W268R,1
S66F; S162I; S163F; Y171*; K225E,1
K225I; F337S,1
N10S; S162I; K225E,1
L98P; P146S; S162I; N248K,1
S162I; G403A; L404W; V405L; N407T; K408R; I409L; E410K; E411S,1
S162I; A207S; K225E,1
D128G; S162I; S163F; Y317C,1
L98P; S162I; S163F; N362S,1
F158L; S162I; S163F; K225E; S361A,1
K3E; S162I; S163F; K225E; P298S; S361A,1
P23L; S162I; S163F; S361A,1
T51I; L98P; S162I; S163F,1
S162I; S273R,1
T6S; A32S; L56H; T75Q; T76S; Q88T; P121D; F192L,1
S162I; S163F; I165V; K225E; S361A; R402C,1
S162I; S163F; C231R; T341N,1
G24D; K225I,1
R244C,1
S162I; S163F; I263T; A340V,1
N175S; K225N,1
T6S; A32S; L56H; T75Q; T76S; Q88T; P121D; E154G; T198S; D199I; K225I; D265V; E266A; W268Y; E269N; Q270D; R272Y; S273T; K277N; K278D; E280R; E281K; K284S; E398*,1
S162I; S163F; N197S; N314S,1
N5K; S162I; S163F,1
S162I; S163F; Y355H; I409T,1
F194I; K225I; P239T,1
L98P; S162I; S163F; Y299H,1
E28K; T75N; S162I; S163F; V389I,1
P146S; S162I; K225E,1
S162I; S163F; A182V; K225T,1
L221F; K225Q,1
S162I; S163F; N376D,1
L98P; T198S; D199I,1
A129S; S162I; N175H; S361A,1
K225I; K285R; L296M,1
S67C; K225E; R272H; S361A; D366N,1
S162I; K225E; E398A,1
P58L; K225I,1
Y30F; S162I; S163F; S361A,1
I143V; S162I; S163F; S273N,1
S162I; S163F; K225E; S361A; I409M,1
N161D; S162I; K225I,1
H142R; S162I; S163F,1
K225I; T335P,1
S162I; S163F; F375D; N376V; I377E; G378E; S379*; L380*; A381W; T382R; N383F; Y384S; K385T; G386W; Q387A; N388S; V389S; E390A; E391L; N392G; P393I; Q394M; I395L; V396A; E397W; E398C; I399L; K400R; G401N; R402K; G403E; L404S; V405*; K406S; N407C; K408Q; I409L; E410F; E411W,1
K225I; K245E,1
L98P; S162I; S163F; K400E,1
S162I; S163F; N362D; T382M,1
K225E; K311E; S361A,1
K225T; I302T,1
N122K; S162I; S163F; L276F,1
S162I; S163F; K225E; L296P; S361A,1
S162I; S163F; K225T; E349G,1
T6S; A32S; L56H; T75Q; T76S; Q88T; P121D; T372I,1
S162I; E398G,1
S162I; S333P,1
K37E; D70N; S162I; S163F; S361A,1
G101S; S162I; S163F; A224V; E269G,1
S162I; S163F; S217N; N297S,1
S162I; S163F; L309M; S361Y,1
M36I; S162I; S163F; K225N,1
Q141H; S162I; S163F; K225E; K311T; S361A,1
N161S,1
S162I; S163F; S361A; G401S,1
G25D; K225I; L328M,1
F29L; S162I,1
S162I; S163F; F202Y,1
S162I; S163F; K225E; W268*,1
K225N; A283S,1
I90V; S162I; S163F; D199Y,1
S162I; S163F; S273G; N297S; K329N; V405G,1
N96S; S162I; K225E,1
G49D; S162I; S163F; Y307S,1
K225I; A340V,1
S162I; S163F; S166P; K225E,1
F91L; S162I; S163F; Y384C,1
P43T; S162I; S163F; I183V,1
K225I; D265N; Y384C,1
S162I; S163F; E250K; N297S,1
K330N,1
N95I; S162I; S163F,1
E28K; K225N,1
T6S; A32S; S162I; S163F; E398A,1
S162I; S163F; L276I; T350A,1
E266*,1
S162I; S163F; E281*,1
L98R; K225I; E281K,1
S162I; S163F; T209I; S361A,1
K109R; S162I; K225E,1
S162I; S163F; R244H; K400N,1
S162I; S163F; D365N; T372S; Q373E; F375Y; G378N; S379N; A381K; T382V; Y384F; K385R; V389A; E390N; E391L; Q394R; V396I; E397K; E398P; K400T,1
K225T; G257C,1
K225T; V291M,1
A32S; L56H; T75Q; T76S; Q88T; P121D; T198S; D199S; K225I; D265V; E266A; W268Y; E269N; Q270D; R272Y; S273T; K277N; K278D; E280R; E281K; K284S; N314S; N316I; I399S,1
N161S; S162I; K225E,1
S162I; S163F; G179V,1
S162I; L276I; V319I,1
T6S; A32S; S162I; K225E; S318N,1
D312Y,1
T6S; S162I; S163F; W268R,1
S162I; S163F; N248Y; T372N; T382M,1
G24D; S162I; S163F; K225E; S361A,1
T59I; S162I; S163F; A207V,1
S162I; S163F; R193L; K342N,1
S162I; N392D,1
M211I; S318N,1
F55V; S162I; S163F,1
T6S; A32S; L56H; T75Q; T76S; Q88T; P121D; T198S; D199I; K225I; D265V; E266A; W268Y; E269N; Q270D; R272Y; S273T; K277N; K278D; E280R; E281K; K284S; S361A,1
G24S; S162I; K225E,1
S67G; S162I; K225E,1
K225I; E411*,1
S162I; S163F; G177S; K225E; S361A,1
E78D; S162I; S163F; K225E; S361A,1
S60G; K225I; N383D,1
T6S; A32S; L56H; T75Q; T76S; Q88T; S162I; S163F; N175H,1
G101V; S162I; S163F; N388D,1
T6S; A32S; L56H; T75Q; T76S; Q88T; P121D; T198S; D199I; G220V; K225I; D265V; E266A; W268Y; E269N; Q270D; R272Y; S273T; K277N; K278D; E280R; E281K; K284S; S361A,1
T6S; A32S; L56H; S162I; S163F; E398D,1
A381S,1
S162I; S163F; R168C; K225E,1
S162I; S163F; K225E; S361A; D366N,1
T160M; K225I; W268*,1
S162I; Q236K,1
T76S; S162I; S163F,1
S162I; S163F; K225E; K285N,1
M36I; P57S; S162I; S163F,1
L56M; S162I; K225E; N316S; S367P,1
A153T; S162I; K225E,1
S162I; K225I; Y357H,1
S162I; S163F; E390G; N392P; P393A; Q394N; I395C; V396*; E397G; E398D; I399*; K400G; G401S; R402W; G403P; L404G; V405*; N407Q; K408D; I409*; E410R; E411V,1
S162I; S163F; K225E; W268*; S361A; K400E,1
Q27R; S162I; S163F; K225E,1
S162I; K225E; N316H; D326G; S361A,1
E154G; S162I; K225I,1
Y73C; S162I,1
I149L; S162I; S163F,1
S162I; K342E,1
K225I; I247L,1
T6S; A32S; L56H; T75Q; T76S; Q88T; P121D; R168C; K225I,1
S162N; K225I; K311R,1
S162I; K225E; F375Y; G378N; S379N; A381K; T382V; Y384F; K385R; G386V; V389A; E390N; E391L; Q394R; V396I; E397K; E398P; K400T; N407K; K408I; E410R; E411F,1
P155S; S162I; S163F; Y171C,1
S162I; S163F; Q387R,1
L98P; S162I; S163F; P298L,1
N72S; S162I; S163F; K225E,1
D15N; S162I; M172I; K225E,1
Y9C; S162I; S163F; S273G; N297S; Y357C,1
Q123K; S162I; S163F,1
N147K; V148I; K225I; G315S,1
N14D; S162I; S163F,1
S162I; S163F; K225E; S287G; V291M; S361A,1
S162I; T234P,1
S162I; S163F; K225E; N274S; S361A,1
S162I; S163F; K225I; S333*,1
K22R; S162I; S163F; I352T,1
K85Q; K225L; T264A,1
P121D; S162I; S163F; H176L,1
S162I; I262L; K408R,1
S162I; S163F; R272H; T372S,1
N116S; S162I; S163F; I232L,1
S162I; K225N; K346N,1
P112L; S162I; S163F; A313S,1
V13A; S162I; S163F; N383D,1
S162I; S163F; V184I; S292N; N297S,1
S162I; S163F; P294Q; D325N; K400E,1
K85N; S162I; S163F; G378D; E411G,1
N122D; G152D; S162I; S163F,1
L56H; S67N; K225T,1
S162I; S163F; G378V,1
S162I; S163F; K225E; S361A; L404M,1
S162I; K225E; Q235R,1
S162I; K225E; K359N,1
S162I; S163F; K225E; S361A; I399F,1
S162I; S163F; E213K; N388D,1
K225I; C347S; G401D,1
L61M; K225E; S361A,1
S162I; S163F; C231S; I409T,1
S162I; S163F; H176Y; Y355H,1
S162I; S163F; T230A; K385R,1
S140N; S162I; K225E,1
N92S; S162I; K225E,1
Q53H; S162I; K225E,1
N10S; K225I,1
S162I; S163F; S217C,1
S162N; K225I; K346E,1
H125Y; K225I,1
S162I; S163F; E281K; N383K,1
L61Q; S162I; S163F,1
E159K; S162I; S163F; A313V,1
S162I; S163F; R244L,1
S162I; S163F; S273N; A313T; T372N,1
T6S; K225I; I352V,1
S162I; S163F; N197D; K225I,1
T6S; A32S; L56H; T75Q; T76S; Q88T; G101S; P121D; T198S; D199I,1
R193L; D325Y,1
L98P; S162I; S163F; L167M; T198I,1
T6S; S162I; S163F; K225E; I247T; P298T; S361A,1
S162I; K225E; Y299C,1
R45H; V184A; K225I,1
D156N; S162I; S163F; K225E; S361A,1
S162I; K225I; A313T,1
S162I; S163F; M211I; K225I,1
E28K; Q123E; S162I; S163F; T372N,1
I18V; S162I,1
S162I; S163F; T264K; S361A,1
T198S; D199I; K225I; D265V; E266A; W268Y; E269N; Q270D; R272Y; S273T; K277N; K278D; E280R; E281K; K284S; N314S; N316I,1
S162I; S163F; K288N; N297S,1
K225I; D365N,1
S162I; S163F; K225E; T341N; S361A,1
L98P; S162I; S163F; F202L; N314S; N316I; N344Q,1
I18N; H125Y; S162I; S163F,1
V87L; S162I; S163F; I352V,1
L144S; S162I; S163F; N175H; I183T,1
E189D; K225T,1
T119A; K225I,1
T6S; F29V; S162I; S163F; K225E; S361A,1
S162I; S163F; F255S,1
S162I; S163V,1
S162I; S163F; T209I; R348C,1
S217N; K225I,1
K135*; K225I,1
L98I; S162I; K225E,1
F202S; K225I,1
K3R; S162I; S163F; Q290R,1
S162I; S163F; N297D; D338Y,1
S162I; S163F; F192L; K225E; S361A; V405I,1
P146S; E154G; S162I; S163F; N175T,1
N122K; K225N; Y355H,1
S162I; S163F; F334L; N376D,1
Y30H; S162I; S163F; K225E; E305*,1
S162I; K225N; G308C,1
F91L; Q394K,1
S162I; S163F; L253V,1
S162I; D199Y; K225I,1
N164S; K225I,1
S162I; S163F; Y222H; K225E; E266D; S361A,1
T6S; A32S; L56H; S162I; S163F; N195D; K225I,1
S162I; K225I; F303L,1
F55L; N122S; S162I; S163F; K406E,1
T6S; A32S; L56H; T75Q; T76S; S162I; S163F; K225E; S361A; R402H,1
S108R; K225I,1
Q27R; S162I; S163F; S318N,1
S67G; G101S; S162I; S163F,1
K225I; Q387L,1
T254A,1
S162I; S163F; H212R; K225E; S361A,1
V13A; K225I,1
S162I; S163F; K225I; N248S; Y355H,1
M1V; S162I; S163F; N297S,1
K109R; S217R; K306N,1
P121D,1
L61R; S162I; S163F; T350S,1
S162I; S163F; D326N; E349K,1
S162I; N175H; K285N; I352T,1
K225N; E410D,1
S162I; S163F; L167M; N362K,1
T17A; S162I; S163F; K225E; S361A,1
L98P; S162I; S163F; S217R,1
I143V; S162I; S163F; I352T,1
I143V; K225I; Q295K,1
K225T; Y384C,1
N111K; S162I; S163F; T372N,1
S162I; S163F; I262N; K406E,1
S162I; K225E; G401C,1
K225I; E269K; A381T,1
L98P; S162I; S163F; S187P,1
S67R; S162I; K225E,1
T6S; A32S; L56R; T75Q; T76S; Q88T; P121D; T198S; D199S; K225I; D265V; E266A; W268Y; E269N; Q270D; R272Y; S273T; K277N; K278D; E280R; E281K; K284S,1
S162I; K225E; N248S,1
G101S; S162I; S163F; P188L; D301N,1
T6S; A32S; L56H; T75Q; T76S; Q88T; P121D; Q123K; T198S; D199I; G220V; K225I,1
S162I; S163F; K225E; Y307H; S361A,1
S162I; S163F; G226D; T264A; T372N,1
T160A; K225I; I227V,1
S162I; S163F; K225E; N248D,1
A32V; S162I; S163F; I399V,1
S162I; S163F; T372N; I409V,1
N10S; M172I; K225T,1
M1I; Q27*,1
V47L; K225I,1
K225T; N320S,1
P146L; S162I; S163F; K225E; S361A,1
S162I; G353S,1
N72D; S162I; K225I; L276F,1
F33L; L98P; S162I; S163F,1
I18T; S162I; S163F; K225E; S361A,1
K225Q; A340V,1
A32S; L56H; T75Q; T76S; Q88T; S99P; P121D; K400R,1
K225I; E390*,1
S162I; S163F; K225I; G401V,1
N344Q,1
S162I; S163F; Q267L,1
S162I; S163F; E281G; N322S,1
T6S,1
S162I; P173S; K225E,1
I203T; E349K,1
S162I; S163F; K225E; S361A; K408R,1
L98P; S162I; S163F; H212Y,1
G152S; K225I,1
K225I; F334Y,1
S162I; S163F; Q267K; L404R,1
E78K; S162I; S163F; Q270*,1
T50S; S162I; S163F; S273G; N297S,1
E106D; S162I; S163F; T254I,1
S162I; D196N,1
M1T; L98P; S162I; S163F,1
S162I; S163F; N261K,1
S162I; S163F; M172V; K225E; S361A,1
S162I; S163F; N195D; G315S,1
S130P; S162I; S163F,1
S162I; S163F; D265N; T350S; K408E,1
E78K; S162I; S163F; V289M,1
S162I; S163F; K225E; L253S; Y384H,1
S162I; K225E; S361P,1
T6S; A32S; S162I; S163F; G403D,1
R16S; S162I; S163F; K225E; Q236R; S361A,1
S162I; S163F; K225E; R348H; Y355H; S361A,1
N111S; I126L; S162I; S163F,1
S162I; N407H,1
T51P; L98P; S162I; S163F,1
K225I; L276F; G401D,1
I134V; K225I; V405F,1
E28G; V47M; S162I; S163F,1
S162I; K225M,1
E28K; S162I; S163F; I368T,1
D199N; K225I,1
T59I,1
V13A; S162I; S163F; D326G,1
L56H; T75Q; T76S; Q88T; P120S; P121D; T198S; D199I; K225L; D265V; E266A; W268Y; E269N; Q270D; R272Y; S273T; K277N; K278D; E280R; E281K; K284S; N314S; N316I; N344Q,1
K225I; N376K; I377H; G378R; S379L; L380I; A381G; T382D; N383E; Y384L; K385Q; Q387S; N388E; V389C; E390R; E391G; N392E; Q394A; I395N; V396C; E397*; E398G; I399D; K400*; R402S; G403W; L404P; V405G; K406*; N407K; K408Q; I409D; E410*; E411R,1
R16H; S162I; S163F; D312G,1
S162I; S163F; N175D; K225E; S361A,1
K225L; F375Y; G378N; S379N; A381K; T382V; Y384F; K385R; V389A; E390N; E391L; Q394R; V396I; E397K; E398P; K400T; N407K; K408I; E410R; E411F,1
S162I; K225I; N293H,1
F136S; K225I,1
S162I; S163F; L328P,1
H125Y; S162I; S163F; K225E,1
S162I; D325N,1
L98P; S162I; S163F; T341S,1
S162I; S163F; K225E; D338G,1
K225N; P294Q,1
T6A; K225I,1
N161D; S162I; S163F,1
S162I; S163F; K225E; G378D,1
S162I; S163F; G179S; K225E; S361A,1
T6S; I215T; K225I,1
S108N; S318N,1
L107M; S162I; K225I,1
S162I; S163F; P298S; S361A,1
Y113*; S162N; K225I,1
N63D; S162I; S163F; N243D,1
S162I; S163F; E201D; K225E; S361A,1
S162I; S163F; K225E; C347R,1
S162I; S163F; G353S,1
G127D; S162I; S163F; I352T,1
K31E; S162I,1
K225T; K288N,1
S162I; S163F; K225E; G353D; S361A; T372S; Q373E; F375Y; G378N; S379N; A381K; T382V; Y384F; K385R; V389A; E390N; E391L; Q394R; V396I; E397K; E398P; K400T; N407K; K408I; E410R; E411F,1
E159G; S162I; S163F; K225E; S361A,1
S67R; S162I; S163F; N261D,1
S67R; L98P; S162I; S163F,1
H125Y; S162I; K225Q,1
K277E,1
T160M; K225E; N344Q,1
G220V; K225T,1
S162I; T198S; D199I; G220V; K225T,1
G24V; S60N; S162I; S163F; K225E; S361A,1
K225N; K359N,1
S162I; D199N; K225E; E397G,1
S162I; S163F; N175H; T234A,1
N96I; S162I; S163F,1
Q204*; K225I,1
T6S; S162I; S163F; E266D,1
S162I; Q387*,1
S108R; S162I; S163F; K225E; S361A,1
N95Y; S162I; S163F,1
D15E; L98P; S162I; S163F,1
S162I; S163F; R168C; K225E; N344K; S361A,1
S162I; S163F; A207S,1
S162I; S163F; S287R; N322S,1
P121L; S162I; K225E,1
N138D; S162I; S163F; T372N,1
S140N; S162I; S163F; I371V,1
L98P; S162I; S163F; V291A,1
Q204H; K225T,1
L98P; S162I; S163F; V291A; S318I; S361A,1
T6S; L98P; S162I; S163F; F202L,1
T6S; A32S; L56H; T75Q; T76S; S162I; S163F; D199N,1
K37N; S162I; S163F; N274S,1
S162I; K225E; Q387K,1
M172I; K225T; S361A,1
S162I; S163F; D199N; K225E,1
S162I; S163F; D265G; I409S,1
D117G; S162I; S163F; T382M,1
A224T; K225I,1
L98P; S162I; S163F; Q237H,1
S162I; S163F; N164S; N362D,1
I102M; K225I; T372N,1
S162I; S163F; F303V,1
S108N; K225I,1
K62N; N97T; S162I; S163F,1
S162I; L210P,1
K62R; S162I; S163F; T350S,1
P58L,1
S162I; S163F; Y357N,1
S162I; K225I; I302T,1
G101S; S162I; S163F; K225E; S361D,1
G115S; S162I,1
I41V; K225I; E305K,1
S162I; S163F; N238S; N322D,1
A32S; L56H; T75Q; T76S; Q88T; P121D; T198S; D199I; K225L; D265V; E266A; W268Y; E269N; Q270D; R272Y; S273T; K277N; K278D; E280R; E281K; K284S,1
K225N; N238K,1
T75Q; T76S; Q88T; K225I,1
K225I; Q394L,1
N10D; K225E,1
S162I; S163F; K225E; T242I; S361A,1
S162I; S163F; F324I,1
N72T; L98P; S162I; S163F,1
Y68C; K225I,1
S162I; S163F; I399V; E410*,1
S162I; S163F; D326G; I371V,1
S162I; K225E; S292N,1
T6S; N10T; S162I; S163F; C231G,1
T6S; A32S; L56H; T75Q; T76S; Q88T; P121D; T198S; D199I; K225T; C231S,1
S162I; S163F; G353C; S361A,1
N92S; S162I; S163F; I352T,1
S162I; S163F; K225E; F252V,1
S162I; K225I; N261D,1
D70N; S162I; S163F; K225E,1
S162I; S163F; R402G,1
S162I; S163F; T185I; K225E; S361A,1
S162I; S163F; Y190H; K225E; A340V; S361A,1
S162I; S163F; N322T,1
N96S; K225I; Q373H,1
E105A; K225I,1
S162I; R348S,1
A32S; L56H; T75Q; T76S; Q88T; P121D,1
P206Q; K225I,1
S162I; S163F; K225E; W268R; S361A; N362D,1
T6S; A32S; L56H; T75Q; T76S; Q88T; P121D; S162I; S163F; I262V,1
T119I; S162I; S163F; K330R,1
F55S; K225I; I352V,1
K225I; N392K,1
S162I; S163F; K225E; T264S; S361A,1
I102V; I150L; S162I; S163F,1
A182T; K225I; G403V,1
K225I; D265V,1
P2S; N111S; S162I; S163F; K225E; S361A,1
N10K; Q53K; S162I; S163F,1
S162I; S163F; K225E; S361A; E398R; I399L; K400R; G401V; R402V; G403A; L404W; V405L; N407T; K408R; I409L; E410K; E411S,1
N38S; E154G; S162I; K225E; S361A,1
S162I; S163F; T341S,1
N34S; S162I; S163F; N362S,1
S162I; S163F; E201G; E269K,1
K225I; I352M; I368N,1
S162I; S163F; T254I,1
S162I; D366T; S367L; I368S; Y369T; N370I; I371L; T372P; Q373R; G374V; F375S; N376T; I377S; G378A; S379H; L380W; A381R; T382R; N383T; Y384T; K385R; G386V; Q387R; N388M; V389S; E390R; E391R; N392T; P393R; Q394K; I395L; V396L; E397R; E398R; I399L; K400R; G401V; R402V; G403A; L404W; V405L; N407T; K408R; I409L; E410K; E411S,1
Q27H; S162I; S163F; P393S,1
S162I; K225E; K306*,1
S162I; K225T; V319I,1
S162I; T198S; D199I,1
C26Y; S162I; S163F; K225E,1
N138D; S162I; S163F; K225T,1
S162I; K225I; E281G; S361A,1
S162N; R193L; F194V; K225I,1
T59I; L98P; S162I; S163F,1
S162I; A224S,1
H125R; S162I; S163F; K225E; F337S; S361A; K385N,1
R45H; L98P; S162I; S163F,1
S162I; S163F; K225E; S361A; N362D; R402H,1
Y30C; S162I; S163F; V289A,1
S162I; S163F; N383S; V396D,1
L98P; S162I; S163F; E410G,1
L74M; P146S; S162I; S163F,1
L98P; S162I; S163F; D338Y,1
S162I; S163F; K330T,1
E28K; S162I; S163F; R193C,1
L98P; S162I; S163F; S292N,1
S162I; S163F; N344Q; D365N,1
I86V; K225I,1
S162I; K225E; N316I; S361A,1
T160M; K225I; K408R,1
S162I; R168C; K225I,1
S162I; S163F; N297S; E349G,1
S162I; S163F; T350P,1
S162I; S163F; Y171C; K225E,1
T6S; Q141H; S162I; S163F,1
S162I; S163F; K225T; D365N,1
R16C; V132I; S162I,1
S162I; S163F; K225E; G308C; D338Y; S361A,1
P121S; K225I; S361A,1
S162I; M211I; K225I,1
S162I; S163F; E201A; K225E; E305G; S361A,1
S66P; K225I; G246D,1
T6S; A32S; L56H; T75Q; T76S; Q88T; P121D; A131V; T198S; D199I; K225L; D265V; E266A; W268Y; E269N; Q270D; R272Y; S273T; K277N; K278D; E280R; E281K; K284S,1
K225L; D265G,1
D15G; L98F; S162I; S163F,1
N8Y; S162I; S163F,1
S162I; S163F; A207V; D366G,1
S162I; S163F; S166F; K225E; S361A,1
L61R; S162I; S163F; N297S,1
S162I; S163F; H216L,1
S162I; S163F; F194I; K225I,1
S162I; S163F; D366A,1
S162I; K225N; S318N,1
L98P; S162I; S163F; L309P,1
K225I; C347R; Y355H,1
S162I; S163F; K225T; N388S,1
K225I; G401D,1
K85E; S162I; S163F; N314D; S361A,1
S162I; S163F; K225E; F334L; S361A,1
N92S; S162I; K225I,1
L98P; S162I; S163F; I263V,1
S162I; S163F; P239L; S333L,1
T6S; A32S; L56H; T75Q; T76S; Q88T; S162I; N169K; Y355H; E411K,1
N314D,1
Y73C; S162I; S163F; K225E; S318I; S361A,1
S162I; S163F; N169S; I181V,1
S162I; S163F; I233N,1
N122K; S162I; S163F; L275*; E390K,1
G127D; S162I; S163F; K225E; S361A,1
S162I; N175H; T372N,1
S162I; S163F; K225E; E250G; S361A,1
F124L; S162I; S163F; I262V,1
E390K,1
S162I; K225E; L276I; R402C,1
S162I; S163F; I165V; S361A,1
S66T; S162I; S163F; N175H; N344Q,1
K225I; G353C,1
T160A; K225I; E397G,1
S162I; R193L,1
S162I; S163F; D199N; N297S; K342R,1
S162I; K225E; E281D,1
N10D; V148I; S162I; S163F,1
L98P; S162I; S163F; E189Q,1
D156V; S162I; K225E,1
D54N; N96S; S162I; S163F; K225I,1
S162I; S163F; G220V; K225T; T382A,1
K135E; S162I; S163F; Q295P,1
K62R; S162I; S163F; R402C,1
S162I; S163F; F303I; Y307C,1
T6S; I21T; A32S; L56H; T75Q; T76S; Q88T; P121D; T198S; D199I; K225L; D265V; E266A; W268Y; E269N; Q270D; R272Y; S273T; K277N; K278D; E280R; E281K; K284S,1
G25D; S162I; S163F; T382A,1
R16H; K225T,1
M151I; S162I; S163F; K330R; I352T,1
Y9C; K225I,1
S162I; S163F; K225E; D265E; S361A,1
P57S; S162I,1
Y307C,1
K225T; D325N,1
S130A; S162I; S163F; K225E; S361A,1
S162I; S163F; T234A; D338G,1
T6S; A32S; L56H; T75Q; T76S; S162I; S163F; I409S,1
M1I; K225I,1
S162I; F358L,1
L104F; S162I; T372S; Q373E; F375Y; G378N; S379N; A381K; T382V; Y384F; K385R; V389A; E390N; E391L; Q394R; V396I; E397K; E398P; K400T; N407K; K408I; E410R; E411F,1
S163F; Y355H,1
T50A; S162I; S163F; C231S,1
A110V; S162N,1
Q123H; S162I; S163F; I371V,1
K225I; S361A; E397D,1
G101S; S162I; S163F; I409T,1
S162I; S163F; H216P; A381E,1
D65Y; S162C; K225E,1
S162I; S163F; I282T,1
S162I; S163F; Q394A; I395N; V396C; E397*; E398G; I399D; K400*; R402S; G403W; L404P; V405G; K406*; N407K; K408Q; I409D; E410*; E411R,1
S162I; S163F; I181V; T372N,1
L56H; R82C; P155S; S162I; S163F,1
E79D; S162I; S163F; T350S; V396I,1
S162I; K225E; Q394K,1
S162I; S163F; T228A,1
S162I; S163F; K225E; E266A; S361A,1
S162I; A182S,1
N97D; K225T,1
S162I; S163F; K225E; P239T,1
S162I; S163F; N261S; D325N,1
T6S; S162I; S163F; I352T,1
S162I; K225E; S273G; N297S,1
D65N; I102V; S162I; S163F,1
I143V; K225I,1
T6S; S162I; S163F; K225E; D310N; S361A,1
S162I; S163F; L253F,1
K22N; E159G; S162I; S163F,1
T59I; S162I; S163F; K225E; E280K; S361A,1
T160P; S162I; S163F; K225E,1
P71S; L98P; S162I; S163F,1
I134V; S162I; S163F; Q236K,1
S162I; K225E; K400*,1
V87A; K225I,1
K225I; I271N,1
E154G; T198S; D199I; K225I; R272H,1
A32V; E79K,1
K225I; L364M,1
S162I; S163F; I203T; T372N,1
G64C; T119S; S162I; S163F; I352T,1
S99*; S162I; S163F; I352T,1
E105D; S162I; S163F; K225E; S361A,1
K3I; S162I; S163F; Q204*; S361A,1
Y69H; I150V; S162I; S163F,1
P121S; S162I; S163F; K225I,1
L98P; S162I; S163F; N164S; E349K,1
L61M; S162I; S163F; G257S,1
S162I; K225E; V389A,1
S162I; I395N; V396C; E397*; E398G; I399D; K400*; R402S; G403W; L404P; V405G; K406*; N407K; K408Q; I409D; E410*; E411R,1
D128A; S162I; S163F; T350S,1
P121Y; S162I; S163F; N164K; F178Y,1
F136L; S162I; K225E; T228S,1
K3Q; K225I,1
S162I; K225E; S318I; S361A,1
Q141R; K225I,1
S162I; S163F; N320D,1
V47M; S162I; S163F; S273G; N297S,1
S162I; S163F; T229A; E397D,1
S162I; S163F; I352T; T382A,1
