position_1,position_2,mutation_pair,observed_frequency,expected_frequency,position_pair
6,32,Pos6_T-Pos32_A,0.01671155906971356,0.0006684127366509006,Pos6-Pos32
6,32,Pos6_T-Pos32_N,0.0,8.737421394129419e-06,Pos6-Pos32
6,32,Pos6_T-Pos32_R,0.0,2.1843553485323547e-06,Pos6-Pos32
6,32,Pos6_T-Pos32_I,0.0,4.3687106970647094e-06,Pos6-Pos32
6,32,Pos6_T-Pos32_G,0.0,1.0921776742661774e-06,Pos6-Pos32
6,32,Pos6_A-Pos32_A,0.0,4.620364539061524e-06,Pos6-Pos32
6,32,Pos6_A-Pos32_N,0.0,6.039692207923561e-08,Pos6-Pos32
6,32,Pos6_A-Pos32_R,0.0,1.5099230519808902e-08,Pos6-Pos32
6,32,Pos6_A-Pos32_I,0.0,3.0198461039617804e-08,Pos6-Pos32
6,32,Pos6_A-Pos32_G,0.0,7.549615259904451e-09,Pos6-Pos32
6,32,Pos6_L-Pos32_A,0.0,2.0534953506940107e-06,Pos6-Pos32
6,32,Pos6_L-Pos32_N,0.0,2.6843076479660268e-08,Pos6-Pos32
6,32,Pos6_L-Pos32_R,0.0,6.710769119915067e-09,Pos6-Pos32
6,32,Pos6_L-Pos32_I,0.0,1.3421538239830134e-08,Pos6-Pos32
6,32,Pos6_L-Pos32_G,0.0,3.3553845599575335e-09,Pos6-Pos32
6,32,Pos6_*-Pos32_A,0.0,1.5401215130205082e-06,Pos6-Pos32
6,32,Pos6_*-Pos32_N,0.0,2.0132307359745202e-08,Pos6-Pos32
6,32,Pos6_*-Pos32_R,0.0,5.033076839936301e-09,Pos6-Pos32
6,32,Pos6_*-Pos32_I,0.0,1.0066153679872601e-08,Pos6-Pos32
6,32,Pos6_*-Pos32_G,0.0,2.5165384199681503e-09,Pos6-Pos32
6,32,Pos6_P-Pos32_A,0.0,1.0267476753470054e-06,Pos6-Pos32
6,32,Pos6_P-Pos32_N,0.0,1.3421538239830134e-08,Pos6-Pos32
6,32,Pos6_P-Pos32_R,0.0,3.3553845599575335e-09,Pos6-Pos32
6,32,Pos6_P-Pos32_I,0.0,6.710769119915067e-09,Pos6-Pos32
6,32,Pos6_P-Pos32_G,0.0,1.6776922799787667e-09,Pos6-Pos32
6,98,Pos6_T-Pos98_P,0.001824658962551047,0.0014023561337577718,Pos6-Pos98
6,98,Pos6_T-Pos98_I,2.8962840675413443e-05,1.2013954416927951e-05,Pos6-Pos98
6,98,Pos6_T-Pos98_R,0.0,6.553066045597065e-06,Pos6-Pos98
6,98,Pos6_T-Pos98_F,0.0,7.645243719863243e-06,Pos6-Pos98
6,98,Pos6_A-Pos98_P,0.0,9.693705993717316e-06,Pos6-Pos98
6,98,Pos6_A-Pos98_I,0.0,8.304576785894897e-08,Pos6-Pos98
6,98,Pos6_A-Pos98_R,0.0,4.529769155942671e-08,Pos6-Pos98
6,98,Pos6_A-Pos98_F,0.0,5.284730681933116e-08,Pos6-Pos98
6,98,Pos6_L-Pos98_P,0.0,4.308313774985474e-06,Pos6-Pos98
6,98,Pos6_L-Pos98_I,0.0,3.6909230159532876e-08,Pos6-Pos98
6,98,Pos6_L-Pos98_R,0.0,2.0132307359745202e-08,Pos6-Pos98
6,98,Pos6_L-Pos98_F,0.0,2.348769191970274e-08,Pos6-Pos98
6,98,Pos6_*-Pos98_P,2.8962840675413443e-05,3.231235331239105e-06,Pos6-Pos98
6,98,Pos6_*-Pos98_I,0.0,2.7681922619649657e-08,Pos6-Pos98
6,98,Pos6_*-Pos98_R,0.0,1.5099230519808905e-08,Pos6-Pos98
6,98,Pos6_*-Pos98_F,0.0,1.7615768939777055e-08,Pos6-Pos98
6,98,Pos6_P-Pos98_P,0.0,2.154156887492737e-06,Pos6-Pos98
6,98,Pos6_P-Pos98_I,0.0,1.8454615079766438e-08,Pos6-Pos98
6,98,Pos6_P-Pos98_R,0.0,1.0066153679872601e-08,Pos6-Pos98
6,98,Pos6_P-Pos98_F,0.0,1.174384595985137e-08,Pos6-Pos98
6,101,Pos6_T-Pos101_S,0.0008109595389115765,0.0007273903310612741,Pos6-Pos101
6,101,Pos6_T-Pos101_V,0.0,1.0921776742661773e-05,Pos6-Pos101
6,101,Pos6_T-Pos101_D,0.0,1.5290487439726485e-05,Pos6-Pos101
6,101,Pos6_T-Pos101_R,0.0,1.0921776742661774e-06,Pos6-Pos101
6,101,Pos6_T-Pos101_*,0.0,1.0921776742661774e-06,Pos6-Pos101
6,101,Pos6_A-Pos101_S,0.0,5.028043763096364e-06,Pos6-Pos101
6,101,Pos6_A-Pos101_V,0.0,7.549615259904452e-08,Pos6-Pos101
6,101,Pos6_A-Pos101_D,0.0,1.0569461363866232e-07,Pos6-Pos101
6,101,Pos6_A-Pos101_R,0.0,7.549615259904451e-09,Pos6-Pos101
6,101,Pos6_A-Pos101_*,0.0,7.549615259904451e-09,Pos6-Pos101
6,101,Pos6_L-Pos101_S,0.0,2.234686116931717e-06,Pos6-Pos101
6,101,Pos6_L-Pos101_V,0.0,3.355384559957534e-08,Pos6-Pos101
6,101,Pos6_L-Pos101_D,0.0,4.697538383940548e-08,Pos6-Pos101
6,101,Pos6_L-Pos101_R,0.0,3.3553845599575335e-09,Pos6-Pos101
6,101,Pos6_L-Pos101_*,0.0,3.3553845599575335e-09,Pos6-Pos101
6,101,Pos6_*-Pos101_S,0.0,1.6760145876987882e-06,Pos6-Pos101
6,101,Pos6_*-Pos101_V,0.0,2.5165384199681506e-08,Pos6-Pos101
6,101,Pos6_*-Pos101_D,0.0,3.523153787955411e-08,Pos6-Pos101
6,101,Pos6_*-Pos101_R,0.0,2.5165384199681503e-09,Pos6-Pos101
6,101,Pos6_*-Pos101_*,0.0,2.5165384199681503e-09,Pos6-Pos101
6,101,Pos6_P-Pos101_S,0.0,1.1173430584658586e-06,Pos6-Pos101
6,101,Pos6_P-Pos101_V,0.0,1.677692279978767e-08,Pos6-Pos101
6,101,Pos6_P-Pos101_D,0.0,2.348769191970274e-08,Pos6-Pos101
6,101,Pos6_P-Pos101_R,0.0,1.6776922799787667e-09,Pos6-Pos101
6,101,Pos6_P-Pos101_*,0.0,1.6776922799787667e-09,Pos6-Pos101
6,138,Pos6_T-Pos138_D,0.0004923682914820286,0.00042704147063807535,Pos6-Pos138
6,138,Pos6_T-Pos138_Y,0.0,1.0921776742661774e-06,Pos6-Pos138
6,138,Pos6_T-Pos138_S,0.0,2.1843553485323547e-06,Pos6-Pos138
6,138,Pos6_T-Pos138_T,0.0,2.1843553485323547e-06,Pos6-Pos138
6,138,Pos6_A-Pos138_D,0.0,2.9518995666226403e-06,Pos6-Pos138
6,138,Pos6_A-Pos138_Y,0.0,7.549615259904451e-09,Pos6-Pos138
6,138,Pos6_A-Pos138_S,0.0,1.5099230519808902e-08,Pos6-Pos138
6,138,Pos6_A-Pos138_T,0.0,1.5099230519808902e-08,Pos6-Pos138
6,138,Pos6_L-Pos138_D,0.0,1.3119553629433958e-06,Pos6-Pos138
6,138,Pos6_L-Pos138_Y,0.0,3.3553845599575335e-09,Pos6-Pos138
6,138,Pos6_L-Pos138_S,0.0,6.710769119915067e-09,Pos6-Pos138
6,138,Pos6_L-Pos138_T,0.0,6.710769119915067e-09,Pos6-Pos138
6,138,Pos6_*-Pos138_D,0.0,9.83966522207547e-07,Pos6-Pos138
6,138,Pos6_*-Pos138_Y,0.0,2.5165384199681503e-09,Pos6-Pos138
6,138,Pos6_*-Pos138_S,0.0,5.033076839936301e-09,Pos6-Pos138
6,138,Pos6_*-Pos138_T,0.0,5.033076839936301e-09,Pos6-Pos138
6,138,Pos6_P-Pos138_D,0.0,6.559776814716979e-07,Pos6-Pos138
6,138,Pos6_P-Pos138_Y,0.0,1.6776922799787667e-09,Pos6-Pos138
6,138,Pos6_P-Pos138_S,0.0,3.3553845599575335e-09,Pos6-Pos138
6,138,Pos6_P-Pos138_T,0.0,3.3553845599575335e-09,Pos6-Pos138
6,154,Pos6_T-Pos154_G,0.0034755408810496135,0.003016594736323182,Pos6-Pos154
6,154,Pos6_T-Pos154_*,0.0,7.645243719863243e-06,Pos6-Pos154
6,154,Pos6_T-Pos154_D,0.0,5.460888371330887e-06,Pos6-Pos154
6,154,Pos6_T-Pos154_K,0.0,7.645243719863243e-06,Pos6-Pos154
6,154,Pos6_T-Pos154_A,0.0,1.9659198136791194e-05,Pos6-Pos154
6,154,Pos6_T-Pos154_V,0.0,1.0921776742661774e-06,Pos6-Pos154
6,154,Pos6_A-Pos154_G,0.0,2.0852037347856093e-05,Pos6-Pos154
6,154,Pos6_A-Pos154_*,0.0,5.284730681933116e-08,Pos6-Pos154
6,154,Pos6_A-Pos154_D,0.0,3.774807629952226e-08,Pos6-Pos154
6,154,Pos6_A-Pos154_K,0.0,5.284730681933116e-08,Pos6-Pos154
6,154,Pos6_A-Pos154_A,0.0,1.3589307467828012e-07,Pos6-Pos154
6,154,Pos6_A-Pos154_V,0.0,7.549615259904451e-09,Pos6-Pos154
6,154,Pos6_L-Pos154_G,0.0,9.26757215460271e-06,Pos6-Pos154
6,154,Pos6_L-Pos154_*,0.0,2.348769191970274e-08,Pos6-Pos154
6,154,Pos6_L-Pos154_D,0.0,1.677692279978767e-08,Pos6-Pos154
6,154,Pos6_L-Pos154_K,0.0,2.348769191970274e-08,Pos6-Pos154
6,154,Pos6_L-Pos154_A,0.0,6.039692207923561e-08,Pos6-Pos154
6,154,Pos6_L-Pos154_V,0.0,3.3553845599575335e-09,Pos6-Pos154
6,154,Pos6_*-Pos154_G,2.8962840675413443e-05,6.950679115952032e-06,Pos6-Pos154
6,154,Pos6_*-Pos154_*,0.0,1.7615768939777055e-08,Pos6-Pos154
6,154,Pos6_*-Pos154_D,0.0,1.2582692099840753e-08,Pos6-Pos154
6,154,Pos6_*-Pos154_K,0.0,1.7615768939777055e-08,Pos6-Pos154
6,154,Pos6_*-Pos154_A,0.0,4.529769155942671e-08,Pos6-Pos154
6,154,Pos6_*-Pos154_V,0.0,2.5165384199681503e-09,Pos6-Pos154
6,154,Pos6_P-Pos154_G,0.0,4.633786077301355e-06,Pos6-Pos154
6,154,Pos6_P-Pos154_*,0.0,1.174384595985137e-08,Pos6-Pos154
6,154,Pos6_P-Pos154_D,0.0,8.388461399893835e-09,Pos6-Pos154
6,154,Pos6_P-Pos154_K,0.0,1.174384595985137e-08,Pos6-Pos154
6,154,Pos6_P-Pos154_A,0.0,3.0198461039617804e-08,Pos6-Pos154
6,154,Pos6_P-Pos154_V,0.0,1.6776922799787667e-09,Pos6-Pos154
6,162,Pos6_T-Pos162_C,0.005879456657108929,0.006402345526548332,Pos6-Pos162
6,162,Pos6_T-Pos162_I,0.0007240710168853361,0.00078855228082018,Pos6-Pos162
6,162,Pos6_T-Pos162_N,0.0,7.645243719863243e-06,Pos6-Pos162
6,162,Pos6_T-Pos162_R,0.0,3.2765330227985323e-06,Pos6-Pos162
6,162,Pos6_T-Pos162_F,0.0,2.1843553485323547e-06,Pos6-Pos162
6,162,Pos6_T-Pos162_G,0.0,3.2765330227985323e-06,Pos6-Pos162
6,162,Pos6_T-Pos162_*,0.0,1.0921776742661774e-06,Pos6-Pos162
6,162,Pos6_T-Pos162_Q,0.0,1.0921776742661774e-06,Pos6-Pos162
6,162,Pos6_T-Pos162_T,0.0,2.1843553485323547e-06,Pos6-Pos162
6,162,Pos6_T-Pos162_Y,0.0,2.1843553485323547e-06,Pos6-Pos162
6,162,Pos6_A-Pos162_C,2.8962840675413443e-05,4.425584465355989e-05,Pos6-Pos162
6,162,Pos6_A-Pos162_I,0.0,5.450822217651013e-06,Pos6-Pos162
6,162,Pos6_A-Pos162_N,0.0,5.284730681933116e-08,Pos6-Pos162
6,162,Pos6_A-Pos162_R,0.0,2.2648845779713356e-08,Pos6-Pos162
6,162,Pos6_A-Pos162_F,0.0,1.5099230519808902e-08,Pos6-Pos162
6,162,Pos6_A-Pos162_G,0.0,2.2648845779713356e-08,Pos6-Pos162
6,162,Pos6_A-Pos162_*,0.0,7.549615259904451e-09,Pos6-Pos162
6,162,Pos6_A-Pos162_Q,0.0,7.549615259904451e-09,Pos6-Pos162
6,162,Pos6_A-Pos162_T,0.0,1.5099230519808902e-08,Pos6-Pos162
6,162,Pos6_A-Pos162_Y,0.0,1.5099230519808902e-08,Pos6-Pos162
6,162,Pos6_L-Pos162_C,0.0,1.9669264290471064e-05,Pos6-Pos162
6,162,Pos6_L-Pos162_I,0.0,2.4225876522893393e-06,Pos6-Pos162
6,162,Pos6_L-Pos162_N,0.0,2.348769191970274e-08,Pos6-Pos162
6,162,Pos6_L-Pos162_R,0.0,1.0066153679872601e-08,Pos6-Pos162
6,162,Pos6_L-Pos162_F,0.0,6.710769119915067e-09,Pos6-Pos162
6,162,Pos6_L-Pos162_G,0.0,1.0066153679872601e-08,Pos6-Pos162
6,162,Pos6_L-Pos162_*,0.0,3.3553845599575335e-09,Pos6-Pos162
6,162,Pos6_L-Pos162_Q,0.0,3.3553845599575335e-09,Pos6-Pos162
6,162,Pos6_L-Pos162_T,0.0,6.710769119915067e-09,Pos6-Pos162
6,162,Pos6_L-Pos162_Y,0.0,6.710769119915067e-09,Pos6-Pos162
6,162,Pos6_*-Pos162_C,0.0,1.47519482178533e-05,Pos6-Pos162
6,162,Pos6_*-Pos162_I,0.0,1.8169407392170048e-06,Pos6-Pos162
6,162,Pos6_*-Pos162_N,0.0,1.7615768939777055e-08,Pos6-Pos162
6,162,Pos6_*-Pos162_R,0.0,7.549615259904453e-09,Pos6-Pos162
6,162,Pos6_*-Pos162_F,0.0,5.033076839936301e-09,Pos6-Pos162
6,162,Pos6_*-Pos162_G,0.0,7.549615259904453e-09,Pos6-Pos162
6,162,Pos6_*-Pos162_*,0.0,2.5165384199681503e-09,Pos6-Pos162
6,162,Pos6_*-Pos162_Q,0.0,2.5165384199681503e-09,Pos6-Pos162
6,162,Pos6_*-Pos162_T,0.0,5.033076839936301e-09,Pos6-Pos162
6,162,Pos6_*-Pos162_Y,0.0,5.033076839936301e-09,Pos6-Pos162
6,162,Pos6_P-Pos162_C,0.0,9.834632145235532e-06,Pos6-Pos162
6,162,Pos6_P-Pos162_I,0.0,1.2112938261446696e-06,Pos6-Pos162
6,162,Pos6_P-Pos162_N,0.0,1.174384595985137e-08,Pos6-Pos162
6,162,Pos6_P-Pos162_R,0.0,5.033076839936301e-09,Pos6-Pos162
6,162,Pos6_P-Pos162_F,0.0,3.3553845599575335e-09,Pos6-Pos162
6,162,Pos6_P-Pos162_G,0.0,5.033076839936301e-09,Pos6-Pos162
6,162,Pos6_P-Pos162_*,0.0,1.6776922799787667e-09,Pos6-Pos162
6,162,Pos6_P-Pos162_Q,0.0,1.6776922799787667e-09,Pos6-Pos162
6,162,Pos6_P-Pos162_T,0.0,3.3553845599575335e-09,Pos6-Pos162
6,162,Pos6_P-Pos162_Y,0.0,3.3553845599575335e-09,Pos6-Pos162
6,199,Pos6_T-Pos199_S,0.0020563616879543545,0.0019364310164739326,Pos6-Pos199
6,199,Pos6_T-Pos199_G,0.0,2.1843553485323547e-06,Pos6-Pos199
6,199,Pos6_T-Pos199_T,0.0,1.7474842788258838e-05,Pos6-Pos199
6,199,Pos6_T-Pos199_V,0.0,6.553066045597065e-06,Pos6-Pos199
6,199,Pos6_T-Pos199_N,0.00011585136270165377,7.75446148728986e-05,Pos6-Pos199
6,199,Pos6_T-Pos199_D,5.7925681350826886e-05,2.8396619530920614e-05,Pos6-Pos199
6,199,Pos6_T-Pos199_F,0.0,5.460888371330887e-06,Pos6-Pos199
6,199,Pos6_A-Pos199_S,0.0,1.3385467855810593e-05,Pos6-Pos199
6,199,Pos6_A-Pos199_G,0.0,1.5099230519808902e-08,Pos6-Pos199
6,199,Pos6_A-Pos199_T,0.0,1.2079384415847121e-07,Pos6-Pos199
6,199,Pos6_A-Pos199_V,0.0,4.529769155942671e-08,Pos6-Pos199
6,199,Pos6_A-Pos199_N,0.0,5.36022683453216e-07,Pos6-Pos199
6,199,Pos6_A-Pos199_D,0.0,1.9628999675751573e-07,Pos6-Pos199
6,199,Pos6_A-Pos199_F,0.0,3.774807629952226e-08,Pos6-Pos199
6,199,Pos6_L-Pos199_S,0.0,5.949096824804707e-06,Pos6-Pos199
6,199,Pos6_L-Pos199_G,0.0,6.710769119915067e-09,Pos6-Pos199
6,199,Pos6_L-Pos199_T,0.0,5.3686152959320536e-08,Pos6-Pos199
6,199,Pos6_L-Pos199_V,0.0,2.0132307359745202e-08,Pos6-Pos199
6,199,Pos6_L-Pos199_N,0.0,2.382323037569849e-07,Pos6-Pos199
6,199,Pos6_L-Pos199_D,0.0,8.723999855889588e-08,Pos6-Pos199
6,199,Pos6_L-Pos199_F,0.0,1.677692279978767e-08,Pos6-Pos199
6,199,Pos6_*-Pos199_S,0.0,4.461822618603531e-06,Pos6-Pos199
6,199,Pos6_*-Pos199_G,0.0,5.033076839936301e-09,Pos6-Pos199
6,199,Pos6_*-Pos199_T,0.0,4.0264614719490405e-08,Pos6-Pos199
6,199,Pos6_*-Pos199_V,0.0,1.5099230519808905e-08,Pos6-Pos199
6,199,Pos6_*-Pos199_N,0.0,1.786742278177387e-07,Pos6-Pos199
6,199,Pos6_*-Pos199_D,0.0,6.542999891917191e-08,Pos6-Pos199
6,199,Pos6_*-Pos199_F,0.0,1.2582692099840753e-08,Pos6-Pos199
6,199,Pos6_P-Pos199_S,0.0,2.9745484124023537e-06,Pos6-Pos199
6,199,Pos6_P-Pos199_G,0.0,3.3553845599575335e-09,Pos6-Pos199
6,199,Pos6_P-Pos199_T,0.0,2.6843076479660268e-08,Pos6-Pos199
6,199,Pos6_P-Pos199_V,0.0,1.0066153679872601e-08,Pos6-Pos199
6,199,Pos6_P-Pos199_N,0.0,1.1911615187849245e-07,Pos6-Pos199
6,199,Pos6_P-Pos199_D,0.0,4.361999927944794e-08,Pos6-Pos199
6,199,Pos6_P-Pos199_F,0.0,8.388461399893835e-09,Pos6-Pos199
6,220,Pos6_T-Pos220_V,0.023488863787760304,0.024244160013360605,Pos6-Pos220
6,220,Pos6_T-Pos220_I,0.00020273988472789412,0.00014744398602593395,Pos6-Pos220
6,220,Pos6_T-Pos220_D,0.0,1.0921776742661774e-06,Pos6-Pos220
6,220,Pos6_T-Pos220_F,0.0,1.0921776742661774e-06,Pos6-Pos220
6,220,Pos6_T-Pos220_S,0.0,1.0921776742661774e-06,Pos6-Pos220
6,220,Pos6_T-Pos220_T,0.0,1.0921776742661774e-06,Pos6-Pos220
6,220,Pos6_T-Pos220_C,0.0,1.0921776742661774e-06,Pos6-Pos220
6,220,Pos6_A-Pos220_V,0.00023170272540330754,0.000167586359539359,Pos6-Pos220
6,220,Pos6_A-Pos220_I,0.0,1.0191980600871011e-06,Pos6-Pos220
6,220,Pos6_A-Pos220_D,0.0,7.549615259904451e-09,Pos6-Pos220
6,220,Pos6_A-Pos220_F,0.0,7.549615259904451e-09,Pos6-Pos220
6,220,Pos6_A-Pos220_S,0.0,7.549615259904451e-09,Pos6-Pos220
6,220,Pos6_A-Pos220_T,0.0,7.549615259904451e-09,Pos6-Pos220
6,220,Pos6_A-Pos220_C,0.0,7.549615259904451e-09,Pos6-Pos220
6,220,Pos6_L-Pos220_V,0.00011585136270165377,7.448282646193733e-05,Pos6-Pos220
6,220,Pos6_L-Pos220_I,0.0,4.529769155942671e-07,Pos6-Pos220
6,220,Pos6_L-Pos220_D,0.0,3.3553845599575335e-09,Pos6-Pos220
6,220,Pos6_L-Pos220_F,0.0,3.3553845599575335e-09,Pos6-Pos220
6,220,Pos6_L-Pos220_S,0.0,3.3553845599575335e-09,Pos6-Pos220
6,220,Pos6_L-Pos220_T,0.0,3.3553845599575335e-09,Pos6-Pos220
6,220,Pos6_L-Pos220_C,0.0,3.3553845599575335e-09,Pos6-Pos220
6,220,Pos6_*-Pos220_V,2.8962840675413443e-05,5.586211984645301e-05,Pos6-Pos220
6,220,Pos6_*-Pos220_I,0.0,3.3973268669570033e-07,Pos6-Pos220
6,220,Pos6_*-Pos220_D,0.0,2.5165384199681503e-09,Pos6-Pos220
6,220,Pos6_*-Pos220_F,0.0,2.5165384199681503e-09,Pos6-Pos220
6,220,Pos6_*-Pos220_S,0.0,2.5165384199681503e-09,Pos6-Pos220
6,220,Pos6_*-Pos220_T,0.0,2.5165384199681503e-09,Pos6-Pos220
6,220,Pos6_*-Pos220_C,0.0,2.5165384199681503e-09,Pos6-Pos220
6,220,Pos6_P-Pos220_V,0.0,3.724141323096867e-05,Pos6-Pos220
6,220,Pos6_P-Pos220_I,0.0,2.2648845779713355e-07,Pos6-Pos220
6,220,Pos6_P-Pos220_D,0.0,1.6776922799787667e-09,Pos6-Pos220
6,220,Pos6_P-Pos220_F,0.0,1.6776922799787667e-09,Pos6-Pos220
6,220,Pos6_P-Pos220_S,0.0,1.6776922799787667e-09,Pos6-Pos220
6,220,Pos6_P-Pos220_T,0.0,1.6776922799787667e-09,Pos6-Pos220
6,220,Pos6_P-Pos220_C,0.0,1.6776922799787667e-09,Pos6-Pos220
6,225,Pos6_T-Pos225_I,0.01807281258145799,0.017140636419933387,Pos6-Pos225
6,225,Pos6_T-Pos225_T,0.019231326208474526,0.019959546997214393,Pos6-Pos225
6,225,Pos6_T-Pos225_L,0.00017377704405248067,0.0002686757078694796,Pos6-Pos225
6,225,Pos6_T-Pos225_Q,0.00011585136270165377,0.000184578026950984,Pos6-Pos225
6,225,Pos6_T-Pos225_M,2.8962840675413443e-05,5.242452836477652e-05,Pos6-Pos225
6,225,Pos6_T-Pos225_N,5.7925681350826886e-05,4.259492929638092e-05,Pos6-Pos225
6,225,Pos6_T-Pos225_E,0.0,3.6041863250783854e-05,Pos6-Pos225
6,225,Pos6_T-Pos225_R,0.0,1.0921776742661774e-06,Pos6-Pos225
6,225,Pos6_T-Pos225_P,0.0,1.0921776742661774e-06,Pos6-Pos225
6,225,Pos6_A-Pos225_I,0.00023170272540330754,0.00011848366188894045,Pos6-Pos225
6,225,Pos6_A-Pos225_T,2.8962840675413443e-05,0.00013796921887475384,Pos6-Pos225
6,225,Pos6_A-Pos225_L,0.0,1.8572053539364951e-06,Pos6-Pos225
6,225,Pos6_A-Pos225_Q,0.0,1.2758849789238523e-06,Pos6-Pos225
6,225,Pos6_A-Pos225_M,0.0,3.623815324754137e-07,Pos6-Pos225
6,225,Pos6_A-Pos225_N,0.0,2.944349951362736e-07,Pos6-Pos225
6,225,Pos6_A-Pos225_E,0.0,2.491373035768469e-07,Pos6-Pos225
6,225,Pos6_A-Pos225_R,0.0,7.549615259904451e-09,Pos6-Pos225
6,225,Pos6_A-Pos225_P,0.0,7.549615259904451e-09,Pos6-Pos225
6,225,Pos6_L-Pos225_I,8.688852202624034e-05,5.2659405283973535e-05,Pos6-Pos225
6,225,Pos6_L-Pos225_T,2.8962840675413443e-05,6.131965283322394e-05,Pos6-Pos225
6,225,Pos6_L-Pos225_L,0.0,8.254246017495534e-07,Pos6-Pos225
6,225,Pos6_L-Pos225_Q,0.0,5.670599906328233e-07,Pos6-Pos225
6,225,Pos6_L-Pos225_M,0.0,1.6105845887796162e-07,Pos6-Pos225
6,225,Pos6_L-Pos225_N,0.0,1.3085999783834383e-07,Pos6-Pos225
6,225,Pos6_L-Pos225_E,0.0,1.1072769047859861e-07,Pos6-Pos225
6,225,Pos6_L-Pos225_R,0.0,3.3553845599575335e-09,Pos6-Pos225
6,225,Pos6_L-Pos225_P,0.0,3.3553845599575335e-09,Pos6-Pos225
6,225,Pos6_*-Pos225_I,5.7925681350826886e-05,3.9494553962980154e-05,Pos6-Pos225
6,225,Pos6_*-Pos225_T,2.8962840675413443e-05,4.5989739624917955e-05,Pos6-Pos225
6,225,Pos6_*-Pos225_L,0.0,6.19068451312165e-07,Pos6-Pos225
6,225,Pos6_*-Pos225_Q,0.0,4.2529499297461747e-07,Pos6-Pos225
6,225,Pos6_*-Pos225_M,0.0,1.2079384415847124e-07,Pos6-Pos225
6,225,Pos6_*-Pos225_N,0.0,9.814499837875788e-08,Pos6-Pos225
6,225,Pos6_*-Pos225_E,0.0,8.304576785894897e-08,Pos6-Pos225
6,225,Pos6_*-Pos225_R,0.0,2.5165384199681503e-09,Pos6-Pos225
6,225,Pos6_*-Pos225_P,0.0,2.5165384199681503e-09,Pos6-Pos225
6,225,Pos6_P-Pos225_I,5.7925681350826886e-05,2.6329702641986767e-05,Pos6-Pos225
6,225,Pos6_P-Pos225_T,0.0,3.065982641661197e-05,Pos6-Pos225
6,225,Pos6_P-Pos225_L,0.0,4.127123008747767e-07,Pos6-Pos225
6,225,Pos6_P-Pos225_Q,0.0,2.835299953164116e-07,Pos6-Pos225
6,225,Pos6_P-Pos225_M,0.0,8.052922943898081e-08,Pos6-Pos225
6,225,Pos6_P-Pos225_N,0.0,6.542999891917191e-08,Pos6-Pos225
6,225,Pos6_P-Pos225_E,0.0,5.536384523929931e-08,Pos6-Pos225
6,225,Pos6_P-Pos225_R,0.0,1.6776922799787667e-09,Pos6-Pos225
6,225,Pos6_P-Pos225_P,0.0,1.6776922799787667e-09,Pos6-Pos225
6,227,Pos6_T-Pos227_V,0.005445014046977728,0.005242452836477651,Pos6-Pos227
6,227,Pos6_T-Pos227_T,0.0,2.8396619530920614e-05,Pos6-Pos227
6,227,Pos6_T-Pos227_F,0.0,8.737421394129419e-06,Pos6-Pos227
6,227,Pos6_T-Pos227_S,0.0,1.0921776742661774e-06,Pos6-Pos227
6,227,Pos6_T-Pos227_L,0.0,2.1843553485323547e-06,Pos6-Pos227
6,227,Pos6_A-Pos227_V,0.0,3.623815324754136e-05,Pos6-Pos227
6,227,Pos6_A-Pos227_T,0.0,1.9628999675751573e-07,Pos6-Pos227
6,227,Pos6_A-Pos227_F,0.0,6.039692207923561e-08,Pos6-Pos227
6,227,Pos6_A-Pos227_S,0.0,7.549615259904451e-09,Pos6-Pos227
6,227,Pos6_A-Pos227_L,0.0,1.5099230519808902e-08,Pos6-Pos227
6,227,Pos6_L-Pos227_V,8.688852202624034e-05,1.610584588779616e-05,Pos6-Pos227
6,227,Pos6_L-Pos227_T,0.0,8.723999855889588e-08,Pos6-Pos227
6,227,Pos6_L-Pos227_F,0.0,2.6843076479660268e-08,Pos6-Pos227
6,227,Pos6_L-Pos227_S,0.0,3.3553845599575335e-09,Pos6-Pos227
6,227,Pos6_L-Pos227_L,0.0,6.710769119915067e-09,Pos6-Pos227
6,227,Pos6_*-Pos227_V,0.0,1.2079384415847122e-05,Pos6-Pos227
6,227,Pos6_*-Pos227_T,0.0,6.542999891917191e-08,Pos6-Pos227
6,227,Pos6_*-Pos227_F,0.0,2.0132307359745202e-08,Pos6-Pos227
6,227,Pos6_*-Pos227_S,0.0,2.5165384199681503e-09,Pos6-Pos227
6,227,Pos6_*-Pos227_L,0.0,5.033076839936301e-09,Pos6-Pos227
6,227,Pos6_P-Pos227_V,0.0,8.05292294389808e-06,Pos6-Pos227
6,227,Pos6_P-Pos227_T,0.0,4.361999927944794e-08,Pos6-Pos227
6,227,Pos6_P-Pos227_F,0.0,1.3421538239830134e-08,Pos6-Pos227
6,227,Pos6_P-Pos227_S,0.0,1.6776922799787667e-09,Pos6-Pos227
6,227,Pos6_P-Pos227_L,0.0,3.3553845599575335e-09,Pos6-Pos227
6,231,Pos6_T-Pos231_R,0.0032728009963217193,0.0030198712693459803,Pos6-Pos231
6,231,Pos6_T-Pos231_S,0.009557737422886436,0.009918065460011156,Pos6-Pos231
6,231,Pos6_T-Pos231_H,2.8962840675413443e-05,1.0921776742661774e-06,Pos6-Pos231
6,231,Pos6_T-Pos231_N,0.0,8.737421394129419e-06,Pos6-Pos231
6,231,Pos6_T-Pos231_G,0.0,8.737421394129419e-06,Pos6-Pos231
6,231,Pos6_T-Pos231_Y,0.0,8.737421394129419e-06,Pos6-Pos231
6,231,Pos6_T-Pos231_I,0.0,2.1843553485323547e-06,Pos6-Pos231
6,231,Pos6_T-Pos231_F,0.0,4.3687106970647094e-06,Pos6-Pos231
6,231,Pos6_T-Pos231_*,0.0,3.2765330227985323e-06,Pos6-Pos231
6,231,Pos6_T-Pos231_L,0.0,1.0921776742661774e-06,Pos6-Pos231
6,231,Pos6_A-Pos231_R,0.00017377704405248067,2.0874686193635808e-05,Pos6-Pos231
6,231,Pos6_A-Pos231_S,0.0,6.855805617519232e-05,Pos6-Pos231
6,231,Pos6_A-Pos231_H,0.0,7.549615259904451e-09,Pos6-Pos231
6,231,Pos6_A-Pos231_N,0.0,6.039692207923561e-08,Pos6-Pos231
6,231,Pos6_A-Pos231_G,0.0,6.039692207923561e-08,Pos6-Pos231
6,231,Pos6_A-Pos231_Y,0.0,6.039692207923561e-08,Pos6-Pos231
6,231,Pos6_A-Pos231_I,0.0,1.5099230519808902e-08,Pos6-Pos231
6,231,Pos6_A-Pos231_F,0.0,3.0198461039617804e-08,Pos6-Pos231
6,231,Pos6_A-Pos231_*,0.0,2.2648845779713356e-08,Pos6-Pos231
6,231,Pos6_A-Pos231_L,0.0,7.549615259904451e-09,Pos6-Pos231
6,231,Pos6_L-Pos231_R,0.0,9.27763830828258e-06,Pos6-Pos231
6,231,Pos6_L-Pos231_S,2.8962840675413443e-05,3.0470247188974362e-05,Pos6-Pos231
6,231,Pos6_L-Pos231_H,0.0,3.3553845599575335e-09,Pos6-Pos231
6,231,Pos6_L-Pos231_N,0.0,2.6843076479660268e-08,Pos6-Pos231
6,231,Pos6_L-Pos231_G,0.0,2.6843076479660268e-08,Pos6-Pos231
6,231,Pos6_L-Pos231_Y,0.0,2.6843076479660268e-08,Pos6-Pos231
6,231,Pos6_L-Pos231_I,0.0,6.710769119915067e-09,Pos6-Pos231
6,231,Pos6_L-Pos231_F,0.0,1.3421538239830134e-08,Pos6-Pos231
6,231,Pos6_L-Pos231_*,0.0,1.0066153679872601e-08,Pos6-Pos231
6,231,Pos6_L-Pos231_L,0.0,3.3553845599575335e-09,Pos6-Pos231
6,231,Pos6_*-Pos231_R,0.0,6.958228731211936e-06,Pos6-Pos231
6,231,Pos6_*-Pos231_S,2.8962840675413443e-05,2.2852685391730774e-05,Pos6-Pos231
6,231,Pos6_*-Pos231_H,0.0,2.5165384199681503e-09,Pos6-Pos231
6,231,Pos6_*-Pos231_N,0.0,2.0132307359745202e-08,Pos6-Pos231
6,231,Pos6_*-Pos231_G,0.0,2.0132307359745202e-08,Pos6-Pos231
6,231,Pos6_*-Pos231_Y,0.0,2.0132307359745202e-08,Pos6-Pos231
6,231,Pos6_*-Pos231_I,0.0,5.033076839936301e-09,Pos6-Pos231
6,231,Pos6_*-Pos231_F,0.0,1.0066153679872601e-08,Pos6-Pos231
6,231,Pos6_*-Pos231_*,0.0,7.549615259904453e-09,Pos6-Pos231
6,231,Pos6_*-Pos231_L,0.0,2.5165384199681503e-09,Pos6-Pos231
6,231,Pos6_P-Pos231_R,2.8962840675413443e-05,4.63881915414129e-06,Pos6-Pos231
6,231,Pos6_P-Pos231_S,0.0,1.5235123594487181e-05,Pos6-Pos231
6,231,Pos6_P-Pos231_H,0.0,1.6776922799787667e-09,Pos6-Pos231
6,231,Pos6_P-Pos231_N,0.0,1.3421538239830134e-08,Pos6-Pos231
6,231,Pos6_P-Pos231_G,0.0,1.3421538239830134e-08,Pos6-Pos231
6,231,Pos6_P-Pos231_Y,0.0,1.3421538239830134e-08,Pos6-Pos231
6,231,Pos6_P-Pos231_I,0.0,3.3553845599575335e-09,Pos6-Pos231
6,231,Pos6_P-Pos231_F,0.0,6.710769119915067e-09,Pos6-Pos231
6,231,Pos6_P-Pos231_*,0.0,5.033076839936301e-09,Pos6-Pos231
6,231,Pos6_P-Pos231_L,0.0,1.6776922799787667e-09,Pos6-Pos231
6,292,Pos6_T-Pos292_N,0.0020563616879543545,0.0019779337680960476,Pos6-Pos292
6,292,Pos6_T-Pos292_R,0.0,7.645243719863243e-06,Pos6-Pos292
6,292,Pos6_T-Pos292_I,5.7925681350826886e-05,2.0751375811057372e-05,Pos6-Pos292
6,292,Pos6_T-Pos292_G,0.0,4.3687106970647094e-06,Pos6-Pos292
6,292,Pos6_T-Pos292_T,0.0,4.3687106970647094e-06,Pos6-Pos292
6,292,Pos6_T-Pos292_C,0.0,1.0921776742661774e-06,Pos6-Pos292
6,292,Pos6_A-Pos292_N,0.00017377704405248067,1.3672353235686963e-05,Pos6-Pos292
6,292,Pos6_A-Pos292_R,0.0,5.284730681933116e-08,Pos6-Pos292
6,292,Pos6_A-Pos292_I,0.0,1.4344268993818458e-07,Pos6-Pos292
6,292,Pos6_A-Pos292_G,0.0,3.0198461039617804e-08,Pos6-Pos292
6,292,Pos6_A-Pos292_T,0.0,3.0198461039617804e-08,Pos6-Pos292
6,292,Pos6_A-Pos292_C,0.0,7.549615259904451e-09,Pos6-Pos292
6,292,Pos6_L-Pos292_N,0.0,6.076601438083094e-06,Pos6-Pos292
6,292,Pos6_L-Pos292_R,0.0,2.348769191970274e-08,Pos6-Pos292
6,292,Pos6_L-Pos292_I,0.0,6.375230663919315e-08,Pos6-Pos292
6,292,Pos6_L-Pos292_G,0.0,1.3421538239830134e-08,Pos6-Pos292
6,292,Pos6_L-Pos292_T,0.0,1.3421538239830134e-08,Pos6-Pos292
6,292,Pos6_L-Pos292_C,0.0,3.3553845599575335e-09,Pos6-Pos292
6,292,Pos6_*-Pos292_N,0.0,4.557451078562321e-06,Pos6-Pos292
6,292,Pos6_*-Pos292_R,0.0,1.7615768939777055e-08,Pos6-Pos292
6,292,Pos6_*-Pos292_I,0.0,4.7814229979394866e-08,Pos6-Pos292
6,292,Pos6_*-Pos292_G,0.0,1.0066153679872601e-08,Pos6-Pos292
6,292,Pos6_*-Pos292_T,0.0,1.0066153679872601e-08,Pos6-Pos292
6,292,Pos6_*-Pos292_C,0.0,2.5165384199681503e-09,Pos6-Pos292
6,292,Pos6_P-Pos292_N,0.0,3.038300719041547e-06,Pos6-Pos292
6,292,Pos6_P-Pos292_R,0.0,1.174384595985137e-08,Pos6-Pos292
6,292,Pos6_P-Pos292_I,0.0,3.1876153319596575e-08,Pos6-Pos292
6,292,Pos6_P-Pos292_G,0.0,6.710769119915067e-09,Pos6-Pos292
6,292,Pos6_P-Pos292_T,0.0,6.710769119915067e-09,Pos6-Pos292
6,292,Pos6_P-Pos292_C,0.0,1.6776922799787667e-09,Pos6-Pos292
32,98,Pos32_A-Pos98_P,0.0007240710168853361,0.0006591720075727776,Pos32-Pos98
32,98,Pos32_A-Pos98_I,2.8962840675413443e-05,5.64711221440853e-06,Pos32-Pos98
32,98,Pos32_A-Pos98_R,0.0,3.0802430260410165e-06,Pos32-Pos98
32,98,Pos32_A-Pos98_F,0.0,3.5936168637145194e-06,Pos32-Pos98
32,98,Pos32_N-Pos98_P,5.7925681350826886e-05,8.616627549970948e-06,Pos32-Pos98
32,98,Pos32_N-Pos98_I,0.0,7.381846031906575e-08,Pos32-Pos98
32,98,Pos32_N-Pos98_R,0.0,4.0264614719490405e-08,Pos32-Pos98
32,98,Pos32_N-Pos98_F,0.0,4.697538383940548e-08,Pos32-Pos98
32,98,Pos32_R-Pos98_P,0.0,2.154156887492737e-06,Pos32-Pos98
32,98,Pos32_R-Pos98_I,0.0,1.8454615079766438e-08,Pos32-Pos98
32,98,Pos32_R-Pos98_R,0.0,1.0066153679872601e-08,Pos32-Pos98
32,98,Pos32_R-Pos98_F,0.0,1.174384595985137e-08,Pos32-Pos98
32,98,Pos32_I-Pos98_P,0.0,4.308313774985474e-06,Pos32-Pos98
32,98,Pos32_I-Pos98_I,0.0,3.6909230159532876e-08,Pos32-Pos98
32,98,Pos32_I-Pos98_R,0.0,2.0132307359745202e-08,Pos32-Pos98
32,98,Pos32_I-Pos98_F,0.0,2.348769191970274e-08,Pos32-Pos98
32,98,Pos32_G-Pos98_P,0.0,1.0770784437463685e-06,Pos32-Pos98
32,98,Pos32_G-Pos98_I,0.0,9.227307539883219e-09,Pos32-Pos98
32,98,Pos32_G-Pos98_R,0.0,5.033076839936301e-09,Pos32-Pos98
32,98,Pos32_G-Pos98_F,0.0,5.871922979925685e-09,Pos32-Pos98
32,101,Pos32_A-Pos101_S,0.0004344426101312017,0.0003419069758905528,Pos32-Pos101
32,101,Pos32_A-Pos101_V,0.0,5.133738376735027e-06,Pos32-Pos101
32,101,Pos32_A-Pos101_D,0.0,7.187233727429039e-06,Pos32-Pos101
32,101,Pos32_A-Pos101_R,0.0,5.133738376735027e-07,Pos32-Pos101
32,101,Pos32_A-Pos101_*,0.0,5.133738376735027e-07,Pos32-Pos101
32,101,Pos32_N-Pos101_S,0.0,4.469372233863434e-06,Pos32-Pos101
32,101,Pos32_N-Pos101_V,0.0,6.710769119915068e-08,Pos32-Pos101
32,101,Pos32_N-Pos101_D,0.0,9.395076767881095e-08,Pos32-Pos101
32,101,Pos32_N-Pos101_R,0.0,6.710769119915067e-09,Pos32-Pos101
32,101,Pos32_N-Pos101_*,0.0,6.710769119915067e-09,Pos32-Pos101
32,101,Pos32_R-Pos101_S,0.0,1.1173430584658586e-06,Pos32-Pos101
32,101,Pos32_R-Pos101_V,0.0,1.677692279978767e-08,Pos32-Pos101
32,101,Pos32_R-Pos101_D,0.0,2.348769191970274e-08,Pos32-Pos101
32,101,Pos32_R-Pos101_R,0.0,1.6776922799787667e-09,Pos32-Pos101
32,101,Pos32_R-Pos101_*,0.0,1.6776922799787667e-09,Pos32-Pos101
32,101,Pos32_I-Pos101_S,0.0,2.234686116931717e-06,Pos32-Pos101
32,101,Pos32_I-Pos101_V,0.0,3.355384559957534e-08,Pos32-Pos101
32,101,Pos32_I-Pos101_D,0.0,4.697538383940548e-08,Pos32-Pos101
32,101,Pos32_I-Pos101_R,0.0,3.3553845599575335e-09,Pos32-Pos101
32,101,Pos32_I-Pos101_*,0.0,3.3553845599575335e-09,Pos32-Pos101
32,101,Pos32_G-Pos101_S,0.0,5.586715292329293e-07,Pos32-Pos101
32,101,Pos32_G-Pos101_V,0.0,8.388461399893835e-09,Pos32-Pos101
32,101,Pos32_G-Pos101_D,0.0,1.174384595985137e-08,Pos32-Pos101
32,101,Pos32_G-Pos101_R,0.0,8.388461399893834e-10,Pos32-Pos101
32,101,Pos32_G-Pos101_*,0.0,8.388461399893834e-10,Pos32-Pos101
32,138,Pos32_A-Pos138_D,8.688852202624034e-05,0.00020072917053033957,Pos32-Pos138
32,138,Pos32_A-Pos138_Y,0.0,5.133738376735027e-07,Pos32-Pos138
32,138,Pos32_A-Pos138_S,0.0,1.0267476753470054e-06,Pos32-Pos138
32,138,Pos32_A-Pos138_T,0.0,1.0267476753470054e-06,Pos32-Pos138
32,138,Pos32_N-Pos138_D,0.0,2.6239107258867916e-06,Pos32-Pos138
32,138,Pos32_N-Pos138_Y,0.0,6.710769119915067e-09,Pos32-Pos138
32,138,Pos32_N-Pos138_S,0.0,1.3421538239830134e-08,Pos32-Pos138
32,138,Pos32_N-Pos138_T,0.0,1.3421538239830134e-08,Pos32-Pos138
32,138,Pos32_R-Pos138_D,2.8962840675413443e-05,6.559776814716979e-07,Pos32-Pos138
32,138,Pos32_R-Pos138_Y,0.0,1.6776922799787667e-09,Pos32-Pos138
32,138,Pos32_R-Pos138_S,0.0,3.3553845599575335e-09,Pos32-Pos138
32,138,Pos32_R-Pos138_T,0.0,3.3553845599575335e-09,Pos32-Pos138
32,138,Pos32_I-Pos138_D,0.0,1.3119553629433958e-06,Pos32-Pos138
32,138,Pos32_I-Pos138_Y,0.0,3.3553845599575335e-09,Pos32-Pos138
32,138,Pos32_I-Pos138_S,0.0,6.710769119915067e-09,Pos32-Pos138
32,138,Pos32_I-Pos138_T,0.0,6.710769119915067e-09,Pos32-Pos138
32,138,Pos32_G-Pos138_D,0.0,3.2798884073584896e-07,Pos32-Pos138
32,138,Pos32_G-Pos138_Y,0.0,8.388461399893834e-10,Pos32-Pos138
32,138,Pos32_G-Pos138_S,0.0,1.6776922799787667e-09,Pos32-Pos138
32,138,Pos32_G-Pos138_T,0.0,1.6776922799787667e-09,Pos32-Pos138
32,154,Pos32_A-Pos154_G,0.0015060677151214992,0.0014179385396542146,Pos32-Pos154
32,154,Pos32_A-Pos154_*,0.0,3.5936168637145194e-06,Pos32-Pos154
32,154,Pos32_A-Pos154_D,0.0,2.5668691883675136e-06,Pos32-Pos154
32,154,Pos32_A-Pos154_K,0.0,3.5936168637145194e-06,Pos32-Pos154
32,154,Pos32_A-Pos154_A,0.0,9.240729078123049e-06,Pos32-Pos154
32,154,Pos32_A-Pos154_V,0.0,5.133738376735027e-07,Pos32-Pos154
32,154,Pos32_N-Pos154_G,2.8962840675413443e-05,1.853514430920542e-05,Pos32-Pos154
32,154,Pos32_N-Pos154_*,0.0,4.697538383940548e-08,Pos32-Pos154
32,154,Pos32_N-Pos154_D,0.0,3.355384559957534e-08,Pos32-Pos154
32,154,Pos32_N-Pos154_K,0.0,4.697538383940548e-08,Pos32-Pos154
32,154,Pos32_N-Pos154_A,0.0,1.2079384415847121e-07,Pos32-Pos154
32,154,Pos32_N-Pos154_V,0.0,6.710769119915067e-09,Pos32-Pos154
32,154,Pos32_R-Pos154_G,0.0,4.633786077301355e-06,Pos32-Pos154
32,154,Pos32_R-Pos154_*,0.0,1.174384595985137e-08,Pos32-Pos154
32,154,Pos32_R-Pos154_D,0.0,8.388461399893835e-09,Pos32-Pos154
32,154,Pos32_R-Pos154_K,0.0,1.174384595985137e-08,Pos32-Pos154
32,154,Pos32_R-Pos154_A,0.0,3.0198461039617804e-08,Pos32-Pos154
32,154,Pos32_R-Pos154_V,0.0,1.6776922799787667e-09,Pos32-Pos154
32,154,Pos32_I-Pos154_G,0.0,9.26757215460271e-06,Pos32-Pos154
32,154,Pos32_I-Pos154_*,0.0,2.348769191970274e-08,Pos32-Pos154
32,154,Pos32_I-Pos154_D,0.0,1.677692279978767e-08,Pos32-Pos154
32,154,Pos32_I-Pos154_K,0.0,2.348769191970274e-08,Pos32-Pos154
32,154,Pos32_I-Pos154_A,0.0,6.039692207923561e-08,Pos32-Pos154
32,154,Pos32_I-Pos154_V,0.0,3.3553845599575335e-09,Pos32-Pos154
32,154,Pos32_G-Pos154_G,0.0,2.3168930386506773e-06,Pos32-Pos154
32,154,Pos32_G-Pos154_*,0.0,5.871922979925685e-09,Pos32-Pos154
32,154,Pos32_G-Pos154_D,0.0,4.1942306999469175e-09,Pos32-Pos154
32,154,Pos32_G-Pos154_K,0.0,5.871922979925685e-09,Pos32-Pos154
32,154,Pos32_G-Pos154_A,0.0,1.5099230519808902e-08,Pos32-Pos154
32,154,Pos32_G-Pos154_V,0.0,8.388461399893834e-10,Pos32-Pos154
32,162,Pos32_A-Pos162_C,0.0030410982709184117,0.003009397436442073,Pos32-Pos162
32,162,Pos32_A-Pos162_I,0.0004634054508066151,0.000370655910800269,Pos32-Pos162
32,162,Pos32_A-Pos162_N,0.0,3.5936168637145194e-06,Pos32-Pos162
32,162,Pos32_A-Pos162_R,0.0,1.5401215130205082e-06,Pos32-Pos162
32,162,Pos32_A-Pos162_F,0.0,1.0267476753470054e-06,Pos32-Pos162
32,162,Pos32_A-Pos162_G,0.0,1.5401215130205082e-06,Pos32-Pos162
32,162,Pos32_A-Pos162_*,0.0,5.133738376735027e-07,Pos32-Pos162
32,162,Pos32_A-Pos162_Q,0.0,5.133738376735027e-07,Pos32-Pos162
32,162,Pos32_A-Pos162_T,0.0,1.0267476753470054e-06,Pos32-Pos162
32,162,Pos32_A-Pos162_Y,0.0,1.0267476753470054e-06,Pos32-Pos162
32,162,Pos32_N-Pos162_C,0.0,3.933852858094213e-05,Pos32-Pos162
32,162,Pos32_N-Pos162_I,0.0,4.8451753045786785e-06,Pos32-Pos162
32,162,Pos32_N-Pos162_N,0.0,4.697538383940548e-08,Pos32-Pos162
32,162,Pos32_N-Pos162_R,0.0,2.0132307359745202e-08,Pos32-Pos162
32,162,Pos32_N-Pos162_F,0.0,1.3421538239830134e-08,Pos32-Pos162
32,162,Pos32_N-Pos162_G,0.0,2.0132307359745202e-08,Pos32-Pos162
32,162,Pos32_N-Pos162_*,0.0,6.710769119915067e-09,Pos32-Pos162
32,162,Pos32_N-Pos162_Q,0.0,6.710769119915067e-09,Pos32-Pos162
32,162,Pos32_N-Pos162_T,0.0,1.3421538239830134e-08,Pos32-Pos162
32,162,Pos32_N-Pos162_Y,0.0,1.3421538239830134e-08,Pos32-Pos162
32,162,Pos32_R-Pos162_C,2.8962840675413443e-05,9.834632145235532e-06,Pos32-Pos162
32,162,Pos32_R-Pos162_I,0.0,1.2112938261446696e-06,Pos32-Pos162
32,162,Pos32_R-Pos162_N,0.0,1.174384595985137e-08,Pos32-Pos162
32,162,Pos32_R-Pos162_R,0.0,5.033076839936301e-09,Pos32-Pos162
32,162,Pos32_R-Pos162_F,0.0,3.3553845599575335e-09,Pos32-Pos162
32,162,Pos32_R-Pos162_G,0.0,5.033076839936301e-09,Pos32-Pos162
32,162,Pos32_R-Pos162_*,0.0,1.6776922799787667e-09,Pos32-Pos162
32,162,Pos32_R-Pos162_Q,0.0,1.6776922799787667e-09,Pos32-Pos162
32,162,Pos32_R-Pos162_T,0.0,3.3553845599575335e-09,Pos32-Pos162
32,162,Pos32_R-Pos162_Y,0.0,3.3553845599575335e-09,Pos32-Pos162
32,162,Pos32_I-Pos162_C,2.8962840675413443e-05,1.9669264290471064e-05,Pos32-Pos162
32,162,Pos32_I-Pos162_I,0.0,2.4225876522893393e-06,Pos32-Pos162
32,162,Pos32_I-Pos162_N,0.0,2.348769191970274e-08,Pos32-Pos162
32,162,Pos32_I-Pos162_R,0.0,1.0066153679872601e-08,Pos32-Pos162
32,162,Pos32_I-Pos162_F,0.0,6.710769119915067e-09,Pos32-Pos162
32,162,Pos32_I-Pos162_G,0.0,1.0066153679872601e-08,Pos32-Pos162
32,162,Pos32_I-Pos162_*,0.0,3.3553845599575335e-09,Pos32-Pos162
32,162,Pos32_I-Pos162_Q,0.0,3.3553845599575335e-09,Pos32-Pos162
32,162,Pos32_I-Pos162_T,0.0,6.710769119915067e-09,Pos32-Pos162
32,162,Pos32_I-Pos162_Y,0.0,6.710769119915067e-09,Pos32-Pos162
32,162,Pos32_G-Pos162_C,0.0,4.917316072617766e-06,Pos32-Pos162
32,162,Pos32_G-Pos162_I,0.0,6.056469130723348e-07,Pos32-Pos162
32,162,Pos32_G-Pos162_N,0.0,5.871922979925685e-09,Pos32-Pos162
32,162,Pos32_G-Pos162_R,0.0,2.5165384199681503e-09,Pos32-Pos162
32,162,Pos32_G-Pos162_F,0.0,1.6776922799787667e-09,Pos32-Pos162
32,162,Pos32_G-Pos162_G,0.0,2.5165384199681503e-09,Pos32-Pos162
32,162,Pos32_G-Pos162_*,0.0,8.388461399893834e-10,Pos32-Pos162
32,162,Pos32_G-Pos162_Q,0.0,8.388461399893834e-10,Pos32-Pos162
32,162,Pos32_G-Pos162_T,0.0,1.6776922799787667e-09,Pos32-Pos162
32,162,Pos32_G-Pos162_Y,0.0,1.6776922799787667e-09,Pos32-Pos162
32,199,Pos32_A-Pos199_S,0.0008978480609378168,0.0009102118141951204,Pos32-Pos199
32,199,Pos32_A-Pos199_G,0.0,1.0267476753470054e-06,Pos32-Pos199
32,199,Pos32_A-Pos199_T,0.0,8.213981402776043e-06,Pos32-Pos199
32,199,Pos32_A-Pos199_V,0.0,3.0802430260410165e-06,Pos32-Pos199
32,199,Pos32_A-Pos199_N,2.8962840675413443e-05,3.6449542474818697e-05,Pos32-Pos199
32,199,Pos32_A-Pos199_D,5.7925681350826886e-05,1.3347719779511072e-05,Pos32-Pos199
32,199,Pos32_A-Pos199_F,0.0,2.5668691883675136e-06,Pos32-Pos199
32,199,Pos32_N-Pos199_S,2.8962840675413443e-05,1.1898193649609415e-05,Pos32-Pos199
32,199,Pos32_N-Pos199_G,0.0,1.3421538239830134e-08,Pos32-Pos199
32,199,Pos32_N-Pos199_T,0.0,1.0737230591864107e-07,Pos32-Pos199
32,199,Pos32_N-Pos199_V,0.0,4.0264614719490405e-08,Pos32-Pos199
32,199,Pos32_N-Pos199_N,0.0,4.764646075139698e-07,Pos32-Pos199
32,199,Pos32_N-Pos199_D,0.0,1.7447999711779176e-07,Pos32-Pos199
32,199,Pos32_N-Pos199_F,0.0,3.355384559957534e-08,Pos32-Pos199
32,199,Pos32_R-Pos199_S,0.0,2.9745484124023537e-06,Pos32-Pos199
32,199,Pos32_R-Pos199_G,0.0,3.3553845599575335e-09,Pos32-Pos199
32,199,Pos32_R-Pos199_T,0.0,2.6843076479660268e-08,Pos32-Pos199
32,199,Pos32_R-Pos199_V,0.0,1.0066153679872601e-08,Pos32-Pos199
32,199,Pos32_R-Pos199_N,0.0,1.1911615187849245e-07,Pos32-Pos199
32,199,Pos32_R-Pos199_D,0.0,4.361999927944794e-08,Pos32-Pos199
32,199,Pos32_R-Pos199_F,0.0,8.388461399893835e-09,Pos32-Pos199
32,199,Pos32_I-Pos199_S,5.7925681350826886e-05,5.949096824804707e-06,Pos32-Pos199
32,199,Pos32_I-Pos199_G,0.0,6.710769119915067e-09,Pos32-Pos199
32,199,Pos32_I-Pos199_T,0.0,5.3686152959320536e-08,Pos32-Pos199
32,199,Pos32_I-Pos199_V,0.0,2.0132307359745202e-08,Pos32-Pos199
32,199,Pos32_I-Pos199_N,0.0,2.382323037569849e-07,Pos32-Pos199
32,199,Pos32_I-Pos199_D,0.0,8.723999855889588e-08,Pos32-Pos199
32,199,Pos32_I-Pos199_F,0.0,1.677692279978767e-08,Pos32-Pos199
32,199,Pos32_G-Pos199_S,0.0,1.4872742062011768e-06,Pos32-Pos199
32,199,Pos32_G-Pos199_G,0.0,1.6776922799787667e-09,Pos32-Pos199
32,199,Pos32_G-Pos199_T,0.0,1.3421538239830134e-08,Pos32-Pos199
32,199,Pos32_G-Pos199_V,0.0,5.033076839936301e-09,Pos32-Pos199
32,199,Pos32_G-Pos199_N,0.0,5.9558075939246225e-08,Pos32-Pos199
32,199,Pos32_G-Pos199_D,0.0,2.180999963972397e-08,Pos32-Pos199
32,199,Pos32_G-Pos199_F,0.0,4.1942306999469175e-09,Pos32-Pos199
32,220,Pos32_A-Pos220_V,0.011411359226112897,0.011395872448676413,Pos32-Pos220
32,220,Pos32_A-Pos220_I,0.00020273988472789412,6.930546808592287e-05,Pos32-Pos220
32,220,Pos32_A-Pos220_D,0.0,5.133738376735027e-07,Pos32-Pos220
32,220,Pos32_A-Pos220_F,0.0,5.133738376735027e-07,Pos32-Pos220
32,220,Pos32_A-Pos220_S,0.0,5.133738376735027e-07,Pos32-Pos220
32,220,Pos32_A-Pos220_T,0.0,5.133738376735027e-07,Pos32-Pos220
32,220,Pos32_A-Pos220_C,0.0,5.133738376735027e-07,Pos32-Pos220
32,220,Pos32_N-Pos220_V,2.8962840675413443e-05,0.00014896565292387467,Pos32-Pos220
32,220,Pos32_N-Pos220_I,0.0,9.059538311885342e-07,Pos32-Pos220
32,220,Pos32_N-Pos220_D,0.0,6.710769119915067e-09,Pos32-Pos220
32,220,Pos32_N-Pos220_F,0.0,6.710769119915067e-09,Pos32-Pos220
32,220,Pos32_N-Pos220_S,0.0,6.710769119915067e-09,Pos32-Pos220
32,220,Pos32_N-Pos220_T,0.0,6.710769119915067e-09,Pos32-Pos220
32,220,Pos32_N-Pos220_C,0.0,6.710769119915067e-09,Pos32-Pos220
32,220,Pos32_R-Pos220_V,2.8962840675413443e-05,3.724141323096867e-05,Pos32-Pos220
32,220,Pos32_R-Pos220_I,0.0,2.2648845779713355e-07,Pos32-Pos220
32,220,Pos32_R-Pos220_D,0.0,1.6776922799787667e-09,Pos32-Pos220
32,220,Pos32_R-Pos220_F,0.0,1.6776922799787667e-09,Pos32-Pos220
32,220,Pos32_R-Pos220_S,0.0,1.6776922799787667e-09,Pos32-Pos220
32,220,Pos32_R-Pos220_T,0.0,1.6776922799787667e-09,Pos32-Pos220
32,220,Pos32_R-Pos220_C,0.0,1.6776922799787667e-09,Pos32-Pos220
32,220,Pos32_I-Pos220_V,5.7925681350826886e-05,7.448282646193733e-05,Pos32-Pos220
32,220,Pos32_I-Pos220_I,0.0,4.529769155942671e-07,Pos32-Pos220
32,220,Pos32_I-Pos220_D,0.0,3.3553845599575335e-09,Pos32-Pos220
32,220,Pos32_I-Pos220_F,0.0,3.3553845599575335e-09,Pos32-Pos220
32,220,Pos32_I-Pos220_S,0.0,3.3553845599575335e-09,Pos32-Pos220
32,220,Pos32_I-Pos220_T,0.0,3.3553845599575335e-09,Pos32-Pos220
32,220,Pos32_I-Pos220_C,0.0,3.3553845599575335e-09,Pos32-Pos220
32,220,Pos32_G-Pos220_V,2.8962840675413443e-05,1.8620706615484334e-05,Pos32-Pos220
32,220,Pos32_G-Pos220_I,0.0,1.1324422889856677e-07,Pos32-Pos220
32,220,Pos32_G-Pos220_D,0.0,8.388461399893834e-10,Pos32-Pos220
32,220,Pos32_G-Pos220_F,0.0,8.388461399893834e-10,Pos32-Pos220
32,220,Pos32_G-Pos220_S,0.0,8.388461399893834e-10,Pos32-Pos220
32,220,Pos32_G-Pos220_T,0.0,8.388461399893834e-10,Pos32-Pos220
32,220,Pos32_G-Pos220_C,0.0,8.388461399893834e-10,Pos32-Pos220
32,225,Pos32_A-Pos225_I,0.007993744026414111,0.008056889008447952,Pos32-Pos225
32,225,Pos32_A-Pos225_T,0.009441886060184783,0.009381906883483263,Pos32-Pos225
32,225,Pos32_A-Pos225_L,0.00017377704405248067,0.00012628996406768167,Pos32-Pos225
32,225,Pos32_A-Pos225_Q,2.8962840675413443e-05,8.676017856682198e-05,Pos32-Pos225
32,225,Pos32_A-Pos225_M,0.0,2.4641944208328132e-05,Pos32-Pos225
32,225,Pos32_A-Pos225_N,5.7925681350826886e-05,2.0021579669266608e-05,Pos32-Pos225
32,225,Pos32_A-Pos225_E,0.0,1.694133664322559e-05,Pos32-Pos225
32,225,Pos32_A-Pos225_R,0.0,5.133738376735027e-07,Pos32-Pos225
32,225,Pos32_A-Pos225_P,0.0,5.133738376735027e-07,Pos32-Pos225
32,225,Pos32_N-Pos225_I,0.00020273988472789412,0.00010531881056794707,Pos32-Pos225
32,225,Pos32_N-Pos225_T,2.8962840675413443e-05,0.00012263930566644787,Pos32-Pos225
32,225,Pos32_N-Pos225_L,0.0,1.6508492034991068e-06,Pos32-Pos225
32,225,Pos32_N-Pos225_Q,0.0,1.1341199812656465e-06,Pos32-Pos225
32,225,Pos32_N-Pos225_M,0.0,3.2211691775592324e-07,Pos32-Pos225
32,225,Pos32_N-Pos225_N,0.0,2.6171999567668766e-07,Pos32-Pos225
32,225,Pos32_N-Pos225_E,0.0,2.2145538095719723e-07,Pos32-Pos225
32,225,Pos32_N-Pos225_R,0.0,6.710769119915067e-09,Pos32-Pos225
32,225,Pos32_N-Pos225_P,0.0,6.710769119915067e-09,Pos32-Pos225
32,225,Pos32_R-Pos225_I,2.8962840675413443e-05,2.6329702641986767e-05,Pos32-Pos225
32,225,Pos32_R-Pos225_T,2.8962840675413443e-05,3.065982641661197e-05,Pos32-Pos225
32,225,Pos32_R-Pos225_L,0.0,4.127123008747767e-07,Pos32-Pos225
32,225,Pos32_R-Pos225_Q,0.0,2.835299953164116e-07,Pos32-Pos225
32,225,Pos32_R-Pos225_M,0.0,8.052922943898081e-08,Pos32-Pos225
32,225,Pos32_R-Pos225_N,0.0,6.542999891917191e-08,Pos32-Pos225
32,225,Pos32_R-Pos225_E,0.0,5.536384523929931e-08,Pos32-Pos225
32,225,Pos32_R-Pos225_R,0.0,1.6776922799787667e-09,Pos32-Pos225
32,225,Pos32_R-Pos225_P,0.0,1.6776922799787667e-09,Pos32-Pos225
32,225,Pos32_I-Pos225_I,5.7925681350826886e-05,5.2659405283973535e-05,Pos32-Pos225
32,225,Pos32_I-Pos225_T,5.7925681350826886e-05,6.131965283322394e-05,Pos32-Pos225
32,225,Pos32_I-Pos225_L,0.0,8.254246017495534e-07,Pos32-Pos225
32,225,Pos32_I-Pos225_Q,0.0,5.670599906328233e-07,Pos32-Pos225
32,225,Pos32_I-Pos225_M,0.0,1.6105845887796162e-07,Pos32-Pos225
32,225,Pos32_I-Pos225_N,0.0,1.3085999783834383e-07,Pos32-Pos225
32,225,Pos32_I-Pos225_E,0.0,1.1072769047859861e-07,Pos32-Pos225
32,225,Pos32_I-Pos225_R,0.0,3.3553845599575335e-09,Pos32-Pos225
32,225,Pos32_I-Pos225_P,0.0,3.3553845599575335e-09,Pos32-Pos225
32,225,Pos32_G-Pos225_I,2.8962840675413443e-05,1.3164851320993384e-05,Pos32-Pos225
32,225,Pos32_G-Pos225_T,0.0,1.5329913208305984e-05,Pos32-Pos225
32,225,Pos32_G-Pos225_L,0.0,2.0635615043738835e-07,Pos32-Pos225
32,225,Pos32_G-Pos225_Q,0.0,1.417649976582058e-07,Pos32-Pos225
32,225,Pos32_G-Pos225_M,0.0,4.0264614719490405e-08,Pos32-Pos225
32,225,Pos32_G-Pos225_N,0.0,3.271499945958596e-08,Pos32-Pos225
32,225,Pos32_G-Pos225_E,0.0,2.7681922619649653e-08,Pos32-Pos225
32,225,Pos32_G-Pos225_R,0.0,8.388461399893834e-10,Pos32-Pos225
32,225,Pos32_G-Pos225_P,0.0,8.388461399893834e-10,Pos32-Pos225
32,227,Pos32_A-Pos227_V,0.0027514698641642773,0.002464194420832813,Pos32-Pos227
32,227,Pos32_A-Pos227_T,0.0,1.3347719779511072e-05,Pos32-Pos227
32,227,Pos32_A-Pos227_F,0.0,4.106990701388021e-06,Pos32-Pos227
32,227,Pos32_A-Pos227_S,0.0,5.133738376735027e-07,Pos32-Pos227
32,227,Pos32_A-Pos227_L,0.0,1.0267476753470054e-06,Pos32-Pos227
32,227,Pos32_N-Pos227_V,0.0,3.221169177559232e-05,Pos32-Pos227
32,227,Pos32_N-Pos227_T,0.0,1.7447999711779176e-07,Pos32-Pos227
32,227,Pos32_N-Pos227_F,0.0,5.3686152959320536e-08,Pos32-Pos227
32,227,Pos32_N-Pos227_S,0.0,6.710769119915067e-09,Pos32-Pos227
32,227,Pos32_N-Pos227_L,0.0,1.3421538239830134e-08,Pos32-Pos227
32,227,Pos32_R-Pos227_V,0.0,8.05292294389808e-06,Pos32-Pos227
32,227,Pos32_R-Pos227_T,0.0,4.361999927944794e-08,Pos32-Pos227
32,227,Pos32_R-Pos227_F,0.0,1.3421538239830134e-08,Pos32-Pos227
32,227,Pos32_R-Pos227_S,0.0,1.6776922799787667e-09,Pos32-Pos227
32,227,Pos32_R-Pos227_L,0.0,3.3553845599575335e-09,Pos32-Pos227
32,227,Pos32_I-Pos227_V,0.0,1.610584588779616e-05,Pos32-Pos227
32,227,Pos32_I-Pos227_T,0.0,8.723999855889588e-08,Pos32-Pos227
32,227,Pos32_I-Pos227_F,0.0,2.6843076479660268e-08,Pos32-Pos227
32,227,Pos32_I-Pos227_S,0.0,3.3553845599575335e-09,Pos32-Pos227
32,227,Pos32_I-Pos227_L,0.0,6.710769119915067e-09,Pos32-Pos227
32,227,Pos32_G-Pos227_V,2.8962840675413443e-05,4.02646147194904e-06,Pos32-Pos227
32,227,Pos32_G-Pos227_T,0.0,2.180999963972397e-08,Pos32-Pos227
32,227,Pos32_G-Pos227_F,0.0,6.710769119915067e-09,Pos32-Pos227
32,227,Pos32_G-Pos227_S,0.0,8.388461399893834e-10,Pos32-Pos227
32,227,Pos32_G-Pos227_L,0.0,1.6776922799787667e-09,Pos32-Pos227
32,231,Pos32_A-Pos231_R,0.0014481420337706722,0.001419478661167235,Pos32-Pos231
32,231,Pos32_A-Pos231_S,0.004547165986039911,0.004661947819913078,Pos32-Pos231
32,231,Pos32_A-Pos231_H,2.8962840675413443e-05,5.133738376735027e-07,Pos32-Pos231
32,231,Pos32_A-Pos231_N,0.0,4.106990701388021e-06,Pos32-Pos231
32,231,Pos32_A-Pos231_G,0.0,4.106990701388021e-06,Pos32-Pos231
32,231,Pos32_A-Pos231_Y,0.0,4.106990701388021e-06,Pos32-Pos231
32,231,Pos32_A-Pos231_I,0.0,1.0267476753470054e-06,Pos32-Pos231
32,231,Pos32_A-Pos231_F,0.0,2.0534953506940107e-06,Pos32-Pos231
32,231,Pos32_A-Pos231_*,0.0,1.5401215130205082e-06,Pos32-Pos231
32,231,Pos32_A-Pos231_L,0.0,5.133738376735027e-07,Pos32-Pos231
32,231,Pos32_N-Pos231_R,5.7925681350826886e-05,1.855527661656516e-05,Pos32-Pos231
32,231,Pos32_N-Pos231_S,2.8962840675413443e-05,6.0940494377948724e-05,Pos32-Pos231
32,231,Pos32_N-Pos231_H,0.0,6.710769119915067e-09,Pos32-Pos231
32,231,Pos32_N-Pos231_N,0.0,5.3686152959320536e-08,Pos32-Pos231
32,231,Pos32_N-Pos231_G,0.0,5.3686152959320536e-08,Pos32-Pos231
32,231,Pos32_N-Pos231_Y,0.0,5.3686152959320536e-08,Pos32-Pos231
32,231,Pos32_N-Pos231_I,0.0,1.3421538239830134e-08,Pos32-Pos231
32,231,Pos32_N-Pos231_F,0.0,2.6843076479660268e-08,Pos32-Pos231
32,231,Pos32_N-Pos231_*,0.0,2.0132307359745202e-08,Pos32-Pos231
32,231,Pos32_N-Pos231_L,0.0,6.710769119915067e-09,Pos32-Pos231
32,231,Pos32_R-Pos231_R,0.0,4.63881915414129e-06,Pos32-Pos231
32,231,Pos32_R-Pos231_S,0.0,1.5235123594487181e-05,Pos32-Pos231
32,231,Pos32_R-Pos231_H,0.0,1.6776922799787667e-09,Pos32-Pos231
32,231,Pos32_R-Pos231_N,0.0,1.3421538239830134e-08,Pos32-Pos231
32,231,Pos32_R-Pos231_G,0.0,1.3421538239830134e-08,Pos32-Pos231
32,231,Pos32_R-Pos231_Y,0.0,1.3421538239830134e-08,Pos32-Pos231
32,231,Pos32_R-Pos231_I,0.0,3.3553845599575335e-09,Pos32-Pos231
32,231,Pos32_R-Pos231_F,0.0,6.710769119915067e-09,Pos32-Pos231
32,231,Pos32_R-Pos231_*,0.0,5.033076839936301e-09,Pos32-Pos231
32,231,Pos32_R-Pos231_L,0.0,1.6776922799787667e-09,Pos32-Pos231
32,231,Pos32_I-Pos231_R,0.0,9.27763830828258e-06,Pos32-Pos231
32,231,Pos32_I-Pos231_S,0.0,3.0470247188974362e-05,Pos32-Pos231
32,231,Pos32_I-Pos231_H,0.0,3.3553845599575335e-09,Pos32-Pos231
32,231,Pos32_I-Pos231_N,0.0,2.6843076479660268e-08,Pos32-Pos231
32,231,Pos32_I-Pos231_G,0.0,2.6843076479660268e-08,Pos32-Pos231
32,231,Pos32_I-Pos231_Y,0.0,2.6843076479660268e-08,Pos32-Pos231
32,231,Pos32_I-Pos231_I,0.0,6.710769119915067e-09,Pos32-Pos231
32,231,Pos32_I-Pos231_F,0.0,1.3421538239830134e-08,Pos32-Pos231
32,231,Pos32_I-Pos231_*,0.0,1.0066153679872601e-08,Pos32-Pos231
32,231,Pos32_I-Pos231_L,0.0,3.3553845599575335e-09,Pos32-Pos231
32,231,Pos32_G-Pos231_R,0.0,2.319409577070645e-06,Pos32-Pos231
32,231,Pos32_G-Pos231_S,0.0,7.6175617972435905e-06,Pos32-Pos231
32,231,Pos32_G-Pos231_H,0.0,8.388461399893834e-10,Pos32-Pos231
32,231,Pos32_G-Pos231_N,0.0,6.710769119915067e-09,Pos32-Pos231
32,231,Pos32_G-Pos231_G,0.0,6.710769119915067e-09,Pos32-Pos231
32,231,Pos32_G-Pos231_Y,0.0,6.710769119915067e-09,Pos32-Pos231
32,231,Pos32_G-Pos231_I,0.0,1.6776922799787667e-09,Pos32-Pos231
32,231,Pos32_G-Pos231_F,0.0,3.3553845599575335e-09,Pos32-Pos231
32,231,Pos32_G-Pos231_*,0.0,2.5165384199681503e-09,Pos32-Pos231
32,231,Pos32_G-Pos231_L,0.0,8.388461399893834e-10,Pos32-Pos231
32,292,Pos32_A-Pos292_N,0.0008688852202624034,0.0009297200200267136,Pos32-Pos292
32,292,Pos32_A-Pos292_R,0.0,3.5936168637145194e-06,Pos32-Pos292
32,292,Pos32_A-Pos292_I,2.8962840675413443e-05,9.754102915796553e-06,Pos32-Pos292
32,292,Pos32_A-Pos292_G,0.0,2.0534953506940107e-06,Pos32-Pos292
32,292,Pos32_A-Pos292_T,0.0,2.0534953506940107e-06,Pos32-Pos292
32,292,Pos32_A-Pos292_C,0.0,5.133738376735027e-07,Pos32-Pos292
32,292,Pos32_N-Pos292_N,5.7925681350826886e-05,1.2153202876166188e-05,Pos32-Pos292
32,292,Pos32_N-Pos292_R,0.0,4.697538383940548e-08,Pos32-Pos292
32,292,Pos32_N-Pos292_I,0.0,1.275046132783863e-07,Pos32-Pos292
32,292,Pos32_N-Pos292_G,0.0,2.6843076479660268e-08,Pos32-Pos292
32,292,Pos32_N-Pos292_T,0.0,2.6843076479660268e-08,Pos32-Pos292
32,292,Pos32_N-Pos292_C,0.0,6.710769119915067e-09,Pos32-Pos292
32,292,Pos32_R-Pos292_N,0.0,3.038300719041547e-06,Pos32-Pos292
32,292,Pos32_R-Pos292_R,0.0,1.174384595985137e-08,Pos32-Pos292
32,292,Pos32_R-Pos292_I,0.0,3.1876153319596575e-08,Pos32-Pos292
32,292,Pos32_R-Pos292_G,0.0,6.710769119915067e-09,Pos32-Pos292
32,292,Pos32_R-Pos292_T,0.0,6.710769119915067e-09,Pos32-Pos292
32,292,Pos32_R-Pos292_C,0.0,1.6776922799787667e-09,Pos32-Pos292
32,292,Pos32_I-Pos292_N,0.0,6.076601438083094e-06,Pos32-Pos292
32,292,Pos32_I-Pos292_R,0.0,2.348769191970274e-08,Pos32-Pos292
32,292,Pos32_I-Pos292_I,0.0,6.375230663919315e-08,Pos32-Pos292
32,292,Pos32_I-Pos292_G,0.0,1.3421538239830134e-08,Pos32-Pos292
32,292,Pos32_I-Pos292_T,0.0,1.3421538239830134e-08,Pos32-Pos292
32,292,Pos32_I-Pos292_C,0.0,3.3553845599575335e-09,Pos32-Pos292
32,292,Pos32_G-Pos292_N,0.0,1.5191503595207735e-06,Pos32-Pos292
32,292,Pos32_G-Pos292_R,0.0,5.871922979925685e-09,Pos32-Pos292
32,292,Pos32_G-Pos292_I,0.0,1.5938076659798288e-08,Pos32-Pos292
32,292,Pos32_G-Pos292_G,0.0,3.3553845599575335e-09,Pos32-Pos292
32,292,Pos32_G-Pos292_T,0.0,3.3553845599575335e-09,Pos32-Pos292
32,292,Pos32_G-Pos292_C,0.0,8.388461399893834e-10,Pos32-Pos292
98,101,Pos98_P-Pos101_S,0.00023170272540330754,0.0007173342435350813,Pos98-Pos101
98,101,Pos98_P-Pos101_V,0.0,1.0770784437463684e-05,Pos98-Pos101
98,101,Pos98_P-Pos101_D,0.0,1.5079098212449159e-05,Pos98-Pos101
98,101,Pos98_P-Pos101_R,0.0,1.0770784437463685e-06,Pos98-Pos101
98,101,Pos98_P-Pos101_*,2.8962840675413443e-05,1.0770784437463685e-06,Pos98-Pos101
98,101,Pos98_I-Pos101_S,0.0,6.145386821562223e-06,Pos98-Pos101
98,101,Pos98_I-Pos101_V,0.0,9.227307539883219e-08,Pos98-Pos101
98,101,Pos98_I-Pos101_D,0.0,1.2918230555836506e-07,Pos98-Pos101
98,101,Pos98_I-Pos101_R,0.0,9.227307539883219e-09,Pos98-Pos101
98,101,Pos98_I-Pos101_*,0.0,9.227307539883219e-09,Pos98-Pos101
98,101,Pos98_R-Pos101_S,2.8962840675413443e-05,3.3520291753975764e-06,Pos98-Pos101
98,101,Pos98_R-Pos101_V,0.0,5.033076839936301e-08,Pos98-Pos101
98,101,Pos98_R-Pos101_D,0.0,7.046307575910822e-08,Pos98-Pos101
98,101,Pos98_R-Pos101_R,0.0,5.033076839936301e-09,Pos98-Pos101
98,101,Pos98_R-Pos101_*,0.0,5.033076839936301e-09,Pos98-Pos101
98,101,Pos98_F-Pos101_S,0.0,3.910700704630506e-06,Pos98-Pos101
98,101,Pos98_F-Pos101_V,0.0,5.871922979925685e-08,Pos98-Pos101
98,101,Pos98_F-Pos101_D,0.0,8.220692171895959e-08,Pos98-Pos101
98,101,Pos98_F-Pos101_R,0.0,5.871922979925685e-09,Pos98-Pos101
98,101,Pos98_F-Pos101_*,0.0,5.871922979925685e-09,Pos98-Pos101
98,138,Pos98_P-Pos138_D,0.00023170272540330754,0.00042113767150483007,Pos98-Pos138
98,138,Pos98_P-Pos138_Y,0.0,1.0770784437463685e-06,Pos98-Pos138
98,138,Pos98_P-Pos138_S,0.0,2.154156887492737e-06,Pos98-Pos138
98,138,Pos98_P-Pos138_T,0.0,2.154156887492737e-06,Pos98-Pos138
98,138,Pos98_I-Pos138_D,0.0,3.6078772480943386e-06,Pos98-Pos138
98,138,Pos98_I-Pos138_Y,0.0,9.227307539883219e-09,Pos98-Pos138
98,138,Pos98_I-Pos138_S,0.0,1.8454615079766438e-08,Pos98-Pos138
98,138,Pos98_I-Pos138_T,0.0,1.8454615079766438e-08,Pos98-Pos138
98,138,Pos98_R-Pos138_D,0.0,1.967933044415094e-06,Pos98-Pos138
98,138,Pos98_R-Pos138_Y,0.0,5.033076839936301e-09,Pos98-Pos138
98,138,Pos98_R-Pos138_S,0.0,1.0066153679872601e-08,Pos98-Pos138
98,138,Pos98_R-Pos138_T,0.0,1.0066153679872601e-08,Pos98-Pos138
98,138,Pos98_F-Pos138_D,2.8962840675413443e-05,2.295921885150943e-06,Pos98-Pos138
98,138,Pos98_F-Pos138_Y,0.0,5.871922979925685e-09,Pos98-Pos138
98,138,Pos98_F-Pos138_S,0.0,1.174384595985137e-08,Pos98-Pos138
98,138,Pos98_F-Pos138_T,0.0,1.174384595985137e-08,Pos98-Pos138
98,154,Pos98_P-Pos154_G,0.0003185912474295479,0.0029748906616274694,Pos98-Pos154
98,154,Pos98_P-Pos154_*,2.8962840675413443e-05,7.539549106224579e-06,Pos98-Pos154
98,154,Pos98_P-Pos154_D,0.0,5.385392218731842e-06,Pos98-Pos154
98,154,Pos98_P-Pos154_K,0.0,7.539549106224579e-06,Pos98-Pos154
98,154,Pos98_P-Pos154_A,0.0,1.9387411987434632e-05,Pos98-Pos154
98,154,Pos98_P-Pos154_V,0.0,1.0770784437463685e-06,Pos98-Pos154
98,154,Pos98_I-Pos154_G,2.8962840675413443e-05,2.548582342515745e-05,Pos98-Pos154
98,154,Pos98_I-Pos154_*,0.0,6.459115277918253e-08,Pos98-Pos154
98,154,Pos98_I-Pos154_D,0.0,4.6136537699416095e-08,Pos98-Pos154
98,154,Pos98_I-Pos154_K,0.0,6.459115277918253e-08,Pos98-Pos154
98,154,Pos98_I-Pos154_A,0.0,1.6609153571789794e-07,Pos98-Pos154
98,154,Pos98_I-Pos154_V,0.0,9.227307539883219e-09,Pos98-Pos154
98,154,Pos98_R-Pos154_G,0.0,1.3901358231904064e-05,Pos98-Pos154
98,154,Pos98_R-Pos154_*,0.0,3.523153787955411e-08,Pos98-Pos154
98,154,Pos98_R-Pos154_D,0.0,2.5165384199681506e-08,Pos98-Pos154
98,154,Pos98_R-Pos154_K,0.0,3.523153787955411e-08,Pos98-Pos154
98,154,Pos98_R-Pos154_A,0.0,9.059538311885342e-08,Pos98-Pos154
98,154,Pos98_R-Pos154_V,0.0,5.033076839936301e-09,Pos98-Pos154
98,154,Pos98_F-Pos154_G,2.8962840675413443e-05,1.621825127055474e-05,Pos98-Pos154
98,154,Pos98_F-Pos154_*,0.0,4.1103460859479794e-08,Pos98-Pos154
98,154,Pos98_F-Pos154_D,0.0,2.9359614899628425e-08,Pos98-Pos154
98,154,Pos98_F-Pos154_K,0.0,4.1103460859479794e-08,Pos98-Pos154
98,154,Pos98_F-Pos154_A,0.0,1.0569461363866232e-07,Pos98-Pos154
98,154,Pos98_F-Pos154_V,0.0,5.871922979925685e-09,Pos98-Pos154
98,162,Pos98_P-Pos162_C,0.0003765169287803748,0.006313833837241212,Pos98-Pos162
98,162,Pos98_P-Pos162_I,0.00017377704405248067,0.000777650636384878,Pos98-Pos162
98,162,Pos98_P-Pos162_N,0.0,7.539549106224579e-06,Pos98-Pos162
98,162,Pos98_P-Pos162_R,0.0,3.231235331239105e-06,Pos98-Pos162
98,162,Pos98_P-Pos162_F,2.8962840675413443e-05,2.154156887492737e-06,Pos98-Pos162
98,162,Pos98_P-Pos162_G,0.0,3.231235331239105e-06,Pos98-Pos162
98,162,Pos98_P-Pos162_*,0.0,1.0770784437463685e-06,Pos98-Pos162
98,162,Pos98_P-Pos162_Q,0.0,1.0770784437463685e-06,Pos98-Pos162
98,162,Pos98_P-Pos162_T,0.0,2.154156887492737e-06,Pos98-Pos162
98,162,Pos98_P-Pos162_Y,0.0,2.154156887492737e-06,Pos98-Pos162
98,162,Pos98_I-Pos162_C,2.8962840675413443e-05,5.409047679879543e-05,Pos98-Pos162
98,162,Pos98_I-Pos162_I,0.0,6.662116043795683e-06,Pos98-Pos162
98,162,Pos98_I-Pos162_N,0.0,6.459115277918253e-08,Pos98-Pos162
98,162,Pos98_I-Pos162_R,0.0,2.7681922619649657e-08,Pos98-Pos162
98,162,Pos98_I-Pos162_F,0.0,1.8454615079766438e-08,Pos98-Pos162
98,162,Pos98_I-Pos162_G,0.0,2.7681922619649657e-08,Pos98-Pos162
98,162,Pos98_I-Pos162_*,0.0,9.227307539883219e-09,Pos98-Pos162
98,162,Pos98_I-Pos162_Q,0.0,9.227307539883219e-09,Pos98-Pos162
98,162,Pos98_I-Pos162_T,0.0,1.8454615079766438e-08,Pos98-Pos162
98,162,Pos98_I-Pos162_Y,0.0,1.8454615079766438e-08,Pos98-Pos162
98,162,Pos98_R-Pos162_C,2.8962840675413443e-05,2.95038964357066e-05,Pos98-Pos162
98,162,Pos98_R-Pos162_I,2.8962840675413443e-05,3.6338814784340095e-06,Pos98-Pos162
98,162,Pos98_R-Pos162_N,0.0,3.523153787955411e-08,Pos98-Pos162
98,162,Pos98_R-Pos162_R,0.0,1.5099230519808905e-08,Pos98-Pos162
98,162,Pos98_R-Pos162_F,0.0,1.0066153679872601e-08,Pos98-Pos162
98,162,Pos98_R-Pos162_G,0.0,1.5099230519808905e-08,Pos98-Pos162
98,162,Pos98_R-Pos162_*,0.0,5.033076839936301e-09,Pos98-Pos162
98,162,Pos98_R-Pos162_Q,0.0,5.033076839936301e-09,Pos98-Pos162
98,162,Pos98_R-Pos162_T,0.0,1.0066153679872601e-08,Pos98-Pos162
98,162,Pos98_R-Pos162_Y,0.0,1.0066153679872601e-08,Pos98-Pos162
98,162,Pos98_F-Pos162_C,0.0,3.442121250832437e-05,Pos98-Pos162
98,162,Pos98_F-Pos162_I,0.0,4.2395283915063444e-06,Pos98-Pos162
98,162,Pos98_F-Pos162_N,0.0,4.1103460859479794e-08,Pos98-Pos162
98,162,Pos98_F-Pos162_R,0.0,1.7615768939777055e-08,Pos98-Pos162
98,162,Pos98_F-Pos162_F,0.0,1.174384595985137e-08,Pos98-Pos162
98,162,Pos98_F-Pos162_G,0.0,1.7615768939777055e-08,Pos98-Pos162
98,162,Pos98_F-Pos162_*,0.0,5.871922979925685e-09,Pos98-Pos162
98,162,Pos98_F-Pos162_Q,0.0,5.871922979925685e-09,Pos98-Pos162
98,162,Pos98_F-Pos162_T,0.0,1.174384595985137e-08,Pos98-Pos162
98,162,Pos98_F-Pos162_Y,0.0,1.174384595985137e-08,Pos98-Pos162
98,199,Pos98_P-Pos199_S,0.0008109595389115765,0.0019096600807623112,Pos98-Pos199
98,199,Pos98_P-Pos199_G,0.0,2.154156887492737e-06,Pos98-Pos199
98,199,Pos98_P-Pos199_T,2.8962840675413443e-05,1.7233255099941895e-05,Pos98-Pos199
98,199,Pos98_P-Pos199_V,0.0,6.46247066247821e-06,Pos98-Pos199
98,199,Pos98_P-Pos199_N,2.8962840675413443e-05,7.647256950599215e-05,Pos98-Pos199
98,199,Pos98_P-Pos199_D,0.0,2.800403953740558e-05,Pos98-Pos199
98,199,Pos98_P-Pos199_F,0.0,5.385392218731842e-06,Pos98-Pos199
98,199,Pos98_I-Pos199_S,2.8962840675413443e-05,1.636001626821295e-05,Pos98-Pos199
98,199,Pos98_I-Pos199_G,0.0,1.8454615079766438e-08,Pos98-Pos199
98,199,Pos98_I-Pos199_T,0.0,1.476369206381315e-07,Pos98-Pos199
98,199,Pos98_I-Pos199_V,0.0,5.5363845239299313e-08,Pos98-Pos199
98,199,Pos98_I-Pos199_N,0.0,6.551388353317085e-07,Pos98-Pos199
98,199,Pos98_I-Pos199_D,0.0,2.399099960369637e-07,Pos98-Pos199
98,199,Pos98_I-Pos199_F,0.0,4.6136537699416095e-08,Pos98-Pos199
98,199,Pos98_R-Pos199_S,0.0,8.923645237207062e-06,Pos98-Pos199
98,199,Pos98_R-Pos199_G,0.0,1.0066153679872601e-08,Pos98-Pos199
98,199,Pos98_R-Pos199_T,0.0,8.052922943898081e-08,Pos98-Pos199
98,199,Pos98_R-Pos199_V,0.0,3.019846103961781e-08,Pos98-Pos199
98,199,Pos98_R-Pos199_N,0.0,3.573484556354774e-07,Pos98-Pos199
98,199,Pos98_R-Pos199_D,0.0,1.3085999783834383e-07,Pos98-Pos199
98,199,Pos98_R-Pos199_F,0.0,2.5165384199681506e-08,Pos98-Pos199
98,199,Pos98_F-Pos199_S,2.8962840675413443e-05,1.041091944340824e-05,Pos98-Pos199
98,199,Pos98_F-Pos199_G,0.0,1.174384595985137e-08,Pos98-Pos199
98,199,Pos98_F-Pos199_T,0.0,9.395076767881095e-08,Pos98-Pos199
98,199,Pos98_F-Pos199_V,0.0,3.523153787955411e-08,Pos98-Pos199
98,199,Pos98_F-Pos199_N,0.0,4.169065315747236e-07,Pos98-Pos199
98,199,Pos98_F-Pos199_D,0.0,1.5266999747806782e-07,Pos98-Pos199
98,199,Pos98_F-Pos199_F,0.0,2.9359614899628425e-08,Pos98-Pos199
98,220,Pos98_P-Pos220_V,0.0028383583861905175,0.023908987294281887,Pos98-Pos220
98,220,Pos98_P-Pos220_I,5.7925681350826886e-05,0.00014540558990575975,Pos98-Pos220
98,220,Pos98_P-Pos220_D,0.0,1.0770784437463685e-06,Pos98-Pos220
98,220,Pos98_P-Pos220_F,0.0,1.0770784437463685e-06,Pos98-Pos220
98,220,Pos98_P-Pos220_S,0.0,1.0770784437463685e-06,Pos98-Pos220
98,220,Pos98_P-Pos220_T,0.0,1.0770784437463685e-06,Pos98-Pos220
98,220,Pos98_P-Pos220_C,0.0,1.0770784437463685e-06,Pos98-Pos220
98,220,Pos98_I-Pos220_V,0.00020273988472789412,0.0002048277727703277,Pos98-Pos220
98,220,Pos98_I-Pos220_I,0.0,1.2456865178842345e-06,Pos98-Pos220
98,220,Pos98_I-Pos220_D,0.0,9.227307539883219e-09,Pos98-Pos220
98,220,Pos98_I-Pos220_F,0.0,9.227307539883219e-09,Pos98-Pos220
98,220,Pos98_I-Pos220_S,0.0,9.227307539883219e-09,Pos98-Pos220
98,220,Pos98_I-Pos220_T,0.0,9.227307539883219e-09,Pos98-Pos220
98,220,Pos98_I-Pos220_C,0.0,9.227307539883219e-09,Pos98-Pos220
98,220,Pos98_R-Pos220_V,5.7925681350826886e-05,0.00011172423969290602,Pos98-Pos220
98,220,Pos98_R-Pos220_I,0.0,6.794653733914007e-07,Pos98-Pos220
98,220,Pos98_R-Pos220_D,0.0,5.033076839936301e-09,Pos98-Pos220
98,220,Pos98_R-Pos220_F,0.0,5.033076839936301e-09,Pos98-Pos220
98,220,Pos98_R-Pos220_S,0.0,5.033076839936301e-09,Pos98-Pos220
98,220,Pos98_R-Pos220_T,0.0,5.033076839936301e-09,Pos98-Pos220
98,220,Pos98_R-Pos220_C,0.0,5.033076839936301e-09,Pos98-Pos220
98,220,Pos98_F-Pos220_V,0.00011585136270165377,0.00013034494630839036,Pos98-Pos220
98,220,Pos98_F-Pos220_I,0.0,7.927096022899675e-07,Pos98-Pos220
98,220,Pos98_F-Pos220_D,0.0,5.871922979925685e-09,Pos98-Pos220
98,220,Pos98_F-Pos220_F,0.0,5.871922979925685e-09,Pos98-Pos220
98,220,Pos98_F-Pos220_S,0.0,5.871922979925685e-09,Pos98-Pos220
98,220,Pos98_F-Pos220_T,0.0,5.871922979925685e-09,Pos98-Pos220
98,220,Pos98_F-Pos220_C,0.0,5.871922979925685e-09,Pos98-Pos220
98,225,Pos98_P-Pos225_I,0.03351000666145335,0.016903669096155507,Pos98-Pos225
98,225,Pos98_P-Pos225_T,0.0032728009963217193,0.019683608559464882,Pos98-Pos225
98,225,Pos98_P-Pos225_L,0.00014481420337706722,0.00026496129716160665,Pos98-Pos225
98,225,Pos98_P-Pos225_Q,0.00020273988472789412,0.00018202625699313628,Pos98-Pos225
98,225,Pos98_P-Pos225_M,2.8962840675413443e-05,5.169976529982568e-05,Pos98-Pos225
98,225,Pos98_P-Pos225_N,0.0,4.200605930610837e-05,Pos98-Pos225
98,225,Pos98_P-Pos225_E,0.0,3.554358864363016e-05,Pos98-Pos225
98,225,Pos98_P-Pos225_R,0.0,1.0770784437463685e-06,Pos98-Pos225
98,225,Pos98_P-Pos225_P,0.0,1.0770784437463685e-06,Pos98-Pos225
98,225,Pos98_I-Pos225_I,0.00011585136270165377,0.00014481336453092724,Pos98-Pos225
98,225,Pos98_I-Pos225_T,0.00020273988472789412,0.00016862904529136582,Pos98-Pos225
98,225,Pos98_I-Pos225_L,0.0,2.269917654811272e-06,Pos98-Pos225
98,225,Pos98_I-Pos225_Q,0.0,1.559414974240264e-06,Pos98-Pos225
98,225,Pos98_I-Pos225_M,0.0,4.429107619143945e-07,Pos98-Pos225
98,225,Pos98_I-Pos225_N,0.0,3.5986499405544556e-07,Pos98-Pos225
98,225,Pos98_I-Pos225_E,0.0,3.045011488161462e-07,Pos98-Pos225
98,225,Pos98_I-Pos225_R,0.0,9.227307539883219e-09,Pos98-Pos225
98,225,Pos98_I-Pos225_P,0.0,9.227307539883219e-09,Pos98-Pos225
98,225,Pos98_R-Pos225_I,5.7925681350826886e-05,7.898910792596031e-05,Pos98-Pos225
98,225,Pos98_R-Pos225_T,0.00011585136270165377,9.197947924983591e-05,Pos98-Pos225
98,225,Pos98_R-Pos225_L,0.0,1.23813690262433e-06,Pos98-Pos225
98,225,Pos98_R-Pos225_Q,0.0,8.505899859492349e-07,Pos98-Pos225
98,225,Pos98_R-Pos225_M,0.0,2.415876883169425e-07,Pos98-Pos225
98,225,Pos98_R-Pos225_N,0.0,1.9628999675751576e-07,Pos98-Pos225
98,225,Pos98_R-Pos225_E,0.0,1.6609153571789794e-07,Pos98-Pos225
98,225,Pos98_R-Pos225_R,0.0,5.033076839936301e-09,Pos98-Pos225
98,225,Pos98_R-Pos225_P,0.0,5.033076839936301e-09,Pos98-Pos225
98,225,Pos98_F-Pos225_I,0.00017377704405248067,9.215395924695369e-05,Pos98-Pos225
98,225,Pos98_F-Pos225_T,2.8962840675413443e-05,0.0001073093924581419,Pos98-Pos225
98,225,Pos98_F-Pos225_L,0.0,1.4444930530617184e-06,Pos98-Pos225
98,225,Pos98_F-Pos225_Q,0.0,9.923549836074409e-07,Pos98-Pos225
98,225,Pos98_F-Pos225_M,0.0,2.818523030364329e-07,Pos98-Pos225
98,225,Pos98_F-Pos225_N,0.0,2.290049962171017e-07,Pos98-Pos225
98,225,Pos98_F-Pos225_E,0.0,1.937734583375476e-07,Pos98-Pos225
98,225,Pos98_F-Pos225_R,0.0,5.871922979925685e-09,Pos98-Pos225
98,225,Pos98_F-Pos225_P,0.0,5.871922979925685e-09,Pos98-Pos225
98,227,Pos98_P-Pos227_V,0.001042662264314884,0.005169976529982568,Pos98-Pos227
98,227,Pos98_P-Pos227_T,0.0,2.800403953740558e-05,Pos98-Pos227
98,227,Pos98_P-Pos227_F,0.0,8.616627549970948e-06,Pos98-Pos227
98,227,Pos98_P-Pos227_S,0.0,1.0770784437463685e-06,Pos98-Pos227
98,227,Pos98_P-Pos227_L,0.0,2.154156887492737e-06,Pos98-Pos227
98,227,Pos98_I-Pos227_V,2.8962840675413443e-05,4.429107619143944e-05,Pos98-Pos227
98,227,Pos98_I-Pos227_T,0.0,2.399099960369637e-07,Pos98-Pos227
98,227,Pos98_I-Pos227_F,0.0,7.381846031906575e-08,Pos98-Pos227
98,227,Pos98_I-Pos227_S,0.0,9.227307539883219e-09,Pos98-Pos227
98,227,Pos98_I-Pos227_L,0.0,1.8454615079766438e-08,Pos98-Pos227
98,227,Pos98_R-Pos227_V,0.0,2.4158768831694243e-05,Pos98-Pos227
98,227,Pos98_R-Pos227_T,0.0,1.3085999783834383e-07,Pos98-Pos227
98,227,Pos98_R-Pos227_F,0.0,4.0264614719490405e-08,Pos98-Pos227
98,227,Pos98_R-Pos227_S,0.0,5.033076839936301e-09,Pos98-Pos227
98,227,Pos98_R-Pos227_L,0.0,1.0066153679872601e-08,Pos98-Pos227
98,227,Pos98_F-Pos227_V,2.8962840675413443e-05,2.8185230303643285e-05,Pos98-Pos227
98,227,Pos98_F-Pos227_T,0.0,1.5266999747806782e-07,Pos98-Pos227
98,227,Pos98_F-Pos227_F,0.0,4.697538383940548e-08,Pos98-Pos227
98,227,Pos98_F-Pos227_S,0.0,5.871922979925685e-09,Pos98-Pos227
98,227,Pos98_F-Pos227_L,0.0,1.174384595985137e-08,Pos98-Pos227
98,231,Pos98_P-Pos231_R,0.0006371824948590958,0.0029781218969587085,Pos98-Pos231
98,231,Pos98_P-Pos231_S,0.0005502939728328555,0.00978094934766077,Pos98-Pos231
98,231,Pos98_P-Pos231_H,0.0,1.0770784437463685e-06,Pos98-Pos231
98,231,Pos98_P-Pos231_N,0.0,8.616627549970948e-06,Pos98-Pos231
98,231,Pos98_P-Pos231_G,0.0,8.616627549970948e-06,Pos98-Pos231
98,231,Pos98_P-Pos231_Y,0.0,8.616627549970948e-06,Pos98-Pos231
98,231,Pos98_P-Pos231_I,0.0,2.154156887492737e-06,Pos98-Pos231
98,231,Pos98_P-Pos231_F,2.8962840675413443e-05,4.308313774985474e-06,Pos98-Pos231
98,231,Pos98_P-Pos231_*,0.0,3.231235331239105e-06,Pos98-Pos231
98,231,Pos98_P-Pos231_L,0.0,1.0770784437463685e-06,Pos98-Pos231
98,231,Pos98_I-Pos231_R,2.8962840675413443e-05,2.5513505347777097e-05,Pos98-Pos231
98,231,Pos98_I-Pos231_S,0.00011585136270165377,8.37931797696795e-05,Pos98-Pos231
98,231,Pos98_I-Pos231_H,0.0,9.227307539883219e-09,Pos98-Pos231
98,231,Pos98_I-Pos231_N,0.0,7.381846031906575e-08,Pos98-Pos231
98,231,Pos98_I-Pos231_G,0.0,7.381846031906575e-08,Pos98-Pos231
98,231,Pos98_I-Pos231_Y,0.0,7.381846031906575e-08,Pos98-Pos231
98,231,Pos98_I-Pos231_I,0.0,1.8454615079766438e-08,Pos98-Pos231
98,231,Pos98_I-Pos231_F,0.0,3.6909230159532876e-08,Pos98-Pos231
98,231,Pos98_I-Pos231_*,0.0,2.7681922619649657e-08,Pos98-Pos231
98,231,Pos98_I-Pos231_L,0.0,9.227307539883219e-09,Pos98-Pos231
98,231,Pos98_R-Pos231_R,2.8962840675413443e-05,1.3916457462423872e-05,Pos98-Pos231
98,231,Pos98_R-Pos231_S,0.0,4.570537078346155e-05,Pos98-Pos231
98,231,Pos98_R-Pos231_H,0.0,5.033076839936301e-09,Pos98-Pos231
98,231,Pos98_R-Pos231_N,0.0,4.0264614719490405e-08,Pos98-Pos231
98,231,Pos98_R-Pos231_G,0.0,4.0264614719490405e-08,Pos98-Pos231
98,231,Pos98_R-Pos231_Y,0.0,4.0264614719490405e-08,Pos98-Pos231
98,231,Pos98_R-Pos231_I,0.0,1.0066153679872601e-08,Pos98-Pos231
98,231,Pos98_R-Pos231_F,0.0,2.0132307359745202e-08,Pos98-Pos231
98,231,Pos98_R-Pos231_*,0.0,1.5099230519808905e-08,Pos98-Pos231
98,231,Pos98_R-Pos231_L,0.0,5.033076839936301e-09,Pos98-Pos231
98,231,Pos98_F-Pos231_R,0.0,1.623586703949452e-05,Pos98-Pos231
98,231,Pos98_F-Pos231_S,2.8962840675413443e-05,5.332293258070514e-05,Pos98-Pos231
98,231,Pos98_F-Pos231_H,0.0,5.871922979925685e-09,Pos98-Pos231
98,231,Pos98_F-Pos231_N,0.0,4.697538383940548e-08,Pos98-Pos231
98,231,Pos98_F-Pos231_G,0.0,4.697538383940548e-08,Pos98-Pos231
98,231,Pos98_F-Pos231_Y,0.0,4.697538383940548e-08,Pos98-Pos231
98,231,Pos98_F-Pos231_I,0.0,1.174384595985137e-08,Pos98-Pos231
98,231,Pos98_F-Pos231_F,0.0,2.348769191970274e-08,Pos98-Pos231
98,231,Pos98_F-Pos231_*,0.0,1.7615768939777055e-08,Pos98-Pos231
98,231,Pos98_F-Pos231_L,0.0,5.871922979925685e-09,Pos98-Pos231
98,292,Pos98_P-Pos292_N,0.0005502939728328555,0.0019505890616246732,Pos98-Pos292
98,292,Pos98_P-Pos292_R,0.0,7.539549106224579e-06,Pos98-Pos292
98,292,Pos98_P-Pos292_I,0.0,2.0464490431181e-05,Pos98-Pos292
98,292,Pos98_P-Pos292_G,5.7925681350826886e-05,4.308313774985474e-06,Pos98-Pos292
98,292,Pos98_P-Pos292_T,0.0,4.308313774985474e-06,Pos98-Pos292
98,292,Pos98_P-Pos292_C,0.0,1.0770784437463685e-06,Pos98-Pos292
98,292,Pos98_I-Pos292_N,2.8962840675413443e-05,1.671065395472851e-05,Pos98-Pos292
98,292,Pos98_I-Pos292_R,0.0,6.459115277918253e-08,Pos98-Pos292
98,292,Pos98_I-Pos292_I,0.0,1.7531884325778116e-07,Pos98-Pos292
98,292,Pos98_I-Pos292_G,0.0,3.6909230159532876e-08,Pos98-Pos292
98,292,Pos98_I-Pos292_T,0.0,3.6909230159532876e-08,Pos98-Pos292
98,292,Pos98_I-Pos292_C,0.0,9.227307539883219e-09,Pos98-Pos292
98,292,Pos98_R-Pos292_N,0.0,9.114902157124642e-06,Pos98-Pos292
98,292,Pos98_R-Pos292_R,0.0,3.523153787955411e-08,Pos98-Pos292
98,292,Pos98_R-Pos292_I,0.0,9.562845995878973e-08,Pos98-Pos292
98,292,Pos98_R-Pos292_G,0.0,2.0132307359745202e-08,Pos98-Pos292
98,292,Pos98_R-Pos292_T,0.0,2.0132307359745202e-08,Pos98-Pos292
98,292,Pos98_R-Pos292_C,0.0,5.033076839936301e-09,Pos98-Pos292
98,292,Pos98_F-Pos292_N,0.0,1.0634052516645416e-05,Pos98-Pos292
98,292,Pos98_F-Pos292_R,0.0,4.1103460859479794e-08,Pos98-Pos292
98,292,Pos98_F-Pos292_I,0.0,1.1156653661858802e-07,Pos98-Pos292
98,292,Pos98_F-Pos292_G,0.0,2.348769191970274e-08,Pos98-Pos292
98,292,Pos98_F-Pos292_T,0.0,2.348769191970274e-08,Pos98-Pos292
98,292,Pos98_F-Pos292_C,0.0,5.871922979925685e-09,Pos98-Pos292
101,138,Pos101_S-Pos138_D,8.688852202624034e-05,0.0002184405679300754,Pos101-Pos138
101,138,Pos101_S-Pos138_Y,0.0,5.586715292329293e-07,Pos101-Pos138
101,138,Pos101_S-Pos138_S,0.0,1.1173430584658586e-06,Pos101-Pos138
101,138,Pos101_S-Pos138_T,0.0,1.1173430584658586e-06,Pos101-Pos138
101,138,Pos101_V-Pos138_D,0.0,3.2798884073584895e-06,Pos101-Pos138
101,138,Pos101_V-Pos138_Y,0.0,8.388461399893835e-09,Pos101-Pos138
101,138,Pos101_V-Pos138_S,0.0,1.677692279978767e-08,Pos101-Pos138
101,138,Pos101_V-Pos138_T,0.0,1.677692279978767e-08,Pos101-Pos138
101,138,Pos101_D-Pos138_D,0.0,4.591843770301886e-06,Pos101-Pos138
101,138,Pos101_D-Pos138_Y,0.0,1.174384595985137e-08,Pos101-Pos138
101,138,Pos101_D-Pos138_S,0.0,2.348769191970274e-08,Pos101-Pos138
101,138,Pos101_D-Pos138_T,0.0,2.348769191970274e-08,Pos101-Pos138
101,138,Pos101_R-Pos138_D,0.0,3.2798884073584896e-07,Pos101-Pos138
101,138,Pos101_R-Pos138_Y,0.0,8.388461399893834e-10,Pos101-Pos138
101,138,Pos101_R-Pos138_S,0.0,1.6776922799787667e-09,Pos101-Pos138
101,138,Pos101_R-Pos138_T,0.0,1.6776922799787667e-09,Pos101-Pos138
101,138,Pos101_*-Pos138_D,0.0,3.2798884073584896e-07,Pos101-Pos138
101,138,Pos101_*-Pos138_Y,0.0,8.388461399893834e-10,Pos101-Pos138
101,138,Pos101_*-Pos138_S,0.0,1.6776922799787667e-09,Pos101-Pos138
101,138,Pos101_*-Pos138_T,0.0,1.6776922799787667e-09,Pos101-Pos138
101,154,Pos101_S-Pos154_G,0.0,0.001543050763741351,Pos101-Pos154
101,154,Pos101_S-Pos154_*,0.0,3.910700704630506e-06,Pos101-Pos154
101,154,Pos101_S-Pos154_D,0.0,2.793357646164647e-06,Pos101-Pos154
101,154,Pos101_S-Pos154_K,0.0,3.910700704630506e-06,Pos101-Pos154
101,154,Pos101_S-Pos154_A,5.7925681350826886e-05,1.0056087526192728e-05,Pos101-Pos154
101,154,Pos101_S-Pos154_V,0.0,5.586715292329293e-07,Pos101-Pos154
101,154,Pos101_V-Pos154_G,0.0,2.316893038650677e-05,Pos101-Pos154
101,154,Pos101_V-Pos154_*,0.0,5.871922979925685e-08,Pos101-Pos154
101,154,Pos101_V-Pos154_D,0.0,4.1942306999469176e-08,Pos101-Pos154
101,154,Pos101_V-Pos154_K,0.0,5.871922979925685e-08,Pos101-Pos154
101,154,Pos101_V-Pos154_A,0.0,1.5099230519808903e-07,Pos101-Pos154
101,154,Pos101_V-Pos154_V,0.0,8.388461399893835e-09,Pos101-Pos154
101,154,Pos101_D-Pos154_G,2.8962840675413443e-05,3.243650254110948e-05,Pos101-Pos154
101,154,Pos101_D-Pos154_*,0.0,8.220692171895959e-08,Pos101-Pos154
101,154,Pos101_D-Pos154_D,0.0,5.871922979925685e-08,Pos101-Pos154
101,154,Pos101_D-Pos154_K,0.0,8.220692171895959e-08,Pos101-Pos154
101,154,Pos101_D-Pos154_A,0.0,2.1138922727732464e-07,Pos101-Pos154
101,154,Pos101_D-Pos154_V,0.0,1.174384595985137e-08,Pos101-Pos154
101,154,Pos101_R-Pos154_G,0.0,2.3168930386506773e-06,Pos101-Pos154
101,154,Pos101_R-Pos154_*,0.0,5.871922979925685e-09,Pos101-Pos154
101,154,Pos101_R-Pos154_D,0.0,4.1942306999469175e-09,Pos101-Pos154
101,154,Pos101_R-Pos154_K,0.0,5.871922979925685e-09,Pos101-Pos154
101,154,Pos101_R-Pos154_A,0.0,1.5099230519808902e-08,Pos101-Pos154
101,154,Pos101_R-Pos154_V,0.0,8.388461399893834e-10,Pos101-Pos154
101,154,Pos101_*-Pos154_G,0.0,2.3168930386506773e-06,Pos101-Pos154
101,154,Pos101_*-Pos154_*,0.0,5.871922979925685e-09,Pos101-Pos154
101,154,Pos101_*-Pos154_D,0.0,4.1942306999469175e-09,Pos101-Pos154
101,154,Pos101_*-Pos154_K,0.0,5.871922979925685e-09,Pos101-Pos154
101,154,Pos101_*-Pos154_A,0.0,1.5099230519808902e-08,Pos101-Pos154
101,154,Pos101_*-Pos154_V,0.0,8.388461399893834e-10,Pos101-Pos154
101,162,Pos101_S-Pos162_C,8.688852202624034e-05,0.003274932504363432,Pos101-Pos162
101,162,Pos101_S-Pos162_I,0.0,0.000403360844106175,Pos101-Pos162
101,162,Pos101_S-Pos162_N,0.0,3.910700704630506e-06,Pos101-Pos162
101,162,Pos101_S-Pos162_R,0.0,1.6760145876987882e-06,Pos101-Pos162
101,162,Pos101_S-Pos162_F,0.0,1.1173430584658586e-06,Pos101-Pos162
101,162,Pos101_S-Pos162_G,0.0,1.6760145876987882e-06,Pos101-Pos162
101,162,Pos101_S-Pos162_*,0.0,5.586715292329293e-07,Pos101-Pos162
101,162,Pos101_S-Pos162_Q,0.0,5.586715292329293e-07,Pos101-Pos162
101,162,Pos101_S-Pos162_T,0.0,1.1173430584658586e-06,Pos101-Pos162
101,162,Pos101_S-Pos162_Y,0.0,1.1173430584658586e-06,Pos101-Pos162
101,162,Pos101_V-Pos162_C,2.8962840675413443e-05,4.9173160726177666e-05,Pos101-Pos162
101,162,Pos101_V-Pos162_I,0.0,6.056469130723348e-06,Pos101-Pos162
101,162,Pos101_V-Pos162_N,0.0,5.871922979925685e-08,Pos101-Pos162
101,162,Pos101_V-Pos162_R,0.0,2.5165384199681506e-08,Pos101-Pos162
101,162,Pos101_V-Pos162_F,0.0,1.677692279978767e-08,Pos101-Pos162
101,162,Pos101_V-Pos162_G,0.0,2.5165384199681506e-08,Pos101-Pos162
101,162,Pos101_V-Pos162_*,0.0,8.388461399893835e-09,Pos101-Pos162
101,162,Pos101_V-Pos162_Q,0.0,8.388461399893835e-09,Pos101-Pos162
101,162,Pos101_V-Pos162_T,0.0,1.677692279978767e-08,Pos101-Pos162
101,162,Pos101_V-Pos162_Y,0.0,1.677692279978767e-08,Pos101-Pos162
101,162,Pos101_D-Pos162_C,0.0,6.884242501664874e-05,Pos101-Pos162
101,162,Pos101_D-Pos162_I,2.8962840675413443e-05,8.479056783012689e-06,Pos101-Pos162
101,162,Pos101_D-Pos162_N,0.0,8.220692171895959e-08,Pos101-Pos162
101,162,Pos101_D-Pos162_R,0.0,3.523153787955411e-08,Pos101-Pos162
101,162,Pos101_D-Pos162_F,0.0,2.348769191970274e-08,Pos101-Pos162
101,162,Pos101_D-Pos162_G,0.0,3.523153787955411e-08,Pos101-Pos162
101,162,Pos101_D-Pos162_*,0.0,1.174384595985137e-08,Pos101-Pos162
101,162,Pos101_D-Pos162_Q,0.0,1.174384595985137e-08,Pos101-Pos162
101,162,Pos101_D-Pos162_T,0.0,2.348769191970274e-08,Pos101-Pos162
101,162,Pos101_D-Pos162_Y,0.0,2.348769191970274e-08,Pos101-Pos162
101,162,Pos101_R-Pos162_C,0.0,4.917316072617766e-06,Pos101-Pos162
101,162,Pos101_R-Pos162_I,0.0,6.056469130723348e-07,Pos101-Pos162
101,162,Pos101_R-Pos162_N,0.0,5.871922979925685e-09,Pos101-Pos162
101,162,Pos101_R-Pos162_R,0.0,2.5165384199681503e-09,Pos101-Pos162
101,162,Pos101_R-Pos162_F,0.0,1.6776922799787667e-09,Pos101-Pos162
101,162,Pos101_R-Pos162_G,0.0,2.5165384199681503e-09,Pos101-Pos162
101,162,Pos101_R-Pos162_*,0.0,8.388461399893834e-10,Pos101-Pos162
101,162,Pos101_R-Pos162_Q,0.0,8.388461399893834e-10,Pos101-Pos162
101,162,Pos101_R-Pos162_T,0.0,1.6776922799787667e-09,Pos101-Pos162
101,162,Pos101_R-Pos162_Y,0.0,1.6776922799787667e-09,Pos101-Pos162
101,162,Pos101_*-Pos162_C,0.0,4.917316072617766e-06,Pos101-Pos162
101,162,Pos101_*-Pos162_I,0.0,6.056469130723348e-07,Pos101-Pos162
101,162,Pos101_*-Pos162_N,0.0,5.871922979925685e-09,Pos101-Pos162
101,162,Pos101_*-Pos162_R,0.0,2.5165384199681503e-09,Pos101-Pos162
101,162,Pos101_*-Pos162_F,0.0,1.6776922799787667e-09,Pos101-Pos162
101,162,Pos101_*-Pos162_G,0.0,2.5165384199681503e-09,Pos101-Pos162
101,162,Pos101_*-Pos162_*,0.0,8.388461399893834e-10,Pos101-Pos162
101,162,Pos101_*-Pos162_Q,0.0,8.388461399893834e-10,Pos101-Pos162
101,162,Pos101_*-Pos162_T,0.0,1.6776922799787667e-09,Pos101-Pos162
101,162,Pos101_*-Pos162_Y,0.0,1.6776922799787667e-09,Pos101-Pos162
101,199,Pos101_S-Pos199_S,0.00014481420337706722,0.0009905246213299838,Pos101-Pos199
101,199,Pos101_S-Pos199_G,0.0,1.1173430584658586e-06,Pos101-Pos199
101,199,Pos101_S-Pos199_T,0.0,8.938744467726869e-06,Pos101-Pos199
101,199,Pos101_S-Pos199_V,0.0,3.3520291753975764e-06,Pos101-Pos199
101,199,Pos101_S-Pos199_N,0.0,3.9665678575537985e-05,Pos101-Pos199
101,199,Pos101_S-Pos199_D,0.0,1.4525459760056165e-05,Pos101-Pos199
101,199,Pos101_S-Pos199_F,0.0,2.793357646164647e-06,Pos101-Pos199
101,199,Pos101_V-Pos199_S,2.8962840675413443e-05,1.487274206201177e-05,Pos101-Pos199
101,199,Pos101_V-Pos199_G,0.0,1.677692279978767e-08,Pos101-Pos199
101,199,Pos101_V-Pos199_T,0.0,1.3421538239830136e-07,Pos101-Pos199
101,199,Pos101_V-Pos199_V,0.0,5.033076839936301e-08,Pos101-Pos199
101,199,Pos101_V-Pos199_N,0.0,5.955807593924623e-07,Pos101-Pos199
101,199,Pos101_V-Pos199_D,0.0,2.1809999639723972e-07,Pos101-Pos199
101,199,Pos101_V-Pos199_F,0.0,4.1942306999469176e-08,Pos101-Pos199
101,199,Pos101_D-Pos199_S,2.8962840675413443e-05,2.082183888681648e-05,Pos101-Pos199
101,199,Pos101_D-Pos199_G,0.0,2.348769191970274e-08,Pos101-Pos199
101,199,Pos101_D-Pos199_T,0.0,1.879015353576219e-07,Pos101-Pos199
101,199,Pos101_D-Pos199_V,0.0,7.046307575910822e-08,Pos101-Pos199
101,199,Pos101_D-Pos199_N,0.0,8.338130631494472e-07,Pos101-Pos199
101,199,Pos101_D-Pos199_D,0.0,3.0533999495613565e-07,Pos101-Pos199
101,199,Pos101_D-Pos199_F,0.0,5.871922979925685e-08,Pos101-Pos199
101,199,Pos101_R-Pos199_S,2.8962840675413443e-05,1.4872742062011768e-06,Pos101-Pos199
101,199,Pos101_R-Pos199_G,0.0,1.6776922799787667e-09,Pos101-Pos199
101,199,Pos101_R-Pos199_T,0.0,1.3421538239830134e-08,Pos101-Pos199
101,199,Pos101_R-Pos199_V,0.0,5.033076839936301e-09,Pos101-Pos199
101,199,Pos101_R-Pos199_N,0.0,5.9558075939246225e-08,Pos101-Pos199
101,199,Pos101_R-Pos199_D,0.0,2.180999963972397e-08,Pos101-Pos199
101,199,Pos101_R-Pos199_F,0.0,4.1942306999469175e-09,Pos101-Pos199
101,199,Pos101_*-Pos199_S,0.0,1.4872742062011768e-06,Pos101-Pos199
101,199,Pos101_*-Pos199_G,0.0,1.6776922799787667e-09,Pos101-Pos199
101,199,Pos101_*-Pos199_T,0.0,1.3421538239830134e-08,Pos101-Pos199
101,199,Pos101_*-Pos199_V,0.0,5.033076839936301e-09,Pos101-Pos199
101,199,Pos101_*-Pos199_N,0.0,5.9558075939246225e-08,Pos101-Pos199
101,199,Pos101_*-Pos199_D,0.0,2.180999963972397e-08,Pos101-Pos199
101,199,Pos101_*-Pos199_F,0.0,4.1942306999469175e-09,Pos101-Pos199
101,220,Pos101_S-Pos220_V,0.0015350305557969126,0.012401390605912567,Pos101-Pos220
101,220,Pos101_S-Pos220_I,0.0,7.542065644644547e-05,Pos101-Pos220
101,220,Pos101_S-Pos220_D,0.0,5.586715292329293e-07,Pos101-Pos220
101,220,Pos101_S-Pos220_F,0.0,5.586715292329293e-07,Pos101-Pos220
101,220,Pos101_S-Pos220_S,0.0,5.586715292329293e-07,Pos101-Pos220
101,220,Pos101_S-Pos220_T,0.0,5.586715292329293e-07,Pos101-Pos220
101,220,Pos101_S-Pos220_C,0.0,5.586715292329293e-07,Pos101-Pos220
101,220,Pos101_V-Pos220_V,0.00020273988472789412,0.00018620706615484335,Pos101-Pos220
101,220,Pos101_V-Pos220_I,0.0,1.132442288985668e-06,Pos101-Pos220
101,220,Pos101_V-Pos220_D,0.0,8.388461399893835e-09,Pos101-Pos220
101,220,Pos101_V-Pos220_F,0.0,8.388461399893835e-09,Pos101-Pos220
101,220,Pos101_V-Pos220_S,0.0,8.388461399893835e-09,Pos101-Pos220
101,220,Pos101_V-Pos220_T,0.0,8.388461399893835e-09,Pos101-Pos220
101,220,Pos101_V-Pos220_C,0.0,8.388461399893835e-09,Pos101-Pos220
101,220,Pos101_D-Pos220_V,0.00020273988472789412,0.0002606898926167807,Pos101-Pos220
101,220,Pos101_D-Pos220_I,0.0,1.585419204579935e-06,Pos101-Pos220
101,220,Pos101_D-Pos220_D,0.0,1.174384595985137e-08,Pos101-Pos220
101,220,Pos101_D-Pos220_F,0.0,1.174384595985137e-08,Pos101-Pos220
101,220,Pos101_D-Pos220_S,0.0,1.174384595985137e-08,Pos101-Pos220
101,220,Pos101_D-Pos220_T,0.0,1.174384595985137e-08,Pos101-Pos220
101,220,Pos101_D-Pos220_C,0.0,1.174384595985137e-08,Pos101-Pos220
101,220,Pos101_R-Pos220_V,0.0,1.8620706615484334e-05,Pos101-Pos220
101,220,Pos101_R-Pos220_I,0.0,1.1324422889856677e-07,Pos101-Pos220
101,220,Pos101_R-Pos220_D,0.0,8.388461399893834e-10,Pos101-Pos220
101,220,Pos101_R-Pos220_F,0.0,8.388461399893834e-10,Pos101-Pos220
101,220,Pos101_R-Pos220_S,0.0,8.388461399893834e-10,Pos101-Pos220
101,220,Pos101_R-Pos220_T,0.0,8.388461399893834e-10,Pos101-Pos220
101,220,Pos101_R-Pos220_C,0.0,8.388461399893834e-10,Pos101-Pos220
101,220,Pos101_*-Pos220_V,0.0,1.8620706615484334e-05,Pos101-Pos220
101,220,Pos101_*-Pos220_I,0.0,1.1324422889856677e-07,Pos101-Pos220
101,220,Pos101_*-Pos220_D,0.0,8.388461399893834e-10,Pos101-Pos220
101,220,Pos101_*-Pos220_F,0.0,8.388461399893834e-10,Pos101-Pos220
101,220,Pos101_*-Pos220_S,0.0,8.388461399893834e-10,Pos101-Pos220
101,220,Pos101_*-Pos220_T,0.0,8.388461399893834e-10,Pos101-Pos220
101,220,Pos101_*-Pos220_C,0.0,8.388461399893834e-10,Pos101-Pos220
101,225,Pos101_S-Pos225_I,0.017493555767949722,0.008767790979781594,Pos101-Pos225
101,225,Pos101_S-Pos225_T,0.0009268109016132302,0.010209722196731785,Pos101-Pos225
101,225,Pos101_S-Pos225_L,0.00020273988472789412,0.00013743319619130063,Pos101-Pos225
101,225,Pos101_S-Pos225_Q,5.7925681350826886e-05,9.441548844036507e-05,Pos101-Pos225
101,225,Pos101_S-Pos225_M,2.8962840675413443e-05,2.681623340318061e-05,Pos101-Pos225
101,225,Pos101_S-Pos225_N,0.0005792568135082689,2.1788189640084247e-05,Pos101-Pos225
101,225,Pos101_S-Pos225_E,0.0,1.8436160464686668e-05,Pos101-Pos225
101,225,Pos101_S-Pos225_R,0.0,5.586715292329293e-07,Pos101-Pos225
101,225,Pos101_S-Pos225_P,0.0,5.586715292329293e-07,Pos101-Pos225
101,225,Pos101_V-Pos225_I,8.688852202624034e-05,0.00013164851320993383,Pos101-Pos225
101,225,Pos101_V-Pos225_T,0.00020273988472789412,0.00015329913208305985,Pos101-Pos225
101,225,Pos101_V-Pos225_L,0.0,2.0635615043738835e-06,Pos101-Pos225
101,225,Pos101_V-Pos225_Q,0.0,1.4176499765820582e-06,Pos101-Pos225
101,225,Pos101_V-Pos225_M,0.0,4.026461471949041e-07,Pos101-Pos225
101,225,Pos101_V-Pos225_N,0.0,3.2714999459585956e-07,Pos101-Pos225
101,225,Pos101_V-Pos225_E,0.0,2.7681922619649657e-07,Pos101-Pos225
101,225,Pos101_V-Pos225_R,0.0,8.388461399893835e-09,Pos101-Pos225
101,225,Pos101_V-Pos225_P,0.0,8.388461399893835e-09,Pos101-Pos225
101,225,Pos101_D-Pos225_I,0.00020273988472789412,0.00018430791849390738,Pos101-Pos225
101,225,Pos101_D-Pos225_T,0.00020273988472789412,0.0002146187849162838,Pos101-Pos225
101,225,Pos101_D-Pos225_L,0.0,2.888986106123437e-06,Pos101-Pos225
101,225,Pos101_D-Pos225_Q,0.0,1.9847099672148818e-06,Pos101-Pos225
101,225,Pos101_D-Pos225_M,0.0,5.637046060728658e-07,Pos101-Pos225
101,225,Pos101_D-Pos225_N,0.0,4.580099924342034e-07,Pos101-Pos225
101,225,Pos101_D-Pos225_E,0.0,3.875469166750952e-07,Pos101-Pos225
101,225,Pos101_D-Pos225_R,0.0,1.174384595985137e-08,Pos101-Pos225
101,225,Pos101_D-Pos225_P,0.0,1.174384595985137e-08,Pos101-Pos225
101,225,Pos101_R-Pos225_I,2.8962840675413443e-05,1.3164851320993384e-05,Pos101-Pos225
101,225,Pos101_R-Pos225_T,0.0,1.5329913208305984e-05,Pos101-Pos225
101,225,Pos101_R-Pos225_L,0.0,2.0635615043738835e-07,Pos101-Pos225
101,225,Pos101_R-Pos225_Q,0.0,1.417649976582058e-07,Pos101-Pos225
101,225,Pos101_R-Pos225_M,0.0,4.0264614719490405e-08,Pos101-Pos225
101,225,Pos101_R-Pos225_N,0.0,3.271499945958596e-08,Pos101-Pos225
101,225,Pos101_R-Pos225_E,0.0,2.7681922619649653e-08,Pos101-Pos225
101,225,Pos101_R-Pos225_R,0.0,8.388461399893834e-10,Pos101-Pos225
101,225,Pos101_R-Pos225_P,0.0,8.388461399893834e-10,Pos101-Pos225
101,225,Pos101_*-Pos225_I,2.8962840675413443e-05,1.3164851320993384e-05,Pos101-Pos225
101,225,Pos101_*-Pos225_T,0.0,1.5329913208305984e-05,Pos101-Pos225
101,225,Pos101_*-Pos225_L,0.0,2.0635615043738835e-07,Pos101-Pos225
101,225,Pos101_*-Pos225_Q,0.0,1.417649976582058e-07,Pos101-Pos225
101,225,Pos101_*-Pos225_M,0.0,4.0264614719490405e-08,Pos101-Pos225
101,225,Pos101_*-Pos225_N,0.0,3.271499945958596e-08,Pos101-Pos225
101,225,Pos101_*-Pos225_E,0.0,2.7681922619649653e-08,Pos101-Pos225
101,225,Pos101_*-Pos225_R,0.0,8.388461399893834e-10,Pos101-Pos225
101,225,Pos101_*-Pos225_P,0.0,8.388461399893834e-10,Pos101-Pos225
101,227,Pos101_S-Pos227_V,0.000521331132157442,0.002681623340318061,Pos101-Pos227
101,227,Pos101_S-Pos227_T,5.7925681350826886e-05,1.4525459760056165e-05,Pos101-Pos227
101,227,Pos101_S-Pos227_F,0.0,4.469372233863434e-06,Pos101-Pos227
101,227,Pos101_S-Pos227_S,0.0,5.586715292329293e-07,Pos101-Pos227
101,227,Pos101_S-Pos227_L,0.0,1.1173430584658586e-06,Pos101-Pos227
101,227,Pos101_V-Pos227_V,0.0,4.0264614719490405e-05,Pos101-Pos227
101,227,Pos101_V-Pos227_T,0.0,2.1809999639723972e-07,Pos101-Pos227
101,227,Pos101_V-Pos227_F,0.0,6.710769119915068e-08,Pos101-Pos227
101,227,Pos101_V-Pos227_S,0.0,8.388461399893835e-09,Pos101-Pos227
101,227,Pos101_V-Pos227_L,0.0,1.677692279978767e-08,Pos101-Pos227
101,227,Pos101_D-Pos227_V,0.0,5.637046060728657e-05,Pos101-Pos227
101,227,Pos101_D-Pos227_T,0.0,3.0533999495613565e-07,Pos101-Pos227
101,227,Pos101_D-Pos227_F,0.0,9.395076767881095e-08,Pos101-Pos227
101,227,Pos101_D-Pos227_S,0.0,1.174384595985137e-08,Pos101-Pos227
101,227,Pos101_D-Pos227_L,0.0,2.348769191970274e-08,Pos101-Pos227
101,227,Pos101_R-Pos227_V,0.0,4.02646147194904e-06,Pos101-Pos227
101,227,Pos101_R-Pos227_T,0.0,2.180999963972397e-08,Pos101-Pos227
101,227,Pos101_R-Pos227_F,0.0,6.710769119915067e-09,Pos101-Pos227
101,227,Pos101_R-Pos227_S,0.0,8.388461399893834e-10,Pos101-Pos227
101,227,Pos101_R-Pos227_L,0.0,1.6776922799787667e-09,Pos101-Pos227
101,227,Pos101_*-Pos227_V,0.0,4.02646147194904e-06,Pos101-Pos227
101,227,Pos101_*-Pos227_T,0.0,2.180999963972397e-08,Pos101-Pos227
101,227,Pos101_*-Pos227_F,0.0,6.710769119915067e-09,Pos101-Pos227
101,227,Pos101_*-Pos227_S,0.0,8.388461399893834e-10,Pos101-Pos227
101,227,Pos101_*-Pos227_L,0.0,1.6776922799787667e-09,Pos101-Pos227
101,231,Pos101_S-Pos231_R,0.0004344426101312017,0.0015447267783290496,Pos101-Pos231
101,231,Pos101_S-Pos231_S,0.000260665566078721,0.005073296156964231,Pos101-Pos231
101,231,Pos101_S-Pos231_H,0.0,5.586715292329293e-07,Pos101-Pos231
101,231,Pos101_S-Pos231_N,0.0,4.469372233863434e-06,Pos101-Pos231
101,231,Pos101_S-Pos231_G,0.0,4.469372233863434e-06,Pos101-Pos231
101,231,Pos101_S-Pos231_Y,0.0,4.469372233863434e-06,Pos101-Pos231
101,231,Pos101_S-Pos231_I,0.0,1.1173430584658586e-06,Pos101-Pos231
101,231,Pos101_S-Pos231_F,0.0,2.234686116931717e-06,Pos101-Pos231
101,231,Pos101_S-Pos231_*,0.0,1.6760145876987882e-06,Pos101-Pos231
101,231,Pos101_S-Pos231_L,0.0,5.586715292329293e-07,Pos101-Pos231
101,231,Pos101_V-Pos231_R,2.8962840675413443e-05,2.319409577070645e-05,Pos101-Pos231
101,231,Pos101_V-Pos231_S,0.00014481420337706722,7.617561797243591e-05,Pos101-Pos231
101,231,Pos101_V-Pos231_H,0.0,8.388461399893835e-09,Pos101-Pos231
101,231,Pos101_V-Pos231_N,0.0,6.710769119915068e-08,Pos101-Pos231
101,231,Pos101_V-Pos231_G,0.0,6.710769119915068e-08,Pos101-Pos231
101,231,Pos101_V-Pos231_Y,0.0,6.710769119915068e-08,Pos101-Pos231
101,231,Pos101_V-Pos231_I,0.0,1.677692279978767e-08,Pos101-Pos231
101,231,Pos101_V-Pos231_F,0.0,3.355384559957534e-08,Pos101-Pos231
101,231,Pos101_V-Pos231_*,0.0,2.5165384199681506e-08,Pos101-Pos231
101,231,Pos101_V-Pos231_L,0.0,8.388461399893835e-09,Pos101-Pos231
101,231,Pos101_D-Pos231_R,2.8962840675413443e-05,3.247173407898904e-05,Pos101-Pos231
101,231,Pos101_D-Pos231_S,0.00020273988472789412,0.00010664586516141028,Pos101-Pos231
101,231,Pos101_D-Pos231_H,0.0,1.174384595985137e-08,Pos101-Pos231
101,231,Pos101_D-Pos231_N,0.0,9.395076767881095e-08,Pos101-Pos231
101,231,Pos101_D-Pos231_G,0.0,9.395076767881095e-08,Pos101-Pos231
101,231,Pos101_D-Pos231_Y,0.0,9.395076767881095e-08,Pos101-Pos231
101,231,Pos101_D-Pos231_I,0.0,2.348769191970274e-08,Pos101-Pos231
101,231,Pos101_D-Pos231_F,0.0,4.697538383940548e-08,Pos101-Pos231
101,231,Pos101_D-Pos231_*,0.0,3.523153787955411e-08,Pos101-Pos231
101,231,Pos101_D-Pos231_L,0.0,1.174384595985137e-08,Pos101-Pos231
101,231,Pos101_R-Pos231_R,0.0,2.319409577070645e-06,Pos101-Pos231
101,231,Pos101_R-Pos231_S,0.0,7.6175617972435905e-06,Pos101-Pos231
101,231,Pos101_R-Pos231_H,0.0,8.388461399893834e-10,Pos101-Pos231
101,231,Pos101_R-Pos231_N,0.0,6.710769119915067e-09,Pos101-Pos231
101,231,Pos101_R-Pos231_G,0.0,6.710769119915067e-09,Pos101-Pos231
101,231,Pos101_R-Pos231_Y,0.0,6.710769119915067e-09,Pos101-Pos231
101,231,Pos101_R-Pos231_I,0.0,1.6776922799787667e-09,Pos101-Pos231
101,231,Pos101_R-Pos231_F,0.0,3.3553845599575335e-09,Pos101-Pos231
101,231,Pos101_R-Pos231_*,0.0,2.5165384199681503e-09,Pos101-Pos231
101,231,Pos101_R-Pos231_L,0.0,8.388461399893834e-10,Pos101-Pos231
101,231,Pos101_*-Pos231_R,0.0,2.319409577070645e-06,Pos101-Pos231
101,231,Pos101_*-Pos231_S,0.0,7.6175617972435905e-06,Pos101-Pos231
101,231,Pos101_*-Pos231_H,0.0,8.388461399893834e-10,Pos101-Pos231
101,231,Pos101_*-Pos231_N,0.0,6.710769119915067e-09,Pos101-Pos231
101,231,Pos101_*-Pos231_G,0.0,6.710769119915067e-09,Pos101-Pos231
101,231,Pos101_*-Pos231_Y,0.0,6.710769119915067e-09,Pos101-Pos231
101,231,Pos101_*-Pos231_I,0.0,1.6776922799787667e-09,Pos101-Pos231
101,231,Pos101_*-Pos231_F,0.0,3.3553845599575335e-09,Pos101-Pos231
101,231,Pos101_*-Pos231_*,0.0,2.5165384199681503e-09,Pos101-Pos231
101,231,Pos101_*-Pos231_L,0.0,8.388461399893834e-10,Pos101-Pos231
101,292,Pos101_S-Pos292_N,0.000260665566078721,0.001011754139440835,Pos101-Pos292
101,292,Pos101_S-Pos292_R,0.0,3.910700704630506e-06,Pos101-Pos292
101,292,Pos101_S-Pos292_I,0.0,1.0614759055425658e-05,Pos101-Pos292
101,292,Pos101_S-Pos292_G,0.0,2.234686116931717e-06,Pos101-Pos292
101,292,Pos101_S-Pos292_T,0.0,2.234686116931717e-06,Pos101-Pos292
101,292,Pos101_S-Pos292_C,0.0,5.586715292329293e-07,Pos101-Pos292
101,292,Pos101_V-Pos292_N,2.8962840675413443e-05,1.5191503595207736e-05,Pos101-Pos292
101,292,Pos101_V-Pos292_R,0.0,5.871922979925685e-08,Pos101-Pos292
101,292,Pos101_V-Pos292_I,0.0,1.5938076659798288e-07,Pos101-Pos292
101,292,Pos101_V-Pos292_G,0.0,3.355384559957534e-08,Pos101-Pos292
101,292,Pos101_V-Pos292_T,0.0,3.355384559957534e-08,Pos101-Pos292
101,292,Pos101_V-Pos292_C,0.0,8.388461399893835e-09,Pos101-Pos292
101,292,Pos101_D-Pos292_N,0.0,2.1268105033290832e-05,Pos101-Pos292
101,292,Pos101_D-Pos292_R,0.0,8.220692171895959e-08,Pos101-Pos292
101,292,Pos101_D-Pos292_I,0.0,2.2313307323717604e-07,Pos101-Pos292
101,292,Pos101_D-Pos292_G,0.0,4.697538383940548e-08,Pos101-Pos292
101,292,Pos101_D-Pos292_T,0.0,4.697538383940548e-08,Pos101-Pos292
101,292,Pos101_D-Pos292_C,0.0,1.174384595985137e-08,Pos101-Pos292
101,292,Pos101_R-Pos292_N,0.0,1.5191503595207735e-06,Pos101-Pos292
101,292,Pos101_R-Pos292_R,0.0,5.871922979925685e-09,Pos101-Pos292
101,292,Pos101_R-Pos292_I,0.0,1.5938076659798288e-08,Pos101-Pos292
101,292,Pos101_R-Pos292_G,0.0,3.3553845599575335e-09,Pos101-Pos292
101,292,Pos101_R-Pos292_T,0.0,3.3553845599575335e-09,Pos101-Pos292
101,292,Pos101_R-Pos292_C,0.0,8.388461399893834e-10,Pos101-Pos292
101,292,Pos101_*-Pos292_N,0.0,1.5191503595207735e-06,Pos101-Pos292
101,292,Pos101_*-Pos292_R,0.0,5.871922979925685e-09,Pos101-Pos292
101,292,Pos101_*-Pos292_I,0.0,1.5938076659798288e-08,Pos101-Pos292
101,292,Pos101_*-Pos292_G,0.0,3.3553845599575335e-09,Pos101-Pos292
101,292,Pos101_*-Pos292_T,0.0,3.3553845599575335e-09,Pos101-Pos292
101,292,Pos101_*-Pos292_C,0.0,8.388461399893834e-10,Pos101-Pos292
138,154,Pos138_D-Pos154_G,8.688852202624034e-05,0.0009059051781124148,Pos138-Pos154
138,154,Pos138_D-Pos154_*,0.0,2.295921885150943e-06,Pos138-Pos154
138,154,Pos138_D-Pos154_D,0.0,1.6399442036792447e-06,Pos138-Pos154
138,154,Pos138_D-Pos154_K,0.0,2.295921885150943e-06,Pos138-Pos154
138,154,Pos138_D-Pos154_A,0.0003765169287803748,5.903799133245281e-06,Pos138-Pos154
138,154,Pos138_D-Pos154_V,0.0,3.2798884073584896e-07,Pos138-Pos154
138,154,Pos138_Y-Pos154_G,0.0,2.3168930386506773e-06,Pos138-Pos154
138,154,Pos138_Y-Pos154_*,0.0,5.871922979925685e-09,Pos138-Pos154
138,154,Pos138_Y-Pos154_D,0.0,4.1942306999469175e-09,Pos138-Pos154
138,154,Pos138_Y-Pos154_K,0.0,5.871922979925685e-09,Pos138-Pos154
138,154,Pos138_Y-Pos154_A,0.0,1.5099230519808902e-08,Pos138-Pos154
138,154,Pos138_Y-Pos154_V,0.0,8.388461399893834e-10,Pos138-Pos154
138,154,Pos138_S-Pos154_G,0.0,4.633786077301355e-06,Pos138-Pos154
138,154,Pos138_S-Pos154_*,0.0,1.174384595985137e-08,Pos138-Pos154
138,154,Pos138_S-Pos154_D,0.0,8.388461399893835e-09,Pos138-Pos154
138,154,Pos138_S-Pos154_K,0.0,1.174384595985137e-08,Pos138-Pos154
138,154,Pos138_S-Pos154_A,0.0,3.0198461039617804e-08,Pos138-Pos154
138,154,Pos138_S-Pos154_V,0.0,1.6776922799787667e-09,Pos138-Pos154
138,154,Pos138_T-Pos154_G,0.0,4.633786077301355e-06,Pos138-Pos154
138,154,Pos138_T-Pos154_*,0.0,1.174384595985137e-08,Pos138-Pos154
138,154,Pos138_T-Pos154_D,0.0,8.388461399893835e-09,Pos138-Pos154
138,154,Pos138_T-Pos154_K,0.0,1.174384595985137e-08,Pos138-Pos154
138,154,Pos138_T-Pos154_A,0.0,3.0198461039617804e-08,Pos138-Pos154
138,154,Pos138_T-Pos154_V,0.0,1.6776922799787667e-09,Pos138-Pos154
138,162,Pos138_D-Pos162_C,8.688852202624034e-05,0.0019226705843935466,Pos138-Pos162
138,162,Pos138_D-Pos162_I,2.8962840675413443e-05,0.00023680794301128292,Pos138-Pos162
138,162,Pos138_D-Pos162_N,0.0,2.295921885150943e-06,Pos138-Pos162
138,162,Pos138_D-Pos162_R,0.0,9.83966522207547e-07,Pos138-Pos162
138,162,Pos138_D-Pos162_F,0.0,6.559776814716979e-07,Pos138-Pos162
138,162,Pos138_D-Pos162_G,0.0,9.83966522207547e-07,Pos138-Pos162
138,162,Pos138_D-Pos162_*,0.0,3.2798884073584896e-07,Pos138-Pos162
138,162,Pos138_D-Pos162_Q,0.0,3.2798884073584896e-07,Pos138-Pos162
138,162,Pos138_D-Pos162_T,0.0,6.559776814716979e-07,Pos138-Pos162
138,162,Pos138_D-Pos162_Y,0.0,6.559776814716979e-07,Pos138-Pos162
138,162,Pos138_Y-Pos162_C,0.0,4.917316072617766e-06,Pos138-Pos162
138,162,Pos138_Y-Pos162_I,0.0,6.056469130723348e-07,Pos138-Pos162
138,162,Pos138_Y-Pos162_N,0.0,5.871922979925685e-09,Pos138-Pos162
138,162,Pos138_Y-Pos162_R,0.0,2.5165384199681503e-09,Pos138-Pos162
138,162,Pos138_Y-Pos162_F,0.0,1.6776922799787667e-09,Pos138-Pos162
138,162,Pos138_Y-Pos162_G,0.0,2.5165384199681503e-09,Pos138-Pos162
138,162,Pos138_Y-Pos162_*,0.0,8.388461399893834e-10,Pos138-Pos162
138,162,Pos138_Y-Pos162_Q,0.0,8.388461399893834e-10,Pos138-Pos162
138,162,Pos138_Y-Pos162_T,0.0,1.6776922799787667e-09,Pos138-Pos162
138,162,Pos138_Y-Pos162_Y,0.0,1.6776922799787667e-09,Pos138-Pos162
138,162,Pos138_S-Pos162_C,0.0,9.834632145235532e-06,Pos138-Pos162
138,162,Pos138_S-Pos162_I,0.0,1.2112938261446696e-06,Pos138-Pos162
138,162,Pos138_S-Pos162_N,0.0,1.174384595985137e-08,Pos138-Pos162
138,162,Pos138_S-Pos162_R,0.0,5.033076839936301e-09,Pos138-Pos162
138,162,Pos138_S-Pos162_F,0.0,3.3553845599575335e-09,Pos138-Pos162
138,162,Pos138_S-Pos162_G,0.0,5.033076839936301e-09,Pos138-Pos162
138,162,Pos138_S-Pos162_*,0.0,1.6776922799787667e-09,Pos138-Pos162
138,162,Pos138_S-Pos162_Q,0.0,1.6776922799787667e-09,Pos138-Pos162
138,162,Pos138_S-Pos162_T,0.0,3.3553845599575335e-09,Pos138-Pos162
138,162,Pos138_S-Pos162_Y,0.0,3.3553845599575335e-09,Pos138-Pos162
138,162,Pos138_T-Pos162_C,0.0,9.834632145235532e-06,Pos138-Pos162
138,162,Pos138_T-Pos162_I,0.0,1.2112938261446696e-06,Pos138-Pos162
138,162,Pos138_T-Pos162_N,0.0,1.174384595985137e-08,Pos138-Pos162
138,162,Pos138_T-Pos162_R,0.0,5.033076839936301e-09,Pos138-Pos162
138,162,Pos138_T-Pos162_F,0.0,3.3553845599575335e-09,Pos138-Pos162
138,162,Pos138_T-Pos162_G,0.0,5.033076839936301e-09,Pos138-Pos162
138,162,Pos138_T-Pos162_*,0.0,1.6776922799787667e-09,Pos138-Pos162
138,162,Pos138_T-Pos162_Q,0.0,1.6776922799787667e-09,Pos138-Pos162
138,162,Pos138_T-Pos162_T,0.0,3.3553845599575335e-09,Pos138-Pos162
138,162,Pos138_T-Pos162_Y,0.0,3.3553845599575335e-09,Pos138-Pos162
138,199,Pos138_D-Pos199_S,5.7925681350826886e-05,0.0005815242146246602,Pos138-Pos199
138,199,Pos138_D-Pos199_G,0.0,6.559776814716979e-07,Pos138-Pos199
138,199,Pos138_D-Pos199_T,0.0,5.247821451773583e-06,Pos138-Pos199
138,199,Pos138_D-Pos199_V,0.0,1.967933044415094e-06,Pos138-Pos199
138,199,Pos138_D-Pos199_N,0.0,2.3287207692245274e-05,Pos138-Pos199
138,199,Pos138_D-Pos199_D,2.8962840675413443e-05,8.527709859132074e-06,Pos138-Pos199
138,199,Pos138_D-Pos199_F,0.0,1.6399442036792447e-06,Pos138-Pos199
138,199,Pos138_Y-Pos199_S,2.8962840675413443e-05,1.4872742062011768e-06,Pos138-Pos199
138,199,Pos138_Y-Pos199_G,0.0,1.6776922799787667e-09,Pos138-Pos199
138,199,Pos138_Y-Pos199_T,0.0,1.3421538239830134e-08,Pos138-Pos199
138,199,Pos138_Y-Pos199_V,0.0,5.033076839936301e-09,Pos138-Pos199
138,199,Pos138_Y-Pos199_N,0.0,5.9558075939246225e-08,Pos138-Pos199
138,199,Pos138_Y-Pos199_D,0.0,2.180999963972397e-08,Pos138-Pos199
138,199,Pos138_Y-Pos199_F,0.0,4.1942306999469175e-09,Pos138-Pos199
138,199,Pos138_S-Pos199_S,0.0,2.9745484124023537e-06,Pos138-Pos199
138,199,Pos138_S-Pos199_G,0.0,3.3553845599575335e-09,Pos138-Pos199
138,199,Pos138_S-Pos199_T,0.0,2.6843076479660268e-08,Pos138-Pos199
138,199,Pos138_S-Pos199_V,0.0,1.0066153679872601e-08,Pos138-Pos199
138,199,Pos138_S-Pos199_N,0.0,1.1911615187849245e-07,Pos138-Pos199
138,199,Pos138_S-Pos199_D,0.0,4.361999927944794e-08,Pos138-Pos199
138,199,Pos138_S-Pos199_F,0.0,8.388461399893835e-09,Pos138-Pos199
138,199,Pos138_T-Pos199_S,0.0,2.9745484124023537e-06,Pos138-Pos199
138,199,Pos138_T-Pos199_G,0.0,3.3553845599575335e-09,Pos138-Pos199
138,199,Pos138_T-Pos199_T,0.0,2.6843076479660268e-08,Pos138-Pos199
138,199,Pos138_T-Pos199_V,0.0,1.0066153679872601e-08,Pos138-Pos199
138,199,Pos138_T-Pos199_N,0.0,1.1911615187849245e-07,Pos138-Pos199
138,199,Pos138_T-Pos199_D,0.0,4.361999927944794e-08,Pos138-Pos199
138,199,Pos138_T-Pos199_F,0.0,8.388461399893835e-09,Pos138-Pos199
138,220,Pos138_D-Pos220_V,0.004460277464013671,0.007280696286654374,Pos138-Pos220
138,220,Pos138_D-Pos220_I,0.0,4.427849349933961e-05,Pos138-Pos220
138,220,Pos138_D-Pos220_D,0.0,3.2798884073584896e-07,Pos138-Pos220
138,220,Pos138_D-Pos220_F,0.0,3.2798884073584896e-07,Pos138-Pos220
138,220,Pos138_D-Pos220_S,0.0,3.2798884073584896e-07,Pos138-Pos220
138,220,Pos138_D-Pos220_T,0.0,3.2798884073584896e-07,Pos138-Pos220
138,220,Pos138_D-Pos220_C,0.0,3.2798884073584896e-07,Pos138-Pos220
138,220,Pos138_Y-Pos220_V,0.0,1.8620706615484334e-05,Pos138-Pos220
138,220,Pos138_Y-Pos220_I,0.0,1.1324422889856677e-07,Pos138-Pos220
138,220,Pos138_Y-Pos220_D,0.0,8.388461399893834e-10,Pos138-Pos220
138,220,Pos138_Y-Pos220_F,0.0,8.388461399893834e-10,Pos138-Pos220
138,220,Pos138_Y-Pos220_S,0.0,8.388461399893834e-10,Pos138-Pos220
138,220,Pos138_Y-Pos220_T,0.0,8.388461399893834e-10,Pos138-Pos220
138,220,Pos138_Y-Pos220_C,0.0,8.388461399893834e-10,Pos138-Pos220
138,220,Pos138_S-Pos220_V,5.7925681350826886e-05,3.724141323096867e-05,Pos138-Pos220
138,220,Pos138_S-Pos220_I,0.0,2.2648845779713355e-07,Pos138-Pos220
138,220,Pos138_S-Pos220_D,0.0,1.6776922799787667e-09,Pos138-Pos220
138,220,Pos138_S-Pos220_F,0.0,1.6776922799787667e-09,Pos138-Pos220
138,220,Pos138_S-Pos220_S,0.0,1.6776922799787667e-09,Pos138-Pos220
138,220,Pos138_S-Pos220_T,0.0,1.6776922799787667e-09,Pos138-Pos220
138,220,Pos138_S-Pos220_C,0.0,1.6776922799787667e-09,Pos138-Pos220
138,220,Pos138_T-Pos220_V,5.7925681350826886e-05,3.724141323096867e-05,Pos138-Pos220
138,220,Pos138_T-Pos220_I,0.0,2.2648845779713355e-07,Pos138-Pos220
138,220,Pos138_T-Pos220_D,0.0,1.6776922799787667e-09,Pos138-Pos220
138,220,Pos138_T-Pos220_F,0.0,1.6776922799787667e-09,Pos138-Pos220
138,220,Pos138_T-Pos220_S,0.0,1.6776922799787667e-09,Pos138-Pos220
138,220,Pos138_T-Pos220_T,0.0,1.6776922799787667e-09,Pos138-Pos220
138,220,Pos138_T-Pos220_C,0.0,1.6776922799787667e-09,Pos138-Pos220
138,225,Pos138_D-Pos225_I,0.009760477307614332,0.0051474568665084135,Pos138-Pos225
138,225,Pos138_D-Pos225_T,0.001303327830393605,0.00599399606444764,Pos138-Pos225
138,225,Pos138_D-Pos225_L,0.0,8.068525482101884e-05,Pos138-Pos225
138,225,Pos138_D-Pos225_Q,0.00023170272540330754,5.543011408435848e-05,Pos138-Pos225
138,225,Pos138_D-Pos225_M,0.0,1.574346435532075e-05,Pos138-Pos225
138,225,Pos138_D-Pos225_N,0.0,1.279156478869811e-05,Pos138-Pos225
138,225,Pos138_D-Pos225_E,2.8962840675413443e-05,1.0823631744283015e-05,Pos138-Pos225
138,225,Pos138_D-Pos225_R,0.0,3.2798884073584896e-07,Pos138-Pos225
138,225,Pos138_D-Pos225_P,0.0,3.2798884073584896e-07,Pos138-Pos225
138,225,Pos138_Y-Pos225_I,2.8962840675413443e-05,1.3164851320993384e-05,Pos138-Pos225
138,225,Pos138_Y-Pos225_T,0.0,1.5329913208305984e-05,Pos138-Pos225
138,225,Pos138_Y-Pos225_L,0.0,2.0635615043738835e-07,Pos138-Pos225
138,225,Pos138_Y-Pos225_Q,0.0,1.417649976582058e-07,Pos138-Pos225
138,225,Pos138_Y-Pos225_M,0.0,4.0264614719490405e-08,Pos138-Pos225
138,225,Pos138_Y-Pos225_N,0.0,3.271499945958596e-08,Pos138-Pos225
138,225,Pos138_Y-Pos225_E,0.0,2.7681922619649653e-08,Pos138-Pos225
138,225,Pos138_Y-Pos225_R,0.0,8.388461399893834e-10,Pos138-Pos225
138,225,Pos138_Y-Pos225_P,0.0,8.388461399893834e-10,Pos138-Pos225
138,225,Pos138_S-Pos225_I,2.8962840675413443e-05,2.6329702641986767e-05,Pos138-Pos225
138,225,Pos138_S-Pos225_T,2.8962840675413443e-05,3.065982641661197e-05,Pos138-Pos225
138,225,Pos138_S-Pos225_L,0.0,4.127123008747767e-07,Pos138-Pos225
138,225,Pos138_S-Pos225_Q,0.0,2.835299953164116e-07,Pos138-Pos225
138,225,Pos138_S-Pos225_M,0.0,8.052922943898081e-08,Pos138-Pos225
138,225,Pos138_S-Pos225_N,0.0,6.542999891917191e-08,Pos138-Pos225
138,225,Pos138_S-Pos225_E,0.0,5.536384523929931e-08,Pos138-Pos225
138,225,Pos138_S-Pos225_R,0.0,1.6776922799787667e-09,Pos138-Pos225
138,225,Pos138_S-Pos225_P,0.0,1.6776922799787667e-09,Pos138-Pos225
138,225,Pos138_T-Pos225_I,0.0,2.6329702641986767e-05,Pos138-Pos225
138,225,Pos138_T-Pos225_T,5.7925681350826886e-05,3.065982641661197e-05,Pos138-Pos225
138,225,Pos138_T-Pos225_L,0.0,4.127123008747767e-07,Pos138-Pos225
138,225,Pos138_T-Pos225_Q,0.0,2.835299953164116e-07,Pos138-Pos225
138,225,Pos138_T-Pos225_M,0.0,8.052922943898081e-08,Pos138-Pos225
138,225,Pos138_T-Pos225_N,0.0,6.542999891917191e-08,Pos138-Pos225
138,225,Pos138_T-Pos225_E,0.0,5.536384523929931e-08,Pos138-Pos225
138,225,Pos138_T-Pos225_R,0.0,1.6776922799787667e-09,Pos138-Pos225
138,225,Pos138_T-Pos225_P,0.0,1.6776922799787667e-09,Pos138-Pos225
138,227,Pos138_D-Pos227_V,0.00023170272540330754,0.0015743464355320747,Pos138-Pos227
138,227,Pos138_D-Pos227_T,2.8962840675413443e-05,8.527709859132074e-06,Pos138-Pos227
138,227,Pos138_D-Pos227_F,0.0,2.6239107258867916e-06,Pos138-Pos227
138,227,Pos138_D-Pos227_S,0.0,3.2798884073584896e-07,Pos138-Pos227
138,227,Pos138_D-Pos227_L,0.0,6.559776814716979e-07,Pos138-Pos227
138,227,Pos138_Y-Pos227_V,0.0,4.02646147194904e-06,Pos138-Pos227
138,227,Pos138_Y-Pos227_T,0.0,2.180999963972397e-08,Pos138-Pos227
138,227,Pos138_Y-Pos227_F,0.0,6.710769119915067e-09,Pos138-Pos227
138,227,Pos138_Y-Pos227_S,0.0,8.388461399893834e-10,Pos138-Pos227
138,227,Pos138_Y-Pos227_L,0.0,1.6776922799787667e-09,Pos138-Pos227
138,227,Pos138_S-Pos227_V,2.8962840675413443e-05,8.05292294389808e-06,Pos138-Pos227
138,227,Pos138_S-Pos227_T,0.0,4.361999927944794e-08,Pos138-Pos227
138,227,Pos138_S-Pos227_F,0.0,1.3421538239830134e-08,Pos138-Pos227
138,227,Pos138_S-Pos227_S,0.0,1.6776922799787667e-09,Pos138-Pos227
138,227,Pos138_S-Pos227_L,0.0,3.3553845599575335e-09,Pos138-Pos227
138,227,Pos138_T-Pos227_V,0.0,8.05292294389808e-06,Pos138-Pos227
138,227,Pos138_T-Pos227_T,0.0,4.361999927944794e-08,Pos138-Pos227
138,227,Pos138_T-Pos227_F,0.0,1.3421538239830134e-08,Pos138-Pos227
138,227,Pos138_T-Pos227_S,0.0,1.6776922799787667e-09,Pos138-Pos227
138,227,Pos138_T-Pos227_L,0.0,3.3553845599575335e-09,Pos138-Pos227
138,231,Pos138_D-Pos231_R,0.00023170272540330754,0.0009068891446346223,Pos138-Pos231
138,231,Pos138_D-Pos231_S,0.0003765169287803748,0.002978466662722244,Pos138-Pos231
138,231,Pos138_D-Pos231_H,0.0,3.2798884073584896e-07,Pos138-Pos231
138,231,Pos138_D-Pos231_N,0.0,2.6239107258867916e-06,Pos138-Pos231
138,231,Pos138_D-Pos231_G,0.0,2.6239107258867916e-06,Pos138-Pos231
138,231,Pos138_D-Pos231_Y,0.0,2.6239107258867916e-06,Pos138-Pos231
138,231,Pos138_D-Pos231_I,0.0,6.559776814716979e-07,Pos138-Pos231
138,231,Pos138_D-Pos231_F,0.0,1.3119553629433958e-06,Pos138-Pos231
138,231,Pos138_D-Pos231_*,0.0,9.83966522207547e-07,Pos138-Pos231
138,231,Pos138_D-Pos231_L,0.0,3.2798884073584896e-07,Pos138-Pos231
138,231,Pos138_Y-Pos231_R,0.0,2.319409577070645e-06,Pos138-Pos231
138,231,Pos138_Y-Pos231_S,0.0,7.6175617972435905e-06,Pos138-Pos231
138,231,Pos138_Y-Pos231_H,0.0,8.388461399893834e-10,Pos138-Pos231
138,231,Pos138_Y-Pos231_N,0.0,6.710769119915067e-09,Pos138-Pos231
138,231,Pos138_Y-Pos231_G,0.0,6.710769119915067e-09,Pos138-Pos231
138,231,Pos138_Y-Pos231_Y,0.0,6.710769119915067e-09,Pos138-Pos231
138,231,Pos138_Y-Pos231_I,0.0,1.6776922799787667e-09,Pos138-Pos231
138,231,Pos138_Y-Pos231_F,0.0,3.3553845599575335e-09,Pos138-Pos231
138,231,Pos138_Y-Pos231_*,0.0,2.5165384199681503e-09,Pos138-Pos231
138,231,Pos138_Y-Pos231_L,0.0,8.388461399893834e-10,Pos138-Pos231
138,231,Pos138_S-Pos231_R,0.0,4.63881915414129e-06,Pos138-Pos231
138,231,Pos138_S-Pos231_S,2.8962840675413443e-05,1.5235123594487181e-05,Pos138-Pos231
138,231,Pos138_S-Pos231_H,0.0,1.6776922799787667e-09,Pos138-Pos231
138,231,Pos138_S-Pos231_N,0.0,1.3421538239830134e-08,Pos138-Pos231
138,231,Pos138_S-Pos231_G,0.0,1.3421538239830134e-08,Pos138-Pos231
138,231,Pos138_S-Pos231_Y,0.0,1.3421538239830134e-08,Pos138-Pos231
138,231,Pos138_S-Pos231_I,0.0,3.3553845599575335e-09,Pos138-Pos231
138,231,Pos138_S-Pos231_F,0.0,6.710769119915067e-09,Pos138-Pos231
138,231,Pos138_S-Pos231_*,0.0,5.033076839936301e-09,Pos138-Pos231
138,231,Pos138_S-Pos231_L,0.0,1.6776922799787667e-09,Pos138-Pos231
138,231,Pos138_T-Pos231_R,0.0,4.63881915414129e-06,Pos138-Pos231
138,231,Pos138_T-Pos231_S,5.7925681350826886e-05,1.5235123594487181e-05,Pos138-Pos231
138,231,Pos138_T-Pos231_H,0.0,1.6776922799787667e-09,Pos138-Pos231
138,231,Pos138_T-Pos231_N,0.0,1.3421538239830134e-08,Pos138-Pos231
138,231,Pos138_T-Pos231_G,0.0,1.3421538239830134e-08,Pos138-Pos231
138,231,Pos138_T-Pos231_Y,0.0,1.3421538239830134e-08,Pos138-Pos231
138,231,Pos138_T-Pos231_I,0.0,3.3553845599575335e-09,Pos138-Pos231
138,231,Pos138_T-Pos231_F,0.0,6.710769119915067e-09,Pos138-Pos231
138,231,Pos138_T-Pos231_*,0.0,5.033076839936301e-09,Pos138-Pos231
138,231,Pos138_T-Pos231_L,0.0,1.6776922799787667e-09,Pos138-Pos231
138,292,Pos138_D-Pos292_N,0.00017377704405248067,0.0005939877905726225,Pos138-Pos292
138,292,Pos138_D-Pos292_R,0.0,2.295921885150943e-06,Pos138-Pos292
138,292,Pos138_D-Pos292_I,0.0,6.231787973981131e-06,Pos138-Pos292
138,292,Pos138_D-Pos292_G,0.0,1.3119553629433958e-06,Pos138-Pos292
138,292,Pos138_D-Pos292_T,0.0,1.3119553629433958e-06,Pos138-Pos292
138,292,Pos138_D-Pos292_C,0.0,3.2798884073584896e-07,Pos138-Pos292
138,292,Pos138_Y-Pos292_N,0.0,1.5191503595207735e-06,Pos138-Pos292
138,292,Pos138_Y-Pos292_R,0.0,5.871922979925685e-09,Pos138-Pos292
138,292,Pos138_Y-Pos292_I,0.0,1.5938076659798288e-08,Pos138-Pos292
138,292,Pos138_Y-Pos292_G,0.0,3.3553845599575335e-09,Pos138-Pos292
138,292,Pos138_Y-Pos292_T,0.0,3.3553845599575335e-09,Pos138-Pos292
138,292,Pos138_Y-Pos292_C,0.0,8.388461399893834e-10,Pos138-Pos292
138,292,Pos138_S-Pos292_N,0.0,3.038300719041547e-06,Pos138-Pos292
138,292,Pos138_S-Pos292_R,0.0,1.174384595985137e-08,Pos138-Pos292
138,292,Pos138_S-Pos292_I,0.0,3.1876153319596575e-08,Pos138-Pos292
138,292,Pos138_S-Pos292_G,0.0,6.710769119915067e-09,Pos138-Pos292
138,292,Pos138_S-Pos292_T,0.0,6.710769119915067e-09,Pos138-Pos292
138,292,Pos138_S-Pos292_C,0.0,1.6776922799787667e-09,Pos138-Pos292
138,292,Pos138_T-Pos292_N,0.0,3.038300719041547e-06,Pos138-Pos292
138,292,Pos138_T-Pos292_R,0.0,1.174384595985137e-08,Pos138-Pos292
138,292,Pos138_T-Pos292_I,0.0,3.1876153319596575e-08,Pos138-Pos292
138,292,Pos138_T-Pos292_G,0.0,6.710769119915067e-09,Pos138-Pos292
138,292,Pos138_T-Pos292_T,0.0,6.710769119915067e-09,Pos138-Pos292
138,292,Pos138_T-Pos292_C,0.0,1.6776922799787667e-09,Pos138-Pos292
154,162,Pos154_G-Pos162_C,8.688852202624034e-05,0.01358162699257027,Pos154-Pos162
154,162,Pos154_G-Pos162_I,0.008746777883974861,0.001672796773905789,Pos154-Pos162
154,162,Pos154_G-Pos162_N,0.00014481420337706722,1.621825127055474e-05,Pos154-Pos162
154,162,Pos154_G-Pos162_R,0.0,6.950679115952032e-06,Pos154-Pos162
154,162,Pos154_G-Pos162_F,0.0,4.633786077301355e-06,Pos154-Pos162
154,162,Pos154_G-Pos162_G,0.0,6.950679115952032e-06,Pos154-Pos162
154,162,Pos154_G-Pos162_*,0.0,2.3168930386506773e-06,Pos154-Pos162
154,162,Pos154_G-Pos162_Q,0.0,2.3168930386506773e-06,Pos154-Pos162
154,162,Pos154_G-Pos162_T,0.0,4.633786077301355e-06,Pos154-Pos162
154,162,Pos154_G-Pos162_Y,0.0,4.633786077301355e-06,Pos154-Pos162
154,162,Pos154_*-Pos162_C,0.0,3.442121250832437e-05,Pos154-Pos162
154,162,Pos154_*-Pos162_I,0.0,4.2395283915063444e-06,Pos154-Pos162
154,162,Pos154_*-Pos162_N,0.0,4.1103460859479794e-08,Pos154-Pos162
154,162,Pos154_*-Pos162_R,0.0,1.7615768939777055e-08,Pos154-Pos162
154,162,Pos154_*-Pos162_F,0.0,1.174384595985137e-08,Pos154-Pos162
154,162,Pos154_*-Pos162_G,0.0,1.7615768939777055e-08,Pos154-Pos162
154,162,Pos154_*-Pos162_*,0.0,5.871922979925685e-09,Pos154-Pos162
154,162,Pos154_*-Pos162_Q,2.8962840675413443e-05,5.871922979925685e-09,Pos154-Pos162
154,162,Pos154_*-Pos162_T,0.0,1.174384595985137e-08,Pos154-Pos162
154,162,Pos154_*-Pos162_Y,0.0,1.174384595985137e-08,Pos154-Pos162
154,162,Pos154_D-Pos162_C,2.8962840675413443e-05,2.4586580363088833e-05,Pos154-Pos162
154,162,Pos154_D-Pos162_I,0.0,3.028234565361674e-06,Pos154-Pos162
154,162,Pos154_D-Pos162_N,0.0,2.9359614899628425e-08,Pos154-Pos162
154,162,Pos154_D-Pos162_R,0.0,1.2582692099840753e-08,Pos154-Pos162
154,162,Pos154_D-Pos162_F,0.0,8.388461399893835e-09,Pos154-Pos162
154,162,Pos154_D-Pos162_G,0.0,1.2582692099840753e-08,Pos154-Pos162
154,162,Pos154_D-Pos162_*,0.0,4.1942306999469175e-09,Pos154-Pos162
154,162,Pos154_D-Pos162_Q,0.0,4.1942306999469175e-09,Pos154-Pos162
154,162,Pos154_D-Pos162_T,0.0,8.388461399893835e-09,Pos154-Pos162
154,162,Pos154_D-Pos162_Y,0.0,8.388461399893835e-09,Pos154-Pos162
154,162,Pos154_K-Pos162_C,0.0,3.442121250832437e-05,Pos154-Pos162
154,162,Pos154_K-Pos162_I,0.0,4.2395283915063444e-06,Pos154-Pos162
154,162,Pos154_K-Pos162_N,0.0,4.1103460859479794e-08,Pos154-Pos162
154,162,Pos154_K-Pos162_R,0.0,1.7615768939777055e-08,Pos154-Pos162
154,162,Pos154_K-Pos162_F,0.0,1.174384595985137e-08,Pos154-Pos162
154,162,Pos154_K-Pos162_G,0.0,1.7615768939777055e-08,Pos154-Pos162
154,162,Pos154_K-Pos162_*,0.0,5.871922979925685e-09,Pos154-Pos162
154,162,Pos154_K-Pos162_Q,0.0,5.871922979925685e-09,Pos154-Pos162
154,162,Pos154_K-Pos162_T,0.0,1.174384595985137e-08,Pos154-Pos162
154,162,Pos154_K-Pos162_Y,0.0,1.174384595985137e-08,Pos154-Pos162
154,162,Pos154_A-Pos162_C,5.7925681350826886e-05,8.851168930711979e-05,Pos154-Pos162
154,162,Pos154_A-Pos162_I,0.0,1.0901644435302027e-05,Pos154-Pos162
154,162,Pos154_A-Pos162_N,0.0,1.0569461363866232e-07,Pos154-Pos162
154,162,Pos154_A-Pos162_R,0.0,4.529769155942671e-08,Pos154-Pos162
154,162,Pos154_A-Pos162_F,0.0,3.0198461039617804e-08,Pos154-Pos162
154,162,Pos154_A-Pos162_G,0.0,4.529769155942671e-08,Pos154-Pos162
154,162,Pos154_A-Pos162_*,0.0,1.5099230519808902e-08,Pos154-Pos162
154,162,Pos154_A-Pos162_Q,0.0,1.5099230519808902e-08,Pos154-Pos162
154,162,Pos154_A-Pos162_T,0.0,3.0198461039617804e-08,Pos154-Pos162
154,162,Pos154_A-Pos162_Y,0.0,3.0198461039617804e-08,Pos154-Pos162
154,162,Pos154_V-Pos162_C,0.0,4.917316072617766e-06,Pos154-Pos162
154,162,Pos154_V-Pos162_I,0.0,6.056469130723348e-07,Pos154-Pos162
154,162,Pos154_V-Pos162_N,0.0,5.871922979925685e-09,Pos154-Pos162
154,162,Pos154_V-Pos162_R,0.0,2.5165384199681503e-09,Pos154-Pos162
154,162,Pos154_V-Pos162_F,0.0,1.6776922799787667e-09,Pos154-Pos162
154,162,Pos154_V-Pos162_G,0.0,2.5165384199681503e-09,Pos154-Pos162
154,162,Pos154_V-Pos162_*,0.0,8.388461399893834e-10,Pos154-Pos162
154,162,Pos154_V-Pos162_Q,0.0,8.388461399893834e-10,Pos154-Pos162
154,162,Pos154_V-Pos162_T,0.0,1.6776922799787667e-09,Pos154-Pos162
154,162,Pos154_V-Pos162_Y,0.0,1.6776922799787667e-09,Pos154-Pos162
154,199,Pos154_G-Pos199_S,0.0,0.004107851357527651,Pos154-Pos199
154,199,Pos154_G-Pos199_G,0.0,4.633786077301355e-06,Pos154-Pos199
154,199,Pos154_G-Pos199_T,0.0,3.707028861841084e-05,Pos154-Pos199
154,199,Pos154_G-Pos199_V,0.0,1.3901358231904064e-05,Pos154-Pos199
154,199,Pos154_G-Pos199_N,0.0,0.00016449940574419809,Pos154-Pos199
154,199,Pos154_G-Pos199_D,0.0,6.023921900491761e-05,Pos154-Pos199
154,199,Pos154_G-Pos199_F,2.8962840675413443e-05,1.1584465193253386e-05,Pos154-Pos199
154,199,Pos154_*-Pos199_S,0.0,1.041091944340824e-05,Pos154-Pos199
154,199,Pos154_*-Pos199_G,0.0,1.174384595985137e-08,Pos154-Pos199
154,199,Pos154_*-Pos199_T,0.0,9.395076767881095e-08,Pos154-Pos199
154,199,Pos154_*-Pos199_V,0.0,3.523153787955411e-08,Pos154-Pos199
154,199,Pos154_*-Pos199_N,0.0,4.169065315747236e-07,Pos154-Pos199
154,199,Pos154_*-Pos199_D,0.0,1.5266999747806782e-07,Pos154-Pos199
154,199,Pos154_*-Pos199_F,0.0,2.9359614899628425e-08,Pos154-Pos199
154,199,Pos154_D-Pos199_S,5.7925681350826886e-05,7.436371031005885e-06,Pos154-Pos199
154,199,Pos154_D-Pos199_G,0.0,8.388461399893835e-09,Pos154-Pos199
154,199,Pos154_D-Pos199_T,0.0,6.710769119915068e-08,Pos154-Pos199
154,199,Pos154_D-Pos199_V,0.0,2.5165384199681506e-08,Pos154-Pos199
154,199,Pos154_D-Pos199_N,0.0,2.9779037969623114e-07,Pos154-Pos199
154,199,Pos154_D-Pos199_D,0.0,1.0904999819861986e-07,Pos154-Pos199
154,199,Pos154_D-Pos199_F,0.0,2.0971153499734588e-08,Pos154-Pos199
154,199,Pos154_K-Pos199_S,0.0,1.041091944340824e-05,Pos154-Pos199
154,199,Pos154_K-Pos199_G,0.0,1.174384595985137e-08,Pos154-Pos199
154,199,Pos154_K-Pos199_T,0.0,9.395076767881095e-08,Pos154-Pos199
154,199,Pos154_K-Pos199_V,0.0,3.523153787955411e-08,Pos154-Pos199
154,199,Pos154_K-Pos199_N,0.0,4.169065315747236e-07,Pos154-Pos199
154,199,Pos154_K-Pos199_D,0.0,1.5266999747806782e-07,Pos154-Pos199
154,199,Pos154_K-Pos199_F,0.0,2.9359614899628425e-08,Pos154-Pos199
154,199,Pos154_A-Pos199_S,0.0,2.6770935711621185e-05,Pos154-Pos199
154,199,Pos154_A-Pos199_G,0.0,3.0198461039617804e-08,Pos154-Pos199
154,199,Pos154_A-Pos199_T,0.0,2.4158768831694243e-07,Pos154-Pos199
154,199,Pos154_A-Pos199_V,0.0,9.059538311885342e-08,Pos154-Pos199
154,199,Pos154_A-Pos199_N,0.0,1.072045366906432e-06,Pos154-Pos199
154,199,Pos154_A-Pos199_D,0.0,3.9257999351503146e-07,Pos154-Pos199
154,199,Pos154_A-Pos199_F,0.0,7.549615259904452e-08,Pos154-Pos199
154,199,Pos154_V-Pos199_S,0.0,1.4872742062011768e-06,Pos154-Pos199
154,199,Pos154_V-Pos199_G,0.0,1.6776922799787667e-09,Pos154-Pos199
154,199,Pos154_V-Pos199_T,0.0,1.3421538239830134e-08,Pos154-Pos199
154,199,Pos154_V-Pos199_V,0.0,5.033076839936301e-09,Pos154-Pos199
154,199,Pos154_V-Pos199_N,0.0,5.9558075939246225e-08,Pos154-Pos199
154,199,Pos154_V-Pos199_D,0.0,2.180999963972397e-08,Pos154-Pos199
154,199,Pos154_V-Pos199_F,0.0,4.1942306999469175e-09,Pos154-Pos199
154,220,Pos154_G-Pos220_V,0.004025834853882469,0.05143039167196773,Pos154-Pos220
154,220,Pos154_G-Pos220_I,0.0,0.00031278056021784143,Pos154-Pos220
154,220,Pos154_G-Pos220_D,2.8962840675413443e-05,2.3168930386506773e-06,Pos154-Pos220
154,220,Pos154_G-Pos220_F,0.0,2.3168930386506773e-06,Pos154-Pos220
154,220,Pos154_G-Pos220_S,0.0,2.3168930386506773e-06,Pos154-Pos220
154,220,Pos154_G-Pos220_T,0.0,2.3168930386506773e-06,Pos154-Pos220
154,220,Pos154_G-Pos220_C,0.0,2.3168930386506773e-06,Pos154-Pos220
154,220,Pos154_*-Pos220_V,0.00014481420337706722,0.00013034494630839036,Pos154-Pos220
154,220,Pos154_*-Pos220_I,0.0,7.927096022899675e-07,Pos154-Pos220
154,220,Pos154_*-Pos220_D,0.0,5.871922979925685e-09,Pos154-Pos220
154,220,Pos154_*-Pos220_F,0.0,5.871922979925685e-09,Pos154-Pos220
154,220,Pos154_*-Pos220_S,0.0,5.871922979925685e-09,Pos154-Pos220
154,220,Pos154_*-Pos220_T,0.0,5.871922979925685e-09,Pos154-Pos220
154,220,Pos154_*-Pos220_C,0.0,5.871922979925685e-09,Pos154-Pos220
154,220,Pos154_D-Pos220_V,5.7925681350826886e-05,9.310353307742168e-05,Pos154-Pos220
154,220,Pos154_D-Pos220_I,0.0,5.66221144492834e-07,Pos154-Pos220
154,220,Pos154_D-Pos220_D,0.0,4.1942306999469175e-09,Pos154-Pos220
154,220,Pos154_D-Pos220_F,0.0,4.1942306999469175e-09,Pos154-Pos220
154,220,Pos154_D-Pos220_S,0.0,4.1942306999469175e-09,Pos154-Pos220
154,220,Pos154_D-Pos220_T,0.0,4.1942306999469175e-09,Pos154-Pos220
154,220,Pos154_D-Pos220_C,0.0,4.1942306999469175e-09,Pos154-Pos220
154,220,Pos154_K-Pos220_V,0.00011585136270165377,0.00013034494630839036,Pos154-Pos220
154,220,Pos154_K-Pos220_I,0.0,7.927096022899675e-07,Pos154-Pos220
154,220,Pos154_K-Pos220_D,0.0,5.871922979925685e-09,Pos154-Pos220
154,220,Pos154_K-Pos220_F,0.0,5.871922979925685e-09,Pos154-Pos220
154,220,Pos154_K-Pos220_S,0.0,5.871922979925685e-09,Pos154-Pos220
154,220,Pos154_K-Pos220_T,0.0,5.871922979925685e-09,Pos154-Pos220
154,220,Pos154_K-Pos220_C,0.0,5.871922979925685e-09,Pos154-Pos220
154,220,Pos154_A-Pos220_V,0.0004634054508066151,0.000335172719078718,Pos154-Pos220
154,220,Pos154_A-Pos220_I,0.0,2.0383961201742022e-06,Pos154-Pos220
154,220,Pos154_A-Pos220_D,0.0,1.5099230519808902e-08,Pos154-Pos220
154,220,Pos154_A-Pos220_F,0.0,1.5099230519808902e-08,Pos154-Pos220
154,220,Pos154_A-Pos220_S,0.0,1.5099230519808902e-08,Pos154-Pos220
154,220,Pos154_A-Pos220_T,0.0,1.5099230519808902e-08,Pos154-Pos220
154,220,Pos154_A-Pos220_C,0.0,1.5099230519808902e-08,Pos154-Pos220
154,220,Pos154_V-Pos220_V,0.0,1.8620706615484334e-05,Pos154-Pos220
154,220,Pos154_V-Pos220_I,0.0,1.1324422889856677e-07,Pos154-Pos220
154,220,Pos154_V-Pos220_D,0.0,8.388461399893834e-10,Pos154-Pos220
154,220,Pos154_V-Pos220_F,0.0,8.388461399893834e-10,Pos154-Pos220
154,220,Pos154_V-Pos220_S,0.0,8.388461399893834e-10,Pos154-Pos220
154,220,Pos154_V-Pos220_T,0.0,8.388461399893834e-10,Pos154-Pos220
154,220,Pos154_V-Pos220_C,0.0,8.388461399893834e-10,Pos154-Pos220
154,225,Pos154_G-Pos225_I,0.0641816549367162,0.03636131934858373,Pos154-Pos225
154,225,Pos154_G-Pos225_T,0.014684160222434616,0.04234122028134113,Pos154-Pos225
154,225,Pos154_G-Pos225_L,2.8962840675413443e-05,0.0005699556875080666,Pos154-Pos225
154,225,Pos154_G-Pos225_Q,0.0,0.0003915549235319645,Pos154-Pos225
154,225,Pos154_G-Pos225_M,0.0,0.00011121086585523251,Pos154-Pos225
154,225,Pos154_G-Pos225_N,0.00014481420337706722,9.035882850737641e-05,Pos154-Pos225
154,225,Pos154_G-Pos225_E,0.0009268109016132302,7.645747027547235e-05,Pos154-Pos225
154,225,Pos154_G-Pos225_R,0.0,2.3168930386506773e-06,Pos154-Pos225
154,225,Pos154_G-Pos225_P,0.0,2.3168930386506773e-06,Pos154-Pos225
154,225,Pos154_*-Pos225_I,2.8962840675413443e-05,9.215395924695369e-05,Pos154-Pos225
154,225,Pos154_*-Pos225_T,0.00017377704405248067,0.0001073093924581419,Pos154-Pos225
154,225,Pos154_*-Pos225_L,0.0,1.4444930530617184e-06,Pos154-Pos225
154,225,Pos154_*-Pos225_Q,0.0,9.923549836074409e-07,Pos154-Pos225
154,225,Pos154_*-Pos225_M,0.0,2.818523030364329e-07,Pos154-Pos225
154,225,Pos154_*-Pos225_N,0.0,2.290049962171017e-07,Pos154-Pos225
154,225,Pos154_*-Pos225_E,0.0,1.937734583375476e-07,Pos154-Pos225
154,225,Pos154_*-Pos225_R,0.0,5.871922979925685e-09,Pos154-Pos225
154,225,Pos154_*-Pos225_P,0.0,5.871922979925685e-09,Pos154-Pos225
154,225,Pos154_D-Pos225_I,8.688852202624034e-05,6.582425660496692e-05,Pos154-Pos225
154,225,Pos154_D-Pos225_T,5.7925681350826886e-05,7.664956604152992e-05,Pos154-Pos225
154,225,Pos154_D-Pos225_L,0.0,1.0317807521869417e-06,Pos154-Pos225
154,225,Pos154_D-Pos225_Q,0.0,7.088249882910291e-07,Pos154-Pos225
154,225,Pos154_D-Pos225_M,0.0,2.0132307359745205e-07,Pos154-Pos225
154,225,Pos154_D-Pos225_N,0.0,1.6357499729792978e-07,Pos154-Pos225
154,225,Pos154_D-Pos225_E,0.0,1.3840961309824828e-07,Pos154-Pos225
154,225,Pos154_D-Pos225_R,0.0,4.1942306999469175e-09,Pos154-Pos225
154,225,Pos154_D-Pos225_P,0.0,4.1942306999469175e-09,Pos154-Pos225
154,225,Pos154_K-Pos225_I,0.00017377704405248067,9.215395924695369e-05,Pos154-Pos225
154,225,Pos154_K-Pos225_T,2.8962840675413443e-05,0.0001073093924581419,Pos154-Pos225
154,225,Pos154_K-Pos225_L,0.0,1.4444930530617184e-06,Pos154-Pos225
154,225,Pos154_K-Pos225_Q,0.0,9.923549836074409e-07,Pos154-Pos225
154,225,Pos154_K-Pos225_M,0.0,2.818523030364329e-07,Pos154-Pos225
154,225,Pos154_K-Pos225_N,0.0,2.290049962171017e-07,Pos154-Pos225
154,225,Pos154_K-Pos225_E,0.0,1.937734583375476e-07,Pos154-Pos225
154,225,Pos154_K-Pos225_R,0.0,5.871922979925685e-09,Pos154-Pos225
154,225,Pos154_K-Pos225_P,0.0,5.871922979925685e-09,Pos154-Pos225
154,225,Pos154_A-Pos225_I,0.0004634054508066151,0.0002369673237778809,Pos154-Pos225
154,225,Pos154_A-Pos225_T,5.7925681350826886e-05,0.0002759384377495077,Pos154-Pos225
154,225,Pos154_A-Pos225_L,0.0,3.7144107078729902e-06,Pos154-Pos225
154,225,Pos154_A-Pos225_Q,0.0,2.5517699578477047e-06,Pos154-Pos225
154,225,Pos154_A-Pos225_M,0.0,7.247630649508274e-07,Pos154-Pos225
154,225,Pos154_A-Pos225_N,0.0,5.888699902725472e-07,Pos154-Pos225
154,225,Pos154_A-Pos225_E,0.0,4.982746071536938e-07,Pos154-Pos225
154,225,Pos154_A-Pos225_R,0.0,1.5099230519808902e-08,Pos154-Pos225
154,225,Pos154_A-Pos225_P,0.0,1.5099230519808902e-08,Pos154-Pos225
154,225,Pos154_V-Pos225_I,2.8962840675413443e-05,1.3164851320993384e-05,Pos154-Pos225
154,225,Pos154_V-Pos225_T,0.0,1.5329913208305984e-05,Pos154-Pos225
154,225,Pos154_V-Pos225_L,0.0,2.0635615043738835e-07,Pos154-Pos225
154,225,Pos154_V-Pos225_Q,0.0,1.417649976582058e-07,Pos154-Pos225
154,225,Pos154_V-Pos225_M,0.0,4.0264614719490405e-08,Pos154-Pos225
154,225,Pos154_V-Pos225_N,0.0,3.271499945958596e-08,Pos154-Pos225
154,225,Pos154_V-Pos225_E,0.0,2.7681922619649653e-08,Pos154-Pos225
154,225,Pos154_V-Pos225_R,0.0,8.388461399893834e-10,Pos154-Pos225
154,225,Pos154_V-Pos225_P,0.0,8.388461399893834e-10,Pos154-Pos225
154,227,Pos154_G-Pos227_V,0.0008399223795869899,0.01112108658552325,Pos154-Pos227
154,227,Pos154_G-Pos227_T,0.0,6.023921900491761e-05,Pos154-Pos227
154,227,Pos154_G-Pos227_F,0.0,1.853514430920542e-05,Pos154-Pos227
154,227,Pos154_G-Pos227_S,0.0,2.3168930386506773e-06,Pos154-Pos227
154,227,Pos154_G-Pos227_L,2.8962840675413443e-05,4.633786077301355e-06,Pos154-Pos227
154,227,Pos154_*-Pos227_V,2.8962840675413443e-05,2.8185230303643285e-05,Pos154-Pos227
154,227,Pos154_*-Pos227_T,0.0,1.5266999747806782e-07,Pos154-Pos227
154,227,Pos154_*-Pos227_F,0.0,4.697538383940548e-08,Pos154-Pos227
154,227,Pos154_*-Pos227_S,0.0,5.871922979925685e-09,Pos154-Pos227
154,227,Pos154_*-Pos227_L,0.0,1.174384595985137e-08,Pos154-Pos227
154,227,Pos154_D-Pos227_V,0.0,2.0132307359745202e-05,Pos154-Pos227
154,227,Pos154_D-Pos227_T,0.0,1.0904999819861986e-07,Pos154-Pos227
154,227,Pos154_D-Pos227_F,0.0,3.355384559957534e-08,Pos154-Pos227
154,227,Pos154_D-Pos227_S,0.0,4.1942306999469175e-09,Pos154-Pos227
154,227,Pos154_D-Pos227_L,0.0,8.388461399893835e-09,Pos154-Pos227
154,227,Pos154_K-Pos227_V,8.688852202624034e-05,2.8185230303643285e-05,Pos154-Pos227
154,227,Pos154_K-Pos227_T,0.0,1.5266999747806782e-07,Pos154-Pos227
154,227,Pos154_K-Pos227_F,0.0,4.697538383940548e-08,Pos154-Pos227
154,227,Pos154_K-Pos227_S,0.0,5.871922979925685e-09,Pos154-Pos227
154,227,Pos154_K-Pos227_L,0.0,1.174384595985137e-08,Pos154-Pos227
154,227,Pos154_A-Pos227_V,2.8962840675413443e-05,7.247630649508272e-05,Pos154-Pos227
154,227,Pos154_A-Pos227_T,0.0,3.9257999351503146e-07,Pos154-Pos227
154,227,Pos154_A-Pos227_F,0.0,1.2079384415847121e-07,Pos154-Pos227
154,227,Pos154_A-Pos227_S,0.0,1.5099230519808902e-08,Pos154-Pos227
154,227,Pos154_A-Pos227_L,0.0,3.0198461039617804e-08,Pos154-Pos227
154,227,Pos154_V-Pos227_V,0.0,4.02646147194904e-06,Pos154-Pos227
154,227,Pos154_V-Pos227_T,0.0,2.180999963972397e-08,Pos154-Pos227
154,227,Pos154_V-Pos227_F,0.0,6.710769119915067e-09,Pos154-Pos227
154,227,Pos154_V-Pos227_S,0.0,8.388461399893834e-10,Pos154-Pos227
154,227,Pos154_V-Pos227_L,0.0,1.6776922799787667e-09,Pos154-Pos227
154,231,Pos154_G-Pos231_R,0.0004344426101312017,0.006406209251869122,Pos154-Pos231
154,231,Pos154_G-Pos231_S,0.0005502939728328555,0.0210397056839868,Pos154-Pos231
154,231,Pos154_G-Pos231_H,0.0,2.3168930386506773e-06,Pos154-Pos231
154,231,Pos154_G-Pos231_N,0.0,1.853514430920542e-05,Pos154-Pos231
154,231,Pos154_G-Pos231_G,2.8962840675413443e-05,1.853514430920542e-05,Pos154-Pos231
154,231,Pos154_G-Pos231_Y,2.8962840675413443e-05,1.853514430920542e-05,Pos154-Pos231
154,231,Pos154_G-Pos231_I,0.0,4.633786077301355e-06,Pos154-Pos231
154,231,Pos154_G-Pos231_F,2.8962840675413443e-05,9.26757215460271e-06,Pos154-Pos231
154,231,Pos154_G-Pos231_*,0.0,6.950679115952032e-06,Pos154-Pos231
154,231,Pos154_G-Pos231_L,0.0,2.3168930386506773e-06,Pos154-Pos231
154,231,Pos154_*-Pos231_R,0.0,1.623586703949452e-05,Pos154-Pos231
154,231,Pos154_*-Pos231_S,2.8962840675413443e-05,5.332293258070514e-05,Pos154-Pos231
154,231,Pos154_*-Pos231_H,0.0,5.871922979925685e-09,Pos154-Pos231
154,231,Pos154_*-Pos231_N,0.0,4.697538383940548e-08,Pos154-Pos231
154,231,Pos154_*-Pos231_G,0.0,4.697538383940548e-08,Pos154-Pos231
154,231,Pos154_*-Pos231_Y,0.0,4.697538383940548e-08,Pos154-Pos231
154,231,Pos154_*-Pos231_I,0.0,1.174384595985137e-08,Pos154-Pos231
154,231,Pos154_*-Pos231_F,0.0,2.348769191970274e-08,Pos154-Pos231
154,231,Pos154_*-Pos231_*,0.0,1.7615768939777055e-08,Pos154-Pos231
154,231,Pos154_*-Pos231_L,0.0,5.871922979925685e-09,Pos154-Pos231
154,231,Pos154_D-Pos231_R,0.0,1.1597047885353225e-05,Pos154-Pos231
154,231,Pos154_D-Pos231_S,2.8962840675413443e-05,3.808780898621796e-05,Pos154-Pos231
154,231,Pos154_D-Pos231_H,0.0,4.1942306999469175e-09,Pos154-Pos231
154,231,Pos154_D-Pos231_N,0.0,3.355384559957534e-08,Pos154-Pos231
154,231,Pos154_D-Pos231_G,0.0,3.355384559957534e-08,Pos154-Pos231
154,231,Pos154_D-Pos231_Y,0.0,3.355384559957534e-08,Pos154-Pos231
154,231,Pos154_D-Pos231_I,0.0,8.388461399893835e-09,Pos154-Pos231
154,231,Pos154_D-Pos231_F,0.0,1.677692279978767e-08,Pos154-Pos231
154,231,Pos154_D-Pos231_*,0.0,1.2582692099840753e-08,Pos154-Pos231
154,231,Pos154_D-Pos231_L,0.0,4.1942306999469175e-09,Pos154-Pos231
154,231,Pos154_K-Pos231_R,5.7925681350826886e-05,1.623586703949452e-05,Pos154-Pos231
154,231,Pos154_K-Pos231_S,0.0,5.332293258070514e-05,Pos154-Pos231
154,231,Pos154_K-Pos231_H,0.0,5.871922979925685e-09,Pos154-Pos231
154,231,Pos154_K-Pos231_N,0.0,4.697538383940548e-08,Pos154-Pos231
154,231,Pos154_K-Pos231_G,0.0,4.697538383940548e-08,Pos154-Pos231
154,231,Pos154_K-Pos231_Y,0.0,4.697538383940548e-08,Pos154-Pos231
154,231,Pos154_K-Pos231_I,0.0,1.174384595985137e-08,Pos154-Pos231
154,231,Pos154_K-Pos231_F,0.0,2.348769191970274e-08,Pos154-Pos231
154,231,Pos154_K-Pos231_*,0.0,1.7615768939777055e-08,Pos154-Pos231
154,231,Pos154_K-Pos231_L,0.0,5.871922979925685e-09,Pos154-Pos231
154,231,Pos154_A-Pos231_R,0.0,4.1749372387271616e-05,Pos154-Pos231
154,231,Pos154_A-Pos231_S,2.8962840675413443e-05,0.00013711611235038464,Pos154-Pos231
154,231,Pos154_A-Pos231_H,0.0,1.5099230519808902e-08,Pos154-Pos231
154,231,Pos154_A-Pos231_N,0.0,1.2079384415847121e-07,Pos154-Pos231
154,231,Pos154_A-Pos231_G,0.0,1.2079384415847121e-07,Pos154-Pos231
154,231,Pos154_A-Pos231_Y,0.0,1.2079384415847121e-07,Pos154-Pos231
154,231,Pos154_A-Pos231_I,0.0,3.0198461039617804e-08,Pos154-Pos231
154,231,Pos154_A-Pos231_F,0.0,6.039692207923561e-08,Pos154-Pos231
154,231,Pos154_A-Pos231_*,0.0,4.529769155942671e-08,Pos154-Pos231
154,231,Pos154_A-Pos231_L,0.0,1.5099230519808902e-08,Pos154-Pos231
154,231,Pos154_V-Pos231_R,0.0,2.319409577070645e-06,Pos154-Pos231
154,231,Pos154_V-Pos231_S,0.0,7.6175617972435905e-06,Pos154-Pos231
154,231,Pos154_V-Pos231_H,0.0,8.388461399893834e-10,Pos154-Pos231
154,231,Pos154_V-Pos231_N,0.0,6.710769119915067e-09,Pos154-Pos231
154,231,Pos154_V-Pos231_G,0.0,6.710769119915067e-09,Pos154-Pos231
154,231,Pos154_V-Pos231_Y,0.0,6.710769119915067e-09,Pos154-Pos231
154,231,Pos154_V-Pos231_I,0.0,1.6776922799787667e-09,Pos154-Pos231
154,231,Pos154_V-Pos231_F,0.0,3.3553845599575335e-09,Pos154-Pos231
154,231,Pos154_V-Pos231_*,0.0,2.5165384199681503e-09,Pos154-Pos231
154,231,Pos154_V-Pos231_L,0.0,8.388461399893834e-10,Pos154-Pos231
154,292,Pos154_G-Pos292_N,0.0003765169287803748,0.004195893292996377,Pos154-Pos292
154,292,Pos154_G-Pos292_R,5.7925681350826886e-05,1.621825127055474e-05,Pos154-Pos292
154,292,Pos154_G-Pos292_I,8.688852202624034e-05,4.402096773436287e-05,Pos154-Pos292
154,292,Pos154_G-Pos292_G,0.0,9.26757215460271e-06,Pos154-Pos292
154,292,Pos154_G-Pos292_T,0.0,9.26757215460271e-06,Pos154-Pos292
154,292,Pos154_G-Pos292_C,0.0,2.3168930386506773e-06,Pos154-Pos292
154,292,Pos154_*-Pos292_N,0.0,1.0634052516645416e-05,Pos154-Pos292
154,292,Pos154_*-Pos292_R,0.0,4.1103460859479794e-08,Pos154-Pos292
154,292,Pos154_*-Pos292_I,0.0,1.1156653661858802e-07,Pos154-Pos292
154,292,Pos154_*-Pos292_G,0.0,2.348769191970274e-08,Pos154-Pos292
154,292,Pos154_*-Pos292_T,0.0,2.348769191970274e-08,Pos154-Pos292
154,292,Pos154_*-Pos292_C,0.0,5.871922979925685e-09,Pos154-Pos292
154,292,Pos154_D-Pos292_N,0.0,7.595751797603868e-06,Pos154-Pos292
154,292,Pos154_D-Pos292_R,0.0,2.9359614899628425e-08,Pos154-Pos292
154,292,Pos154_D-Pos292_I,0.0,7.969038329899144e-08,Pos154-Pos292
154,292,Pos154_D-Pos292_G,0.0,1.677692279978767e-08,Pos154-Pos292
154,292,Pos154_D-Pos292_T,0.0,1.677692279978767e-08,Pos154-Pos292
154,292,Pos154_D-Pos292_C,0.0,4.1942306999469175e-09,Pos154-Pos292
154,292,Pos154_K-Pos292_N,2.8962840675413443e-05,1.0634052516645416e-05,Pos154-Pos292
154,292,Pos154_K-Pos292_R,0.0,4.1103460859479794e-08,Pos154-Pos292
154,292,Pos154_K-Pos292_I,0.0,1.1156653661858802e-07,Pos154-Pos292
154,292,Pos154_K-Pos292_G,0.0,2.348769191970274e-08,Pos154-Pos292
154,292,Pos154_K-Pos292_T,0.0,2.348769191970274e-08,Pos154-Pos292
154,292,Pos154_K-Pos292_C,0.0,5.871922979925685e-09,Pos154-Pos292
154,292,Pos154_A-Pos292_N,0.0,2.7344706471373926e-05,Pos154-Pos292
154,292,Pos154_A-Pos292_R,0.0,1.0569461363866232e-07,Pos154-Pos292
154,292,Pos154_A-Pos292_I,0.0,2.8688537987636916e-07,Pos154-Pos292
154,292,Pos154_A-Pos292_G,0.0,6.039692207923561e-08,Pos154-Pos292
154,292,Pos154_A-Pos292_T,0.0,6.039692207923561e-08,Pos154-Pos292
154,292,Pos154_A-Pos292_C,0.0,1.5099230519808902e-08,Pos154-Pos292
154,292,Pos154_V-Pos292_N,0.0,1.5191503595207735e-06,Pos154-Pos292
154,292,Pos154_V-Pos292_R,0.0,5.871922979925685e-09,Pos154-Pos292
154,292,Pos154_V-Pos292_I,0.0,1.5938076659798288e-08,Pos154-Pos292
154,292,Pos154_V-Pos292_G,0.0,3.3553845599575335e-09,Pos154-Pos292
154,292,Pos154_V-Pos292_T,0.0,3.3553845599575335e-09,Pos154-Pos292
154,292,Pos154_V-Pos292_C,0.0,8.388461399893834e-10,Pos154-Pos292
162,199,Pos162_C-Pos199_S,0.0003185912474295479,0.0087184013967513,Pos162-Pos199
162,199,Pos162_C-Pos199_G,0.0,9.834632145235532e-06,Pos162-Pos199
162,199,Pos162_C-Pos199_T,2.8962840675413443e-05,7.867705716188425e-05,Pos162-Pos199
162,199,Pos162_C-Pos199_V,0.0,2.95038964357066e-05,Pos162-Pos199
162,199,Pos162_C-Pos199_N,2.8962840675413443e-05,0.0003491294411558614,Pos162-Pos199
162,199,Pos162_C-Pos199_D,0.0,0.00012785021788806194,Pos162-Pos199
162,199,Pos162_C-Pos199_F,2.8962840675413443e-05,2.4586580363088833e-05,Pos162-Pos199
162,199,Pos162_I-Pos199_S,0.00014481420337706722,0.0010738119768772497,Pos162-Pos199
162,199,Pos162_I-Pos199_G,0.0,1.2112938261446696e-06,Pos162-Pos199
162,199,Pos162_I-Pos199_T,0.0,9.690350609157357e-06,Pos162-Pos199
162,199,Pos162_I-Pos199_V,0.0,3.6338814784340095e-06,Pos162-Pos199
162,199,Pos162_I-Pos199_N,2.8962840675413443e-05,4.300093082813578e-05,Pos162-Pos199
162,199,Pos162_I-Pos199_D,0.00034755408810496134,1.5746819739880706e-05,Pos162-Pos199
162,199,Pos162_I-Pos199_F,0.0,3.028234565361674e-06,Pos162-Pos199
162,199,Pos162_N-Pos199_S,2.8962840675413443e-05,1.041091944340824e-05,Pos162-Pos199
162,199,Pos162_N-Pos199_G,0.0,1.174384595985137e-08,Pos162-Pos199
162,199,Pos162_N-Pos199_T,0.0,9.395076767881095e-08,Pos162-Pos199
162,199,Pos162_N-Pos199_V,0.0,3.523153787955411e-08,Pos162-Pos199
162,199,Pos162_N-Pos199_N,0.0,4.169065315747236e-07,Pos162-Pos199
162,199,Pos162_N-Pos199_D,0.0,1.5266999747806782e-07,Pos162-Pos199
162,199,Pos162_N-Pos199_F,0.0,2.9359614899628425e-08,Pos162-Pos199
162,199,Pos162_R-Pos199_S,0.0,4.461822618603531e-06,Pos162-Pos199
162,199,Pos162_R-Pos199_G,0.0,5.033076839936301e-09,Pos162-Pos199
162,199,Pos162_R-Pos199_T,0.0,4.0264614719490405e-08,Pos162-Pos199
162,199,Pos162_R-Pos199_V,0.0,1.5099230519808905e-08,Pos162-Pos199
162,199,Pos162_R-Pos199_N,0.0,1.786742278177387e-07,Pos162-Pos199
162,199,Pos162_R-Pos199_D,0.0,6.542999891917191e-08,Pos162-Pos199
162,199,Pos162_R-Pos199_F,0.0,1.2582692099840753e-08,Pos162-Pos199
162,199,Pos162_F-Pos199_S,0.0,2.9745484124023537e-06,Pos162-Pos199
162,199,Pos162_F-Pos199_G,0.0,3.3553845599575335e-09,Pos162-Pos199
162,199,Pos162_F-Pos199_T,0.0,2.6843076479660268e-08,Pos162-Pos199
162,199,Pos162_F-Pos199_V,0.0,1.0066153679872601e-08,Pos162-Pos199
162,199,Pos162_F-Pos199_N,0.0,1.1911615187849245e-07,Pos162-Pos199
162,199,Pos162_F-Pos199_D,0.0,4.361999927944794e-08,Pos162-Pos199
162,199,Pos162_F-Pos199_F,0.0,8.388461399893835e-09,Pos162-Pos199
162,199,Pos162_G-Pos199_S,0.0,4.461822618603531e-06,Pos162-Pos199
162,199,Pos162_G-Pos199_G,0.0,5.033076839936301e-09,Pos162-Pos199
162,199,Pos162_G-Pos199_T,0.0,4.0264614719490405e-08,Pos162-Pos199
162,199,Pos162_G-Pos199_V,0.0,1.5099230519808905e-08,Pos162-Pos199
162,199,Pos162_G-Pos199_N,0.0,1.786742278177387e-07,Pos162-Pos199
162,199,Pos162_G-Pos199_D,0.0,6.542999891917191e-08,Pos162-Pos199
162,199,Pos162_G-Pos199_F,0.0,1.2582692099840753e-08,Pos162-Pos199
162,199,Pos162_*-Pos199_S,0.0,1.4872742062011768e-06,Pos162-Pos199
162,199,Pos162_*-Pos199_G,0.0,1.6776922799787667e-09,Pos162-Pos199
162,199,Pos162_*-Pos199_T,0.0,1.3421538239830134e-08,Pos162-Pos199
162,199,Pos162_*-Pos199_V,0.0,5.033076839936301e-09,Pos162-Pos199
162,199,Pos162_*-Pos199_N,0.0,5.9558075939246225e-08,Pos162-Pos199
162,199,Pos162_*-Pos199_D,0.0,2.180999963972397e-08,Pos162-Pos199
162,199,Pos162_*-Pos199_F,0.0,4.1942306999469175e-09,Pos162-Pos199
162,199,Pos162_Q-Pos199_S,0.0,1.4872742062011768e-06,Pos162-Pos199
162,199,Pos162_Q-Pos199_G,0.0,1.6776922799787667e-09,Pos162-Pos199
162,199,Pos162_Q-Pos199_T,0.0,1.3421538239830134e-08,Pos162-Pos199
162,199,Pos162_Q-Pos199_V,0.0,5.033076839936301e-09,Pos162-Pos199
162,199,Pos162_Q-Pos199_N,0.0,5.9558075939246225e-08,Pos162-Pos199
162,199,Pos162_Q-Pos199_D,0.0,2.180999963972397e-08,Pos162-Pos199
162,199,Pos162_Q-Pos199_F,0.0,4.1942306999469175e-09,Pos162-Pos199
162,199,Pos162_T-Pos199_S,0.0,2.9745484124023537e-06,Pos162-Pos199
162,199,Pos162_T-Pos199_G,0.0,3.3553845599575335e-09,Pos162-Pos199
162,199,Pos162_T-Pos199_T,0.0,2.6843076479660268e-08,Pos162-Pos199
162,199,Pos162_T-Pos199_V,0.0,1.0066153679872601e-08,Pos162-Pos199
162,199,Pos162_T-Pos199_N,0.0,1.1911615187849245e-07,Pos162-Pos199
162,199,Pos162_T-Pos199_D,0.0,4.361999927944794e-08,Pos162-Pos199
162,199,Pos162_T-Pos199_F,0.0,8.388461399893835e-09,Pos162-Pos199
162,199,Pos162_Y-Pos199_S,0.0,2.9745484124023537e-06,Pos162-Pos199
162,199,Pos162_Y-Pos199_G,0.0,3.3553845599575335e-09,Pos162-Pos199
162,199,Pos162_Y-Pos199_T,0.0,2.6843076479660268e-08,Pos162-Pos199
162,199,Pos162_Y-Pos199_V,0.0,1.0066153679872601e-08,Pos162-Pos199
162,199,Pos162_Y-Pos199_N,0.0,1.1911615187849245e-07,Pos162-Pos199
162,199,Pos162_Y-Pos199_D,0.0,4.361999927944794e-08,Pos162-Pos199
162,199,Pos162_Y-Pos199_F,0.0,8.388461399893835e-09,Pos162-Pos199
162,220,Pos162_C-Pos220_V,0.16873750977495872,0.10915458217996918,Pos162-Pos220
162,220,Pos162_C-Pos220_I,2.8962840675413443e-05,0.0006638376698033985,Pos162-Pos220
162,220,Pos162_C-Pos220_D,0.0,4.917316072617766e-06,Pos162-Pos220
162,220,Pos162_C-Pos220_F,0.0,4.917316072617766e-06,Pos162-Pos220
162,220,Pos162_C-Pos220_S,0.0,4.917316072617766e-06,Pos162-Pos220
162,220,Pos162_C-Pos220_T,0.0,4.917316072617766e-06,Pos162-Pos220
162,220,Pos162_C-Pos220_C,0.0,4.917316072617766e-06,Pos162-Pos220
162,220,Pos162_I-Pos220_V,0.010571436846525907,0.013444150176379689,Pos162-Pos220
162,220,Pos162_I-Pos220_I,0.0,8.176233326476521e-05,Pos162-Pos220
162,220,Pos162_I-Pos220_D,2.8962840675413443e-05,6.056469130723348e-07,Pos162-Pos220
162,220,Pos162_I-Pos220_F,0.0,6.056469130723348e-07,Pos162-Pos220
162,220,Pos162_I-Pos220_S,0.0,6.056469130723348e-07,Pos162-Pos220
162,220,Pos162_I-Pos220_T,0.0,6.056469130723348e-07,Pos162-Pos220
162,220,Pos162_I-Pos220_C,0.0,6.056469130723348e-07,Pos162-Pos220
162,220,Pos162_N-Pos220_V,0.0,0.00013034494630839036,Pos162-Pos220
162,220,Pos162_N-Pos220_I,0.0,7.927096022899675e-07,Pos162-Pos220
162,220,Pos162_N-Pos220_D,0.0,5.871922979925685e-09,Pos162-Pos220
162,220,Pos162_N-Pos220_F,0.0,5.871922979925685e-09,Pos162-Pos220
162,220,Pos162_N-Pos220_S,0.0,5.871922979925685e-09,Pos162-Pos220
162,220,Pos162_N-Pos220_T,0.0,5.871922979925685e-09,Pos162-Pos220
162,220,Pos162_N-Pos220_C,0.0,5.871922979925685e-09,Pos162-Pos220
162,220,Pos162_R-Pos220_V,5.7925681350826886e-05,5.586211984645301e-05,Pos162-Pos220
162,220,Pos162_R-Pos220_I,0.0,3.3973268669570033e-07,Pos162-Pos220
162,220,Pos162_R-Pos220_D,0.0,2.5165384199681503e-09,Pos162-Pos220
162,220,Pos162_R-Pos220_F,0.0,2.5165384199681503e-09,Pos162-Pos220
162,220,Pos162_R-Pos220_S,0.0,2.5165384199681503e-09,Pos162-Pos220
162,220,Pos162_R-Pos220_T,0.0,2.5165384199681503e-09,Pos162-Pos220
162,220,Pos162_R-Pos220_C,0.0,2.5165384199681503e-09,Pos162-Pos220
162,220,Pos162_F-Pos220_V,2.8962840675413443e-05,3.724141323096867e-05,Pos162-Pos220
162,220,Pos162_F-Pos220_I,2.8962840675413443e-05,2.2648845779713355e-07,Pos162-Pos220
162,220,Pos162_F-Pos220_D,0.0,1.6776922799787667e-09,Pos162-Pos220
162,220,Pos162_F-Pos220_F,0.0,1.6776922799787667e-09,Pos162-Pos220
162,220,Pos162_F-Pos220_S,0.0,1.6776922799787667e-09,Pos162-Pos220
162,220,Pos162_F-Pos220_T,0.0,1.6776922799787667e-09,Pos162-Pos220
162,220,Pos162_F-Pos220_C,0.0,1.6776922799787667e-09,Pos162-Pos220
162,220,Pos162_G-Pos220_V,5.7925681350826886e-05,5.586211984645301e-05,Pos162-Pos220
162,220,Pos162_G-Pos220_I,0.0,3.3973268669570033e-07,Pos162-Pos220
162,220,Pos162_G-Pos220_D,0.0,2.5165384199681503e-09,Pos162-Pos220
162,220,Pos162_G-Pos220_F,0.0,2.5165384199681503e-09,Pos162-Pos220
162,220,Pos162_G-Pos220_S,0.0,2.5165384199681503e-09,Pos162-Pos220
162,220,Pos162_G-Pos220_T,0.0,2.5165384199681503e-09,Pos162-Pos220
162,220,Pos162_G-Pos220_C,0.0,2.5165384199681503e-09,Pos162-Pos220
162,220,Pos162_*-Pos220_V,2.8962840675413443e-05,1.8620706615484334e-05,Pos162-Pos220
162,220,Pos162_*-Pos220_I,0.0,1.1324422889856677e-07,Pos162-Pos220
162,220,Pos162_*-Pos220_D,0.0,8.388461399893834e-10,Pos162-Pos220
162,220,Pos162_*-Pos220_F,0.0,8.388461399893834e-10,Pos162-Pos220
162,220,Pos162_*-Pos220_S,0.0,8.388461399893834e-10,Pos162-Pos220
162,220,Pos162_*-Pos220_T,0.0,8.388461399893834e-10,Pos162-Pos220
162,220,Pos162_*-Pos220_C,0.0,8.388461399893834e-10,Pos162-Pos220
162,220,Pos162_Q-Pos220_V,2.8962840675413443e-05,1.8620706615484334e-05,Pos162-Pos220
162,220,Pos162_Q-Pos220_I,0.0,1.1324422889856677e-07,Pos162-Pos220
162,220,Pos162_Q-Pos220_D,0.0,8.388461399893834e-10,Pos162-Pos220
162,220,Pos162_Q-Pos220_F,0.0,8.388461399893834e-10,Pos162-Pos220
162,220,Pos162_Q-Pos220_S,0.0,8.388461399893834e-10,Pos162-Pos220
162,220,Pos162_Q-Pos220_T,0.0,8.388461399893834e-10,Pos162-Pos220
162,220,Pos162_Q-Pos220_C,0.0,8.388461399893834e-10,Pos162-Pos220
162,220,Pos162_T-Pos220_V,5.7925681350826886e-05,3.724141323096867e-05,Pos162-Pos220
162,220,Pos162_T-Pos220_I,0.0,2.2648845779713355e-07,Pos162-Pos220
162,220,Pos162_T-Pos220_D,0.0,1.6776922799787667e-09,Pos162-Pos220
162,220,Pos162_T-Pos220_F,0.0,1.6776922799787667e-09,Pos162-Pos220
162,220,Pos162_T-Pos220_S,0.0,1.6776922799787667e-09,Pos162-Pos220
162,220,Pos162_T-Pos220_T,0.0,1.6776922799787667e-09,Pos162-Pos220
162,220,Pos162_T-Pos220_C,0.0,1.6776922799787667e-09,Pos162-Pos220
162,220,Pos162_Y-Pos220_V,5.7925681350826886e-05,3.724141323096867e-05,Pos162-Pos220
162,220,Pos162_Y-Pos220_I,0.0,2.2648845779713355e-07,Pos162-Pos220
162,220,Pos162_Y-Pos220_D,0.0,1.6776922799787667e-09,Pos162-Pos220
162,220,Pos162_Y-Pos220_F,0.0,1.6776922799787667e-09,Pos162-Pos220
162,220,Pos162_Y-Pos220_S,0.0,1.6776922799787667e-09,Pos162-Pos220
162,220,Pos162_Y-Pos220_T,0.0,1.6776922799787667e-09,Pos162-Pos220
162,220,Pos162_Y-Pos220_C,0.0,1.6776922799787667e-09,Pos162-Pos220
162,225,Pos162_C-Pos225_I,0.027891215570423147,0.07717235844366323,Pos162-Pos225
162,225,Pos162_C-Pos225_T,0.14171517942479797,0.08986395122708968,Pos162-Pos225
162,225,Pos162_C-Pos225_L,0.0,0.0012096597538639705,Pos162-Pos225
162,225,Pos162_C-Pos225_Q,8.688852202624034e-05,0.0008310264162724026,Pos162-Pos225
162,225,Pos162_C-Pos225_M,2.8962840675413443e-05,0.0002360311714856528,Pos162-Pos225
162,225,Pos162_C-Pos225_N,0.0,0.0001917753268320929,Pos162-Pos225
162,225,Pos162_C-Pos225_E,0.0,0.0001622714303963863,Pos162-Pos225
162,225,Pos162_C-Pos225_R,0.0,4.917316072617766e-06,Pos162-Pos225
162,225,Pos162_C-Pos225_P,0.0,4.917316072617766e-06,Pos162-Pos225
162,225,Pos162_I-Pos225_I,0.0019984360066035278,0.009505022653757224,Pos162-Pos225
162,225,Pos162_I-Pos225_T,0.017638369971326787,0.01106819733639692,Pos162-Pos225
162,225,Pos162_I-Pos225_L,2.8962840675413443e-05,0.00014898914061579438,Pos162-Pos225
162,225,Pos162_I-Pos225_Q,2.8962840675413443e-05,0.0001023543283092246,Pos162-Pos225
162,225,Pos162_I-Pos225_M,2.8962840675413443e-05,2.9071051827472076e-05,Pos162-Pos225
162,225,Pos162_I-Pos225_N,0.0,2.362022960982106e-05,Pos162-Pos225
162,225,Pos162_I-Pos225_E,0.0009557737422886437,1.998634813138705e-05,Pos162-Pos225
162,225,Pos162_I-Pos225_R,0.0,6.056469130723348e-07,Pos162-Pos225
162,225,Pos162_I-Pos225_P,0.0,6.056469130723348e-07,Pos162-Pos225
162,225,Pos162_N-Pos225_I,0.00020273988472789412,9.215395924695369e-05,Pos162-Pos225
162,225,Pos162_N-Pos225_T,0.0,0.0001073093924581419,Pos162-Pos225
162,225,Pos162_N-Pos225_L,0.0,1.4444930530617184e-06,Pos162-Pos225
162,225,Pos162_N-Pos225_Q,0.0,9.923549836074409e-07,Pos162-Pos225
162,225,Pos162_N-Pos225_M,0.0,2.818523030364329e-07,Pos162-Pos225
162,225,Pos162_N-Pos225_N,0.0,2.290049962171017e-07,Pos162-Pos225
162,225,Pos162_N-Pos225_E,0.0,1.937734583375476e-07,Pos162-Pos225
162,225,Pos162_N-Pos225_R,0.0,5.871922979925685e-09,Pos162-Pos225
162,225,Pos162_N-Pos225_P,0.0,5.871922979925685e-09,Pos162-Pos225
162,225,Pos162_R-Pos225_I,5.7925681350826886e-05,3.9494553962980154e-05,Pos162-Pos225
162,225,Pos162_R-Pos225_T,2.8962840675413443e-05,4.5989739624917955e-05,Pos162-Pos225
162,225,Pos162_R-Pos225_L,0.0,6.19068451312165e-07,Pos162-Pos225
162,225,Pos162_R-Pos225_Q,0.0,4.2529499297461747e-07,Pos162-Pos225
162,225,Pos162_R-Pos225_M,0.0,1.2079384415847124e-07,Pos162-Pos225
162,225,Pos162_R-Pos225_N,0.0,9.814499837875788e-08,Pos162-Pos225
162,225,Pos162_R-Pos225_E,0.0,8.304576785894897e-08,Pos162-Pos225
162,225,Pos162_R-Pos225_R,0.0,2.5165384199681503e-09,Pos162-Pos225
162,225,Pos162_R-Pos225_P,0.0,2.5165384199681503e-09,Pos162-Pos225
162,225,Pos162_F-Pos225_I,0.0,2.6329702641986767e-05,Pos162-Pos225
162,225,Pos162_F-Pos225_T,5.7925681350826886e-05,3.065982641661197e-05,Pos162-Pos225
162,225,Pos162_F-Pos225_L,0.0,4.127123008747767e-07,Pos162-Pos225
162,225,Pos162_F-Pos225_Q,0.0,2.835299953164116e-07,Pos162-Pos225
162,225,Pos162_F-Pos225_M,0.0,8.052922943898081e-08,Pos162-Pos225
162,225,Pos162_F-Pos225_N,0.0,6.542999891917191e-08,Pos162-Pos225
162,225,Pos162_F-Pos225_E,0.0,5.536384523929931e-08,Pos162-Pos225
162,225,Pos162_F-Pos225_R,0.0,1.6776922799787667e-09,Pos162-Pos225
162,225,Pos162_F-Pos225_P,0.0,1.6776922799787667e-09,Pos162-Pos225
162,225,Pos162_G-Pos225_I,2.8962840675413443e-05,3.9494553962980154e-05,Pos162-Pos225
162,225,Pos162_G-Pos225_T,5.7925681350826886e-05,4.5989739624917955e-05,Pos162-Pos225
162,225,Pos162_G-Pos225_L,0.0,6.19068451312165e-07,Pos162-Pos225
162,225,Pos162_G-Pos225_Q,0.0,4.2529499297461747e-07,Pos162-Pos225
162,225,Pos162_G-Pos225_M,0.0,1.2079384415847124e-07,Pos162-Pos225
162,225,Pos162_G-Pos225_N,0.0,9.814499837875788e-08,Pos162-Pos225
162,225,Pos162_G-Pos225_E,0.0,8.304576785894897e-08,Pos162-Pos225
162,225,Pos162_G-Pos225_R,0.0,2.5165384199681503e-09,Pos162-Pos225
162,225,Pos162_G-Pos225_P,0.0,2.5165384199681503e-09,Pos162-Pos225
162,225,Pos162_*-Pos225_I,2.8962840675413443e-05,1.3164851320993384e-05,Pos162-Pos225
162,225,Pos162_*-Pos225_T,0.0,1.5329913208305984e-05,Pos162-Pos225
162,225,Pos162_*-Pos225_L,0.0,2.0635615043738835e-07,Pos162-Pos225
162,225,Pos162_*-Pos225_Q,0.0,1.417649976582058e-07,Pos162-Pos225
162,225,Pos162_*-Pos225_M,0.0,4.0264614719490405e-08,Pos162-Pos225
162,225,Pos162_*-Pos225_N,0.0,3.271499945958596e-08,Pos162-Pos225
162,225,Pos162_*-Pos225_E,0.0,2.7681922619649653e-08,Pos162-Pos225
162,225,Pos162_*-Pos225_R,0.0,8.388461399893834e-10,Pos162-Pos225
162,225,Pos162_*-Pos225_P,0.0,8.388461399893834e-10,Pos162-Pos225
162,225,Pos162_Q-Pos225_I,0.0,1.3164851320993384e-05,Pos162-Pos225
162,225,Pos162_Q-Pos225_T,2.8962840675413443e-05,1.5329913208305984e-05,Pos162-Pos225
162,225,Pos162_Q-Pos225_L,0.0,2.0635615043738835e-07,Pos162-Pos225
162,225,Pos162_Q-Pos225_Q,0.0,1.417649976582058e-07,Pos162-Pos225
162,225,Pos162_Q-Pos225_M,0.0,4.0264614719490405e-08,Pos162-Pos225
162,225,Pos162_Q-Pos225_N,0.0,3.271499945958596e-08,Pos162-Pos225
162,225,Pos162_Q-Pos225_E,0.0,2.7681922619649653e-08,Pos162-Pos225
162,225,Pos162_Q-Pos225_R,0.0,8.388461399893834e-10,Pos162-Pos225
162,225,Pos162_Q-Pos225_P,0.0,8.388461399893834e-10,Pos162-Pos225
162,225,Pos162_T-Pos225_I,2.8962840675413443e-05,2.6329702641986767e-05,Pos162-Pos225
162,225,Pos162_T-Pos225_T,2.8962840675413443e-05,3.065982641661197e-05,Pos162-Pos225
162,225,Pos162_T-Pos225_L,0.0,4.127123008747767e-07,Pos162-Pos225
162,225,Pos162_T-Pos225_Q,0.0,2.835299953164116e-07,Pos162-Pos225
162,225,Pos162_T-Pos225_M,0.0,8.052922943898081e-08,Pos162-Pos225
162,225,Pos162_T-Pos225_N,0.0,6.542999891917191e-08,Pos162-Pos225
162,225,Pos162_T-Pos225_E,0.0,5.536384523929931e-08,Pos162-Pos225
162,225,Pos162_T-Pos225_R,0.0,1.6776922799787667e-09,Pos162-Pos225
162,225,Pos162_T-Pos225_P,0.0,1.6776922799787667e-09,Pos162-Pos225
162,225,Pos162_Y-Pos225_I,0.0,2.6329702641986767e-05,Pos162-Pos225
162,225,Pos162_Y-Pos225_T,5.7925681350826886e-05,3.065982641661197e-05,Pos162-Pos225
162,225,Pos162_Y-Pos225_L,0.0,4.127123008747767e-07,Pos162-Pos225
162,225,Pos162_Y-Pos225_Q,0.0,2.835299953164116e-07,Pos162-Pos225
162,225,Pos162_Y-Pos225_M,0.0,8.052922943898081e-08,Pos162-Pos225
162,225,Pos162_Y-Pos225_N,0.0,6.542999891917191e-08,Pos162-Pos225
162,225,Pos162_Y-Pos225_E,0.0,5.536384523929931e-08,Pos162-Pos225
162,225,Pos162_Y-Pos225_R,0.0,1.6776922799787667e-09,Pos162-Pos225
162,225,Pos162_Y-Pos225_P,0.0,1.6776922799787667e-09,Pos162-Pos225
162,227,Pos162_C-Pos227_V,0.0271381817128624,0.023603117148565275,Pos162-Pos227
162,227,Pos162_C-Pos227_T,0.0,0.00012785021788806194,Pos162-Pos227
162,227,Pos162_C-Pos227_F,0.0,3.933852858094213e-05,Pos162-Pos227
162,227,Pos162_C-Pos227_S,2.8962840675413443e-05,4.917316072617766e-06,Pos162-Pos227
162,227,Pos162_C-Pos227_L,0.0,9.834632145235532e-06,Pos162-Pos227
162,227,Pos162_I-Pos227_V,0.0006661453355345092,0.0029071051827472072,Pos162-Pos227
162,227,Pos162_I-Pos227_T,0.0,1.5746819739880706e-05,Pos162-Pos227
162,227,Pos162_I-Pos227_F,2.8962840675413443e-05,4.8451753045786785e-06,Pos162-Pos227
162,227,Pos162_I-Pos227_S,0.0,6.056469130723348e-07,Pos162-Pos227
162,227,Pos162_I-Pos227_L,0.0,1.2112938261446696e-06,Pos162-Pos227
162,227,Pos162_N-Pos227_V,0.0,2.8185230303643285e-05,Pos162-Pos227
162,227,Pos162_N-Pos227_T,0.0,1.5266999747806782e-07,Pos162-Pos227
162,227,Pos162_N-Pos227_F,0.0,4.697538383940548e-08,Pos162-Pos227
162,227,Pos162_N-Pos227_S,0.0,5.871922979925685e-09,Pos162-Pos227
162,227,Pos162_N-Pos227_L,0.0,1.174384595985137e-08,Pos162-Pos227
162,227,Pos162_R-Pos227_V,2.8962840675413443e-05,1.2079384415847122e-05,Pos162-Pos227
162,227,Pos162_R-Pos227_T,0.0,6.542999891917191e-08,Pos162-Pos227
162,227,Pos162_R-Pos227_F,0.0,2.0132307359745202e-08,Pos162-Pos227
162,227,Pos162_R-Pos227_S,0.0,2.5165384199681503e-09,Pos162-Pos227
162,227,Pos162_R-Pos227_L,0.0,5.033076839936301e-09,Pos162-Pos227
162,227,Pos162_F-Pos227_V,0.0,8.05292294389808e-06,Pos162-Pos227
162,227,Pos162_F-Pos227_T,0.0,4.361999927944794e-08,Pos162-Pos227
162,227,Pos162_F-Pos227_F,0.0,1.3421538239830134e-08,Pos162-Pos227
162,227,Pos162_F-Pos227_S,0.0,1.6776922799787667e-09,Pos162-Pos227
162,227,Pos162_F-Pos227_L,0.0,3.3553845599575335e-09,Pos162-Pos227
162,227,Pos162_G-Pos227_V,0.0,1.2079384415847122e-05,Pos162-Pos227
162,227,Pos162_G-Pos227_T,0.0,6.542999891917191e-08,Pos162-Pos227
162,227,Pos162_G-Pos227_F,0.0,2.0132307359745202e-08,Pos162-Pos227
162,227,Pos162_G-Pos227_S,0.0,2.5165384199681503e-09,Pos162-Pos227
162,227,Pos162_G-Pos227_L,0.0,5.033076839936301e-09,Pos162-Pos227
162,227,Pos162_*-Pos227_V,2.8962840675413443e-05,4.02646147194904e-06,Pos162-Pos227
162,227,Pos162_*-Pos227_T,0.0,2.180999963972397e-08,Pos162-Pos227
162,227,Pos162_*-Pos227_F,0.0,6.710769119915067e-09,Pos162-Pos227
162,227,Pos162_*-Pos227_S,0.0,8.388461399893834e-10,Pos162-Pos227
162,227,Pos162_*-Pos227_L,0.0,1.6776922799787667e-09,Pos162-Pos227
162,227,Pos162_Q-Pos227_V,0.0,4.02646147194904e-06,Pos162-Pos227
162,227,Pos162_Q-Pos227_T,0.0,2.180999963972397e-08,Pos162-Pos227
162,227,Pos162_Q-Pos227_F,0.0,6.710769119915067e-09,Pos162-Pos227
162,227,Pos162_Q-Pos227_S,0.0,8.388461399893834e-10,Pos162-Pos227
162,227,Pos162_Q-Pos227_L,0.0,1.6776922799787667e-09,Pos162-Pos227
162,227,Pos162_T-Pos227_V,0.0,8.05292294389808e-06,Pos162-Pos227
162,227,Pos162_T-Pos227_T,0.0,4.361999927944794e-08,Pos162-Pos227
162,227,Pos162_T-Pos227_F,0.0,1.3421538239830134e-08,Pos162-Pos227
162,227,Pos162_T-Pos227_S,0.0,1.6776922799787667e-09,Pos162-Pos227
162,227,Pos162_T-Pos227_L,0.0,3.3553845599575335e-09,Pos162-Pos227
162,227,Pos162_Y-Pos227_V,0.0,8.05292294389808e-06,Pos162-Pos227
162,227,Pos162_Y-Pos227_T,0.0,4.361999927944794e-08,Pos162-Pos227
162,227,Pos162_Y-Pos227_F,0.0,1.3421538239830134e-08,Pos162-Pos227
162,227,Pos162_Y-Pos227_S,0.0,1.6776922799787667e-09,Pos162-Pos227
162,227,Pos162_Y-Pos227_L,0.0,3.3553845599575335e-09,Pos162-Pos227
162,231,Pos162_C-Pos231_R,0.000260665566078721,0.013596378940788124,Pos162-Pos231
162,231,Pos162_C-Pos231_S,0.0008688852202624034,0.04465414725544194,Pos162-Pos231
162,231,Pos162_C-Pos231_H,0.0,4.917316072617766e-06,Pos162-Pos231
162,231,Pos162_C-Pos231_N,0.0,3.933852858094213e-05,Pos162-Pos231
162,231,Pos162_C-Pos231_G,8.688852202624034e-05,3.933852858094213e-05,Pos162-Pos231
162,231,Pos162_C-Pos231_Y,8.688852202624034e-05,3.933852858094213e-05,Pos162-Pos231
162,231,Pos162_C-Pos231_I,0.0,9.834632145235532e-06,Pos162-Pos231
162,231,Pos162_C-Pos231_F,0.0,1.9669264290471064e-05,Pos162-Pos231
162,231,Pos162_C-Pos231_*,2.8962840675413443e-05,1.47519482178533e-05,Pos162-Pos231
162,231,Pos162_C-Pos231_L,0.0,4.917316072617766e-06,Pos162-Pos231
162,231,Pos162_I-Pos231_R,0.0007240710168853361,0.0016746137146450059,Pos162-Pos231
162,231,Pos162_I-Pos231_S,0.0011295507863411244,0.005499879617609873,Pos162-Pos231
162,231,Pos162_I-Pos231_H,0.0,6.056469130723348e-07,Pos162-Pos231
162,231,Pos162_I-Pos231_N,0.0,4.8451753045786785e-06,Pos162-Pos231
162,231,Pos162_I-Pos231_G,0.0,4.8451753045786785e-06,Pos162-Pos231
162,231,Pos162_I-Pos231_Y,0.0,4.8451753045786785e-06,Pos162-Pos231
162,231,Pos162_I-Pos231_I,0.0,1.2112938261446696e-06,Pos162-Pos231
162,231,Pos162_I-Pos231_F,0.0,2.4225876522893393e-06,Pos162-Pos231
162,231,Pos162_I-Pos231_*,0.0,1.8169407392170048e-06,Pos162-Pos231
162,231,Pos162_I-Pos231_L,0.0,6.056469130723348e-07,Pos162-Pos231
162,231,Pos162_N-Pos231_R,2.8962840675413443e-05,1.623586703949452e-05,Pos162-Pos231
162,231,Pos162_N-Pos231_S,0.0,5.332293258070514e-05,Pos162-Pos231
162,231,Pos162_N-Pos231_H,0.0,5.871922979925685e-09,Pos162-Pos231
162,231,Pos162_N-Pos231_N,0.0,4.697538383940548e-08,Pos162-Pos231
162,231,Pos162_N-Pos231_G,0.0,4.697538383940548e-08,Pos162-Pos231
162,231,Pos162_N-Pos231_Y,0.0,4.697538383940548e-08,Pos162-Pos231
162,231,Pos162_N-Pos231_I,0.0,1.174384595985137e-08,Pos162-Pos231
162,231,Pos162_N-Pos231_F,0.0,2.348769191970274e-08,Pos162-Pos231
162,231,Pos162_N-Pos231_*,0.0,1.7615768939777055e-08,Pos162-Pos231
162,231,Pos162_N-Pos231_L,0.0,5.871922979925685e-09,Pos162-Pos231
162,231,Pos162_R-Pos231_R,0.0,6.958228731211936e-06,Pos162-Pos231
162,231,Pos162_R-Pos231_S,0.0,2.2852685391730774e-05,Pos162-Pos231
162,231,Pos162_R-Pos231_H,0.0,2.5165384199681503e-09,Pos162-Pos231
162,231,Pos162_R-Pos231_N,0.0,2.0132307359745202e-08,Pos162-Pos231
162,231,Pos162_R-Pos231_G,0.0,2.0132307359745202e-08,Pos162-Pos231
162,231,Pos162_R-Pos231_Y,0.0,2.0132307359745202e-08,Pos162-Pos231
162,231,Pos162_R-Pos231_I,0.0,5.033076839936301e-09,Pos162-Pos231
162,231,Pos162_R-Pos231_F,0.0,1.0066153679872601e-08,Pos162-Pos231
162,231,Pos162_R-Pos231_*,0.0,7.549615259904453e-09,Pos162-Pos231
162,231,Pos162_R-Pos231_L,0.0,2.5165384199681503e-09,Pos162-Pos231
162,231,Pos162_F-Pos231_R,0.0,4.63881915414129e-06,Pos162-Pos231
162,231,Pos162_F-Pos231_S,2.8962840675413443e-05,1.5235123594487181e-05,Pos162-Pos231
162,231,Pos162_F-Pos231_H,0.0,1.6776922799787667e-09,Pos162-Pos231
162,231,Pos162_F-Pos231_N,0.0,1.3421538239830134e-08,Pos162-Pos231
162,231,Pos162_F-Pos231_G,0.0,1.3421538239830134e-08,Pos162-Pos231
162,231,Pos162_F-Pos231_Y,0.0,1.3421538239830134e-08,Pos162-Pos231
162,231,Pos162_F-Pos231_I,0.0,3.3553845599575335e-09,Pos162-Pos231
162,231,Pos162_F-Pos231_F,0.0,6.710769119915067e-09,Pos162-Pos231
162,231,Pos162_F-Pos231_*,0.0,5.033076839936301e-09,Pos162-Pos231
162,231,Pos162_F-Pos231_L,0.0,1.6776922799787667e-09,Pos162-Pos231
162,231,Pos162_G-Pos231_R,2.8962840675413443e-05,6.958228731211936e-06,Pos162-Pos231
162,231,Pos162_G-Pos231_S,0.0,2.2852685391730774e-05,Pos162-Pos231
162,231,Pos162_G-Pos231_H,0.0,2.5165384199681503e-09,Pos162-Pos231
162,231,Pos162_G-Pos231_N,0.0,2.0132307359745202e-08,Pos162-Pos231
162,231,Pos162_G-Pos231_G,0.0,2.0132307359745202e-08,Pos162-Pos231
162,231,Pos162_G-Pos231_Y,0.0,2.0132307359745202e-08,Pos162-Pos231
162,231,Pos162_G-Pos231_I,0.0,5.033076839936301e-09,Pos162-Pos231
162,231,Pos162_G-Pos231_F,0.0,1.0066153679872601e-08,Pos162-Pos231
162,231,Pos162_G-Pos231_*,0.0,7.549615259904453e-09,Pos162-Pos231
162,231,Pos162_G-Pos231_L,0.0,2.5165384199681503e-09,Pos162-Pos231
162,231,Pos162_*-Pos231_R,0.0,2.319409577070645e-06,Pos162-Pos231
162,231,Pos162_*-Pos231_S,0.0,7.6175617972435905e-06,Pos162-Pos231
162,231,Pos162_*-Pos231_H,0.0,8.388461399893834e-10,Pos162-Pos231
162,231,Pos162_*-Pos231_N,0.0,6.710769119915067e-09,Pos162-Pos231
162,231,Pos162_*-Pos231_G,0.0,6.710769119915067e-09,Pos162-Pos231
162,231,Pos162_*-Pos231_Y,0.0,6.710769119915067e-09,Pos162-Pos231
162,231,Pos162_*-Pos231_I,0.0,1.6776922799787667e-09,Pos162-Pos231
162,231,Pos162_*-Pos231_F,0.0,3.3553845599575335e-09,Pos162-Pos231
162,231,Pos162_*-Pos231_*,0.0,2.5165384199681503e-09,Pos162-Pos231
162,231,Pos162_*-Pos231_L,0.0,8.388461399893834e-10,Pos162-Pos231
162,231,Pos162_Q-Pos231_R,0.0,2.319409577070645e-06,Pos162-Pos231
162,231,Pos162_Q-Pos231_S,0.0,7.6175617972435905e-06,Pos162-Pos231
162,231,Pos162_Q-Pos231_H,0.0,8.388461399893834e-10,Pos162-Pos231
162,231,Pos162_Q-Pos231_N,0.0,6.710769119915067e-09,Pos162-Pos231
162,231,Pos162_Q-Pos231_G,0.0,6.710769119915067e-09,Pos162-Pos231
162,231,Pos162_Q-Pos231_Y,0.0,6.710769119915067e-09,Pos162-Pos231
162,231,Pos162_Q-Pos231_I,0.0,1.6776922799787667e-09,Pos162-Pos231
162,231,Pos162_Q-Pos231_F,0.0,3.3553845599575335e-09,Pos162-Pos231
162,231,Pos162_Q-Pos231_*,0.0,2.5165384199681503e-09,Pos162-Pos231
162,231,Pos162_Q-Pos231_L,0.0,8.388461399893834e-10,Pos162-Pos231
162,231,Pos162_T-Pos231_R,0.0,4.63881915414129e-06,Pos162-Pos231
162,231,Pos162_T-Pos231_S,0.0,1.5235123594487181e-05,Pos162-Pos231
162,231,Pos162_T-Pos231_H,0.0,1.6776922799787667e-09,Pos162-Pos231
162,231,Pos162_T-Pos231_N,0.0,1.3421538239830134e-08,Pos162-Pos231
162,231,Pos162_T-Pos231_G,0.0,1.3421538239830134e-08,Pos162-Pos231
162,231,Pos162_T-Pos231_Y,0.0,1.3421538239830134e-08,Pos162-Pos231
162,231,Pos162_T-Pos231_I,0.0,3.3553845599575335e-09,Pos162-Pos231
162,231,Pos162_T-Pos231_F,0.0,6.710769119915067e-09,Pos162-Pos231
162,231,Pos162_T-Pos231_*,0.0,5.033076839936301e-09,Pos162-Pos231
162,231,Pos162_T-Pos231_L,0.0,1.6776922799787667e-09,Pos162-Pos231
162,231,Pos162_Y-Pos231_R,0.0,4.63881915414129e-06,Pos162-Pos231
162,231,Pos162_Y-Pos231_S,0.0,1.5235123594487181e-05,Pos162-Pos231
162,231,Pos162_Y-Pos231_H,0.0,1.6776922799787667e-09,Pos162-Pos231
162,231,Pos162_Y-Pos231_N,0.0,1.3421538239830134e-08,Pos162-Pos231
162,231,Pos162_Y-Pos231_G,0.0,1.3421538239830134e-08,Pos162-Pos231
162,231,Pos162_Y-Pos231_Y,0.0,1.3421538239830134e-08,Pos162-Pos231
162,231,Pos162_Y-Pos231_I,0.0,3.3553845599575335e-09,Pos162-Pos231
162,231,Pos162_Y-Pos231_F,0.0,6.710769119915067e-09,Pos162-Pos231
162,231,Pos162_Y-Pos231_*,0.0,5.033076839936301e-09,Pos162-Pos231
162,231,Pos162_Y-Pos231_L,0.0,1.6776922799787667e-09,Pos162-Pos231
162,292,Pos162_C-Pos292_N,0.00017377704405248067,0.008905259407510776,Pos162-Pos292
162,292,Pos162_C-Pos292_R,5.7925681350826886e-05,3.442121250832437e-05,Pos162-Pos292
162,292,Pos162_C-Pos292_I,5.7925681350826886e-05,9.342900537973757e-05,Pos162-Pos292
162,292,Pos162_C-Pos292_G,0.0,1.9669264290471064e-05,Pos162-Pos292
162,292,Pos162_C-Pos292_T,0.00011585136270165377,1.9669264290471064e-05,Pos162-Pos292
162,292,Pos162_C-Pos292_C,0.0,4.917316072617766e-06,Pos162-Pos292
162,292,Pos162_I-Pos292_N,0.00017377704405248067,0.0010968265595739984,Pos162-Pos292
162,292,Pos162_I-Pos292_R,0.0,4.2395283915063444e-06,Pos162-Pos292
162,292,Pos162_I-Pos292_I,2.8962840675413443e-05,1.1507291348374364e-05,Pos162-Pos292
162,292,Pos162_I-Pos292_G,0.0,2.4225876522893393e-06,Pos162-Pos292
162,292,Pos162_I-Pos292_T,0.0,2.4225876522893393e-06,Pos162-Pos292
162,292,Pos162_I-Pos292_C,0.0,6.056469130723348e-07,Pos162-Pos292
162,292,Pos162_N-Pos292_N,2.8962840675413443e-05,1.0634052516645416e-05,Pos162-Pos292
162,292,Pos162_N-Pos292_R,0.0,4.1103460859479794e-08,Pos162-Pos292
162,292,Pos162_N-Pos292_I,0.0,1.1156653661858802e-07,Pos162-Pos292
162,292,Pos162_N-Pos292_G,0.0,2.348769191970274e-08,Pos162-Pos292
162,292,Pos162_N-Pos292_T,0.0,2.348769191970274e-08,Pos162-Pos292
162,292,Pos162_N-Pos292_C,0.0,5.871922979925685e-09,Pos162-Pos292
162,292,Pos162_R-Pos292_N,0.0,4.557451078562321e-06,Pos162-Pos292
162,292,Pos162_R-Pos292_R,0.0,1.7615768939777055e-08,Pos162-Pos292
162,292,Pos162_R-Pos292_I,0.0,4.7814229979394866e-08,Pos162-Pos292
162,292,Pos162_R-Pos292_G,0.0,1.0066153679872601e-08,Pos162-Pos292
162,292,Pos162_R-Pos292_T,0.0,1.0066153679872601e-08,Pos162-Pos292
162,292,Pos162_R-Pos292_C,0.0,2.5165384199681503e-09,Pos162-Pos292
162,292,Pos162_F-Pos292_N,0.0,3.038300719041547e-06,Pos162-Pos292
162,292,Pos162_F-Pos292_R,0.0,1.174384595985137e-08,Pos162-Pos292
162,292,Pos162_F-Pos292_I,0.0,3.1876153319596575e-08,Pos162-Pos292
162,292,Pos162_F-Pos292_G,0.0,6.710769119915067e-09,Pos162-Pos292
162,292,Pos162_F-Pos292_T,0.0,6.710769119915067e-09,Pos162-Pos292
162,292,Pos162_F-Pos292_C,0.0,1.6776922799787667e-09,Pos162-Pos292
162,292,Pos162_G-Pos292_N,2.8962840675413443e-05,4.557451078562321e-06,Pos162-Pos292
162,292,Pos162_G-Pos292_R,0.0,1.7615768939777055e-08,Pos162-Pos292
162,292,Pos162_G-Pos292_I,0.0,4.7814229979394866e-08,Pos162-Pos292
162,292,Pos162_G-Pos292_G,0.0,1.0066153679872601e-08,Pos162-Pos292
162,292,Pos162_G-Pos292_T,0.0,1.0066153679872601e-08,Pos162-Pos292
162,292,Pos162_G-Pos292_C,0.0,2.5165384199681503e-09,Pos162-Pos292
162,292,Pos162_*-Pos292_N,0.0,1.5191503595207735e-06,Pos162-Pos292
162,292,Pos162_*-Pos292_R,0.0,5.871922979925685e-09,Pos162-Pos292
162,292,Pos162_*-Pos292_I,0.0,1.5938076659798288e-08,Pos162-Pos292
162,292,Pos162_*-Pos292_G,0.0,3.3553845599575335e-09,Pos162-Pos292
162,292,Pos162_*-Pos292_T,0.0,3.3553845599575335e-09,Pos162-Pos292
162,292,Pos162_*-Pos292_C,0.0,8.388461399893834e-10,Pos162-Pos292
162,292,Pos162_Q-Pos292_N,0.0,1.5191503595207735e-06,Pos162-Pos292
162,292,Pos162_Q-Pos292_R,0.0,5.871922979925685e-09,Pos162-Pos292
162,292,Pos162_Q-Pos292_I,0.0,1.5938076659798288e-08,Pos162-Pos292
162,292,Pos162_Q-Pos292_G,0.0,3.3553845599575335e-09,Pos162-Pos292
162,292,Pos162_Q-Pos292_T,0.0,3.3553845599575335e-09,Pos162-Pos292
162,292,Pos162_Q-Pos292_C,0.0,8.388461399893834e-10,Pos162-Pos292
162,292,Pos162_T-Pos292_N,0.0,3.038300719041547e-06,Pos162-Pos292
162,292,Pos162_T-Pos292_R,0.0,1.174384595985137e-08,Pos162-Pos292
162,292,Pos162_T-Pos292_I,0.0,3.1876153319596575e-08,Pos162-Pos292
162,292,Pos162_T-Pos292_G,0.0,6.710769119915067e-09,Pos162-Pos292
162,292,Pos162_T-Pos292_T,0.0,6.710769119915067e-09,Pos162-Pos292
162,292,Pos162_T-Pos292_C,0.0,1.6776922799787667e-09,Pos162-Pos292
162,292,Pos162_Y-Pos292_N,0.0,3.038300719041547e-06,Pos162-Pos292
162,292,Pos162_Y-Pos292_R,0.0,1.174384595985137e-08,Pos162-Pos292
162,292,Pos162_Y-Pos292_I,0.0,3.1876153319596575e-08,Pos162-Pos292
162,292,Pos162_Y-Pos292_G,0.0,6.710769119915067e-09,Pos162-Pos292
162,292,Pos162_Y-Pos292_T,0.0,6.710769119915067e-09,Pos162-Pos292
162,292,Pos162_Y-Pos292_C,0.0,1.6776922799787667e-09,Pos162-Pos292
199,220,Pos199_S-Pos220_V,0.004054797694557882,0.033014512829253724,Pos199-Pos220
199,220,Pos199_S-Pos220_I,0.0,0.0002007820178371589,Pos199-Pos220
199,220,Pos199_S-Pos220_D,0.0,1.4872742062011768e-06,Pos199-Pos220
199,220,Pos199_S-Pos220_F,0.0,1.4872742062011768e-06,Pos199-Pos220
199,220,Pos199_S-Pos220_S,0.0,1.4872742062011768e-06,Pos199-Pos220
199,220,Pos199_S-Pos220_T,0.0,1.4872742062011768e-06,Pos199-Pos220
199,220,Pos199_S-Pos220_C,0.0,1.4872742062011768e-06,Pos199-Pos220
199,220,Pos199_G-Pos220_V,0.0,3.724141323096867e-05,Pos199-Pos220
199,220,Pos199_G-Pos220_I,0.0,2.2648845779713355e-07,Pos199-Pos220
199,220,Pos199_G-Pos220_D,0.0,1.6776922799787667e-09,Pos199-Pos220
199,220,Pos199_G-Pos220_F,0.0,1.6776922799787667e-09,Pos199-Pos220
199,220,Pos199_G-Pos220_S,0.0,1.6776922799787667e-09,Pos199-Pos220
199,220,Pos199_G-Pos220_T,0.0,1.6776922799787667e-09,Pos199-Pos220
199,220,Pos199_G-Pos220_C,0.0,1.6776922799787667e-09,Pos199-Pos220
199,220,Pos199_T-Pos220_V,0.00028962840675413444,0.00029793130584774934,Pos199-Pos220
199,220,Pos199_T-Pos220_I,0.0,1.8119076623770684e-06,Pos199-Pos220
199,220,Pos199_T-Pos220_D,0.0,1.3421538239830134e-08,Pos199-Pos220
199,220,Pos199_T-Pos220_F,0.0,1.3421538239830134e-08,Pos199-Pos220
199,220,Pos199_T-Pos220_S,0.0,1.3421538239830134e-08,Pos199-Pos220
199,220,Pos199_T-Pos220_T,0.0,1.3421538239830134e-08,Pos199-Pos220
199,220,Pos199_T-Pos220_C,0.0,1.3421538239830134e-08,Pos199-Pos220
199,220,Pos199_V-Pos220_V,0.00014481420337706722,0.00011172423969290602,Pos199-Pos220
199,220,Pos199_V-Pos220_I,0.0,6.794653733914007e-07,Pos199-Pos220
199,220,Pos199_V-Pos220_D,0.0,5.033076839936301e-09,Pos199-Pos220
199,220,Pos199_V-Pos220_F,0.0,5.033076839936301e-09,Pos199-Pos220
199,220,Pos199_V-Pos220_S,0.0,5.033076839936301e-09,Pos199-Pos220
199,220,Pos199_V-Pos220_T,0.0,5.033076839936301e-09,Pos199-Pos220
199,220,Pos199_V-Pos220_C,0.0,5.033076839936301e-09,Pos199-Pos220
199,220,Pos199_N-Pos220_V,0.0004634054508066151,0.0013220701696993878,Pos199-Pos220
199,220,Pos199_N-Pos220_I,0.0,8.04034025179824e-06,Pos199-Pos220
199,220,Pos199_N-Pos220_D,0.0,5.9558075939246225e-08,Pos199-Pos220
199,220,Pos199_N-Pos220_F,0.0,5.9558075939246225e-08,Pos199-Pos220
199,220,Pos199_N-Pos220_S,0.0,5.9558075939246225e-08,Pos199-Pos220
199,220,Pos199_N-Pos220_T,0.0,5.9558075939246225e-08,Pos199-Pos220
199,220,Pos199_N-Pos220_C,0.0,5.9558075939246225e-08,Pos199-Pos220
199,220,Pos199_D-Pos220_V,0.00023170272540330754,0.00048413837200259274,Pos199-Pos220
199,220,Pos199_D-Pos220_I,0.0,2.9443499513627363e-06,Pos199-Pos220
199,220,Pos199_D-Pos220_D,0.0,2.180999963972397e-08,Pos199-Pos220
199,220,Pos199_D-Pos220_F,0.0,2.180999963972397e-08,Pos199-Pos220
199,220,Pos199_D-Pos220_S,0.0,2.180999963972397e-08,Pos199-Pos220
199,220,Pos199_D-Pos220_T,0.0,2.180999963972397e-08,Pos199-Pos220
199,220,Pos199_D-Pos220_C,0.0,2.180999963972397e-08,Pos199-Pos220
199,220,Pos199_F-Pos220_V,2.8962840675413443e-05,9.310353307742168e-05,Pos199-Pos220
199,220,Pos199_F-Pos220_I,0.0,5.66221144492834e-07,Pos199-Pos220
199,220,Pos199_F-Pos220_D,0.0,4.1942306999469175e-09,Pos199-Pos220
199,220,Pos199_F-Pos220_F,0.0,4.1942306999469175e-09,Pos199-Pos220
199,220,Pos199_F-Pos220_S,0.0,4.1942306999469175e-09,Pos199-Pos220
199,220,Pos199_F-Pos220_T,0.0,4.1942306999469175e-09,Pos199-Pos220
199,220,Pos199_F-Pos220_C,0.0,4.1942306999469175e-09,Pos199-Pos220
199,225,Pos199_S-Pos225_I,0.0510614881107539,0.02334128139212127,Pos199-Pos225
199,225,Pos199_S-Pos225_T,0.00020273988472789412,0.02717993611832651,Pos199-Pos225
199,225,Pos199_S-Pos225_L,2.8962840675413443e-05,0.0003658694547254895,Pos199-Pos225
199,225,Pos199_S-Pos225_Q,0.0,0.0002513493408479989,Pos199-Pos225
199,225,Pos199_S-Pos225_M,0.0,7.13891618976565e-05,Pos199-Pos225
199,225,Pos199_S-Pos225_N,0.0,5.8003694041845906e-05,Pos199-Pos225
199,225,Pos199_S-Pos225_E,0.0,4.908004880463884e-05,Pos199-Pos225
199,225,Pos199_S-Pos225_R,2.8962840675413443e-05,1.4872742062011768e-06,Pos199-Pos225
199,225,Pos199_S-Pos225_P,0.0,1.4872742062011768e-06,Pos199-Pos225
199,225,Pos199_G-Pos225_I,5.7925681350826886e-05,2.6329702641986767e-05,Pos199-Pos225
199,225,Pos199_G-Pos225_T,0.0,3.065982641661197e-05,Pos199-Pos225
199,225,Pos199_G-Pos225_L,0.0,4.127123008747767e-07,Pos199-Pos225
199,225,Pos199_G-Pos225_Q,0.0,2.835299953164116e-07,Pos199-Pos225
199,225,Pos199_G-Pos225_M,0.0,8.052922943898081e-08,Pos199-Pos225
199,225,Pos199_G-Pos225_N,0.0,6.542999891917191e-08,Pos199-Pos225
199,225,Pos199_G-Pos225_E,0.0,5.536384523929931e-08,Pos199-Pos225
199,225,Pos199_G-Pos225_R,0.0,1.6776922799787667e-09,Pos199-Pos225
199,225,Pos199_G-Pos225_P,0.0,1.6776922799787667e-09,Pos199-Pos225
199,225,Pos199_T-Pos225_I,0.000260665566078721,0.00021063762113589414,Pos199-Pos225
199,225,Pos199_T-Pos225_T,0.00020273988472789412,0.00024527861133289574,Pos199-Pos225
199,225,Pos199_T-Pos225_L,0.0,3.3016984069982135e-06,Pos199-Pos225
199,225,Pos199_T-Pos225_Q,0.0,2.268239962531293e-06,Pos199-Pos225
199,225,Pos199_T-Pos225_M,0.0,6.442338355118465e-07,Pos199-Pos225
199,225,Pos199_T-Pos225_N,0.0,5.234399913533753e-07,Pos199-Pos225
199,225,Pos199_T-Pos225_E,0.0,4.4291076191439445e-07,Pos199-Pos225
199,225,Pos199_T-Pos225_R,0.0,1.3421538239830134e-08,Pos199-Pos225
199,225,Pos199_T-Pos225_P,0.0,1.3421538239830134e-08,Pos199-Pos225
199,225,Pos199_V-Pos225_I,8.688852202624034e-05,7.898910792596031e-05,Pos199-Pos225
199,225,Pos199_V-Pos225_T,8.688852202624034e-05,9.197947924983591e-05,Pos199-Pos225
199,225,Pos199_V-Pos225_L,0.0,1.23813690262433e-06,Pos199-Pos225
199,225,Pos199_V-Pos225_Q,0.0,8.505899859492349e-07,Pos199-Pos225
199,225,Pos199_V-Pos225_M,0.0,2.415876883169425e-07,Pos199-Pos225
199,225,Pos199_V-Pos225_N,0.0,1.9628999675751576e-07,Pos199-Pos225
199,225,Pos199_V-Pos225_E,0.0,1.6609153571789794e-07,Pos199-Pos225
199,225,Pos199_V-Pos225_R,0.0,5.033076839936301e-09,Pos199-Pos225
199,225,Pos199_V-Pos225_P,0.0,5.033076839936301e-09,Pos199-Pos225
199,225,Pos199_N-Pos225_I,0.0015929562371477394,0.0009347044437905303,Pos199-Pos225
199,225,Pos199_N-Pos225_T,0.0004634054508066151,0.0010884238377897248,Pos199-Pos225
199,225,Pos199_N-Pos225_L,0.0,1.4651286681054573e-05,Pos199-Pos225
199,225,Pos199_N-Pos225_Q,0.0,1.0065314833732614e-05,Pos199-Pos225
199,225,Pos199_N-Pos225_M,0.0,2.858787645083819e-06,Pos199-Pos225
199,225,Pos199_N-Pos225_N,0.0,2.322764961630603e-06,Pos199-Pos225
199,225,Pos199_N-Pos225_E,0.0,1.9654165059951255e-06,Pos199-Pos225
199,225,Pos199_N-Pos225_R,0.0,5.9558075939246225e-08,Pos199-Pos225
199,225,Pos199_N-Pos225_P,0.0,5.9558075939246225e-08,Pos199-Pos225
199,225,Pos199_D-Pos225_I,0.00017377704405248067,0.000342286134345828,Pos199-Pos225
199,225,Pos199_D-Pos225_T,0.00023170272540330754,0.0003985777434159556,Pos199-Pos225
199,225,Pos199_D-Pos225_L,0.0,5.365259911372097e-06,Pos199-Pos225
199,225,Pos199_D-Pos225_Q,0.0,3.6858899391133514e-06,Pos199-Pos225
199,225,Pos199_D-Pos225_M,0.0,1.0468799827067506e-06,Pos199-Pos225
199,225,Pos199_D-Pos225_N,0.0,8.505899859492349e-07,Pos199-Pos225
199,225,Pos199_D-Pos225_E,0.0,7.197299881108911e-07,Pos199-Pos225
199,225,Pos199_D-Pos225_R,0.0,2.180999963972397e-08,Pos199-Pos225
199,225,Pos199_D-Pos225_P,0.0,2.180999963972397e-08,Pos199-Pos225
199,225,Pos199_F-Pos225_I,0.00011585136270165377,6.582425660496692e-05,Pos199-Pos225
199,225,Pos199_F-Pos225_T,2.8962840675413443e-05,7.664956604152992e-05,Pos199-Pos225
199,225,Pos199_F-Pos225_L,0.0,1.0317807521869417e-06,Pos199-Pos225
199,225,Pos199_F-Pos225_Q,0.0,7.088249882910291e-07,Pos199-Pos225
199,225,Pos199_F-Pos225_M,0.0,2.0132307359745205e-07,Pos199-Pos225
199,225,Pos199_F-Pos225_N,0.0,1.6357499729792978e-07,Pos199-Pos225
199,225,Pos199_F-Pos225_E,0.0,1.3840961309824828e-07,Pos199-Pos225
199,225,Pos199_F-Pos225_R,0.0,4.1942306999469175e-09,Pos199-Pos225
199,225,Pos199_F-Pos225_P,0.0,4.1942306999469175e-09,Pos199-Pos225
199,227,Pos199_S-Pos227_V,0.00014481420337706722,0.007138916189765649,Pos199-Pos227
199,227,Pos199_S-Pos227_T,5.7925681350826886e-05,3.86691293612306e-05,Pos199-Pos227
199,227,Pos199_S-Pos227_F,0.0,1.1898193649609415e-05,Pos199-Pos227
199,227,Pos199_S-Pos227_S,0.0,1.4872742062011768e-06,Pos199-Pos227
199,227,Pos199_S-Pos227_L,0.0,2.9745484124023537e-06,Pos199-Pos227
199,227,Pos199_G-Pos227_V,0.0,8.05292294389808e-06,Pos199-Pos227
199,227,Pos199_G-Pos227_T,0.0,4.361999927944794e-08,Pos199-Pos227
199,227,Pos199_G-Pos227_F,0.0,1.3421538239830134e-08,Pos199-Pos227
199,227,Pos199_G-Pos227_S,0.0,1.6776922799787667e-09,Pos199-Pos227
199,227,Pos199_G-Pos227_L,0.0,3.3553845599575335e-09,Pos199-Pos227
199,227,Pos199_T-Pos227_V,5.7925681350826886e-05,6.442338355118464e-05,Pos199-Pos227
199,227,Pos199_T-Pos227_T,0.0,3.4895999423558353e-07,Pos199-Pos227
199,227,Pos199_T-Pos227_F,0.0,1.0737230591864107e-07,Pos199-Pos227
199,227,Pos199_T-Pos227_S,0.0,1.3421538239830134e-08,Pos199-Pos227
199,227,Pos199_T-Pos227_L,0.0,2.6843076479660268e-08,Pos199-Pos227
199,227,Pos199_V-Pos227_V,5.7925681350826886e-05,2.4158768831694243e-05,Pos199-Pos227
199,227,Pos199_V-Pos227_T,0.0,1.3085999783834383e-07,Pos199-Pos227
199,227,Pos199_V-Pos227_F,0.0,4.0264614719490405e-08,Pos199-Pos227
199,227,Pos199_V-Pos227_S,0.0,5.033076839936301e-09,Pos199-Pos227
199,227,Pos199_V-Pos227_L,0.0,1.0066153679872601e-08,Pos199-Pos227
199,227,Pos199_N-Pos227_V,2.8962840675413443e-05,0.0002858787645083819,Pos199-Pos227
199,227,Pos199_N-Pos227_T,0.0,1.548509974420402e-06,Pos199-Pos227
199,227,Pos199_N-Pos227_F,0.0,4.764646075139698e-07,Pos199-Pos227
199,227,Pos199_N-Pos227_S,0.0,5.9558075939246225e-08,Pos199-Pos227
199,227,Pos199_N-Pos227_L,0.0,1.1911615187849245e-07,Pos199-Pos227
199,227,Pos199_D-Pos227_V,0.0,0.00010468799827067505,Pos199-Pos227
199,227,Pos199_D-Pos227_T,0.0,5.670599906328233e-07,Pos199-Pos227
199,227,Pos199_D-Pos227_F,0.0,1.7447999711779176e-07,Pos199-Pos227
199,227,Pos199_D-Pos227_S,0.0,2.180999963972397e-08,Pos199-Pos227
199,227,Pos199_D-Pos227_L,0.0,4.361999927944794e-08,Pos199-Pos227
199,227,Pos199_F-Pos227_V,0.0,2.0132307359745202e-05,Pos199-Pos227
199,227,Pos199_F-Pos227_T,0.0,1.0904999819861986e-07,Pos199-Pos227
199,227,Pos199_F-Pos227_F,0.0,3.355384559957534e-08,Pos199-Pos227
199,227,Pos199_F-Pos227_S,0.0,4.1942306999469175e-09,Pos199-Pos227
199,227,Pos199_F-Pos227_L,0.0,8.388461399893835e-09,Pos199-Pos227
199,231,Pos199_S-Pos231_R,0.0007240710168853361,0.004112313180146254,Pos199-Pos231
199,231,Pos199_S-Pos231_S,0.00017377704405248067,0.013505937066512888,Pos199-Pos231
199,231,Pos199_S-Pos231_H,0.0,1.4872742062011768e-06,Pos199-Pos231
199,231,Pos199_S-Pos231_N,0.0,1.1898193649609415e-05,Pos199-Pos231
199,231,Pos199_S-Pos231_G,0.0,1.1898193649609415e-05,Pos199-Pos231
199,231,Pos199_S-Pos231_Y,0.0,1.1898193649609415e-05,Pos199-Pos231
199,231,Pos199_S-Pos231_I,0.0,2.9745484124023537e-06,Pos199-Pos231
199,231,Pos199_S-Pos231_F,0.0,5.949096824804707e-06,Pos199-Pos231
199,231,Pos199_S-Pos231_*,0.0,4.461822618603531e-06,Pos199-Pos231
199,231,Pos199_S-Pos231_L,0.0,1.4872742062011768e-06,Pos199-Pos231
199,231,Pos199_G-Pos231_R,0.0,4.63881915414129e-06,Pos199-Pos231
199,231,Pos199_G-Pos231_S,0.0,1.5235123594487181e-05,Pos199-Pos231
199,231,Pos199_G-Pos231_H,0.0,1.6776922799787667e-09,Pos199-Pos231
199,231,Pos199_G-Pos231_N,0.0,1.3421538239830134e-08,Pos199-Pos231
199,231,Pos199_G-Pos231_G,0.0,1.3421538239830134e-08,Pos199-Pos231
199,231,Pos199_G-Pos231_Y,0.0,1.3421538239830134e-08,Pos199-Pos231
199,231,Pos199_G-Pos231_I,0.0,3.3553845599575335e-09,Pos199-Pos231
199,231,Pos199_G-Pos231_F,0.0,6.710769119915067e-09,Pos199-Pos231
199,231,Pos199_G-Pos231_*,0.0,5.033076839936301e-09,Pos199-Pos231
199,231,Pos199_G-Pos231_L,0.0,1.6776922799787667e-09,Pos199-Pos231
199,231,Pos199_T-Pos231_R,5.7925681350826886e-05,3.711055323313032e-05,Pos199-Pos231
199,231,Pos199_T-Pos231_S,0.00011585136270165377,0.00012188098875589745,Pos199-Pos231
199,231,Pos199_T-Pos231_H,0.0,1.3421538239830134e-08,Pos199-Pos231
199,231,Pos199_T-Pos231_N,0.0,1.0737230591864107e-07,Pos199-Pos231
199,231,Pos199_T-Pos231_G,0.0,1.0737230591864107e-07,Pos199-Pos231
199,231,Pos199_T-Pos231_Y,0.0,1.0737230591864107e-07,Pos199-Pos231
199,231,Pos199_T-Pos231_I,0.0,2.6843076479660268e-08,Pos199-Pos231
199,231,Pos199_T-Pos231_F,0.0,5.3686152959320536e-08,Pos199-Pos231
199,231,Pos199_T-Pos231_*,0.0,4.0264614719490405e-08,Pos199-Pos231
199,231,Pos199_T-Pos231_L,0.0,1.3421538239830134e-08,Pos199-Pos231
199,231,Pos199_V-Pos231_R,0.0,1.3916457462423872e-05,Pos199-Pos231
199,231,Pos199_V-Pos231_S,2.8962840675413443e-05,4.570537078346155e-05,Pos199-Pos231
199,231,Pos199_V-Pos231_H,0.0,5.033076839936301e-09,Pos199-Pos231
199,231,Pos199_V-Pos231_N,0.0,4.0264614719490405e-08,Pos199-Pos231
199,231,Pos199_V-Pos231_G,0.0,4.0264614719490405e-08,Pos199-Pos231
199,231,Pos199_V-Pos231_Y,0.0,4.0264614719490405e-08,Pos199-Pos231
199,231,Pos199_V-Pos231_I,0.0,1.0066153679872601e-08,Pos199-Pos231
199,231,Pos199_V-Pos231_F,0.0,2.0132307359745202e-08,Pos199-Pos231
199,231,Pos199_V-Pos231_*,0.0,1.5099230519808905e-08,Pos199-Pos231
199,231,Pos199_V-Pos231_L,0.0,5.033076839936301e-09,Pos199-Pos231
199,231,Pos199_N-Pos231_R,0.00011585136270165377,0.00016467807997201582,Pos199-Pos231
199,231,Pos199_N-Pos231_S,0.0,0.000540846887604295,Pos199-Pos231
199,231,Pos199_N-Pos231_H,0.0,5.9558075939246225e-08,Pos199-Pos231
199,231,Pos199_N-Pos231_N,0.0,4.764646075139698e-07,Pos199-Pos231
199,231,Pos199_N-Pos231_G,0.0,4.764646075139698e-07,Pos199-Pos231
199,231,Pos199_N-Pos231_Y,0.0,4.764646075139698e-07,Pos199-Pos231
199,231,Pos199_N-Pos231_I,0.0,1.1911615187849245e-07,Pos199-Pos231
199,231,Pos199_N-Pos231_F,0.0,2.382323037569849e-07,Pos199-Pos231
199,231,Pos199_N-Pos231_*,0.0,1.786742278177387e-07,Pos199-Pos231
199,231,Pos199_N-Pos231_L,0.0,5.9558075939246225e-08,Pos199-Pos231
199,231,Pos199_D-Pos231_R,2.8962840675413443e-05,6.030464900383678e-05,Pos199-Pos231
199,231,Pos199_D-Pos231_S,0.00011585136270165377,0.00019805660672833338,Pos199-Pos231
199,231,Pos199_D-Pos231_H,0.0,2.180999963972397e-08,Pos199-Pos231
199,231,Pos199_D-Pos231_N,0.0,1.7447999711779176e-07,Pos199-Pos231
199,231,Pos199_D-Pos231_G,0.0,1.7447999711779176e-07,Pos199-Pos231
199,231,Pos199_D-Pos231_Y,0.0,1.7447999711779176e-07,Pos199-Pos231
199,231,Pos199_D-Pos231_I,0.0,4.361999927944794e-08,Pos199-Pos231
199,231,Pos199_D-Pos231_F,0.0,8.723999855889588e-08,Pos199-Pos231
199,231,Pos199_D-Pos231_*,0.0,6.542999891917191e-08,Pos199-Pos231
199,231,Pos199_D-Pos231_L,0.0,2.180999963972397e-08,Pos199-Pos231
199,231,Pos199_F-Pos231_R,0.0,1.1597047885353225e-05,Pos199-Pos231
199,231,Pos199_F-Pos231_S,0.0,3.808780898621796e-05,Pos199-Pos231
199,231,Pos199_F-Pos231_H,0.0,4.1942306999469175e-09,Pos199-Pos231
199,231,Pos199_F-Pos231_N,0.0,3.355384559957534e-08,Pos199-Pos231
199,231,Pos199_F-Pos231_G,0.0,3.355384559957534e-08,Pos199-Pos231
199,231,Pos199_F-Pos231_Y,0.0,3.355384559957534e-08,Pos199-Pos231
199,231,Pos199_F-Pos231_I,0.0,8.388461399893835e-09,Pos199-Pos231
199,231,Pos199_F-Pos231_F,0.0,1.677692279978767e-08,Pos199-Pos231
199,231,Pos199_F-Pos231_*,0.0,1.2582692099840753e-08,Pos199-Pos231
199,231,Pos199_F-Pos231_L,0.0,4.1942306999469175e-09,Pos199-Pos231
199,292,Pos199_S-Pos292_N,0.00011585136270165377,0.0026934535874303315,Pos199-Pos292
199,292,Pos199_S-Pos292_R,0.0,1.041091944340824e-05,Pos199-Pos292
199,292,Pos199_S-Pos292_I,0.0,2.8258209917822365e-05,Pos199-Pos292
199,292,Pos199_S-Pos292_G,2.8962840675413443e-05,5.949096824804707e-06,Pos199-Pos292
199,292,Pos199_S-Pos292_T,0.0,5.949096824804707e-06,Pos199-Pos292
199,292,Pos199_S-Pos292_C,0.0,1.4872742062011768e-06,Pos199-Pos292
199,292,Pos199_G-Pos292_N,0.0,3.038300719041547e-06,Pos199-Pos292
199,292,Pos199_G-Pos292_R,0.0,1.174384595985137e-08,Pos199-Pos292
199,292,Pos199_G-Pos292_I,0.0,3.1876153319596575e-08,Pos199-Pos292
199,292,Pos199_G-Pos292_G,0.0,6.710769119915067e-09,Pos199-Pos292
199,292,Pos199_G-Pos292_T,0.0,6.710769119915067e-09,Pos199-Pos292
199,292,Pos199_G-Pos292_C,0.0,1.6776922799787667e-09,Pos199-Pos292
199,292,Pos199_T-Pos292_N,5.7925681350826886e-05,2.4306405752332375e-05,Pos199-Pos292
199,292,Pos199_T-Pos292_R,0.0,9.395076767881095e-08,Pos199-Pos292
199,292,Pos199_T-Pos292_I,0.0,2.550092265567726e-07,Pos199-Pos292
199,292,Pos199_T-Pos292_G,0.0,5.3686152959320536e-08,Pos199-Pos292
199,292,Pos199_T-Pos292_T,0.0,5.3686152959320536e-08,Pos199-Pos292
199,292,Pos199_T-Pos292_C,0.0,1.3421538239830134e-08,Pos199-Pos292
199,292,Pos199_V-Pos292_N,0.0,9.114902157124642e-06,Pos199-Pos292
199,292,Pos199_V-Pos292_R,0.0,3.523153787955411e-08,Pos199-Pos292
199,292,Pos199_V-Pos292_I,0.0,9.562845995878973e-08,Pos199-Pos292
199,292,Pos199_V-Pos292_G,0.0,2.0132307359745202e-08,Pos199-Pos292
199,292,Pos199_V-Pos292_T,0.0,2.0132307359745202e-08,Pos199-Pos292
199,292,Pos199_V-Pos292_C,0.0,5.033076839936301e-09,Pos199-Pos292
199,292,Pos199_N-Pos292_N,8.688852202624034e-05,0.00010785967552597493,Pos199-Pos292
199,292,Pos199_N-Pos292_R,0.0,4.169065315747236e-07,Pos199-Pos292
199,292,Pos199_N-Pos292_I,0.0,1.1316034428456784e-06,Pos199-Pos292
199,292,Pos199_N-Pos292_G,0.0,2.382323037569849e-07,Pos199-Pos292
199,292,Pos199_N-Pos292_T,0.0,2.382323037569849e-07,Pos199-Pos292
199,292,Pos199_N-Pos292_C,0.0,5.9558075939246225e-08,Pos199-Pos292
199,292,Pos199_D-Pos292_N,0.0,3.949790934754012e-05,Pos199-Pos292
199,292,Pos199_D-Pos292_R,0.0,1.5266999747806782e-07,Pos199-Pos292
199,292,Pos199_D-Pos292_I,0.0,4.143899931547555e-07,Pos199-Pos292
199,292,Pos199_D-Pos292_G,0.0,8.723999855889588e-08,Pos199-Pos292
199,292,Pos199_D-Pos292_T,0.0,8.723999855889588e-08,Pos199-Pos292
199,292,Pos199_D-Pos292_C,0.0,2.180999963972397e-08,Pos199-Pos292
199,292,Pos199_F-Pos292_N,0.0,7.595751797603868e-06,Pos199-Pos292
199,292,Pos199_F-Pos292_R,0.0,2.9359614899628425e-08,Pos199-Pos292
199,292,Pos199_F-Pos292_I,0.0,7.969038329899144e-08,Pos199-Pos292
199,292,Pos199_F-Pos292_G,0.0,1.677692279978767e-08,Pos199-Pos292
199,292,Pos199_F-Pos292_T,0.0,1.677692279978767e-08,Pos199-Pos292
199,292,Pos199_F-Pos292_C,0.0,4.1942306999469175e-09,Pos199-Pos292
220,225,Pos220_V-Pos225_I,0.16697077649375852,0.2922333696234111,Pos220-Pos225
220,225,Pos220_V-Pos225_T,0.47574362093434125,0.34029341339797625,Pos220-Pos225
220,225,Pos220_V-Pos225_L,0.0,0.004580693827409147,Pos220-Pos225
220,225,Pos220_V-Pos225_Q,0.0,0.0031468994180168528,Pos220-Pos225
220,225,Pos220_V-Pos225_M,5.7925681350826886e-05,0.0008937939175432481,Pos220-Pos225
220,225,Pos220_V-Pos225_N,0.0,0.0007262075580038891,Pos220-Pos225
220,225,Pos220_V-Pos225_E,0.0,0.000614483318310983,Pos220-Pos225
220,225,Pos220_V-Pos225_R,0.0,1.8620706615484334e-05,Pos220-Pos225
220,225,Pos220_V-Pos225_P,2.8962840675413443e-05,1.8620706615484334e-05,Pos220-Pos225
220,225,Pos220_I-Pos225_I,0.003649317925102094,0.001777254928334107,Pos220-Pos225
220,225,Pos220_I-Pos225_T,0.000260665566078721,0.002069538283121308,Pos220-Pos225
220,225,Pos220_I-Pos225_L,0.0,2.785808030904743e-05,Pos220-Pos225
220,225,Pos220_I-Pos225_Q,0.0,1.9138274683857788e-05,Pos220-Pos225
220,225,Pos220_I-Pos225_M,0.0,5.435722987131205e-06,Pos220-Pos225
220,225,Pos220_I-Pos225_N,0.0,4.4165249270441045e-06,Pos220-Pos225
220,225,Pos220_I-Pos225_E,0.0,3.737059553652704e-06,Pos220-Pos225
220,225,Pos220_I-Pos225_R,0.0,1.1324422889856677e-07,Pos220-Pos225
220,225,Pos220_I-Pos225_P,0.0,1.1324422889856677e-07,Pos220-Pos225
220,225,Pos220_D-Pos225_I,0.0,1.3164851320993384e-05,Pos220-Pos225
220,225,Pos220_D-Pos225_T,2.8962840675413443e-05,1.5329913208305984e-05,Pos220-Pos225
220,225,Pos220_D-Pos225_L,0.0,2.0635615043738835e-07,Pos220-Pos225
220,225,Pos220_D-Pos225_Q,0.0,1.417649976582058e-07,Pos220-Pos225
220,225,Pos220_D-Pos225_M,0.0,4.0264614719490405e-08,Pos220-Pos225
220,225,Pos220_D-Pos225_N,0.0,3.271499945958596e-08,Pos220-Pos225
220,225,Pos220_D-Pos225_E,0.0,2.7681922619649653e-08,Pos220-Pos225
220,225,Pos220_D-Pos225_R,0.0,8.388461399893834e-10,Pos220-Pos225
220,225,Pos220_D-Pos225_P,0.0,8.388461399893834e-10,Pos220-Pos225
220,225,Pos220_F-Pos225_I,0.0,1.3164851320993384e-05,Pos220-Pos225
220,225,Pos220_F-Pos225_T,2.8962840675413443e-05,1.5329913208305984e-05,Pos220-Pos225
220,225,Pos220_F-Pos225_L,0.0,2.0635615043738835e-07,Pos220-Pos225
220,225,Pos220_F-Pos225_Q,0.0,1.417649976582058e-07,Pos220-Pos225
220,225,Pos220_F-Pos225_M,0.0,4.0264614719490405e-08,Pos220-Pos225
220,225,Pos220_F-Pos225_N,0.0,3.271499945958596e-08,Pos220-Pos225
220,225,Pos220_F-Pos225_E,0.0,2.7681922619649653e-08,Pos220-Pos225
220,225,Pos220_F-Pos225_R,0.0,8.388461399893834e-10,Pos220-Pos225
220,225,Pos220_F-Pos225_P,0.0,8.388461399893834e-10,Pos220-Pos225
220,225,Pos220_S-Pos225_I,2.8962840675413443e-05,1.3164851320993384e-05,Pos220-Pos225
220,225,Pos220_S-Pos225_T,0.0,1.5329913208305984e-05,Pos220-Pos225
220,225,Pos220_S-Pos225_L,0.0,2.0635615043738835e-07,Pos220-Pos225
220,225,Pos220_S-Pos225_Q,0.0,1.417649976582058e-07,Pos220-Pos225
220,225,Pos220_S-Pos225_M,0.0,4.0264614719490405e-08,Pos220-Pos225
220,225,Pos220_S-Pos225_N,0.0,3.271499945958596e-08,Pos220-Pos225
220,225,Pos220_S-Pos225_E,0.0,2.7681922619649653e-08,Pos220-Pos225
220,225,Pos220_S-Pos225_R,0.0,8.388461399893834e-10,Pos220-Pos225
220,225,Pos220_S-Pos225_P,0.0,8.388461399893834e-10,Pos220-Pos225
220,225,Pos220_T-Pos225_I,2.8962840675413443e-05,1.3164851320993384e-05,Pos220-Pos225
220,225,Pos220_T-Pos225_T,0.0,1.5329913208305984e-05,Pos220-Pos225
220,225,Pos220_T-Pos225_L,0.0,2.0635615043738835e-07,Pos220-Pos225
220,225,Pos220_T-Pos225_Q,0.0,1.417649976582058e-07,Pos220-Pos225
220,225,Pos220_T-Pos225_M,0.0,4.0264614719490405e-08,Pos220-Pos225
220,225,Pos220_T-Pos225_N,0.0,3.271499945958596e-08,Pos220-Pos225
220,225,Pos220_T-Pos225_E,0.0,2.7681922619649653e-08,Pos220-Pos225
220,225,Pos220_T-Pos225_R,0.0,8.388461399893834e-10,Pos220-Pos225
220,225,Pos220_T-Pos225_P,0.0,8.388461399893834e-10,Pos220-Pos225
220,225,Pos220_C-Pos225_I,0.0,1.3164851320993384e-05,Pos220-Pos225
220,225,Pos220_C-Pos225_T,2.8962840675413443e-05,1.5329913208305984e-05,Pos220-Pos225
220,225,Pos220_C-Pos225_L,0.0,2.0635615043738835e-07,Pos220-Pos225
220,225,Pos220_C-Pos225_Q,0.0,1.417649976582058e-07,Pos220-Pos225
220,225,Pos220_C-Pos225_M,0.0,4.0264614719490405e-08,Pos220-Pos225
220,225,Pos220_C-Pos225_N,0.0,3.271499945958596e-08,Pos220-Pos225
220,225,Pos220_C-Pos225_E,0.0,2.7681922619649653e-08,Pos220-Pos225
220,225,Pos220_C-Pos225_R,0.0,8.388461399893834e-10,Pos220-Pos225
220,225,Pos220_C-Pos225_P,0.0,8.388461399893834e-10,Pos220-Pos225
220,227,Pos220_V-Pos227_V,0.13519854027282996,0.0893793917543248,Pos220-Pos227
220,227,Pos220_V-Pos227_T,0.00017377704405248067,0.00048413837200259274,Pos220-Pos227
220,227,Pos220_V-Pos227_F,0.00023170272540330754,0.00014896565292387467,Pos220-Pos227
220,227,Pos220_V-Pos227_S,2.8962840675413443e-05,1.8620706615484334e-05,Pos220-Pos227
220,227,Pos220_V-Pos227_L,2.8962840675413443e-05,3.724141323096867e-05,Pos220-Pos227
220,227,Pos220_I-Pos227_V,0.003330726677672546,0.0005435722987131205,Pos220-Pos227
220,227,Pos220_I-Pos227_T,0.0,2.9443499513627363e-06,Pos220-Pos227
220,227,Pos220_I-Pos227_F,0.0,9.059538311885342e-07,Pos220-Pos227
220,227,Pos220_I-Pos227_S,0.0,1.1324422889856677e-07,Pos220-Pos227
220,227,Pos220_I-Pos227_L,0.0,2.2648845779713355e-07,Pos220-Pos227
220,227,Pos220_D-Pos227_V,0.0,4.02646147194904e-06,Pos220-Pos227
220,227,Pos220_D-Pos227_T,0.0,2.180999963972397e-08,Pos220-Pos227
220,227,Pos220_D-Pos227_F,0.0,6.710769119915067e-09,Pos220-Pos227
220,227,Pos220_D-Pos227_S,0.0,8.388461399893834e-10,Pos220-Pos227
220,227,Pos220_D-Pos227_L,0.0,1.6776922799787667e-09,Pos220-Pos227
220,227,Pos220_F-Pos227_V,0.0,4.02646147194904e-06,Pos220-Pos227
220,227,Pos220_F-Pos227_T,0.0,2.180999963972397e-08,Pos220-Pos227
220,227,Pos220_F-Pos227_F,0.0,6.710769119915067e-09,Pos220-Pos227
220,227,Pos220_F-Pos227_S,0.0,8.388461399893834e-10,Pos220-Pos227
220,227,Pos220_F-Pos227_L,0.0,1.6776922799787667e-09,Pos220-Pos227
220,227,Pos220_S-Pos227_V,0.0,4.02646147194904e-06,Pos220-Pos227
220,227,Pos220_S-Pos227_T,0.0,2.180999963972397e-08,Pos220-Pos227
220,227,Pos220_S-Pos227_F,0.0,6.710769119915067e-09,Pos220-Pos227
220,227,Pos220_S-Pos227_S,0.0,8.388461399893834e-10,Pos220-Pos227
220,227,Pos220_S-Pos227_L,0.0,1.6776922799787667e-09,Pos220-Pos227
220,227,Pos220_T-Pos227_V,2.8962840675413443e-05,4.02646147194904e-06,Pos220-Pos227
220,227,Pos220_T-Pos227_T,0.0,2.180999963972397e-08,Pos220-Pos227
220,227,Pos220_T-Pos227_F,0.0,6.710769119915067e-09,Pos220-Pos227
220,227,Pos220_T-Pos227_S,0.0,8.388461399893834e-10,Pos220-Pos227
220,227,Pos220_T-Pos227_L,0.0,1.6776922799787667e-09,Pos220-Pos227
220,227,Pos220_C-Pos227_V,0.0,4.02646147194904e-06,Pos220-Pos227
220,227,Pos220_C-Pos227_T,0.0,2.180999963972397e-08,Pos220-Pos227
220,227,Pos220_C-Pos227_F,0.0,6.710769119915067e-09,Pos220-Pos227
220,227,Pos220_C-Pos227_S,0.0,8.388461399893834e-10,Pos220-Pos227
220,227,Pos220_C-Pos227_L,0.0,1.6776922799787667e-09,Pos220-Pos227
220,231,Pos220_V-Pos231_R,0.00512642279954818,0.05148625379181418,Pos220-Pos231
220,231,Pos220_V-Pos231_S,0.2337301242505865,0.16909463677521322,Pos220-Pos231
220,231,Pos220_V-Pos231_H,0.0,1.8620706615484334e-05,Pos220-Pos231
220,231,Pos220_V-Pos231_N,0.00020273988472789412,0.00014896565292387467,Pos220-Pos231
220,231,Pos220_V-Pos231_G,0.00020273988472789412,0.00014896565292387467,Pos220-Pos231
220,231,Pos220_V-Pos231_Y,0.00014481420337706722,0.00014896565292387467,Pos220-Pos231
220,231,Pos220_V-Pos231_I,2.8962840675413443e-05,3.724141323096867e-05,Pos220-Pos231
220,231,Pos220_V-Pos231_F,2.8962840675413443e-05,7.448282646193733e-05,Pos220-Pos231
220,231,Pos220_V-Pos231_*,8.688852202624034e-05,5.586211984645301e-05,Pos220-Pos231
220,231,Pos220_V-Pos231_L,0.0,1.8620706615484334e-05,Pos220-Pos231
220,231,Pos220_I-Pos231_R,0.0,0.0003131202929045371,Pos220-Pos231
220,231,Pos220_I-Pos231_S,0.00014481420337706722,0.0010283708426278848,Pos220-Pos231
220,231,Pos220_I-Pos231_H,0.0,1.1324422889856677e-07,Pos220-Pos231
220,231,Pos220_I-Pos231_N,0.0,9.059538311885342e-07,Pos220-Pos231
220,231,Pos220_I-Pos231_G,0.0,9.059538311885342e-07,Pos220-Pos231
220,231,Pos220_I-Pos231_Y,0.0,9.059538311885342e-07,Pos220-Pos231
220,231,Pos220_I-Pos231_I,0.0,2.2648845779713355e-07,Pos220-Pos231
220,231,Pos220_I-Pos231_F,0.0,4.529769155942671e-07,Pos220-Pos231
220,231,Pos220_I-Pos231_*,0.0,3.3973268669570033e-07,Pos220-Pos231
220,231,Pos220_I-Pos231_L,0.0,1.1324422889856677e-07,Pos220-Pos231
220,231,Pos220_D-Pos231_R,0.0,2.319409577070645e-06,Pos220-Pos231
220,231,Pos220_D-Pos231_S,0.0,7.6175617972435905e-06,Pos220-Pos231
220,231,Pos220_D-Pos231_H,0.0,8.388461399893834e-10,Pos220-Pos231
220,231,Pos220_D-Pos231_N,0.0,6.710769119915067e-09,Pos220-Pos231
220,231,Pos220_D-Pos231_G,0.0,6.710769119915067e-09,Pos220-Pos231
220,231,Pos220_D-Pos231_Y,0.0,6.710769119915067e-09,Pos220-Pos231
220,231,Pos220_D-Pos231_I,0.0,1.6776922799787667e-09,Pos220-Pos231
220,231,Pos220_D-Pos231_F,0.0,3.3553845599575335e-09,Pos220-Pos231
220,231,Pos220_D-Pos231_*,0.0,2.5165384199681503e-09,Pos220-Pos231
220,231,Pos220_D-Pos231_L,0.0,8.388461399893834e-10,Pos220-Pos231
220,231,Pos220_F-Pos231_R,0.0,2.319409577070645e-06,Pos220-Pos231
220,231,Pos220_F-Pos231_S,2.8962840675413443e-05,7.6175617972435905e-06,Pos220-Pos231
220,231,Pos220_F-Pos231_H,0.0,8.388461399893834e-10,Pos220-Pos231
220,231,Pos220_F-Pos231_N,0.0,6.710769119915067e-09,Pos220-Pos231
220,231,Pos220_F-Pos231_G,0.0,6.710769119915067e-09,Pos220-Pos231
220,231,Pos220_F-Pos231_Y,0.0,6.710769119915067e-09,Pos220-Pos231
220,231,Pos220_F-Pos231_I,0.0,1.6776922799787667e-09,Pos220-Pos231
220,231,Pos220_F-Pos231_F,0.0,3.3553845599575335e-09,Pos220-Pos231
220,231,Pos220_F-Pos231_*,0.0,2.5165384199681503e-09,Pos220-Pos231
220,231,Pos220_F-Pos231_L,0.0,8.388461399893834e-10,Pos220-Pos231
220,231,Pos220_S-Pos231_R,0.0,2.319409577070645e-06,Pos220-Pos231
220,231,Pos220_S-Pos231_S,0.0,7.6175617972435905e-06,Pos220-Pos231
220,231,Pos220_S-Pos231_H,0.0,8.388461399893834e-10,Pos220-Pos231
220,231,Pos220_S-Pos231_N,0.0,6.710769119915067e-09,Pos220-Pos231
220,231,Pos220_S-Pos231_G,0.0,6.710769119915067e-09,Pos220-Pos231
220,231,Pos220_S-Pos231_Y,0.0,6.710769119915067e-09,Pos220-Pos231
220,231,Pos220_S-Pos231_I,0.0,1.6776922799787667e-09,Pos220-Pos231
220,231,Pos220_S-Pos231_F,0.0,3.3553845599575335e-09,Pos220-Pos231
220,231,Pos220_S-Pos231_*,0.0,2.5165384199681503e-09,Pos220-Pos231
220,231,Pos220_S-Pos231_L,0.0,8.388461399893834e-10,Pos220-Pos231
220,231,Pos220_T-Pos231_R,0.0,2.319409577070645e-06,Pos220-Pos231
220,231,Pos220_T-Pos231_S,0.0,7.6175617972435905e-06,Pos220-Pos231
220,231,Pos220_T-Pos231_H,0.0,8.388461399893834e-10,Pos220-Pos231
220,231,Pos220_T-Pos231_N,0.0,6.710769119915067e-09,Pos220-Pos231
220,231,Pos220_T-Pos231_G,0.0,6.710769119915067e-09,Pos220-Pos231
220,231,Pos220_T-Pos231_Y,0.0,6.710769119915067e-09,Pos220-Pos231
220,231,Pos220_T-Pos231_I,0.0,1.6776922799787667e-09,Pos220-Pos231
220,231,Pos220_T-Pos231_F,0.0,3.3553845599575335e-09,Pos220-Pos231
220,231,Pos220_T-Pos231_*,0.0,2.5165384199681503e-09,Pos220-Pos231
220,231,Pos220_T-Pos231_L,0.0,8.388461399893834e-10,Pos220-Pos231
220,231,Pos220_C-Pos231_R,0.0,2.319409577070645e-06,Pos220-Pos231
220,231,Pos220_C-Pos231_S,0.0,7.6175617972435905e-06,Pos220-Pos231
220,231,Pos220_C-Pos231_H,0.0,8.388461399893834e-10,Pos220-Pos231
220,231,Pos220_C-Pos231_N,0.0,6.710769119915067e-09,Pos220-Pos231
220,231,Pos220_C-Pos231_G,0.0,6.710769119915067e-09,Pos220-Pos231
220,231,Pos220_C-Pos231_Y,0.0,6.710769119915067e-09,Pos220-Pos231
220,231,Pos220_C-Pos231_I,0.0,1.6776922799787667e-09,Pos220-Pos231
220,231,Pos220_C-Pos231_F,0.0,3.3553845599575335e-09,Pos220-Pos231
220,231,Pos220_C-Pos231_*,0.0,2.5165384199681503e-09,Pos220-Pos231
220,231,Pos220_C-Pos231_L,0.0,8.388461399893834e-10,Pos220-Pos231
220,292,Pos220_V-Pos292_N,0.001824658962551047,0.03372209968064213,Pos220-Pos292
220,292,Pos220_V-Pos292_R,8.688852202624034e-05,0.00013034494630839036,Pos220-Pos292
220,292,Pos220_V-Pos292_I,0.00040547976945578824,0.00035379342569420236,Pos220-Pos292
220,292,Pos220_V-Pos292_G,2.8962840675413443e-05,7.448282646193733e-05,Pos220-Pos292
220,292,Pos220_V-Pos292_T,0.00011585136270165377,7.448282646193733e-05,Pos220-Pos292
220,292,Pos220_V-Pos292_C,2.8962840675413443e-05,1.8620706615484334e-05,Pos220-Pos292
220,292,Pos220_I-Pos292_N,0.0,0.00020508529853530445,Pos220-Pos292
220,292,Pos220_I-Pos292_R,0.0,7.927096022899675e-07,Pos220-Pos292
220,292,Pos220_I-Pos292_I,0.0,2.151640349072769e-06,Pos220-Pos292
220,292,Pos220_I-Pos292_G,0.0,4.529769155942671e-07,Pos220-Pos292
220,292,Pos220_I-Pos292_T,0.0,4.529769155942671e-07,Pos220-Pos292
220,292,Pos220_I-Pos292_C,0.0,1.1324422889856677e-07,Pos220-Pos292
220,292,Pos220_D-Pos292_N,0.0,1.5191503595207735e-06,Pos220-Pos292
220,292,Pos220_D-Pos292_R,0.0,5.871922979925685e-09,Pos220-Pos292
220,292,Pos220_D-Pos292_I,0.0,1.5938076659798288e-08,Pos220-Pos292
220,292,Pos220_D-Pos292_G,0.0,3.3553845599575335e-09,Pos220-Pos292
220,292,Pos220_D-Pos292_T,0.0,3.3553845599575335e-09,Pos220-Pos292
220,292,Pos220_D-Pos292_C,0.0,8.388461399893834e-10,Pos220-Pos292
220,292,Pos220_F-Pos292_N,0.0,1.5191503595207735e-06,Pos220-Pos292
220,292,Pos220_F-Pos292_R,0.0,5.871922979925685e-09,Pos220-Pos292
220,292,Pos220_F-Pos292_I,0.0,1.5938076659798288e-08,Pos220-Pos292
220,292,Pos220_F-Pos292_G,0.0,3.3553845599575335e-09,Pos220-Pos292
220,292,Pos220_F-Pos292_T,0.0,3.3553845599575335e-09,Pos220-Pos292
220,292,Pos220_F-Pos292_C,0.0,8.388461399893834e-10,Pos220-Pos292
220,292,Pos220_S-Pos292_N,0.0,1.5191503595207735e-06,Pos220-Pos292
220,292,Pos220_S-Pos292_R,0.0,5.871922979925685e-09,Pos220-Pos292
220,292,Pos220_S-Pos292_I,0.0,1.5938076659798288e-08,Pos220-Pos292
220,292,Pos220_S-Pos292_G,0.0,3.3553845599575335e-09,Pos220-Pos292
220,292,Pos220_S-Pos292_T,0.0,3.3553845599575335e-09,Pos220-Pos292
220,292,Pos220_S-Pos292_C,0.0,8.388461399893834e-10,Pos220-Pos292
220,292,Pos220_T-Pos292_N,0.0,1.5191503595207735e-06,Pos220-Pos292
220,292,Pos220_T-Pos292_R,0.0,5.871922979925685e-09,Pos220-Pos292
220,292,Pos220_T-Pos292_I,0.0,1.5938076659798288e-08,Pos220-Pos292
220,292,Pos220_T-Pos292_G,0.0,3.3553845599575335e-09,Pos220-Pos292
220,292,Pos220_T-Pos292_T,0.0,3.3553845599575335e-09,Pos220-Pos292
220,292,Pos220_T-Pos292_C,0.0,8.388461399893834e-10,Pos220-Pos292
220,292,Pos220_C-Pos292_N,0.0,1.5191503595207735e-06,Pos220-Pos292
220,292,Pos220_C-Pos292_R,0.0,5.871922979925685e-09,Pos220-Pos292
220,292,Pos220_C-Pos292_I,0.0,1.5938076659798288e-08,Pos220-Pos292
220,292,Pos220_C-Pos292_G,0.0,3.3553845599575335e-09,Pos220-Pos292
220,292,Pos220_C-Pos292_T,0.0,3.3553845599575335e-09,Pos220-Pos292
220,292,Pos220_C-Pos292_C,0.0,8.388461399893834e-10,Pos220-Pos292
225,227,Pos225_I-Pos227_V,0.13850030410982708,0.06319128634076823,Pos225-Pos227
225,227,Pos225_I-Pos227_T,0.0004634054508066151,0.000342286134345828,Pos225-Pos227
225,227,Pos225_I-Pos227_F,2.8962840675413443e-05,0.00010531881056794707,Pos225-Pos227
225,227,Pos225_I-Pos227_S,0.0,1.3164851320993384e-05,Pos225-Pos227
225,227,Pos225_I-Pos227_L,2.8962840675413443e-05,2.6329702641986767e-05,Pos225-Pos227
225,227,Pos225_T-Pos227_V,0.0004634054508066151,0.07358358339986872,Pos225-Pos227
225,227,Pos225_T-Pos227_T,0.000260665566078721,0.0003985777434159556,Pos225-Pos227
225,227,Pos225_T-Pos227_F,0.00020273988472789412,0.00012263930566644787,Pos225-Pos227
225,227,Pos225_T-Pos227_S,2.8962840675413443e-05,1.5329913208305984e-05,Pos225-Pos227
225,227,Pos225_T-Pos227_L,2.8962840675413443e-05,3.065982641661197e-05,Pos225-Pos227
225,227,Pos225_L-Pos227_V,0.0,0.000990509522099464,Pos225-Pos227
225,227,Pos225_L-Pos227_T,2.8962840675413443e-05,5.365259911372097e-06,Pos225-Pos227
225,227,Pos225_L-Pos227_F,0.0,1.6508492034991068e-06,Pos225-Pos227
225,227,Pos225_L-Pos227_S,0.0,2.0635615043738835e-07,Pos225-Pos227
225,227,Pos225_L-Pos227_L,0.0,4.127123008747767e-07,Pos225-Pos227
225,227,Pos225_Q-Pos227_V,0.0,0.0006804719887593879,Pos225-Pos227
225,227,Pos225_Q-Pos227_T,0.0,3.6858899391133514e-06,Pos225-Pos227
225,227,Pos225_Q-Pos227_F,0.0,1.1341199812656465e-06,Pos225-Pos227
225,227,Pos225_Q-Pos227_S,0.0,1.417649976582058e-07,Pos225-Pos227
225,227,Pos225_Q-Pos227_L,0.0,2.835299953164116e-07,Pos225-Pos227
225,227,Pos225_M-Pos227_V,5.7925681350826886e-05,0.00019327015065355395,Pos225-Pos227
225,227,Pos225_M-Pos227_T,0.0,1.0468799827067506e-06,Pos225-Pos227
225,227,Pos225_M-Pos227_F,0.0,3.2211691775592324e-07,Pos225-Pos227
225,227,Pos225_M-Pos227_S,0.0,4.0264614719490405e-08,Pos225-Pos227
225,227,Pos225_M-Pos227_L,0.0,8.052922943898081e-08,Pos225-Pos227
225,227,Pos225_N-Pos227_V,0.0,0.0001570319974060126,Pos225-Pos227
225,227,Pos225_N-Pos227_T,0.0,8.505899859492349e-07,Pos225-Pos227
225,227,Pos225_N-Pos227_F,0.0,2.6171999567668766e-07,Pos225-Pos227
225,227,Pos225_N-Pos227_S,0.0,3.271499945958596e-08,Pos225-Pos227
225,227,Pos225_N-Pos227_L,0.0,6.542999891917191e-08,Pos225-Pos227
225,227,Pos225_E-Pos227_V,0.0,0.00013287322857431834,Pos225-Pos227
225,227,Pos225_E-Pos227_T,0.0,7.197299881108911e-07,Pos225-Pos227
225,227,Pos225_E-Pos227_F,0.0,2.2145538095719723e-07,Pos225-Pos227
225,227,Pos225_E-Pos227_S,0.0,2.7681922619649653e-08,Pos225-Pos227
225,227,Pos225_E-Pos227_L,0.0,5.536384523929931e-08,Pos225-Pos227
225,227,Pos225_R-Pos227_V,0.0,4.02646147194904e-06,Pos225-Pos227
225,227,Pos225_R-Pos227_T,0.0,2.180999963972397e-08,Pos225-Pos227
225,227,Pos225_R-Pos227_F,0.0,6.710769119915067e-09,Pos225-Pos227
225,227,Pos225_R-Pos227_S,0.0,8.388461399893834e-10,Pos225-Pos227
225,227,Pos225_R-Pos227_L,0.0,1.6776922799787667e-09,Pos225-Pos227
225,227,Pos225_P-Pos227_V,0.0,4.02646147194904e-06,Pos225-Pos227
225,227,Pos225_P-Pos227_T,0.0,2.180999963972397e-08,Pos225-Pos227
225,227,Pos225_P-Pos227_F,0.0,6.710769119915067e-09,Pos225-Pos227
225,227,Pos225_P-Pos227_S,0.0,8.388461399893834e-10,Pos225-Pos227
225,227,Pos225_P-Pos227_L,0.0,1.6776922799787667e-09,Pos225-Pos227
225,231,Pos225_I-Pos231_R,0.07701219335592435,0.03640081390254671,Pos225-Pos231
225,231,Pos225_I-Pos231_S,0.0027804327048396907,0.11955001484594091,Pos225-Pos231
225,231,Pos225_I-Pos231_H,2.8962840675413443e-05,1.3164851320993384e-05,Pos225-Pos231
225,231,Pos225_I-Pos231_N,2.8962840675413443e-05,0.00010531881056794707,Pos225-Pos231
225,231,Pos225_I-Pos231_G,2.8962840675413443e-05,0.00010531881056794707,Pos225-Pos231
225,231,Pos225_I-Pos231_Y,0.00014481420337706722,0.00010531881056794707,Pos225-Pos231
225,231,Pos225_I-Pos231_I,0.0,2.6329702641986767e-05,Pos225-Pos231
225,231,Pos225_I-Pos231_F,8.688852202624034e-05,5.2659405283973535e-05,Pos225-Pos231
225,231,Pos225_I-Pos231_*,2.8962840675413443e-05,3.9494553962980154e-05,Pos225-Pos231
225,231,Pos225_I-Pos231_L,2.8962840675413443e-05,1.3164851320993384e-05,Pos225-Pos231
225,231,Pos225_T-Pos231_R,0.002172213050656008,0.04238721002096604,Pos225-Pos231
225,231,Pos225_T-Pos231_S,0.26002838358386193,0.13921094184462662,Pos225-Pos231
225,231,Pos225_T-Pos231_H,0.0,1.5329913208305984e-05,Pos225-Pos231
225,231,Pos225_T-Pos231_N,0.00020273988472789412,0.00012263930566644787,Pos225-Pos231
225,231,Pos225_T-Pos231_G,0.00020273988472789412,0.00012263930566644787,Pos225-Pos231
225,231,Pos225_T-Pos231_Y,8.688852202624034e-05,0.00012263930566644787,Pos225-Pos231
225,231,Pos225_T-Pos231_I,5.7925681350826886e-05,3.065982641661197e-05,Pos225-Pos231
225,231,Pos225_T-Pos231_F,2.8962840675413443e-05,6.131965283322394e-05,Pos225-Pos231
225,231,Pos225_T-Pos231_*,5.7925681350826886e-05,4.5989739624917955e-05,Pos225-Pos231
225,231,Pos225_T-Pos231_L,0.0,1.5329913208305984e-05,Pos225-Pos231
225,231,Pos225_L-Pos231_R,0.00040547976945578824,0.0005705747559593788,Pos225-Pos231
225,231,Pos225_L-Pos231_S,8.688852202624034e-05,0.0018739202021219234,Pos225-Pos231
225,231,Pos225_L-Pos231_H,0.0,2.0635615043738835e-07,Pos225-Pos231
225,231,Pos225_L-Pos231_N,0.0,1.6508492034991068e-06,Pos225-Pos231
225,231,Pos225_L-Pos231_G,0.0,1.6508492034991068e-06,Pos225-Pos231
225,231,Pos225_L-Pos231_Y,0.0,1.6508492034991068e-06,Pos225-Pos231
225,231,Pos225_L-Pos231_I,0.0,4.127123008747767e-07,Pos225-Pos231
225,231,Pos225_L-Pos231_F,0.0,8.254246017495534e-07,Pos225-Pos231
225,231,Pos225_L-Pos231_*,0.0,6.19068451312165e-07,Pos225-Pos231
225,231,Pos225_L-Pos231_L,0.0,2.0635615043738835e-07,Pos225-Pos231
225,231,Pos225_Q-Pos231_R,2.8962840675413443e-05,0.0003919802185249391,Pos225-Pos231
225,231,Pos225_Q-Pos231_S,8.688852202624034e-05,0.001287367943734167,Pos225-Pos231
225,231,Pos225_Q-Pos231_H,0.0,1.417649976582058e-07,Pos225-Pos231
225,231,Pos225_Q-Pos231_N,0.0,1.1341199812656465e-06,Pos225-Pos231
225,231,Pos225_Q-Pos231_G,0.0,1.1341199812656465e-06,Pos225-Pos231
225,231,Pos225_Q-Pos231_Y,0.0,1.1341199812656465e-06,Pos225-Pos231
225,231,Pos225_Q-Pos231_I,0.0,2.835299953164116e-07,Pos225-Pos231
225,231,Pos225_Q-Pos231_F,0.0,5.670599906328233e-07,Pos225-Pos231
225,231,Pos225_Q-Pos231_*,0.0,4.2529499297461747e-07,Pos225-Pos231
225,231,Pos225_Q-Pos231_L,0.0,1.417649976582058e-07,Pos225-Pos231
225,231,Pos225_M-Pos231_R,0.0004344426101312017,0.00011133165969939098,Pos225-Pos231
225,231,Pos225_M-Pos231_S,0.0,0.0003656429662676924,Pos225-Pos231
225,231,Pos225_M-Pos231_H,0.0,4.0264614719490405e-08,Pos225-Pos231
225,231,Pos225_M-Pos231_N,0.0,3.2211691775592324e-07,Pos225-Pos231
225,231,Pos225_M-Pos231_G,0.0,3.2211691775592324e-07,Pos225-Pos231
225,231,Pos225_M-Pos231_Y,0.0,3.2211691775592324e-07,Pos225-Pos231
225,231,Pos225_M-Pos231_I,0.0,8.052922943898081e-08,Pos225-Pos231
225,231,Pos225_M-Pos231_F,0.0,1.6105845887796162e-07,Pos225-Pos231
225,231,Pos225_M-Pos231_*,0.0,1.2079384415847124e-07,Pos225-Pos231
225,231,Pos225_M-Pos231_L,0.0,4.0264614719490405e-08,Pos225-Pos231
225,231,Pos225_N-Pos231_R,0.0,9.045697350575516e-05,Pos225-Pos231
225,231,Pos225_N-Pos231_S,0.0,0.0002970849100925001,Pos225-Pos231
225,231,Pos225_N-Pos231_H,0.0,3.271499945958596e-08,Pos225-Pos231
225,231,Pos225_N-Pos231_N,0.0,2.6171999567668766e-07,Pos225-Pos231
225,231,Pos225_N-Pos231_G,0.0,2.6171999567668766e-07,Pos225-Pos231
225,231,Pos225_N-Pos231_Y,0.0,2.6171999567668766e-07,Pos225-Pos231
225,231,Pos225_N-Pos231_I,0.0,6.542999891917191e-08,Pos225-Pos231
225,231,Pos225_N-Pos231_F,0.0,1.3085999783834383e-07,Pos225-Pos231
225,231,Pos225_N-Pos231_*,0.0,9.814499837875788e-08,Pos225-Pos231
225,231,Pos225_N-Pos231_L,0.0,3.271499945958596e-08,Pos225-Pos231
225,231,Pos225_E-Pos231_R,0.0,7.65405160433313e-05,Pos225-Pos231
225,231,Pos225_E-Pos231_S,0.0,0.0002513795393090385,Pos225-Pos231
225,231,Pos225_E-Pos231_H,0.0,2.7681922619649653e-08,Pos225-Pos231
225,231,Pos225_E-Pos231_N,0.0,2.2145538095719723e-07,Pos225-Pos231
225,231,Pos225_E-Pos231_G,0.0,2.2145538095719723e-07,Pos225-Pos231
225,231,Pos225_E-Pos231_Y,0.0,2.2145538095719723e-07,Pos225-Pos231
225,231,Pos225_E-Pos231_I,0.0,5.536384523929931e-08,Pos225-Pos231
225,231,Pos225_E-Pos231_F,0.0,1.1072769047859861e-07,Pos225-Pos231
225,231,Pos225_E-Pos231_*,0.0,8.304576785894897e-08,Pos225-Pos231
225,231,Pos225_E-Pos231_L,0.0,2.7681922619649653e-08,Pos225-Pos231
225,231,Pos225_R-Pos231_R,2.8962840675413443e-05,2.319409577070645e-06,Pos225-Pos231
225,231,Pos225_R-Pos231_S,0.0,7.6175617972435905e-06,Pos225-Pos231
225,231,Pos225_R-Pos231_H,0.0,8.388461399893834e-10,Pos225-Pos231
225,231,Pos225_R-Pos231_N,0.0,6.710769119915067e-09,Pos225-Pos231
225,231,Pos225_R-Pos231_G,0.0,6.710769119915067e-09,Pos225-Pos231
225,231,Pos225_R-Pos231_Y,0.0,6.710769119915067e-09,Pos225-Pos231
225,231,Pos225_R-Pos231_I,0.0,1.6776922799787667e-09,Pos225-Pos231
225,231,Pos225_R-Pos231_F,0.0,3.3553845599575335e-09,Pos225-Pos231
225,231,Pos225_R-Pos231_*,0.0,2.5165384199681503e-09,Pos225-Pos231
225,231,Pos225_R-Pos231_L,0.0,8.388461399893834e-10,Pos225-Pos231
225,231,Pos225_P-Pos231_R,0.0,2.319409577070645e-06,Pos225-Pos231
225,231,Pos225_P-Pos231_S,2.8962840675413443e-05,7.6175617972435905e-06,Pos225-Pos231
225,231,Pos225_P-Pos231_H,0.0,8.388461399893834e-10,Pos225-Pos231
225,231,Pos225_P-Pos231_N,0.0,6.710769119915067e-09,Pos225-Pos231
225,231,Pos225_P-Pos231_G,0.0,6.710769119915067e-09,Pos225-Pos231
225,231,Pos225_P-Pos231_Y,0.0,6.710769119915067e-09,Pos225-Pos231
225,231,Pos225_P-Pos231_I,0.0,1.6776922799787667e-09,Pos225-Pos231
225,231,Pos225_P-Pos231_F,0.0,3.3553845599575335e-09,Pos225-Pos231
225,231,Pos225_P-Pos231_*,0.0,2.5165384199681503e-09,Pos225-Pos231
225,231,Pos225_P-Pos231_L,0.0,8.388461399893834e-10,Pos225-Pos231
225,292,Pos225_I-Pos292_N,0.050916673907376836,0.02384154574231902,Pos225-Pos292
225,292,Pos225_I-Pos292_R,0.00014481420337706722,9.215395924695369e-05,Pos225-Pos292
225,292,Pos225_I-Pos292_I,0.00017377704405248067,0.00025013217509887433,Pos225-Pos292
225,292,Pos225_I-Pos292_G,0.00011585136270165377,5.2659405283973535e-05,Pos225-Pos292
225,292,Pos225_I-Pos292_T,0.0,5.2659405283973535e-05,Pos225-Pos292
225,292,Pos225_I-Pos292_C,0.0,1.3164851320993384e-05,Pos225-Pos292
225,292,Pos225_T-Pos292_N,0.0008688852202624034,0.027762472820242138,Pos225-Pos292
225,292,Pos225_T-Pos292_R,5.7925681350826886e-05,0.0001073093924581419,Pos225-Pos292
225,292,Pos225_T-Pos292_I,0.0003765169287803748,0.0002912683509578137,Pos225-Pos292
225,292,Pos225_T-Pos292_G,0.0,6.131965283322394e-05,Pos225-Pos292
225,292,Pos225_T-Pos292_T,0.00011585136270165377,6.131965283322394e-05,Pos225-Pos292
225,292,Pos225_T-Pos292_C,2.8962840675413443e-05,1.5329913208305984e-05,Pos225-Pos292
225,292,Pos225_L-Pos292_N,0.000260665566078721,0.0003737109884421103,Pos225-Pos292
225,292,Pos225_L-Pos292_R,0.0,1.4444930530617184e-06,Pos225-Pos292
225,292,Pos225_L-Pos292_I,0.0,3.920766858310379e-06,Pos225-Pos292
225,292,Pos225_L-Pos292_G,0.0,8.254246017495534e-07,Pos225-Pos292
225,292,Pos225_L-Pos292_T,0.0,8.254246017495534e-07,Pos225-Pos292
225,292,Pos225_L-Pos292_C,0.0,2.0635615043738835e-07,Pos225-Pos292
225,292,Pos225_Q-Pos292_N,0.0,0.00025673641075901077,Pos225-Pos292
225,292,Pos225_Q-Pos292_R,0.0,9.923549836074409e-07,Pos225-Pos292
225,292,Pos225_Q-Pos292_I,0.0,2.6935349555059107e-06,Pos225-Pos292
225,292,Pos225_Q-Pos292_G,0.0,5.670599906328233e-07,Pos225-Pos292
225,292,Pos225_Q-Pos292_T,0.0,5.670599906328233e-07,Pos225-Pos292
225,292,Pos225_Q-Pos292_C,0.0,1.417649976582058e-07,Pos225-Pos292
225,292,Pos225_M-Pos292_N,0.00040547976945578824,7.291921725699714e-05,Pos225-Pos292
225,292,Pos225_M-Pos292_R,0.0,2.818523030364329e-07,Pos225-Pos292
225,292,Pos225_M-Pos292_I,0.0,7.650276796703179e-07,Pos225-Pos292
225,292,Pos225_M-Pos292_G,0.0,1.6105845887796162e-07,Pos225-Pos292
225,292,Pos225_M-Pos292_T,0.0,1.6105845887796162e-07,Pos225-Pos292
225,292,Pos225_M-Pos292_C,0.0,4.0264614719490405e-08,Pos225-Pos292
225,292,Pos225_N-Pos292_N,0.0,5.9246864021310175e-05,Pos225-Pos292
225,292,Pos225_N-Pos292_R,0.0,2.290049962171017e-07,Pos225-Pos292
225,292,Pos225_N-Pos292_I,0.0,6.215849897321332e-07,Pos225-Pos292
225,292,Pos225_N-Pos292_G,0.0,1.3085999783834383e-07,Pos225-Pos292
225,292,Pos225_N-Pos292_T,0.0,1.3085999783834383e-07,Pos225-Pos292
225,292,Pos225_N-Pos292_C,0.0,3.271499945958596e-08,Pos225-Pos292
225,292,Pos225_E-Pos292_N,0.0,5.013196186418553e-05,Pos225-Pos292
225,292,Pos225_E-Pos292_R,0.0,1.937734583375476e-07,Pos225-Pos292
225,292,Pos225_E-Pos292_I,0.0,5.259565297733435e-07,Pos225-Pos292
225,292,Pos225_E-Pos292_G,0.0,1.1072769047859861e-07,Pos225-Pos292
225,292,Pos225_E-Pos292_T,0.0,1.1072769047859861e-07,Pos225-Pos292
225,292,Pos225_E-Pos292_C,0.0,2.7681922619649653e-08,Pos225-Pos292
225,292,Pos225_R-Pos292_N,0.0,1.5191503595207735e-06,Pos225-Pos292
225,292,Pos225_R-Pos292_R,0.0,5.871922979925685e-09,Pos225-Pos292
225,292,Pos225_R-Pos292_I,0.0,1.5938076659798288e-08,Pos225-Pos292
225,292,Pos225_R-Pos292_G,0.0,3.3553845599575335e-09,Pos225-Pos292
225,292,Pos225_R-Pos292_T,0.0,3.3553845599575335e-09,Pos225-Pos292
225,292,Pos225_R-Pos292_C,0.0,8.388461399893834e-10,Pos225-Pos292
225,292,Pos225_P-Pos292_N,0.0,1.5191503595207735e-06,Pos225-Pos292
225,292,Pos225_P-Pos292_R,0.0,5.871922979925685e-09,Pos225-Pos292
225,292,Pos225_P-Pos292_I,0.0,1.5938076659798288e-08,Pos225-Pos292
225,292,Pos225_P-Pos292_G,0.0,3.3553845599575335e-09,Pos225-Pos292
225,292,Pos225_P-Pos292_T,0.0,3.3553845599575335e-09,Pos225-Pos292
225,292,Pos225_P-Pos292_C,0.0,8.388461399893834e-10,Pos225-Pos292
227,231,Pos227_V-Pos231_R,0.0007530338575607496,0.011133165969939096,Pos227-Pos231
227,231,Pos227_V-Pos231_S,0.00028962840675413444,0.03656429662676924,Pos227-Pos231
227,231,Pos227_V-Pos231_H,0.0,4.02646147194904e-06,Pos227-Pos231
227,231,Pos227_V-Pos231_N,0.0,3.221169177559232e-05,Pos227-Pos231
227,231,Pos227_V-Pos231_G,0.0,3.221169177559232e-05,Pos227-Pos231
227,231,Pos227_V-Pos231_Y,5.7925681350826886e-05,3.221169177559232e-05,Pos227-Pos231
227,231,Pos227_V-Pos231_I,0.0,8.05292294389808e-06,Pos227-Pos231
227,231,Pos227_V-Pos231_F,0.0,1.610584588779616e-05,Pos227-Pos231
227,231,Pos227_V-Pos231_*,2.8962840675413443e-05,1.2079384415847122e-05,Pos227-Pos231
227,231,Pos227_V-Pos231_L,0.0,4.02646147194904e-06,Pos227-Pos231
227,231,Pos227_T-Pos231_R,5.7925681350826886e-05,6.030464900383678e-05,Pos227-Pos231
227,231,Pos227_T-Pos231_S,0.00011585136270165377,0.00019805660672833338,Pos227-Pos231
227,231,Pos227_T-Pos231_H,0.0,2.180999963972397e-08,Pos227-Pos231
227,231,Pos227_T-Pos231_N,0.0,1.7447999711779176e-07,Pos227-Pos231
227,231,Pos227_T-Pos231_G,0.0,1.7447999711779176e-07,Pos227-Pos231
227,231,Pos227_T-Pos231_Y,0.0,1.7447999711779176e-07,Pos227-Pos231
227,231,Pos227_T-Pos231_I,0.0,4.361999927944794e-08,Pos227-Pos231
227,231,Pos227_T-Pos231_F,0.0,8.723999855889588e-08,Pos227-Pos231
227,231,Pos227_T-Pos231_*,0.0,6.542999891917191e-08,Pos227-Pos231
227,231,Pos227_T-Pos231_L,0.0,2.180999963972397e-08,Pos227-Pos231
227,231,Pos227_F-Pos231_R,0.0,1.855527661656516e-05,Pos227-Pos231
227,231,Pos227_F-Pos231_S,0.0,6.0940494377948724e-05,Pos227-Pos231
227,231,Pos227_F-Pos231_H,0.0,6.710769119915067e-09,Pos227-Pos231
227,231,Pos227_F-Pos231_N,0.0,5.3686152959320536e-08,Pos227-Pos231
227,231,Pos227_F-Pos231_G,0.0,5.3686152959320536e-08,Pos227-Pos231
227,231,Pos227_F-Pos231_Y,0.0,5.3686152959320536e-08,Pos227-Pos231
227,231,Pos227_F-Pos231_I,0.0,1.3421538239830134e-08,Pos227-Pos231
227,231,Pos227_F-Pos231_F,0.0,2.6843076479660268e-08,Pos227-Pos231
227,231,Pos227_F-Pos231_*,0.0,2.0132307359745202e-08,Pos227-Pos231
227,231,Pos227_F-Pos231_L,0.0,6.710769119915067e-09,Pos227-Pos231
227,231,Pos227_S-Pos231_R,0.0,2.319409577070645e-06,Pos227-Pos231
227,231,Pos227_S-Pos231_S,0.0,7.6175617972435905e-06,Pos227-Pos231
227,231,Pos227_S-Pos231_H,0.0,8.388461399893834e-10,Pos227-Pos231
227,231,Pos227_S-Pos231_N,0.0,6.710769119915067e-09,Pos227-Pos231
227,231,Pos227_S-Pos231_G,0.0,6.710769119915067e-09,Pos227-Pos231
227,231,Pos227_S-Pos231_Y,0.0,6.710769119915067e-09,Pos227-Pos231
227,231,Pos227_S-Pos231_I,0.0,1.6776922799787667e-09,Pos227-Pos231
227,231,Pos227_S-Pos231_F,0.0,3.3553845599575335e-09,Pos227-Pos231
227,231,Pos227_S-Pos231_*,0.0,2.5165384199681503e-09,Pos227-Pos231
227,231,Pos227_S-Pos231_L,0.0,8.388461399893834e-10,Pos227-Pos231
227,231,Pos227_L-Pos231_R,0.0,4.63881915414129e-06,Pos227-Pos231
227,231,Pos227_L-Pos231_S,2.8962840675413443e-05,1.5235123594487181e-05,Pos227-Pos231
227,231,Pos227_L-Pos231_H,0.0,1.6776922799787667e-09,Pos227-Pos231
227,231,Pos227_L-Pos231_N,0.0,1.3421538239830134e-08,Pos227-Pos231
227,231,Pos227_L-Pos231_G,0.0,1.3421538239830134e-08,Pos227-Pos231
227,231,Pos227_L-Pos231_Y,0.0,1.3421538239830134e-08,Pos227-Pos231
227,231,Pos227_L-Pos231_I,0.0,3.3553845599575335e-09,Pos227-Pos231
227,231,Pos227_L-Pos231_F,0.0,6.710769119915067e-09,Pos227-Pos231
227,231,Pos227_L-Pos231_*,0.0,5.033076839936301e-09,Pos227-Pos231
227,231,Pos227_L-Pos231_L,0.0,1.6776922799787667e-09,Pos227-Pos231
227,292,Pos227_V-Pos292_N,0.00020273988472789412,0.007291921725699713,Pos227-Pos292
227,292,Pos227_V-Pos292_R,5.7925681350826886e-05,2.8185230303643285e-05,Pos227-Pos292
227,292,Pos227_V-Pos292_I,8.688852202624034e-05,7.650276796703177e-05,Pos227-Pos292
227,292,Pos227_V-Pos292_G,2.8962840675413443e-05,1.610584588779616e-05,Pos227-Pos292
227,292,Pos227_V-Pos292_T,0.0,1.610584588779616e-05,Pos227-Pos292
227,292,Pos227_V-Pos292_C,0.0,4.02646147194904e-06,Pos227-Pos292
227,292,Pos227_T-Pos292_N,0.0,3.949790934754012e-05,Pos227-Pos292
227,292,Pos227_T-Pos292_R,0.0,1.5266999747806782e-07,Pos227-Pos292
227,292,Pos227_T-Pos292_I,0.0,4.143899931547555e-07,Pos227-Pos292
227,292,Pos227_T-Pos292_G,0.0,8.723999855889588e-08,Pos227-Pos292
227,292,Pos227_T-Pos292_T,0.0,8.723999855889588e-08,Pos227-Pos292
227,292,Pos227_T-Pos292_C,0.0,2.180999963972397e-08,Pos227-Pos292
227,292,Pos227_F-Pos292_N,0.0,1.2153202876166188e-05,Pos227-Pos292
227,292,Pos227_F-Pos292_R,0.0,4.697538383940548e-08,Pos227-Pos292
227,292,Pos227_F-Pos292_I,0.0,1.275046132783863e-07,Pos227-Pos292
227,292,Pos227_F-Pos292_G,0.0,2.6843076479660268e-08,Pos227-Pos292
227,292,Pos227_F-Pos292_T,0.0,2.6843076479660268e-08,Pos227-Pos292
227,292,Pos227_F-Pos292_C,0.0,6.710769119915067e-09,Pos227-Pos292
227,292,Pos227_S-Pos292_N,0.0,1.5191503595207735e-06,Pos227-Pos292
227,292,Pos227_S-Pos292_R,0.0,5.871922979925685e-09,Pos227-Pos292
227,292,Pos227_S-Pos292_I,0.0,1.5938076659798288e-08,Pos227-Pos292
227,292,Pos227_S-Pos292_G,0.0,3.3553845599575335e-09,Pos227-Pos292
227,292,Pos227_S-Pos292_T,0.0,3.3553845599575335e-09,Pos227-Pos292
227,292,Pos227_S-Pos292_C,0.0,8.388461399893834e-10,Pos227-Pos292
227,292,Pos227_L-Pos292_N,0.0,3.038300719041547e-06,Pos227-Pos292
227,292,Pos227_L-Pos292_R,0.0,1.174384595985137e-08,Pos227-Pos292
227,292,Pos227_L-Pos292_I,0.0,3.1876153319596575e-08,Pos227-Pos292
227,292,Pos227_L-Pos292_G,0.0,6.710769119915067e-09,Pos227-Pos292
227,292,Pos227_L-Pos292_T,0.0,6.710769119915067e-09,Pos227-Pos292
227,292,Pos227_L-Pos292_C,0.0,1.6776922799787667e-09,Pos227-Pos292
231,292,Pos231_R-Pos292_N,0.05074289686332435,0.0042004507440749385,Pos231-Pos292
231,292,Pos231_R-Pos292_R,0.0,1.623586703949452e-05,Pos231-Pos292
231,292,Pos231_R-Pos292_I,2.8962840675413443e-05,4.406878196434226e-05,Pos231-Pos292
231,292,Pos231_R-Pos292_G,0.0,9.27763830828258e-06,Pos231-Pos292
231,292,Pos231_R-Pos292_T,0.0,9.27763830828258e-06,Pos231-Pos292
231,292,Pos231_R-Pos292_C,0.0,2.319409577070645e-06,Pos231-Pos292
231,292,Pos231_S-Pos292_N,0.0004344426101312017,0.013795404414808145,Pos231-Pos292
231,292,Pos231_S-Pos292_R,0.0,5.332293258070514e-05,Pos231-Pos292
231,292,Pos231_S-Pos292_I,0.00028962840675413444,0.00014473367414762824,Pos231-Pos292
231,292,Pos231_S-Pos292_G,0.0,3.0470247188974362e-05,Pos231-Pos292
231,292,Pos231_S-Pos292_T,0.0,3.0470247188974362e-05,Pos231-Pos292
231,292,Pos231_S-Pos292_C,2.8962840675413443e-05,7.6175617972435905e-06,Pos231-Pos292
231,292,Pos231_H-Pos292_N,2.8962840675413443e-05,1.5191503595207735e-06,Pos231-Pos292
231,292,Pos231_H-Pos292_R,0.0,5.871922979925685e-09,Pos231-Pos292
231,292,Pos231_H-Pos292_I,0.0,1.5938076659798288e-08,Pos231-Pos292
231,292,Pos231_H-Pos292_G,0.0,3.3553845599575335e-09,Pos231-Pos292
231,292,Pos231_H-Pos292_T,0.0,3.3553845599575335e-09,Pos231-Pos292
231,292,Pos231_H-Pos292_C,0.0,8.388461399893834e-10,Pos231-Pos292
231,292,Pos231_N-Pos292_N,0.0,1.2153202876166188e-05,Pos231-Pos292
231,292,Pos231_N-Pos292_R,0.0,4.697538383940548e-08,Pos231-Pos292
231,292,Pos231_N-Pos292_I,0.0,1.275046132783863e-07,Pos231-Pos292
231,292,Pos231_N-Pos292_G,0.0,2.6843076479660268e-08,Pos231-Pos292
231,292,Pos231_N-Pos292_T,0.0,2.6843076479660268e-08,Pos231-Pos292
231,292,Pos231_N-Pos292_C,0.0,6.710769119915067e-09,Pos231-Pos292
231,292,Pos231_G-Pos292_N,0.0,1.2153202876166188e-05,Pos231-Pos292
231,292,Pos231_G-Pos292_R,0.0,4.697538383940548e-08,Pos231-Pos292
231,292,Pos231_G-Pos292_I,0.0,1.275046132783863e-07,Pos231-Pos292
231,292,Pos231_G-Pos292_G,0.0,2.6843076479660268e-08,Pos231-Pos292
231,292,Pos231_G-Pos292_T,0.0,2.6843076479660268e-08,Pos231-Pos292
231,292,Pos231_G-Pos292_C,0.0,6.710769119915067e-09,Pos231-Pos292
231,292,Pos231_Y-Pos292_N,0.0,1.2153202876166188e-05,Pos231-Pos292
231,292,Pos231_Y-Pos292_R,0.0,4.697538383940548e-08,Pos231-Pos292
231,292,Pos231_Y-Pos292_I,0.0,1.275046132783863e-07,Pos231-Pos292
231,292,Pos231_Y-Pos292_G,0.0,2.6843076479660268e-08,Pos231-Pos292
231,292,Pos231_Y-Pos292_T,0.0,2.6843076479660268e-08,Pos231-Pos292
231,292,Pos231_Y-Pos292_C,0.0,6.710769119915067e-09,Pos231-Pos292
231,292,Pos231_I-Pos292_N,0.0,3.038300719041547e-06,Pos231-Pos292
231,292,Pos231_I-Pos292_R,0.0,1.174384595985137e-08,Pos231-Pos292
231,292,Pos231_I-Pos292_I,0.0,3.1876153319596575e-08,Pos231-Pos292
231,292,Pos231_I-Pos292_G,0.0,6.710769119915067e-09,Pos231-Pos292
231,292,Pos231_I-Pos292_T,0.0,6.710769119915067e-09,Pos231-Pos292
231,292,Pos231_I-Pos292_C,0.0,1.6776922799787667e-09,Pos231-Pos292
231,292,Pos231_F-Pos292_N,0.0,6.076601438083094e-06,Pos231-Pos292
231,292,Pos231_F-Pos292_R,0.0,2.348769191970274e-08,Pos231-Pos292
231,292,Pos231_F-Pos292_I,0.0,6.375230663919315e-08,Pos231-Pos292
231,292,Pos231_F-Pos292_G,0.0,1.3421538239830134e-08,Pos231-Pos292
231,292,Pos231_F-Pos292_T,0.0,1.3421538239830134e-08,Pos231-Pos292
231,292,Pos231_F-Pos292_C,0.0,3.3553845599575335e-09,Pos231-Pos292
231,292,Pos231_*-Pos292_N,0.0,4.557451078562321e-06,Pos231-Pos292
231,292,Pos231_*-Pos292_R,0.0,1.7615768939777055e-08,Pos231-Pos292
231,292,Pos231_*-Pos292_I,0.0,4.7814229979394866e-08,Pos231-Pos292
231,292,Pos231_*-Pos292_G,0.0,1.0066153679872601e-08,Pos231-Pos292
231,292,Pos231_*-Pos292_T,0.0,1.0066153679872601e-08,Pos231-Pos292
231,292,Pos231_*-Pos292_C,0.0,2.5165384199681503e-09,Pos231-Pos292
231,292,Pos231_L-Pos292_N,2.8962840675413443e-05,1.5191503595207735e-06,Pos231-Pos292
231,292,Pos231_L-Pos292_R,0.0,5.871922979925685e-09,Pos231-Pos292
231,292,Pos231_L-Pos292_I,0.0,1.5938076659798288e-08,Pos231-Pos292
231,292,Pos231_L-Pos292_G,0.0,3.3553845599575335e-09,Pos231-Pos292
231,292,Pos231_L-Pos292_T,0.0,3.3553845599575335e-09,Pos231-Pos292
231,292,Pos231_L-Pos292_C,0.0,8.388461399893834e-10,Pos231-Pos292
