Mutation_Set,Count
No_mutations,4
G220V; K225T; C231S,6075
S162C; G220V; K225T,3742
G220V; K225I; I227V,2658
G220V; K225T,2006
E154G; K225I,1461
I199S; K225I,1084
K225I; C231R; S292N,1080
L98P; K225I,753
S162C; G220V; K225I; I227V,742
K225I,633
K225T; C231S,629
K225I; C231R,580
G220V; K225I,462
G101S; K225I,393
S162I; G220V; K225T,205
N161Y; K225I,195
E154G; S162I; K225T,189
K225L,168
K225T,164
N138D; K225I,135
S6T; G220V; K225T; C231S,121
E154G; K225T,120
K225Q,97
I199S; G220V; K225I,97
G220I; K225I; I227V,91
N175H; G220V; K225T,80
S6T; S32A; G220V; K225T; C231S,80
N138D; G220V; K225I,74
K225I; C231R; S292N; K407E,74
S6T; S162C; G220V; K225T,73
K225I; N248S,67
S6T; G220V; K225I; I227V,60
G220V; K225T; R410C,57
G220V; K225I; I227V; V345I,52
K225I; C231S,50
S6T; G220V; K225T,46
S6T; S32A; G220V; K225I; I227V,46
S6T; S32A; S162C; G220V; K225T,44
L98P; K225T,43
Q141R; G220V; K225T; C231S,43
E28K; K225I,38
E154G; G220V; K225I,38
I199N; K225I,37
S6T; E154G; K225I,37
G220V; K225I; C231R,33
S6T; K225I; C231R; S292N,32
S162I; G220V; K225T; C231S,31
S6T; I199S; K225I,31
K225I; Q354R,30
G220V; K225T; C231S; Y355H,29
K225T; T230K,27
E154G; S162I; K225E,27
G220V; K225T; C231R,26
S6T; S32A; G220V; K225T,24
L98P; G220V; K225I; I227V,24
G220V; K225I; C231R; S292N,22
G220V; K225T; I232V,21
E154G; G220V; K225T,21
L98P; I199S; K225I,20
E154G; G220V; K225I; I227V,20
N164S; G220V; K225T,20
S6T; L98P; K225I,19
G220V; K225I; I227V; N362D,19
I199S; K225I; Y355H,18
S6T; S32A; H56L; G220V; K225T; C231S,18
S60G; G220V; K225I; C231R,18
S6T; S32A; E154G; K225I,18
G101S; K225N,18
E154G; F194L; K225I,18
S162C; G220V; K225T; C231S,17
K225M; D325N,17
K225I; D325N,17
S6T; S32A; I199S; K225I,17
N122D; S162C; G220V; K225T,16
S6T; K225T; C231S,16
G220V; K225I; I227V; C231R,16
I199S; K225I; C231R,16
N164S; G220V; K225T; C231S,16
S162C; G220V; K225T; Y268H,16
S6T; S32A; H56L; S162C; G220V; K225T,16
S162I; G220V; K225I; I227V,15
S66F; G220V; K225T,14
K225I; N365D,14
S162I; G220V; K225T; C231R,14
G220V; K225T; C231S; K407N; I408K; R410E; F411E,14
L98P; G220V; K225I,14
S162C; G220V; K225T; K407N; I408K; R410E; F411E,14
S162C; G220V; K225T; K397R,14
L98P; K225I; C231R; S292N,14
S6T; K225I,13
G220V; K225I; I227V; D325N,13
N138D; I203T; K225I,13
G101S; G220V; K225I; I227V,13
V184I; G220V; K225T,13
L98P; G220V; K225T,13
Q141R; K225T; D326N,13
N92K; I102M; K225I; C231R; S292N,11
E154G; S162I; K225T; T229M,11
K225M; C231R; S292N,11
S6T; G220V; K225I,11
I199N; G220V; K225T,11
S6T; S32A; K225I; C231R; S292N,11
K225I; V265A,10
S6T; S162C; G220V; K225I; I227V,10
S6T; K225I; C231R,10
S66T; G220V; K225T; C231S,10
S6T; S32A; H56L; G220V; K225T,10
E154G; G220V; K225T; C231S,10
K62N; G220V; K225T; C231S,10
N138D; G220V; K225T; C231S,10
S6T; S32A; H56L; G220V; K225I; I227V,10
S60G; G220V; K225I,10
N138D; E154A; G220V; K225I,10
K225T; N365D,9
G220V; K225I; N248S,9
I102F; K225T; C231S,9
S6T; S32A; L98P; K225I,9
G220V; K225T; I232T,9
L98P; S162C; G220V; K225T,9
Q141R; G220V; K225I; I227V,9
E154G; K225I; N248I,9
G220V; K225I; I227V; Y355H,9
S162I; G220V; K225I,9
L98P; G220V; K225T; C231S,9
E28K; K225I; C231R,8
G220I; K225I,8
S6T; G101S; K225I,8
I102L; K225I; N362D,8
S60G; K225I,8
S6T; S32A; K225I; C231R,8
G220V; K225T; N248S,8
N197D; G220V; K225T; C231S,8
S6T; S32A; H56L; E154G; K225I,8
S166A; I199S; G220V; K225I,8
G220V; K225T; C231S; I352V,8
G220V; K225T; V265A,8
G220V; K225T; C231S; R385K,8
G220V; K225T; T229M; C231S,8
G101S; G220V; K225T,8
S162C; G220V; K225T; I396V,8
N138D; G220V; K225T,7
E28K; I199S; K225I,7
K225I; S292N,7
K225M,7
S162I; K225I,7
S162C; G220V; K225T; R402H,7
N175H; G220V; K225T; T400A,7
G220V; K225I; I227V; K407N; I408K; R410E; F411E,7
K225I; C231R; S292N; I408N,7
G101S; G220V; K225I,7
Q141K; K225I; C231R; S292N,7
K225I; N362D,7
S162C; G220V; K225T; I352V,7
S162C; M172I; G220V; K225T,7
G220V; K225T; C231S; S292N,7
I199S; K225I; I232T,7
G220V; K225T; C231S; S292I,7
M211I; G220V; K225T; C231S,7
G220V; K225T; C231S; D325N,7
N138D; G220V; K225I; I227V,7
E154G; K225I; Y355H,7
G220V; K225T; C231N,7
G220V; K225I; I227V; N365D,7
I183M; G220V; K225T; C231S,7
G101S; K225L,7
S162C; K225I,7
I199S; K225I; T230A,7
E154G; K225I; T341A,7
K225I; C231R; A266E; S292N,7
K225I; C231R; D325E,6
G220V; K225I; C231S,6
G220V; K225T; C231S; Y268H,6
K225N; I262M,6
S60R; G220V; K225T; C231S,6
I199S; K225I; A266E,6
E154G; K225I; Y357S,6
S6T; S32A; H56L; I199S; K225I,6
N175S; G220V; K225T; C231S,6
S162C; G220V; K225T; F337L,6
G220V; K225T; Y355H,6
S6T; N138D; G220V; K225I,6
E154G; Y171C; K225I,6
S162C; G220V; K225T; D325N,6
K225L; C231R,6
S6T; S32A; K225I,6
S162C; F194L; G220V; K225T,6
S6T; S32A; G220V; K225I,6
G220V; K225I; I227V; N248S,6
L98P; A182S; K225I,6
S6T; S32A; K225T; C231S,6
S60N; G220V; K225T,6
S32A; G220V; K225T; C231S,6
G220V; K225T; C231S; A389S,6
S162I; K225T,6
G220V; K225T; C231S; N379S,6
S60N; G220V; K225I; I408N,6
G220V; K225T; C231S; G403S,6
E154G; K225I; Y375H,6
S162C; G220V; K225T; Y355H,6
L98P; G101S; K225I,6
G220V; K225T; I227F,5
S60G; G220V; K225T,5
R16H; G220V; K225T; C231S,5
P57S; G220V; K225T; C231S,5
S6T; S32A; S162C; G220V; K225I; I227V,5
G220V; K225T; C231S; N378D,5
K225T; C231R,5
S162C; K225T; C231S,5
G220V; K225T; C231S; N365D,5
G220V; K225T; I227V,5
K62N; I199S; K225I,5
G220V; K225T; C231S; V382M,5
K225I; Y355H,5
G220V; K225T; D325N,5
M1I; G220V; K225T,5
G220V; K225T; D325G,5
L98P; R168H; K225I,5
G101S; K225I; E349K,5
G220V; K225T; C231S; S284N,5
M172I; G220V; K225T; C231S,5
S162C; G220V; K225T; Q354R,5
E154G; K225I; Y357C,5
S162I; N164S; G220V; K225T,5
G220V; K225T; A266E,5
I199S; K225I; C231S,5
E154G; S162N; K225I,5
S162C; G220V; K225I,5
G220V; K225T; C231S; E349K,5
M1V; K225I; Q354R,5
R168C; G220V; K225T,5
G220V; K225T; C231S; R394H,5
G220V; K225T; S372R,5
E28K; K225I; C231R; S292N,5
H56L; G220V; K225T; C231S,5
L98P; S187P; K225I,5
D65G; E154G; K225I,5
G220V; K225T; C231S; D326Y,5
N92K; K225I,5
S162C; I199S; G220V; K225T,5
G220V; K225T; C231S; N383S,5
H56Y; G220V; K225I; I227V,5
Q75K; K225I; C231R; S292N,5
G220V; K225T; C231S; V405I,5
S6T; N161Y; K225I,5
S162C; G220V; K225T; N297S,5
S162C; G220V; K225T; Q236R,5
G101S; G220V; K225T; C231S,5
S6A; G220V; K225I; C231R; S292N,5
K225T; V265A,5
I199S; K225I; I408T,5
K225L; C231R; S292N,5
G220V; K225T; C231S; V265A,5
G220V; K225I; I227V; V265A,5
G220V; K225T; I232F,5
E79D; L98P; K225I,5
L98P; K225L,5
K225I; C231R; T242S,5
S162C; G220V; K225T; A313V,5
I134V; K225I; C231R; S292N; K407E,5
E154G; M211I; K225I,5
E154G; F194V; G220V; K225T,5
S6T; N138D; K225I,5
G220V; K225T; C231S; F337S,5
K225I; D326N,5
I199S; K225I; I232L,5
N164S; I199S; F202S; K225I,4
L98P; K225I; A266E,4
G220V; K225I; I227V; S292N,4
L74P; K225I,4
Y113H; G220V; K225T; C231S,4
G220V; K225T; A313E,4
S198T; I199D,4
K225I; I227T,4
G220V; K225T; C231S; K407E,4
G220V; K225T; S292N,4
G220V; K225T; C231S; I316V; Y351C,4
V148I; G220V; K225T; C231S,4
L98P; E154G; K225I,4
N96S; G220V; K225I; I227V,4
S162C; G220V; K225T; I377V,4
K225I; K406*,4
S67I; N161Y; K225I,4
P2S; G220V; K225T; C231S,4
K225I; I232T,4
S162C; S180F; G220V; K225T,4
G220I; K225T; C231S,4
S162I; G220V; K225T; V265A,4
G220V; K225T; C231S; E251K,4
G220V; K225I; I227V; A389T,4
R82H; G220V; K225T; C231S,4
I199S; K225I; D366N,4
S162C; G220V; K225T; Y355C,4
G220V; K225T; C231S; G403D,4
G220V; K225T; F334L,4
G220V; K225T; C231S; N293D,4
G220V; K225T; C231S; A266V,4
K225T; Y355H,4
N95S; G220V; K225T; C231S,4
G220V; K225I; I227V; K397R,4
S162C; G220V; K225T; V291A,4
S6T; S32A; E154G; S162I; K225T,4
S162C; N164S; G220V; K225T,4
V184I; G220V; K225T; C231S,4
N164S; G220V; K225I; I227V,4
S6T; S32A; E154G; K225T,4
S6T; S32A; H56L; K225I; C231R; S292N,4
G220V; K225T; C231S; T335I,4
K31R; L98P; K225I,4
G220V; K225T; C231S; A389T,4
G220V; K225T; P298L,4
N138D; K225T,4
G220V; K225T; G403S,4
E154G; Y171N; K225I,4
E154G; K225N,4
G220V; K225I; I227V; K397N,4
S6T; S162I; G220V; K225T,4
G220V; K225T; C231S; F252L,4
K225I; I227T; N365D,4
G220V; K225I; I227V; K407R; I408S; I409F; R410V,4
T119A; G220V; K225T; C231S,4
N72D; G220V; K225T,4
G220V; K225T; C231S; D326N,4
T209A; G220V; K225T; C231S,4
S6T; S32A; H56L; K225I; C231R,4
D117N; E154G; K225I,4
G220V; K225T; C231S; I316V,4
S6T; S32A; H56L; L98P; K225I,4
S6T; K225I; N248S,4
N195S; G220V; K225T; C231S,4
G220V; K225T; C231S; A389V,4
Q27R; K225I; C231R; S292N,4
I134V; K225I; C231R; S292N,4
P43L; S162C; G220V; K225T,4
E78K; S162C; G220V; K225I; I227V,4
G220V; K225T; C231S; Q304*,4
G220V; K225T; L275S,4
I143V; G220V; K225T; C231S,4
G220V; K225T; C231S; G315D,4
G220V; K225I; I227V; I247V,4
K225T; A389T,4
G220V; K225T; C231S; I316T,4
I199S; K225I; R410H,4
I199S; K225I; L363S,4
E28K; G220V; K225T; C231S,4
G101S; I199S; K225I,4
I39V; G220V; K225T; C231S; Y355H,4
E79G; E154G; K225I,4
G220V; K225T; I227T; C231S,4
G220V; K225T; C231S; F358L,4
N10D; G220V; K225T,4
K89R; E154G; K225I; N248S,4
E154G; F194V; K225I,4
S162C; G220V; A224S; K225T,4
G49D; G220V; K225T; C231S,4
S162C; M211I; G220V; K225T,4
G220V; A224S; K225T; C231S,4
D65N; G101S; K225I,4
K225Q; D326N,4
G220V; K225I; I227V; A266E,4
E28K; K225T,4
S180F; G220V; K225T; C231S,4
G101D; G220V; K225T; C231S,4
E154G; K225I; N248S,4
D65Y; G220V; K225T; C231S,4
G220V; K225T; K329N,4
E28K; S162C; G220V; K225T,4
I199S; K225I; N248K,4
K225I; I227V,3
D70N; G220V; K225T; C231S,3
G220V; K225T; C231S; D326G,3
L98P; S162I; K225T,3
G220V; K225T; C231S; I408N,3
P155L; S162C; G220V; K225T,3
S162C; G220V; K225T; N297K,3
S162C; I199S; K225I,3
K22R; G220V; K225T; C231S,3
E154G; K225I; Q354R,3
G220V; Y222C; K225T; C231S,3
S162C; G220V; K225T; K356E,3
S76N; G220V; K225T; C231S,3
I134V; G220V; K225T,3
E28D; I199S; K225I,3
G220V; K225I; I227V; C231S,3
G220V; K225T; C231S; V319I,3
S6T; S32A; H56L; Q75T; S76T; G220V; K225I; I227V,3
G220V; K225T; G386S,3
S6T; N175H; G220V; K225T,3
K225I; C231R; S292N; K407N; I408K; R410E; F411E,3
G220V; K225T; C231S; N243S,3
G220V; K225T; C231S; D270Y,3
C26Y; G220V; K225T; C231S,3
K225I; I409T,3
N46D; E154G; K225I,3
M1I; K225I; C231R,3
E154G; K225I; I352L,3
I199S; K225I; S292N,3
S162C; G220V; K225T; E349G,3
G101V; G220V; K225T; C231S,3
N138D; K225T; D301G,3
G220V; K225T; S372N,3
S162C; V184I; G220V; K225T,3
N10D; K225T; C231S,3
I165V; G220V; K225T; C231S,3
D54N; G220V; K225T; C231S,3
K225T; N322S,3
G220V; K225T; C231S; R394C,3
I199N; K225I; C231R; S292N,3
G220V; K225T; C231S; K407R; I408S; I409F; R410V,3
G220V; K225T; C231S; D259G,3
G220V; K225I; V382M,3
E154G; K225I; S333L,3
E154G; S162I; K225T; Y332C,3
S162C; G220V; K225T; C231G,3
M172I; G220V; K225T,3
K225I; C231R; Q235R; S292N,3
S6T; S32A; H56L; S162I; G220V; K225T,3
Q75R; I199S; K225I,3
G220V; K225T; C231S; L331P,3
S162C; G220V; K225T; K407E,3
K225I; G386D,3
G101S; K225T,3
I41V; G220V; K225T,3
A131V; E154G; K225I,3
A207T; G220V; K225T; C231S,3
G220V; K225I; I227V; P298S,3
S140G; G220V; K225I; I227V,3
G220V; K225T; C231S; N274S,3
I199T; G220V; K225T; C231S,3
G115D; G220V; K225T; C231S,3
G220V; K225T; C231S; I409T,3
I199S; A224T; K225I,3
N97T; G177V; K225I; N293D,3
H212Y; G220V; K225T; C231S,3
S162C; G220V; K225T; R394S,3
G220V; K225I; I227V; R410H,3
S162C; G220V; K225I; I227V; N258S,3
G220V; K225T; Q237*,3
N38S; S108G; G220V; K225T,3
S162C; G220V; K225T; N297D,3
S162C; S174N; G220V; K225T,3
S60G; K225T; N243S,3
G220V; K225T; C231S; Y307H,3
G24S; K225I; C231R,3
D70A; K225I; C231R,3
G220V; K225I; I227V; L240M,3
G101D; K225I,3
N197S; G220V; K225T; C231S,3
R93H; G220V; K225T; C231S,3
G220V; K225T; C231S; K329R,3
A110T; K225I; C231R; S292N,3
S162C; I183V; G220V; K225T,3
P112L; G220V; K225T; C231S,3
I199T; K225I,3
F29L; Y30H; K225I,3
S162C; G220V; K225T; K329E,3
S162C; G220V; K225T; N365D,3
S140G; G220V; K225T; C231S,3
K225I; I262L,3
I143V; G220V; K225I; I227V,3
T51I; K225T; C231S,3
D205E; G220V; K225T; C231S,3
G179V; G220V; K225I; I227V; A313T,3
S6T; S32A; H56L; Q75T; S76T; K225I; C231R; S292N,3
I199S; K225I; V382A,3
T51I; G220V; K225T,3
N138D; K225I; C231R,3
N161Y; G220V; K225I; I227V,3
Q53*; S162C; G220V; K225T,3
K37N; G220V; K225T; C231S,3
G220V; K225T; C231S; K330R,3
T50A; G220V; K225T,3
S162C; G220V; K225T; N243S,3
G220V; K225T; K397R,3
N96D; K225I,3
S140R; G220V; K225T; C231S,3
G25V; G220V; K225T; C231S,3
D121P; G220V; K225T; C231S,3
N147S; S162C; G220V; K225T,3
G220V; K225T; D278N,3
I35V; G220V; K225T; C231S,3
G220V; K225I; I227V; R394C,3
G220V; K225I; S292N,3
K225I; I409S,3
G220V; K225T; C231S; N297T,3
I143T; S162C; G220V; K225T,3
G220V; K225I; I227V; S318N,3
G220V; K225T; C231S; A266S,3
Q53R; G220V; K225I; I227V,3
G101S; K225I; C231R,3
E133K; G220V; K225T; C231S,3
P52S; G220V; K225T; C231S,3
D117N; G220V; K225T; C231S,3
G220V; K225T; C231S; Q236K,3
G220V; K225T; C231S; V291A,3
E154G; K225I; C231R,3
H125Y; I199S; K225I,3
M1I; K225I; C231R; S292N,3
K225I; P298S; Q354R,3
S66F; G220V; K225T; C231S,3
D121N; I199S; K225I,3
L98P; K225I; N248S,3
E154G; A182S; K225I,3
S162C; G220V; K225T; E349K,3
I102T; G220V; K225T; C231S,3
I199S; K225I; N390K,3
I102L; G220V; K225I; I227V,3
S162C; G220V; K225T; T254A,3
G220V; K225T; C231S; T341A,3
G220V; K225T; C231S; E305K,3
K225I; C231R; Y355H,3
K225I; N293D,3
G220V; K225I; I227V; T341A,3
F83S; M211T; G220V; K225I; I227V,3
K62N; G220V; K225I; I227V,3
G220V; K225I; I227V; N322D,3
P120S; G220V; K225T; C231S,3
G101S; K225I; V289G,3
Q53R; G220V; K225T; C231S,3
S162C; G220V; K225T; L276F,3
G220V; K225T; C231S; G403V,3
V148I; E154G; K225I,3
S162C; G220V; K225T; V405A,3
S6T; S32A; H56L; K225I,3
G220V; K225T; C231S; T400I,3
G220V; K225T; C231S; E336G,3
K225T; C231S; A313V,3
E154G; K225I; T264S; N390K,3
G220V; K225T; C231S; S314A,3
I102M; K225I; C231R; S292N,3
L98P; K225I; Q236R,3
N138D; K225Q,3
P2S; S162C; G220V; K225T,3
I42T; S162I; G220V; K225T,3
G220V; K225T; S284G,3
M172V; K225T,3
G220V; K225T; C231S; I368V; R410V,3
G220V; K225I; I227V; I408T,3
S162C; S166A; G220V; K225T,3
G220V; K225T; N274S,3
S217N; G220V; K225T; C231S,3
K225I; I232T; N248S,3
S162C; N200D; G220V; K225T,3
G220V; K225I; I227V; K406E,3
L98P; K225Q,3
Y68H; E154G; K225I,3
G220V; K225T; C231S; R402H,3
S66F; L98P; K225I,3
E154G; K225I; C231R; S292N,3
G220V; K225T; C231S; K311E,3
G220V; K225T; D312N,3
L98P; S162C; G220V; K225I; I227V,3
D77N; E154G; K225I,3
G220V; K225T; C231S; I263T,3
G220V; K225T; K397E,3
S162C; G220V; K225T; Q235H,3
K62R; G220V; K225T; C231S,3
N122D; G220V; K225T; C231S,3
G101S; K225I; C231R; S292N,3
K225I; V382E,3
K225T; C231S; K407N,3
S162C; G220V; K225T; Y357H,3
K225I; C231R; N248S; S292N,3
T51A; E154G; K225I,3
E105D; G220V; K225T; C231S,3
I102V; E154G; K225I,3
K225T; C231R; D325E,3
S162C; G220V; K225T; N383S,3
S187F; G220V; K225T,3
G220V; K225T; C231S; S361A,3
S162C; G220V; K225T; K359R,3
N63D; G220V; K225T; C231S,3
G220V; K225T; C231S; F334L,3
S6T; E154G; S162I; K225T,3
N122D; E154G; K225I,3
K225T; C231S; I399T,3
E154G; S162I; G220V; K225T,3
V47M; S162C; G220V; K225T,3
G101S; K225I; S292N,3
N92K; G220V; K225I; N261D,3
M36T; G220V; K225T,3
K225I; C231R; N390K; L391S; N392E; R394A; I395Y; I396Y; K397Q; P398T; I399D; T400Y; G401R; R402S; G403W; L404P; V405G; K406*; I408D; I409H; R410S,3
N92K; G220V; K225I; I227V,3
A131V; G220V; K225I; I227V,3
S76N; G220V; K225T,3
R168S; G220V; K225T; C231S,3
K22N; G220V; K225I; I227V,3
A153T; G220V; K225I; I227V; N388D,3
K225I; N258S,3
K225T; A266E,3
M1I; G220V; K225T; C231S,3
S6T; S32A; K225T,3
I126V; K225I; C231R,3
S162C; G220V; K225T; A313T,3
A129S; S162C; G220V; K225T,3
G220V; K225T; C231G,3
L98P; K225I; S372N,3
G220V; K225T; C231S; I396V,3
S162C; G220V; K225T; Q295R,3
G220V; K225T; C231S; N261S,3
E154G; S162I; K225I,3
K225I; D278N,3
I41V; K225I; C231R; S292N,3
H56L; S162C; G220V; K225T,3
K225T; C231S; S292N,3
G101S; G220V; K225T; R410C,3
G100D; G220V; K225T; C231S,3
N138D; K225I; I232V,3
G220V; K225T; C231S; S372N,3
E28K; G220V; K225T,3
L98P; N116D; K225T,3
H212N; G220V; K225T; C231S,3
E154G; S162C; G220V; K225T,3
Q27R; G220V; K225T; C231S,3
S162I; K225T; N365D,3
K225T; C231S; N362D,3
R193L; G220V; K225T; C231S,3
E154G; M172I; K225T,3
G220V; K225T; E250K,3
T59A; G220V; K225T; C231S,3
S162C; G220V; Y222H; K225T,3
Y68C; G220V; K225T; C231S; S284N; F343S,3
D205Y; G220V; K225T,3
S6T; S32A; Q141R; G220V; K225T; C231S,3
K62N; G220V; K225T,3
I102V; G220V; K225I; I227V,3
G220V; K225T; C231S; R410H,3
P2T; G220V; K225I; I227V,2
A110T; I199S; K225I,2
I199G; K225I,2
K225T; R394H,2
G220V; K225T; C231S; Q267*,2
Q27P; G220V; K225I,2
I165L; K225I; C231R; S292N,2
F91L; E154G; K225I,2
L98P; K225I; N365D,2
V47L; S162C; G220V; K225T,2
I199S; K225I; E349K,2
L98P; M211I; K225I,2
S162C; G220V; K225T; Y272C,2
G220V; K225T; C231S; A313S,2
L98P; V184A; K225I,2
C26W; G220V; K225T; C231S,2
G220V; K225T; C231S; K397E,2
G220V; K225I; I227V; I371V,2
K225I; C231R; S292N; Y355H,2
G220V; K225T; C231S; N274K,2
S162C; G220V; K225T; I321V,2
T119I; G220V; K225I; I227V,2
G220V; K225T; C231S; I399V,2
N96S; G101S; K225I,2
R168H; I199S; K225I,2
S99A; S162C; G220V; K225T,2
N164S; K225T; C231S,2
S162C; G220V; K225T; S287G,2
I199T; G220V; K225T,2
S137N; G220V; K225T,2
N118D; G220V; K225T; C231S,2
G220V; K225T; C231S; I409F,2
I199S; K225I; G257S,2
K225I; I408T,2
S162C; Y171C; G220V; K225T,2
T88I; E154G; K225I,2
I199S; K225I; S287G,2
I215V; G220V; K225T; C231S,2
K225T; C231S; N248S,2
D121P; E154G; K225I,2
S162C; G220V; K225T; N238D; P393S,2
N96D; G220V; K225I; I227V,2
S162C; N175D; G220V; K225T,2
G220V; K225T; C231S; K406*,2
K225T; D325N,2
G220V; K225T; C231S; Q235K,2
K225L; C231S,2
I41T; G220V; K225T; C231S,2
Y68C; G220V; K225T; C231S,2
G220V; K225I; I227V; F343L,2
Q141*; E154G; K225I,2
R16H; E154G; K225T,2
S60T; G220V; K225T; C231S,2
S140N; G220V; K225T; C231S,2
E154G; S162I; K225T; I327T,2
G220V; K225T; C231S; K288R,2
K225Q; C231S,2
E154G; K225I; I352V,2
S162C; G220V; K225T; S361A,2
E154D; I199S; K225I,2
R193L; G220V; K225I; I227V,2
S162C; G220V; K225T; I263V,2
S162C; G220V; A224T; K225T,2
E154G; D205E; G220V; K225I,2
S162C; G220V; K225T; N376D,2
I199S; K225I; V265A,2
K225I; C231R; S292N; L360S,2
E154G; F192L; K225I,2
S162C; G220V; K225T; G374C,2
N161S; S162C; G220V; K225T,2
E154G; K225I; D278G,2
N161Y; K225T,2
G220V; K225T; Y375L; N376*; I377H; N378Q; N379Q; K381E; V382G; N383E; F384L; R385*; G386R; Q387S; N388E; A389C; N390K; L391S; N392E; R394A; I395Y; I396Y; K397Q; P398T; I399D; T400Y; G401R; R402S; G403W; L404P; V405G; K406*; I408D; I409H; R410S,2
S162C; G220V; K225T; S318N,2
S6T; K225I; I232T,2
E154G; K225T; N261K,2
N122D; G220V; K225T,2
S162C; G220V; K225T; I352T,2
I39S; G220V; K225T; C231S,2
E154G; S162I; K225T; S292N,2
N138D; I199S; K225I,2
K225I; N258D,2
G64D; G220V; K225T,2
G220V; K225T; C231S; N297S,2
G220V; K225T; C231S; I409V,2
G220V; K225I; I227V; D326G,2
S198T; I199D; G220V; K225T,2
S162C; G220V; K225T; G246D,2
G220V; K225T; N322S,2
E154G; K225I; P298S,2
G220V; K225T; V289A,2
L61P; S162C; G220V; K225I; I227V,2
G220V; K225T; G257D,2
V148I; S162C; G220V; K225T,2
S162C; G220V; K225T; Y375H,2
G220V; K225I; I227V; I396V,2
T51I; K225I; C231R; S292N,2
F186S; G220V; K225T; C231S,2
N72Y; S162C; G220V; K225T,2
G220V; K225T; C231S; D366N,2
K225I; C231R; S292N; I316V,2
S162C; I203V; G220V; K225T,2
H56L; L98P; K225I,2
T50P; K225I,2
G220V; K225T; C231S; K342R,2
S162I; K225T; C231S,2
S162C; G220V; K225T; D312G,2
S162C; G220V; K225T; N269S,2
G220V; K225I; N261D,2
S6T; S32A; H56L; G220I; K225I; I227V,2
D81G; S162C; G220V; K225T,2
L98P; G220V; K225I; R394H,2
N122D; G220V; K225I; I227V,2
D65A; S162C; G220V; K225T,2
I41V; S162C; G220V; K225T,2
P43S; G220V; K225T,2
I39V; E154G; K225I,2
G220V; K225T; N378D,2
E154G; Y171H; K225I,2
K225T; C231S; L275V,2
K225I; D270N,2
D121N; G220V; K225I; I227V,2
K225I; C231R; I241V; S292N,2
S76I; G220V; K225T; C231S,2
G220V; K225T; C231S; L328P,2
Y30C; G220V; K225T; C231S,2
G220V; K225T; C231S; D278N,2
P188L; G220V; K225T; C231S,2
K225I; G403D,2
G220V; K225T; N258K,2
G220V; K225T; S284I; R410C,2
S162C; G220V; K225T; S284N,2
S162C; G220V; K225T; T242A,2
L98P; K225I; N383T; F384L; R385E; G386V; Q387R; N388M; A389Q; N390I; L391*; N392T; P393R; R394V; I395L; I396S; K397N; P398R; I399L; T400P; G401V; R402V; G403A; L404W; V405L; K407R; I408S; I409F; R410V,2
K225I; C231R; S292N; V382L,2
S162C; G220V; K225T; G401S,2
D196N; G220V; K225I; I227V,2
G220V; K225T; C231S; N238K,2
G220V; K225T; D338N,2
G220V,2
V47M; G220V; K225T,2
L145M; K225I; C231R; S292N,2
L61P; I199S; K225I,2
N111D; G220V; K225I; I227V; R348C,2
I199S; K225I; E250*,2
M151T; K225T; C231S,2
G101S; K225I; N388D,2
K225I; C231R; D278N,2
E154G; K225I; S292N,2
K225I; C231R; S292N; N365D,2
N138D; S162C; G220V; K225T,2
S162C; G220V; K225I; I227V; G308S,2
S162C; G220V; K225T; S372N,2
L74P; S162C; G220V; K225I; I227V,2
S32A; G220V; K225I; I227V,2
G220V; K225T; Y268H,2
K225T; C231S; K323N,2
T50A; G220V; K225T; Q236H,2
I183L; K225Q,2
Q75*; S162C; G220V; K225T,2
I102V; G220V; K225T; C231S,2
I134V; S162C; G220V; K225T,2
A182T; G220V; K225I; I227V,2
T88I; G220V; K225I,2
Y190*; I199S; K225I,2
G220V; K225T; A313T,2
E154G; K225I; F303V,2
S162I; K225I; C231R; S292N,2
I199S; K225I; Q354R,2
T59I; I199S; K225I,2
N96S; K225T; C231S,2
E28K; K225T; C231S,2
G220V; K225I; I227V; K406*,2
Q141K; K225I; C231R; S292N; P398T,2
G220V; K225T; C231S; F411Y,2
S6T; S32A; L98P; I199S; K225I,2
G100D; K225I,2
S162C; H212Y; G220V; K225I; I227V,2
S187F; K225I,2
L98P; K225I; N390S,2
K225I; I227T; K306E,2
E28K; G220V; K225I; I227V,2
I134V; E154G; K225I,2
H125Y; G220V; K225T,2
N161Y; K225I; C231R; S292N,2
T59A; K225I; C231R; S292N,2
G220V; K225I; I227V; T400A,2
I199S; K225I; K356E,2
T119I; E154G; K225I,2
K225T; C231S; G401D,2
K225I; C231R; Q295K,2
Q75R; G220V; K225I; I227V,2
G220V; K225I; I377L,2
E28K; D81N; K225T; C231S,2
G220V; K225I; I227V; T229M,2
T59S; E154G; K225I,2
G220V; K225I; I227V; L276P,2
G220V; K225T; N383S,2
G220V; K225T; D259Y,2
N175H; G220V; K225T; R394C,2
S162C; G220V; K225T; T273I,2
L98P; K225I; I408D; I409H; R410S,2
K225I; C231R; S292N; N362D,2
G220V; G223D; K225I,2
G64D; S162C; G220V; K225T,2
S162C; R168L; G220V; K225T,2
S198T; I199D; G220V; K225I,2
I199S; K225I; N297D,2
L98P; M151I; K225I,2
Q141R; K225T; C231R; S292N,2
R45L; G220V; K225T; C231S,2
G220V; K225T; C231S; S318I,2
N10D; G220V; K225T; C231S,2
E154G; K225I; I408V,2
S162C; G220V; K225T; Y272H,2
L74M; K225I; T254A; K406E,2
T88Q; G220V; K225T; C231S,2
S32N; L98P; K225I,2
G220V; K225T; C231S; R402C,2
E154G; I183V; K225I,2
L98P; R168C; K225I,2
P112Q; G220V; K225I; I227V,2
H125Y; K225I; C231R; S292N,2
S32A; H56L; G220V; K225T; C231S,2
R93H; S162C; G220V; K225T; S292T,2
P112L; K225I; C231R,2
I199S; K225I; N238D,2
G220V; K225I; I227V; Q235*,2
S6T; S32A; K225L,2
I134V; G220V; K225I; I227V,2
K225I; C231R; S292N; G403D,2
N122D; K225I,2
E154G; K225I; D310N,2
T59A; G220V; K225I; I227V,2
E213*; G220V; K225T,2
I134F; K225I; C231R; S292N,2
G101S; N195S; K225I,2
K225I; C231R; S292N; N379K,2
Q141R; S162C; G220V; K225I; I227V,2
N72D; E154G; K225I,2
G177V; K225I,2
S162C; G220V; K225T; Y299C,2
E154G; K225I; N238K,2
G220V; K225T; C231S; I371V,2
T50P; S162C; G220V; K225T,2
L98P; N138D; K225T,2
S162C; G220V; K225T; N277K,2
N175H; G220V; K225T; G257S,2
P120L; G220V; K225I; I227V,2
P52L; G220V; K225I; I227V,2
S162C; G220V; K225T; C231S; K245E,2
K225T; C231S; Y357*,2
P120S; G220V; K225T,2
S6T; G220V; K225I; I227V; L328M,2
N8D; K225T; C231S,2
G220V; K225T; C231S; I396T,2
E28K; E154G; K225T,2
K80R; G220V; K225I; I227V,2
G220V; K225T; V319I,2
H56R; G220V; K225T; C231S,2
G220V; K225T; F411S,2
S162C,2
G220V; K225T; C231S; I271V,2
T51S; G220V; K225T,2
G152C; S162C; G220V; K225T,2
A153V; G220V; K225T; C231S,2
H56L; S162C; G220V; K225I; I227V,2
E44G; E154G; K225I,2
P23L; G220V; K225T; C231S,2
N95D; G220V; K225T; C231S,2
E105G; S162C; G220V; K225T,2
E154G; K225I; T229M,2
S162C; G220V; K225T; T264P,2
S6T; E154G; S162I; K225I,2
E201D; G220V; K225I; I227V,2
Q53R; N161Y; K225I,2
E154G; K225I; Y307D; F334L,2
I199S; K225I; T234A,2
G220V; K225T; C231S; N365S,2
K225I; C231R; S292N; I302T,2
E154G; K225I; I241V,2
E28K; L98P; K225I,2
S162C; G220V; K225I; I227V; Y375H,2
I102M; G220V; K225T; C231S,2
G220V; K225T; E305G,2
D65Y; G220V; K225I; I227V,2
G220V; K225I; I227V; Q290*,2
Q141R; K225I; C231R; S292N,2
K225I; C231R; I232V; S292N,2
K225I; C231R; S292N; N365S,2
S162C; G220V; K225T; N293S; I352V,2
T59P; K225I; C231R,2
E154G; F194L; K225T,2
G220V; K225T; A313V,2
E154G; K225I; T335A,2
N10D; S162C; G220V; K225T,2
D77N; G220V; K225T,2
G220V; K225T; C231S; N258S,2
L145M; I150L; S162C; G220V; K225T,2
S162I; K225I; C231R,2
L98P; E154G; K225I; D310N,2
I149T; S162C; G220V; K225T,2
R16C; G220V; K225I; I227V,2
K225I; I262M,2
K225I; C231R; S292N; V382M,2
P58L; G220V; K225I; I227V; V345I,2
G101S; A207T; K225I,2
N138D; G220V; K225I; D326N,2
G220V; K225T; C231S; Q237*,2
S66Y; S162C; G220V; K225T,2
G220V; K225T; C231S; P398T; I399D; T400Y; G401R; R402S; G403W; L404P; V405G; K406*; I408D; I409H; R410S,2
Y20C; N63S; E154G; K225I,2
K225I; N274Y,2
E154G; K225I; I247T,2
S162G; G220V; K225T; K397R,2
S162C; G220V; K225T; Y332H,2
H56Q; G220V; K225T; C231S,2
G220V; K225I; I227V; I232V,2
S162C; S180Y; G220V; K225T,2
G220V; K225I; I227V; K407E,2
G220V; K225T; C231S; I247V,2
S162C; G220V; K225T; R280H,2
T119I; G220V; K225T; C231S,2
S6T; S32A; L98P; K225T,2
T160A; G220V; K225T; C231S,2
Q53*; G220V; K225T; C231S,2
T17A; G220V; K225T; C231S,2
G220V; K225T; I396V,2
K225I; C231R; I262L,2
G220V; K225T; C231S; I247T,2
Y69C; I199N; K225I,2
G220V; K225T; C231S; I408V,2
E154G; S162I; K225T; N365S,2
G220V; K225T; C231S; T350A,2
M172I; K225T,2
G101S; K225I; I227T; C231R,2
G101S; K225I; I282T,2
I143V; S162C; G220V; K225T,2
Y68H; L98P; Y222C; K225I,2
S6T; S32A; G101S; K225I,2
K225T; C231S; K406*,2
K225T; C231S; N379S,2
G220V; G223D; K225T; C231S,2
G220V; K225T; C231S; L391Q,2
F55L; E154G; Y222S; K225I,2
G220V; K225T; C231S; L286P,2
C26Y; K225I; C231R,2
S162C; G220V; K225T; C231Y,2
E154G; K225I; K330R,2
Q27R; S162C; G220V; K225T,2
G220V; K225I; I227V; D270N,2
A207E; G220V; K225T,2
F202L; G220V; K225I; I227V,2
A110V; S162C; G220V; K225T,2
G220V; K225T; C231S; N378S,2
D65N; E154G; K225I,2
G220V; K225T; C231S; G246D,2
S162C; G220V; K225T; I227V,2
Y20H; S162C; G220V; K225T,2
S6L; G220V; K225I; I227V,2
L98P; K225I; Y355H,2
K225I; N274S,2
S32A; G220V; K225T,2
G220V; K225T; C231S; N277D,2
K225T; C231S; F255L,2
G220V; K225T; P393R; R394V; I395L; I396S; K397N; P398R; I399L; T400P; G401V; R402V; G403A; L404W; V405L; K407R; I408S; I409F; R410V,2
L98P; K225I; C231R,2
I102V; I199S; K225I,2
G220V; K225I; I227V; K285R,2
K225I; C231R; D326N,2
Y113S; G220V; K225T; C231S,2
R193C; G220V; K225T; C231S,2
S162C; G220V; K225T; P294S,2
N138D; G220V; K225I; A283D,2
K225I; C231R; I247V; S292N,2
G220V; K225T; T228P; C231S,2
I199S; K225I; Y317C,2
I199F; K225I,2
S162C; G220V; K225I; I227V; S361F,2
S162C; G220V; K225T; D270Y,2
G220V; K225I; I227V; F343V,2
N10D; G220V; K225I; I227V,2
I199V; G220V; K225I; I227V,2
G220V; K225T; C231S; I232T,2
S108I; K225I; C231R; S292N,2
G220V; K225T; C231S; Q354L,2
K225I; C231R; S292N; S367P,2
N122D; G220V; K225I,2
F55I; L98P; K225I,2
S162I; N164S; G220V; K225I; I227V,2
S162C; G220V; K225T; R244C,2
S162C; D196N; G220V; K225T,2
G220V; K225T; C231S; Q387*,2
G220V; K225I; I227V; R402H,2
P52S; S162C; G220V; K225T,2
G220V; K225T; C231S; F303L,2
K225I; C231R; S292N; D338N,2
S162C; G220V; K225T; G257S,2
E78G; S162C; G220V; K225I; I227V,2
G101S; K225I; Q295R,2
F136L; E154G; K225I,2
S162C; G220V; K225I; I227V; Y268H,2
K62N; K225I; C231R; S292N; T400A,2
E154G; T160S; K225I,2
G220V; K225T; Y268C,2
S162C; T185I; G220V; K225T,2
N63D; E154G; K225I,2
G220V; K225T; C231S; D278Y,2
E44D; G220V; K225T; C231S,2
N96S; K225I,2
A153T; E154G; K225I; G256V,2
S162C; G220V; K225T; T341A,2
G220V; K225T; C231S; P294Q,2
D121G; K225T; C231S,2
I199S; K225I; D301G,2
G220V; K225T; C231S; P398S,2
G220V; K225T; A389S,2
S162C; G220V; K225T; N277S,2
S66F; N138D; G220V; K225T,2
G101S; K225I; N293D,2
N138D; G220V; K225I; N362D,2
L98P; K225T; R280H,2
N164S; G220V; K225I,2
S162C; G220V; K225T; N238H,2
F202L; G220V; K225T; C231S,2
G49D; S162C; G220V; K225T,2
G220V; K225I; L360S; A389T,2
L98I; G220V; K225T; C231S,2
G101S; K225I; C347R,2
G220V; K225T; C231S; P393R; R394V; I395L; I396S; K397N; P398R; I399L; T400P; G401V; R402V; G403A; L404W; V405L; K407R; I408S; I409F; R410V,2
G220V; K225T; C231S; N248S,2
N118Y; G220V; K225T; C231S,2
Y30*; G220V; K225T; C231S,2
S163A; K225T; C231S; I271V,2
G101S; K225I; A283T,2
G220V; K225T; C231S; I233V,2
T59A; K225I,2
Q53K; G220V; K225T; C231S,2
E28K; L98P; I199S; K225I,2
Q53K; L98P; K225I,2
G220V; K225T; C231S; N261D,2
Q27K; K225I; C231R; S292N,2
I199S; K225I; K330N,2
R168H; G220V; K225T; C231S,2
G220V; K225I; I227V; L286F,2
G220V; K225T; C231S; G401S,2
N46T; G101S; K225I,2
G220V; K225T; C231S; N390K,2
S66Y; E154G; T160M; K225T; A266S,2
K225T; C231S; V291M,2
S162C; G220V; K225T; K300R,2
L98P; L210P; K225I,2
S162C; G220V; K225T; S292N,2
P155T; G220V; K225I,2
M211I; G220V; K225T,2
A153S; G220V; K225T; C231S,2
G220I; K225T,2
G220V; K225T; N258D,2
K85N; G220V; K225T; C231S,2
R168H; G220V; K225T,2
D117N; G220V; K225T,2
G179S; G220V; K225T,2
G220V; K225T; Y369C,2
D77N; G220V; K225I; I227V,2
E154G; K225I; I249T,2
Q75H; G220V; K225T,2
G101S; N161H; K225I,2
K225L; I396V,2
L98P; K225I; N261D,2
S191L; G220V; K225T; C231S,2
P146L; S162C; G220V; K225T,2
Y20C; G220V; K225I; I227V,2
G220V; Y222H; K225T; C231S,2
S163P; G220V; K225T; C231S,2
K225T; I227V; C231S,2
G220V; K225T; C231S; T335A,2
I199S; A224S; K225I,2
G220V; K225I; I227V; I262L,2
G220V; K225T; C231S; L328M,2
Q27R; I199S; K225I,2
I21T; G220V; K225T; C231S,2
S162C; G220V; K225T; S314A,2
S162C; G220V; K225T; P298L,2
E154G; K225I; I395V,2
T51I; G220V; K225T; C231S,2
P2L; L98P; K225I,2
S162C; G220V; K225T; I371V,2
S174N; G220V; K225I; I227V,2
G101S; S162C; G220V; K225T,2
K31Q; N161Y; K225I,2
K225T; C231S; V265I,2
G220V; K225T; V405F,2
G220V; K225T; C231S; D366G,2
R193H; G220V; K225T; C231S,2
I181V; G220V; K225T; C231S,2
K225I; F303Y,2
E154A; K225I,2
E44D; K225Q,2
G220V; K225T; C231S; T273A,2
S162C; I215V; G220V; K225T,2
S108I; G220V; K225T; C231S,2
K225I; C231R; N274S; S292N,2
T88I; G220V; K225T; C231S,2
Q53*; K225I,2
K225I; N248S; Q354*,2
G220V; K225I; I227V; D326N,2
S162C; K225Q,2
E189G; G220V; K225T,2
L98P; K225I; D301G,2
E154G; K225I; R402H,2
P155S; G220V; K225I; I227V,2
G101S; K225I; Y272H,2
D156G; G220V; K225T; C231S,2
E154G; S217G; K225I,2
G220V; K225T; C231S; I316N,2
S6T; E154G; K225I; T264S,2
S162C; G220V; K225T; A389V,2
D81G; I199S; K225I,2
G220V; K225T; C231S; V265I,2
G220V; K225T; C231S; N277S,2
S162C; G220V; K225T; N293S,2
G220V; K225I; V345I,2
G220V; K225T; P398T; I399D; T400Y; G401R; R402S; G403W; L404P; V405G; K406*; I408D; I409H; R410S,2
K225I; C231R; N365D,2
S162C; G220V; K225T; Y268C,2
K225I; C231R; T234M; S292N,2
I199S; K225I; N274S,2
S60G; G220V; K225T; C231S,2
L61M; E154G; K225I; F303L,2
Q27*; G220V; K225T; C231S,2
E154G; K225I; K397N,2
G220V; K225T; C231S; I232L; R385K,2
D121Y; G220V; K225I; P398S,2
V87M; G220V; K225T; C231S,2
S163F; K225T,2
D70G; K225I; C231R,2
D11Y; S162C; G220V; K225T,2
A182S; K225T; C231S,2
S162C; G220V; K225T; K311E,2
N175I; K225I,2
S166F; K225T,2
K31R; I199S; K225I,2
K225I; C231R; I399V,2
G220V; K225T; C231S; L240Q,2
D65Y; E154G; K225I,2
G220V; K225T; C231S; G403A; L404W; V405L; K407R; I408S; I409F; R410V,2
G220V; K225I; I227V; Y299C,2
S217G; K225I; C231R; S292N,2
H142R; G220V; K225T; C231S,2
K225I; C231R; S292N; I327T,2
G220V; K225T; C231S; T242A,2
G64D; G220V; K225T; C231S,2
G220V; K225T; C231S; N293S,2
S162I; N197D; G220V; K225T,2
G220V; K225T; D270Y,2
G49D; G220V; K225T,2
I102L; E154G; K225I,2
G220V; K225I; I227V; D301Y,2
G220V; K225I; I227V; Q354R,2
K225I; A313T,2
K135E; G220V; K225T; C231S,2
G220V; A224T; K225T; C231S,2
L98P; K225I; I352V,2
K225T; C231S; D326N,2
S162C; P173L; G220V; K225T,2
N92K; G220V; K225I,2
S32A; S162C; G220V; K225T,2
I90L; I199S; G220V; K225I,2
S162C; G220V; K225T; E305G,2
S6T; K225Q,2
N175H; K225I; C231R,2
M1V; K225I; V289A; Q354R,2
S162C; G220V; K225T; G386C,2
I199S; K225I; N362D,2
G220V; K225I; I227V; S314N; I316N,2
N8S; S162C; G220V; K225T,2
G220V; K225T; C231S; G401V; R402V; G403A; L404W; V405L; K407R; I408S; I409F; R410V,2
G220V; K225T; C231S; N362D,2
G220V; K225I; I227V; L240R,2
K225Q; Y375L; N376*; I377H; N378Q; N379Q; K381E; V382G; N383E; F384L; R385*; G386R; Q387S; N388E; A389C; N390K; L391S; N392E; R394A; I395Y; I396Y; K397Q; P398T; I399D; T400Y; G401R; R402S; G403W; L404P; V405G; K406*; I408D; I409H; R410S,2
I199S; G220V; K225I; C231R; V291M,2
G220V; K225I; I227V; D325G,2
K225T; C231S; Q236R,2
G220V; K225T; I262V,2
S6T; K225T,2
S6T; S32A; H56L; K225T; C231S,2
S162C; G220V; A224V; K225T,2
E79K; G220V; K225T; C231S,2
G223D; K225I; C231R; S292N,2
S162C; G220V; K225T; Y357C,2
K225T; C231S; V319I,2
S162C; G220V; K225T; C231R,2
A182T; G220V; K225T; C231S,2
L98F; G220V; K225I,2
E154G; K225I; F303L,2
G101S; M211K; K225I,2
Y30S; I199S; K225I,2
G220V; K225T; R348H,2
G49C; G220V; K225T; C231S,2
M211I; G220V; K225I; I227V,2
I199S; K225I; G374D,2
S162C; G220V; K225T; N383D,2
P120S; E154G; K225I,2
I199S; K225I; D270Y,2
G220V; K225I; I227V; N277D,2
G220V; K225T; G226V; C231S,2
S6T; G220V; K225I; I227V; Y355H,2
G179V; G220V; K225T; C231S,2
Q75*; K225T,2
I39V; G220V; K225T; C231S,2
M151I; G220V; K225T,2
S76I; S162C; G220V; K225T,2
K225I; C231R; Y272C; S292N,2
T50S; E154G; K225I; E349G,2
L98P; K225I; I368T,2
M172I; I199S; K225I,2
G220V; K225I; I227V; N297D,2
I199S; K225I; I241L,2
S76R; G220V; K225T; C231S,2
F136L; G220V; K225T; C231S,2
G220V; K225T; K330N,2
G220V; K225I; I227V; A340T,2
S162C; H176N; G220V; K225T,2
I199S; K225I; N378S,2
D121P; S162I; S163F; S198T; I199D,2
S162C; G220V; K225T; S314Y,2
W40*; G220V; K225T; C231S,2
G220V; K225T; I368V,2
S162C; G220V; K225I; I227V; N258D,2
G220V; K225T; C231S; G315C,2
G220V; K225I; I227V; V382M,2
I102T; G220V; K225I; I227V; C231R,2
K225I; C231R; S292N; I352V,2
Q141K; K225I,2
N164I; V184I; G220V; K225T,2
D121G; G220V; K225I; I227V,2
N46D; G220V; K225I; I227V,2
N138D; K225I; Y299C,2
S191L; K225I; C231R; S292N,2
R16H; K225I,2
E154G; K225I; K300R,2
E154G; T209A; K225I,2
G220V; K225I; I227V; I247L,2
G220V; K225T; I227T,2
S162C; G220V; K225T; T230M,2
G220V; K225I; I227V; K245E,2
F124L; S162C; G220V; K225T,2
S6T; G220V; K225I; I227V; N293D,2
M211I; K225I; C231R,2
Q27R; E154G; K225I,2
G220V; K225T; K381R,2
G220V; K225T; C231S; Y279C,2
G220V; K225T; T228I; C231S,2
E28K; S60N; G220V; K225T,2
G220V; K225T; C231S; K329T,2
I203V; K225I; C231R,2
S162C; G220V; K225T; I327V,2
G220V; K225T; A266T,2
E154G; K225I; I377V,2
M172R; K225I,2
E105D; I199S; K225I,2
S162I; G220V; K225T; N258S,2
S162C; G220V; K225T; D326G,2
G220V; K225T; Q295*,2
G220V; K225I; I227V; D278Y,2
E201*; G220V; K225T; C231S,2
T50I; G220V; K225T; C231S,2
E154G; K225I; K300R; R385G,2
K225I; C231R; L253S,2
G220V; K225I; I227V; Q344N,2
Q75T; S76T; G220V; K225I,2
S32A; K225I; C231R; S292N,2
S162C; G220V; K225T; N238K,2
E154G; I181V; K225I,2
N92K; G220V; K225T,2
N138T; G220V; K225T; C231S,2
K225I; G401D,2
L61P; G220V; K225T; C231S,2
E154G; K225I; Q267K,2
Q141R; I199S; K225I,2
G220V; K225T; I302T,2
G220V; K225T; E305K,2
K225I; I316T,2
S162C; G220V; K225I; I227V; K245E,2
Y30C; S162C; G220V; K225T; K406E,2
T185A; K225I; C231R; S292N,2
E106D; G220V; K225T; C231S,2
E105D; G220V; K225I; I227V,2
H56L; G220V; K225T,2
E201K; G220V; K225T; C231S,2
P23S; G220V; K225T; C231S,2
E154G; K225I; N390T,2
T17A; E154G; K225I; T234S,2
I199S; K225I; N243S,2
G220V; K225T; C231S; P298L,2
S76G; S162C; G220V; K225T; T400A,2
A207V; G220V; K225I; I227V,2
T88Q; K225I; C231R; S292N,2
S162I; S163F; I199S; K225I,2
G220V; K225T; C231S; F411L,2
G220V; K225I; C231S; Y355H,2
S67I; S162C; G220V; K225T,2
G220V; K225I; I227V; I316V,2
S60R; S162C; G220V; K225T,2
H56Y; G220V; K225T; C231S,2
G220V; K225I; I227V; E251K,2
K225I; C231R; D270Y; S292N,2
I199T; G220V; K225I; I227V,2
K225T; C231S; V345I,2
G101S; K225I; V405I,2
E154G; K225I; K281E,2
D121N; S162C; G220V; K225T,2
G220V; K225T; C231S; A340V,2
L98P; K225I; P298S,2
S162C; G220V; K225T; A266E,2
K135R; S162C; G220V; K225T,2
S162C; G220V; K225T; K330R,2
G101D; G220V; K225T; C231S; T350I,2
I199S; Y222N; K225I,2
G220V; K225T; C231S; T264P,2
T119I; G220V; K225T,2
G220V; K225T; C231S; N293K,2
L98P; K225I; I233V,2
K225I; T230K,2
I199S; K225I; Q235H,2
N34S; E154G; K225I,2
K225I; C231R; S292N; D326N,2
S174N; S187A; G220V; K225T; C231S,2
H212N; K225I,2
I199S; K225I; I262L,2
E154G; K225I; A283V; Q354R,2
G220V; K225T; C231S; V345I,2
F7S; K225I,2
G220V; K225T; C231S; R385G,2
T17I; E154G; G220V; K225I,2
K225I; K300R,2
S32I; I199S; K225I,2
S162C; H212Y; G220V; K225T,2
G220V; K225T; C231S; T242I,2
V132A; K225I; C231R; S292N,2
N118D; G220V; K225T,2
G220V; K225T; C231S; K397R,2
G220V; K225I; I227V; C231Y,2
D121N; G220V; K225T; C231S,2
I150V; G220V; K225I,2
S162C; G220V; K225I; I227V; V291M,2
S162C; G220V; K225T; I321T,2
S174N; G220V; K225T; C231S,2
G220V; K225T; C231S; T242P,2
G220V; K225T; C231S; I327T,2
E154G; Y171C; K225T,2
G220V; K225I; I227V; A313S,2
S67N; G220V; K225T,2
I199S; K225I; K329N,2
K225L; S292N,2
K225I; C231R; S292N; N297S,2
Y30F; K225I,2
G220V; K225T; C231S; L240P,2
E28G; G220V; K225T; C231S,2
S187P; G220V; K225T; C231S,2
E28K; S162C; G220V; K225I; I227V,2
N97S; N161Y; K225I,2
L145M; S162C; G220V; K225T,2
Q123H; G220V; K225I; I227V,2
G220V; K225T; C231S; T341I,2
N10S; G220V; K225T,2
F158L; G220V; K225T; C231S,2
L98P; K225I; S292G,2
K225I; C231R; V291M; S292N,2
N161Y; K225I; K288E,2
E105A; S162C; G220V; K225T,2
K225T; C231S; I368V,2
K225I; Y357H,2
G220V; K225I; T400S,2
G220V; K225T; C231S; R280C,2
I199S; K225I; K329R,2
D65N; G220V; K225I; I227V,2
Y171C; G220V; K225I; I227V,2
S66F; G220V; K225I; I227V,2
K22N; G220V; K225T; C231S,2
H125R; G220V; K225I; I227V,2
S163P; G220V; K225T,2
L98P; N138D; K225Q,2
S162C; G220V; K225T; S372G,2
L98P; N161I; K225I; N379H,2
K62N; I199S; G220V; K225I,2
E154G; F194L; K225I; C231R,2
S130Y; G220V; K225T; C231S,2
P57H; E154G; K225I,2
N14D; G220V; K225T; C231S,2
K225T; I352V; N365D,2
S137R; G220V; K225T; C231S,2
G220V; K225T; V345I,2
D205Y; K225I,2
K225I; C231R; G256R; S292N,2
K225I; S314A,2
G220V; K225T; C231S; S372R,2
S162C; P206L; G220V; K225T,2
Y68H; G220V; K225I; I227V,2
K225I; E349K,2
G220V; K225I; I227V; S318R,2
L98P; S163P; K225I,2
E154G; G220V; K225T; C231S; F358S,2
G220V; K225T; C231S; V289A,2
S162C; G220V; K225I; I227V; K288R,1
S162C; G220V; K225I; I227V; Y351H,1
S6T; S32A; H56L; K225I; C231H; S292N,1
K62N; S162C; G220V; K225T,1
K225I; C231R; T264P,1
S6T; S32A; K225L; C231R; Y355H; N390D,1
S162C; G220V; K225T; I408T,1
E78G; L98P; G220V; K225T,1
S67G; G220V; K225T; C231R,1
G220V; K225T; C231S; Y279F,1
K225T; I227T,1
I86V; G220V; K225T; C231S,1
S66Y; K225T; C231S,1
N197K; G220V; K225T; C231S,1
K225I; A266E; L275S,1
E154*; G220V; K225I; I227V,1
K225I; C231S; G403D,1
G220V; K225T; Y375C,1
K225T; V289G; Y355H,1
G220V; K225T; C231S; Y357C,1
C26Y; K225I; N362D,1
P188L; I199S; K225I,1
E154G; K225I; T341I; Y357S,1
G49S; G220V; K225T; C231S,1
N63D; D81G; G220V; K225T; C231S,1
Y30H; G220V; K225I; I227V,1
G220V; K225T; C231S; P239L,1
T50I; E154G; K225I,1
K225I; S314N; I316N; Q344N; S372N,1
K225T; C231S; Y355C,1
V87M; L98P; K225I,1
E154G; K225I; N392Y,1
G220V; K225I; F252L,1
E106D; K225I; C231R; S292N,1
N175H; K225I; C231R; S292N,1
P2T; G220V; K225I,1
G220V; K225T; K311N,1
P2S; S6T; E154G; K225I,1
D77N; S162I; G220V; K225T,1
K225I; C231N,1
S162C; G220V; K225T; N258H,1
E79*; K225I; C231R; S292N,1
T17I; G220V; K225I,1
G177D; G220V; K225I; I227V,1
D196Y; E213G; K225I; C231R; I249T; S292N,1
H219R; K225I,1
S6T; I39T; L98P; K225I,1
S6T; L98P; K225I; C231R; S292N,1
K109*; G220V; K225T; C231S,1
T88A; Q141R; G220V; K225T; C231S,1
S67N; G220V; K225I,1
G220V; K225I; I227V; D270A,1
G220V; K225I; I227V; G353C,1
S6T; S32A; H56L; S162I; G220V; K225T; C231R,1
G220V; K225T; K306R,1
G220V; K225I; N248S; N390D,1
K225Q; T335I,1
S162C; G220V; K225T; L260P; R410H,1
R82L; G220V; K225I; I227V,1
D121P; S162C; G220V; K225T,1
S162C; G220V; K225T; N388S,1
A224T; K225I; I262L,1
S162C; A207T; G220V; K225T,1
T50A; K225I; C231R; S292N,1
N138D; G220V; K225I; A389T,1
S6T; S162C; G220V; K225T; T400A,1
P57S; I199S; K225I,1
E154G; F202I; K225T; A340V; R410C,1
I35F; G220V; K225I,1
S162C; G220V; K225I; I227V; Q344N; N365D,1
R16H; K225I; C231R; S292N,1
G220V; K225T; C231S; S292N; A389T,1
L98P; V184A; G220V; K225I; I227V,1
K225T; C231S; K288R,1
I199S; K225I; Q290*,1
A207S; G220V; K225I; I227V,1
S6T; N10S; G220V; K225I; I227V,1
E154G; K225I; P239L; T335A,1
K225I; C231R; I352V,1
T88I; N122D; S162C; G220V; K225T,1
E44K; G220V; K225T,1
G220V; K225T; T229P,1
G220V; K225I; I227V; Y357C,1
P2S; G220V; K225I; I227V; I262F,1
S6T; S32A; S162C; A207T; G220V; K225T,1
P155T; S162I; G220V; K225T,1
K225I; N243S; V405A,1
S162I; M172I; G220V; K225T; C231R,1
E79*; G220V; K225T; C231S,1
D77N; G220V; K225T; C231S,1
G220V; K225T; T350I,1
P52T; G220V; A224S; K225T; C231S,1
S6T; G220V; K225T; C231S; K342R,1
F91L; I199S; K225I,1
S6T; S32A; S162C; G220V; K225T; G353S,1
A224T; K225I; N365D,1
D77Y; K225T; C231S,1
G220V; K225T; D325Y,1
M1I; S6T; V13F; L98P; K225I,1
E106*; G220V; K225T,1
T59A; I199S; K225I,1
G177D; K225I; C231R; S292N,1
N175H; G220V; K225T; A389T,1
L98P; K225I; V265I,1
S162C; G220V; K225T; R348S,1
G101S; G220V; K225I; I227V; V345I,1
I41V; R45L; G220V; K225T,1
G220V; K225I; I227V; N261S,1
G220V; K225I; I227V; I282T,1
G220V; K225I; I227V; I377S,1
D54V; G220V; K225I; I227V; S361F,1
K31R; S162C; G220V; K225T,1
G220V; K225T; C231S; S318N; G386V,1
Q53R; N161Y; K225I; N379S,1
C26Y; S162C; G220V; K225T,1
G220V; K225T; G374V; Y375I; N376T; I377S; N378T; N379T; L380*; K381R; V382*; N383T; F384L; R385E; G386V; Q387R; N388M; A389Q; N390I; L391*; N392T; P393R; R394V; I395L; I396S; K397N; P398R; I399L; T400P; G401V; R402V; G403A; L404W; V405L; K407R; I408S; I409F; R410V,1
S32N; G220V; K225T; C231S,1
G220V; K225T; C231S; L309P,1
E154G; K225I; I227V,1
K225T; C231S; D278N,1
S6T; G220V; K225T; C231S; F303L,1
G220V; K225T; C231S; I377T,1
Q204*; G220V; K225T,1
N111H; G220V; K225T; C231S,1
I199V; G220V; K225T; C231S,1
G220V; A224V; K225T; C231S,1
N138Y; I199S; K225I; G256*,1
I199V; K225T,1
D196Y; G220V; K225T,1
L98I; E154G; K225I,1
G220V; K225I; I227V; A283V,1
S162C; G220V; K225T; D278G,1
N96K; G220V; K225I; I227V,1
E154G; S162I; N169D; K225T; G403V,1
G220V; K225T; C231S; G256R,1
E154G; K225I; L309M,1
N10D; P71S; G220V; K225I; I227V; E336K,1
K225I; C231R; L380V,1
G101S; K225I; K306E,1
S162I; S163F; S198T; I199D; V265D; A266E; Y268W; N269E; D270Q; Y272R; T273S; N277K; D278K; R280E; K281E; S284K; S314N; I316N; R385*; G386R; Q387S; N388E; A389C; N390K; L391S; N392E; R394A; I395Y; I396Y; K397Q; P398T; I399D; T400Y; G401R; R402S; G403W; L404P; V405G; K406*; I408D; I409H; R410S,1
E154G; K225I; I262V,1
S6T; S32A; H56L; L98P; K225I; N261I,1
E154G; K225T; K329E,1
G100S; G220V; K225T,1
S198L; G220V; K225I; I227V,1
N195S; K225I; C231R,1
I48T; S162C; G220V; K225T,1
Y69H; E154G; K225I; K381N,1
G220V; K225I; I227V; K281*,1
E154G; M211I; G220V; K225I,1
D65Y; N118S; G220V; K225T; C231S,1
G220V; K225T; F337S,1
N118D; E154G; S162I; K225T,1
G220V; K225T; N293S,1
S6T; G101S; N164H; K225I,1
I42T; N175H; G220V; K225T,1
G220V; K225T; C231S; S284G,1
S217I; G220V; K225T; C231S; P294L,1
S162C; G220V; K225T; N378S,1
K225I; C231R; V265I; S292N; K407E,1
S162C; G220V; G223C; K225T,1
G220V; K225I; I227V; N258H,1
R168S; G220I; K225I; I227V,1
E154G; K225I; T242I,1
S6T; S32A; H56L; Q75T; S76T; T88Q; S162C; G220V; K225I; I227V; N258S,1
M211V; L218P; G220V; K225I; I227V,1
E154G; E189D; K225I; S292N,1
S162C; G220V; K225T; T273A,1
S162C; G220V; K225T; A313V; R348S,1
E154G; K225T; G403V,1
N96H; S162C; G220V; K225T,1
I199S; K225I; N362S,1
D54Y; K225T,1
K135N; I199S; K225I; A266E,1
E154G; K225I; P393Q,1
E79A; G220V; K225T; C231S,1
S162C; S217I; G220V; K225T,1
S162I; S217R; G220V; K225T,1
G220V; K225I; E305K,1
S162C; G220V; K225T; S372R,1
I199S; K225I; N376H,1
S162C; G220V; K225T; N322D,1
S162C; G220V; K225T; R280G,1
R16H; N92K; K225I,1
E154G; K225I; I408T,1
K225I; C231R; L286F; S292N,1
N175D; G220V; K225T; C231S,1
E28A; L98P; K225I,1
G220V; K225T; C231R; R348L,1
P71L; E154G; K225I,1
E154G; K225I; Q344N,1
K225I; P294L,1
R193S; G220V; K225T; C231S,1
K225T; C231S; R348C,1
A182T; K225I; Q354R,1
P112L; G220V; K225T,1
F136L; G220V; K225I,1
A129V; K225T; C231S; V345A,1
M1V; I149L; K225I; Q236K; Q354R,1
M172I; K225T; C231S,1
G220V; K225I; T350N,1
K225I; T400I,1
E154G; S162I; G220D; K225T,1
D117Y; N161Y; K225I,1
H56L; G220V; K225I; I227V,1
I199S; K225I; L275*,1
A153T; K225T; C231S; R244H,1
K225T; C231S; S372N; K397N; P398R; I399L; T400P; G401V; R402V; G403A; L404W; V405L; K407R; I408S; I409F; R410V,1
E28K; F55C; K225I; N269D,1
G220V; K225T; N388D,1
K225N; T254N,1
S6T; S32A; S162C; G220V; K225I; I227V; N258D,1
G220V; K225I; I227V; I321V; A389V,1
K225T; C231S; N261D,1
I41V; G220V; K225T; F411S,1
M172R; K225I; C231R; S292N,1
E154G; S162I; K225T; E336K,1
K225T; Y357H,1
G220V; K225T; K306E; D325N,1
G220V; K225T; C231S; L404R,1
N138D; K225T; C231S; T400I,1
M172I; K225T; I271V,1
F7L; G220V; K225I; I227V,1
G220V; K225I; I227V; S287G,1
N170D; K225I,1
P23S; S162C; G220V; K225T,1
S6T; S32A; K225I; C231R; E251D; S292N,1
F194L; K225I; Q354R,1
S162I; N164S; K225I; D325N,1
N122K; S162C; G220V; K225T; C231S,1
Y190H; K225I; C231R,1
F55S; K225I; C231R; S292N,1
S6T; G220V; K225T; T229M; C231S,1
K225T; C231S; N293S; N370D,1
N96S; T119I; G220V; K225I; I227V,1
K225I; N248S; N390K,1
K225I; C231R; N248Y,1
S187F; G220V; K225T; C231S,1
G220V; K225T; Y357C,1
I42T; E154G; K225I,1
G101S; M172I; G220V; K225T; Y357H,1
M1I; S6T; S32A; N138D; K225T,1
K225I; E336*,1
K225I; C231R; S292N; G353V,1
S162C; G220V; K225I; I227V; K407N; I408K; R410E; F411E,1
E154G; K225I; G403A; L404W; V405L; K407R; I408S; I409F; R410V,1
N116D; S162C; G220V; K225T,1
E154G; K225I; N379K,1
S162C; G220V; K225T; I227S; T264P,1
S32N; E154G; K225I,1
K225T; C231S; L240P,1
L114M; G220V; K225T; C231S,1
E154G; K225I; Q236K,1
I199S; Y222H; K225I,1
H219Y; G220V; K225T,1
N161Y; G220V; K225T; C231S,1
L98P; K225I; T400P,1
Y113C; G220V; K225T; C231S,1
M36V; S162C; G220V; K225T,1
G220V; K225T; K407E,1
G220V; K225I; I227V; A340E,1
L98R; S162C; G220V; K225T,1
S76G; E154G; K225I,1
S162C; G220V; K225T; P239T,1
T88Q; E154G; A207S; K225I,1
N138D; K225I; Q290H,1
G220V; K225T; C231S; G246S,1
E154G; S162I; M172I; K225I,1
Q27*; K225I; N248S,1
S60G; L98P; K225I,1
G101S; D121P; G220V; K225T; C231S,1
P43T; G220V; K225T; C231S,1
A224T; K225I; C231R; S292N,1
S6T; S32A; H56L; Q75T; S76T; M211I; G220V; K225T; C231S,1
K225Q; Q235K,1
L208M; K225I; C231R,1
K225T; C231S; N365D,1
N138D; K225I; C231R; S292N; V405A,1
P23L; N92K; G220V; K225I; I227V,1
G220V; A224E; K225T; I227V; C231S; P294S,1
G49C; Q75T; S76T; T88Q; G220V; K225I; C231R,1
I48V; S162C; G220V; K225T,1
Q141R; A182V; G220V; K225T; C231S,1
G220V; K225T; C231S; S333*,1
S162C; G220V; K225T; N362S,1
F55C; G220V; K225T; C231S,1
S6T; S32A; H56L; D121E; S162C; G220V; K225T,1
G101S; K225I; F324V,1
N116H; G220V; K225I; I227V; T273A,1
S162C; G220V; K225T; R394H,1
E201K; G220I; K225I; I227V,1
G220V; K225I; I227V; R394H,1
S6T; S32A; H56L; E154G; V184I; K225I,1
S6T; G220V; K225T; C231S; Q237*,1
S76R; G220V; K225I; I227V,1
D54V; G101S; K225I,1
A131T; G220V; K225I; I227V,1
T51A; E154G; S162I; K225T,1
G220V; K225I; I227V; V291L,1
L98P; K225I; D326G,1
F202Y; K225T; N293K,1
T88P; G101S; K225I,1
I199T; K225I; C231R; S292N; K407E,1
P52T; G220V; K225T; C231S,1
K37R; G220V; K225I; N248S,1
T17A; G101S; K225I,1
R168C; G220V; K225T; Y375L; N376*; I377H; N378Q; N379Q; K381E; V382G; N383E; F384L; R385*; G386R; Q387S; N388E; A389C; N390K; L391S; N392E; R394A; I395Y; I396Y; K397Q; P398T; I399D; T400Y; G401R; R402S; G403W; L404P; V405G; K406*; I408D; I409H; R410S,1
K225Q; N243S,1
P57H; S162C; G220V; K225I; I227V,1
G101S; K225I; I271V,1
I48M; L98P; K225I,1
I21V; S162C; G220V; K225I; I227V,1
S6T; E154G; K225T,1
N161Y; F186S; K225I,1
S162I; G220V; K225T; N261D; Y357C; S372N,1
G100V; K225I,1
L84M; K225I; C231S,1
P146Q; G220V; K225I; I227V,1
I199S; K225I; P398S,1
E154G; M172I; K225I,1
S217R; G220V; K225T; C231S,1
P146Q; G220V; K225T; C231S,1
T50N; S162C; G220V; K225T,1
S6T; L98P; G220V; K225T; C231S; R348H,1
G220V; K225T; R385S,1
D121P; S162I; S163F; S198T; I199D; K225I,1
G220V; K225I; I227V; I302T,1
S6T; G220V; K225I; I227V; S367T,1
Q53*; K225T; C231S,1
G100D; E154G; K225T; S292R,1
E154G; N170Y; K225I,1
L114M; G220V; K225I; I227V; P393Q,1
G220V; K225T; C231S; T264P; S314N,1
L98P; E189K; K225I,1
G220V; K225T; C231S; N269S; R394L,1
S6T; E154G; T209A; K225I,1
I199F; K225I; K300E,1
G24D; G220V; K225T; C231S,1
I199S; K225I; I233V,1
S162C; G220V; K225T; R348C,1
G101S; K225I; V265A,1
L157S; G220V; K225I; I227V; V345I,1
K225L; C347F; K381N,1
K225I; C231R; Q237*; S292N,1
R93H; S162C; K225Q,1
G220V; K225T; Y332H,1
S6T; S99*; G220V; K225I; I227V,1
G152S; G220V; K225I; I227V,1
K225I; C231S; N277H,1
S162C; G220V; K225T; I316T,1
I181V; K225I; C231R; S292N,1
K225I; N378S,1
K225T; I409T,1
N63D; S162C; G220V; K225T,1
K225I; C231R; D259N; S292N,1
M172T; G220V; K225T; K329N,1
G220V; K225T; C231S; I368T,1
N118K; G220V; K225T; C231S; N379H; I399M,1
G220V; K225T; T230K; C231S,1
M36I; E154G; K225I,1
S162C; G220V; K225T; G353D,1
L98P; K225I; T254P,1
N96D; S162C; G220V; K225T; F255L,1
K62N; S162C; R193L; G220V; K225T,1
A224V; K225I,1
H56L; Q75T; S76T; T88P; E154G; S187F; K225T,1
Q53K; N92K; S162I; S163F; S198T; I199D; K225I,1
P71S; G220I; K225I,1
K225I; A313V,1
S162C; M211I; G220V; K225I; I227V,1
E154G; K225I; P294T,1
L208M; G220V; K225T; C231S,1
S6T; P155S; I199N; G220V; K225T,1
G25V; N164S; G220V; K225I; I227V,1
E28A; G101S; K225I,1
S162C; G220V; K225T; K356M,1
G220V; K225I; I227V; I262V,1
I199S; K225I; S314P,1
N138D; K225I; C231S,1
S162C; G220V; K225T; T230P,1
K225I; N243S,1
S6T; E105K; S162C; G220V; K225T,1
S137N; G220V; K225I; I227V,1
E154G; K225T; K281E,1
I183V; G220V; K225T; C231S; R385K,1
D81Y; G220V; K225T,1
N138D; K225I; R394C,1
K225I; C231R; I409T,1
S162C; G220V; K225T; Q267H,1
G220V; K225T; C231S; E349*; I352V,1
E154G; K225I; G256E; N379D,1
S187F; K225M,1
G220V; K225T; C231S; D325G,1
G179D; G220V; K225I; I227V,1
G220V; K225T; C231S; F358S,1
K225I; C231R; S292N; R394H,1
H219Q; G220V; K225T,1
H56Q; K225I; C231R,1
D11A; E154G; K225I; C231R,1
D70N; S162C; G220V; K225I; I227V; N365S,1
N14D; G220V; K225I; I227V,1
G101S; K225I; C231R; S292N; K406*,1
S162C; G220V; K225T; I377L,1
R93C; N175H; G220V; K225T; A389T,1
S162C; G220V; K225T; F358C,1
N138D; R168S; K225I; C231R; S292N,1
G220V; K225I; I227V; T273I,1
P43Q; G220V; K225T,1
K80N; E154G; K225I,1
K225I; L296P; Q344N; K406*,1
K225I; C231R; G374V; Y375I; N376T; I377S; N378T; N379T; L380*; K381R; V382*; N383T; F384L; R385E; G386V; Q387R; N388M; A389Q; N390I; L391*; N392T; P393R; R394V; I395L; I396S; K397N; P398R; I399L; T400P; G401V; R402V; G403A; L404W; V405L; K407R; I408S; I409F; R410V,1
S162C; G220V; K225T; T228I,1
L98P; Q141P; K225I,1
N8D; G220V; K225T; C231S; P239Q,1
Q75T; S76T; T88Q; N197D; G220V; K225T; C231S,1
A129T; S162C; G220V; K225T,1
S6T; S32A; H56L; Q75T; S76T; G220V; K225T; C231S,1
S162C; G220V; K225I; I227V; D270Y,1
N138D; A153T; G220V; K225I,1
Y113H; G220V; K225T; C231S; A266V,1
G220V; K225T; L328M,1
E106K; G220V; K225I; I227V,1
S162I; G220V; K225T; E373K,1
G24S; K225I; C231R; V265A; S292N; K407E,1
S6T; I102L; K225I,1
S162C; G220V; K225I; I227V; C231S,1
G220V; K225I; I227V; D270N; V345I,1
S32A; I199S; K225I,1
I134V; G220V; K225T; C231S,1
K225I; C231R; K406*,1
G220V; K225T; C231S; F252C,1
S162N; I199S; K225I; I232L,1
S6T; H56Y; G220V; K225I; I227V,1
G220V; K225T; C231S; A313E,1
S6T; S32A; H56L; F83L; G220V; K225T,1
G220V; K225I; I227V; K359R,1
S162C; G220V; K225T; L331Q,1
K225Q; C231R,1
S162I; N164S; K225T; Y355H,1
S162C; G220V; K225T; N258S; G308C,1
E133*; K225T; C231S,1
I183T; K225I; N365D; P393L,1
E154G; K225I; S292I,1
P12T; E154G; M211I; G220V; K225I,1
Y20H; G220V; K225I; I227V; N362D,1
G220V; K225T; C231S; Y272H,1
E154G; K225I; N388H,1
K225I; C231R; S292N; N365K,1
S162C; G220V; K225T; D338A,1
S217C; K225I; C231R; S292N,1
K89R; I102F; K225T; C231S; R280H,1
G220V; K225T; C231S; S287R,1
I102T; E154G; K225I,1
R168C; G220V; K225T; C231S,1
P58T; E154G; K225I,1
S6T; S32A; D121N; S162C; G220V; K225T,1
K225T; C231S; K407N; I408K; R410E; F411E,1
K135R; E154G; K225I; C231R; S292N,1
G220V; K225I; I227V; T254I,1
G100D; N138D; S162C; G220V; K225T,1
E201D; G220V; K225T,1
S6T; S32A; S67G; E201K; K225I; C231R,1
N34D; K225I; C231R; S292N,1
L98P; P146L; K225I,1
G177V; G220V; K225T; C231S; N258D,1
H56L; S108R; K225I; C231R; F252S; S292N; S318I,1
N138D; K225I; S292N,1
H56N; E106K; K225T; C231S,1
K225I; C231Y,1
E154G; G223D; K225T,1
G220V; K225T; C231S; D278G,1
D121Y; G220V; K225T; C231S; A389T,1
K225I; C231S; V345I,1
G220V; K225I; N388D,1
K135E; N138D; K225I,1
G220V; K225T; C231S; N390S,1
I102V; S162R; G220V; K225I; I227V,1
S163F; K225I; D326N; R410C,1
G220V; K225T; T230A; C231S,1
L98P; M211I; H212Y; K225I,1
S162R; G220V; K225T,1
P58L; E154G; K225T,1
K225I; C231R; S292N; T335P,1
S32A; K37*; S162C; G220V; K225T; N392K,1
N116D; G220V; K225T; C231S,1
I90V; E154G; K225I,1
I126L; G220V; K225I,1
I199S; K225I; L286I,1
S140N; G220V; K225T,1
G220V; K225T; C231S; N238K; Q267L,1
G220V; K225T; C231S; D325N; K407R; I408S; I409F; R410V,1
P188T; I199S; K225I,1
I199S; N200D; K225I,1
H56R; G101S; K225I; K406*,1
R45L; F124C; K225T; C231S,1
L98P; A110T; K225T; C231S,1
G220V; K225T; I232V; Q387H,1
G220V; K225I; I227V; I399T,1
V87M; N138D; G220V; K225T; C231S,1
S6T; I199S; K225I; I352V,1
S130F; S162C; G220V; K225T; D325N,1
K225I; N248S; A389T,1
E28K; Y171C; K225I,1
G220V; K225T; C231S; Q236R,1
G220V; G223C; K225I; I227V,1
F55S; K225I; I232T; N248S,1
N111S; K225I,1
T119A; K225T; C231S,1
K225I; C231R; S292N; P398Q,1
K225I; C231R; A266V,1
S187F; G220I; K225I; I227V,1
G101S; K225I; G401S,1
I39T; K225Q,1
S162C; G220V; K225T; I399F,1
K225I; N238K; I399N,1
P71L; K225I; C231R; S292N,1
K225T; I249T; L331P,1
K225T; C231S; D278Y; K323N,1
S32A; K225T; C231S; K323N,1
G220V; K225T; I271V,1
S162I; G220V; K225T; P298Q; E373D,1
Q75*; K225I; C231R,1
I143L; I199S; K225I; N379S,1
G101S; K225I; E251G,1
D128G; G220V; K225T,1
K37R; E154G; K225I,1
G220V; K225I; I227V; L404P,1
G220V; K225T; C231S; K311E; D325N,1
G179D; G220V; K225T,1
S162C; D205Y; G220V; K225T,1
R45C; G101D; K225I,1
D121G; K225I; C231R; S292N,1
R82H; E154G; K225T; C231R,1
K225T; C231S; E336K,1
G220V; K225T; C231S; T234A,1
E154G; K225I; I249T; R394H,1
S6T; E154G; Y171S; K225T,1
R16S; K225I; C231R; S292N,1
P12S; N161Y; K225I,1
D156N; G220V; K225T; C231S,1
G24S; T88Q; D121P; G220V; K225T; C231S,1
S162I; S163F; G220V; K225T; C231S,1
K31R; I199S; L208Q; K225I,1
K225I; C231R; S292N; K397R,1
S76G; K225I,1
K225Q; P398S,1
G220V; K225I; I227V; S367P,1
I149V; I199S; K225I,1
R16C; K225Q,1
G220V; K225T; D270N,1
S6T; S32A; I102F; K225T; C231S; G403S,1
M211I; K225I,1
G220V; K225I; V265A,1
Q123L; S162C; G220V; K225I; I227V,1
S6T; G49D; L98P; K225I,1
N10T; K225T; C231S; L276F; K406R,1
T209N; G220V; K225T; C231S,1
T209N; G220V; K225T; C231S; K407E,1
N175H; K225I; C231R; R348C,1
I150L; G220V; K225T; C231S,1
S6T; S32A; D54G; H56L; I199N; G220V; K225T,1
L98P; K225M,1
G101S; G220V; K225T; Y375L; N376*; I377H; N378Q; N379Q; K381E; V382G; N383E; F384L; R385*; G386R; Q387S; N388E; A389C; N390K; L391S; N392E; R394A; I395Y; I396Y; K397Q; P398T; I399D; T400Y; G401R; R402S; G403W; L404P; V405G; K406*; I408D; I409H; R410S,1
P120S; E154G; K225I; S292N,1
G220V; K225T; C231S; Q344R,1
K225I; C231R; S292N; N378S,1
N164S; G220V; K225T; R394L,1
W40*; S162C; G220V; K225I; I227V,1
Q141R; H212R; K225T; A313E; D326N,1
G220V; K225T; C231S; I408T,1
G220V; K225T; C231S; K311R,1
F202L; K225I; C231R; S292N,1
T88A; I199S; K225I,1
I94T; G220V; K225T; C231S,1
I18L; G220V; K225I; I227V,1
K225I; I302T; T341A; C347Y; K406*,1
K225I; C231R; S292N; I399T,1
N164S; K225T; C231S; S292N,1
L98P; S187F; K225T,1
N96S; N161Y; K225I,1
G220V; K225T; T400A,1
S162C; I199S; K225I; I368V,1
Y30N; N138D; G220V; K225T,1
E154G; K225I; I321V,1
E154G; D196G; K225I,1
S162C; G220V; K225T; N238D,1
S162C; M211I; K225I; C231R; S292N,1
L103M; G220V; K225T; K397E,1
I199S; G220V; K225I; R244H,1
I199T; K225I; C231R; L240M; S292N,1
N72S; G220V; K225I,1
E154K; K225I; C231R; S292N; V405I,1
F83L; K225T; C231S,1
F7S; S67R; K225T; C231R; N238K; S292N,1
L98P; K225I; C231R; F252I; S292N,1
F33L; G220V; K225T,1
G220V; K225T; C231S; T234M,1
K22R; K225I; N365D,1
T51P; S162C; G220V; K225I; I227V,1
G220V; K225I; I227V; R348C,1
N72T; N96D; G220V; K225T,1
K225I; P298Q,1
G101S; G220V; K225I; I227V; T242A,1
G101S; K225I; E250K,1
S32A; G101S; K225I,1
S6T; S32A; F186C; G220V; K225T; R410C,1
S162C; G220V; K225T; T400A,1
S162C; L167M; G220V; K225T,1
S6T; S32A; N164S; G220V; K225I; I227V,1
K225T; C231S; I408T,1
S162I; I203V; G220V; K225T,1
S162C; G220V; K225M; I227V,1
N161Y; K225I; N383S,1
D117N; K225I; C231R,1
G139D; K225I; C231R,1
L98R; K225T,1
S6T; R82L; L98P; K225I,1
E105K; I203T; G220V; K225T; C231S,1
H56N; G220V; K225I; I227V,1
S187A; G220V; K225T; C231S,1
S162C; G220V; K225T; Q267*,1
K225I; C231R; N238S,1
N8D; E154G; K225T,1
G220V; K225T; T230P; C231S,1
S162C; T209I; G220V; K225T; C231S,1
N138D; K225Q; L240M,1
P43Q; G220V; K225I; I227V,1
L98P; K225I; V382L,1
V87A; K225I; Y332H,1
G101S; I143V; K225I,1
N161K; G220V; K225T; C231S,1
L167M; G220V; K225T; C231S; G257D,1
G101S; K225I; C231S,1
K225I; C231R; R402C,1
P57L; S162C; G220V; K225T,1
L74Q; K225I; N365D,1
G101S; T119I; K225I,1
S66A; G220V; K225T; C231S,1
G220V; K225T; A313S,1
D121A; N161Y; K225I,1
N161Y; K225I; I249S,1
G64D; K225T; F337S,1
K225L; I232T,1
I199S; K225I; F252L; E336*; Y355H,1
S66Y; S162C; G220V; K225T; I352T,1
T59P; E154G; K225I; G386L; Q387I; N388L; A389D; N390P; L391D; N392L; I395T; I396V; K397A; P398I; I399A; T400I; G401L; R402P; G403K; L404P; V405F; K406L; K407R; I408K; I409V; R410S; F411R,1
Q75T; T88H; K225I,1
Q75T; S76T; G220V; K225T; C231S,1
G220V; K225T; T228I; C231R; I232V,1
L114P; E154*; G220V; K225T,1
I199S; K225I; T350I,1
S162C; G220V; A224E; K225I; I227V,1
S67R; G220V; K225I; I227V,1
G220V; K225T; N365K,1
S162C; G220V; K225T; N238S,1
P52L; S162C; G220V; K225T,1
I199S; K225I; S292G,1
G220V; K225T; C231S; I302S; F337S,1
H56L; Q75T; S76T; T88Q; L98P; D121P; S162F; G220I; K225T; C231S,1
S66F; G220V; K225T; C231S; Q344N,1
S66F; G220V; K225T; C231S; D325N,1
K225I; K397N; P398R; I399L; T400P; G401V; R402V; G403A; L404W; V405L; K407R; I408S; I409F; R410V,1
K225I; C231R; V319I,1
L98P; K225I; N392D,1
A110V; G220V; K225I; I227V,1
K225T; C231S; Y332H,1
I41V; G220V; K225T; C231S,1
P58S; G220V; K225T; C231S,1
K225L; D278N,1
I199S; E213*; K225R; C231R,1
G220V; K225I; I227V; I232T,1
G220V; K225I; I227V; T242A,1
K225I; C231R; I232F; S292N,1
R16H; G220V; K225T,1
G220V; K225T; C231S; G308C,1
S6T; S32A; T51I; K225T; C231S,1
M1I; E154G; G220V; K225T; C231S,1
L98P; Q204R; K225I,1
N63T; E154G; F194L; N195S; K225I,1
S162C; K225I; N248S,1
E44D; K225I,1
S162C; G220V; K225T; K356Q,1
G24V; G220V; K225T,1
K22N; E154G; S162I; K225E,1
Q53*; K225I; C231R; S292N,1
D15N; G220V; K225T; C231S,1
E154G; S162I; K225E; D326N,1
I41V; G220V; K225I; C231R; S292N,1
D156Y; S162I; G220V; K225T,1
L98P; K225I; G403D,1
K225I; V382A,1
T17I; E154G; K225I,1
K225I; C231R; S292N; D301N,1
K225T; C231S; Y299S,1
I126T; S187F; K225T,1
S162C; G220V; K225T; R394L,1
A153S; G220V; K225I,1
P188S; G220V; K225I; I227V,1
N147K; K225T; C231S,1
E154G; G220V; K225I; K330M,1
A129S; G220V; K225T; C231S,1
S32A; N116D; G220V; K225I; C231R,1
D54N; S162C; G220V; K225T,1
S180P; G220V; K225T,1
G220V; K225I; I227V; N383D,1
K225I; I232T; N248S; E305*,1
S60G; G177V; K225I; S318I,1
S162C; G220V; K225T; R385S,1
K225I; C231R; A266E,1
G220V; K225T; C231S; F384S,1
N116D; K225I,1
N95K; K225I; D325N; I399V,1
L98I; G220V; K225T; C231S; I371V,1
E213A; G220V; K225T,1
E154G; S162I; K225T; V319L,1
K225I; C231R; V382M,1
I149V; G220V; K225T,1
N175H; G220V; K225T; D301G,1
T59I; S162C; G220V; K225T,1
S140N; G220V; K225I; I227V,1
A131V; I199S; K225I,1
M1I; K225I; C231R; Y268H; S292N,1
I181V; G220V; K225T,1
G220V; K225I; N379K,1
N118H; G220V; K225T; C231S; K407E,1
L98R; S162I; G220V; K225T,1
G220V; K225T; C231S; Q354R; N362D,1
N63T; Q141R; K225T; D326N,1
I199S; K225L; I227T,1
A182S; K225I; C231R; S292N,1
G220V; K225T; C231S; Q237R,1
N138D; K225I; G401V,1
E78A; S162C; G220V; K225T,1
E154G; G177S; K225I,1
N138D; E154G; S162I; S163F; K225E; G257D,1
N138D; L210M; K225I,1
G220V; K225T; C231S; Y272C,1
S6T; Q27K; A182S; K225I; C231R; S292N,1
S140R; K225I; C231R; S292N,1
G220V; K225T; T254I,1
K225I; C231S; I263V,1
Q75*; G220V; K225T,1
D81N; L98R; K225I; C231R,1
D65G; K225L,1
V47M; N138D; K225I; C231R; S292N,1
G101S; K225I; R410L,1
L98I; K225T,1
T59P; E154G; K225I,1
H56Y; I199S; K225I,1
K225I; I368T,1
S6T; M211I; G220V; K225T; C231S,1
K62R; K225I,1
L98F; E154G; K225I,1
S162C; G220V; K225T; K285R,1
S140R; N175H; G220V; K225T; C231S,1
D77G; E154G; K225I,1
D77N; D121P; S162I; S163F; S198T; I199D,1
G220V; K225T; C231S; R280L; N390K,1
R93H; S162C; G220V; K225T,1
R93H; S162C; G220V; K225T; S292T; I316N,1
N111I; I199S; K225I,1
S32A; H56L; D121P; S163F; K225T,1
K225I; C231R; T400S,1
G220V; K225I; I227V; I352V,1
S162C; G220V; K225I; I227V; R402H,1
N138D; K225I; T350A; K406E,1
K225I; C231R; S284R; S292N,1
G220V; K225T; K306T,1
H56Y; K225I; C231R,1
C26Y; I199S; K225I; N297K,1
N10S; K225I; V265A,1
D54Y; L107R; A110D; G220V; K225T; C231S,1
S6T; S32A; H56L; L98P; K225I; N388D,1
S162I; S163F; G220V; K225T,1
S108I; I199S; K225I,1
G220V; K225T; C231S; T335N,1
E154G; K225I; K407R,1
G101S; K225I; R394H,1
G220V; K225I; C231R; S292N; R348H,1
P120T; E154G; K225I,1
E154G; K225T; S372R,1
Y68C; K225I,1
G220V; K225I; C347S; I408T,1
N138D; K225I; E336G,1
E28*; G220V; K225T; C231S,1
R82H; G220V; K225I; I227V,1
S6T; L98P; I199S; K225I,1
S162C; G220V; K225T; K359E,1
S217G; G220V; K225T,1
E154G; K225I; Q295R; D312E,1
G25S; G220V; K225T; D326Y,1
T17S; E154G; F194L; K225I,1
K225I; Q290K,1
K37N; V148F; K225I; C231R,1
S162C; I181V; G220V; K225T,1
S162C; N195S; G220V; K225T,1
G100S; S162C; G220V; K225T,1
S6T; K225I; C231R; F252L; S292N,1
K225I; C231R; S292N; I395V,1
R16S; G220V; K225T; C231S,1
S6T; S32A; H56L; K80R; S187F; K225T; C231S; A389T,1
D81N; S162C; G220V; K225T,1
K225Q; L276F; N293K,1
G220V; K225I; I227V; Y375H,1
S162I; K225M; D325N,1
E154G; L167P; K225I,1
S166Y; I199S; K225I,1
K22R; L98P; G115D; K225I,1
G220V; K225T; C231S; K397N,1
S6T; S32A; E154G; G220V; K225I; I227V,1
G101S; K225I; G403A; L404W; V405L; K407R; I408S; I409F; R410V,1
P155S; K225I; C231R; S292N,1
K225I; T341I,1
P71T; N111S; G220V; K225T,1
S6T; S32A; S162I; S163F; K225T; C231S,1
Y113H; I199S; K225I,1
G220V; K225I; I227V; G256R,1
S162C; G220V; K225T; E305*,1
S6T; N10D; S32A; G220V; K225I; I227V,1
G220V; K225T; C231S; T341S,1
P120S; E154G; G220V; Y222S; K225T,1
E154G; E201*; G220V; K225I,1
S6T; I199N; K225I,1
E28K; P120Q; G220V; K225T; C231S,1
E154G; K225I; A340S; V345A,1
H56N; S162C; G220V; K225T; E349G,1
K225I; C231R; S292N; D312Y,1
W40C; L98P; K225I,1
T59P; K225T,1
N72S; I199S; K225I; F337L,1
G101S; K225I; A389T,1
G101S; D156N; K225I; C231R; S292N,1
S217N; G220V; K225I; I227V,1
G220V; K225T; C231S; N243S; E336K,1
A207V; K225I,1
K37N; K225I; C231R; S292N,1
N63S; E154G; K225I,1
V13I; K225I; C231R,1
G220V; K225I; I227V; D325N; N383D,1
L98P; K225I; V289A,1
G220V; K225T; C231S; T400K; K407N; I408K; R410E; F411E,1
S162C; G220V; K225T; A283S,1
K225I; C231R; I232T; N376S,1
T50I; S162I; N164S; K225I,1
S162C; G220V; K225T; I241T,1
G220V; K225I; I227V; K406R,1
Q75H; K225T; C231S; K407R; I408S; I409F; R410V,1
S6T; S162C; G220V; K225T; N238H,1
S6T; H125Y; K225T; C231S,1
K225I; C231R; F255S; A389T,1
G101S; G177S; K225I,1
K22N; K225I,1
K225I; C231S; S292N; R385K,1
Y20H; K225I; C231R,1
P12Q; G220V; K225I; I227V,1
S6T; S32A; H56L; Q75T; S76T; G101S; G220V; K225I; I227V,1
S6T; S32A; Q53R; H56L; Q75T; S76T; G220V; K225T; C231S,1
L98P; L104F; K225I,1
P57H; G220V; K225T,1
K225I; C231R; S292N; G403V,1
S191L; G220V; K225I; K381N,1
N122D; S162C; G220V; K225T; I408T,1
G220V; K225I; I227V; Q387H,1
E154G; K225I; V319I,1
M172V; K225I,1
D11N; N72D; K225T,1
I86L; G220V; K225T; C231S,1
S191W; G220V; K225T; C231S,1
L167P; G220V; K225T,1
P43S; K225I,1
E154G; F186S; K225I,1
L98P; P146T; K225T,1
L98P; K225I; I316T,1
L98P; S187F; K225I,1
P58S; K225I; C231R,1
L98P; K225I; Q236K,1
D121P; G220V; K225I; I227V,1
S6T; S32A; S162C; M172T; G220V; K225T,1
G220I; K225I; I227V; E336G,1
S6T; D81G; G220V; K225T,1
L98P; K225I; T229A; T341A,1
I41V; I199N; K225I,1
R168C; G220V; K225I; I227V; I302T,1
S66Y; G100V; G220V; K225T; C231S; N322D,1
E154G; K225I; L328M,1
I126V; S162C; G220V; K225T; N390S,1
K225I; S287I,1
H56Y; D128G; G220V; K225T,1
I143V; G220V; K225T,1
G220V; K225T; K245R,1
S162C; G220V; K225T; R244H,1
S166A; G220V; K225T; C231S,1
K225I; G308D,1
S162I; G220V; K225T; R410C,1
S32A; G49V; G220V; K225T; C231S,1
S162C; G220V; K225T; N388I,1
D81N; N97T; G177V; K225I; L253F; N293D,1
E154G; K225I; G353V,1
K225I; C231R; S292N; P393R; R394V; I395L; I396S; K397N; P398R; I399L; T400P; G401V; R402V; G403A; L404W; V405L; K407R; I408S; I409F; R410V,1
K225T; Q354*,1
N111S; G220V; K225T; C231S; Y355H,1
G220V; K225I; I227V; N293Y,1
S66P; S162C; G220V; K225T,1
G139D; S162C; G220V; K225T,1
K225I; C231R; S292N; K300R,1
F55L; K225T,1
E154G; H219Y; K225I,1
K225I; C231R; S292N; F411Y,1
E154D; K225T; C231S,1
K225I; N248S; N362D,1
E28K; I199S; K225I; F358I,1
K225Q; F252L,1
S162C; E213*; G220V; K225T,1
I215T; G220V; K225T,1
N92K; I102M; G220V; K225T; C231S,1
E154G; S162I; K225T; D301G,1
S162C; G220V; K225I; I227V; G257C,1
G220V; K225I; D259Y,1
K37R; K225T; C231S,1
Y30H; G220V; K225T; C231S,1
E28D; S174N; G220V; K225T; Q344K,1
G220V; K225I; I227V; R244C,1
G220V; K225T; C231S; I321L,1
F29L; G220V; K225T; C231S,1
A182E; G220V; K225T; K397R,1
S6T; I199S; G220V; K225I,1
P146L; K225I; C231R; S292N; K407N; I408K; R410E; F411E,1
G220V; K225I; I227V; N243S; Y355H,1
E154G; K225I; G374S,1
G220V; K225T; C231S; G256V,1
K225I; E305*,1
I86T; G220V; K225T,1
N138D; K225I; C231R; A266E; S292N,1
L98P; K225I; A389S,1
N10T; S162C; G220V; K225I; I227V,1
Q75*; G101S; G220V; K225T; R410C,1
Q141*; K225I; A283V; Q354R,1
G220V; K225T; C231S; S318N,1
S162C; S166A; G220V; K225T; E373K,1
G220V; K225T; N293K,1
K80T; G220V; K225T,1
G220V; K225I; I227V; I368T; A389T,1
L98P; K225I; D310N,1
E154G; K225I; I247V; D326N,1
S162C; G220V; K225T; R402S,1
I199S; K225I; D278N,1
S6T; S32A; E154G; K225I; T264S; N390K,1
S66T; G220V; K225T; C231S; F252Y,1
E106V; G220V; K225I; I227V,1
K22R; S162C; G220V; K225T,1
L98P; S137N; K225I,1
I18T; G220V; K225T; C231S,1
D128G; K225I; N261S,1
E154G; K225T; D366Y,1
S6T; E154G; E213G; K225I; Q235H; N379D,1
N14D; L98P; K225I,1
A153T; G220V; K225I; I227V,1
E159K; S162C; G220V; K225T,1
G101S; K225I; C231R; D325E; K356Q,1
N138D; K225I; T234P,1
R193H; G220V; K225T,1
S6T; K225I; C231R; Y268*,1
R82H; K225I,1
S66F; K225T; C231S,1
S6T; S32A; E154G; G220V; K225T; C231S,1
K225I; C231R; K407R; I408S; I409F; R410V,1
E28G; G49S; S162C; G220V; K225T,1
S6T; E106D; G220V; K225I,1
G220V; K225T; C231S; Y307C,1
K31E; G220V; K225T,1
Q75K; G220V; K225I; I227V,1
P112S; G220V; K225T; C231S; P239S,1
V47M; E154*; K225T; N365D,1
K225I; C231R; S292N; Q295H,1
N200D; K225T; C231S,1
Q75T; S76T; K225T; C231S,1
A182T; G220V; K225T,1
G220V; K225T; G257S,1
N161Y; H212Y; K225I,1
K225I; C231R; I263V; S292N,1
L98P; K225I; S314N; I316N; Q344N,1
G220V; K225I; I227V; Q267K,1
E154G; K225I; N269H,1
D54N; K225I; C231R,1
G220V; K225I; I227V; D301A,1
G220V; K225I; I408N,1
G220V; K225I; I227V; I262F; D270G,1
G64S; K225I,1
L98P; D121G; I199S; K225I,1
G220V; K225T; C231S; K245R,1
I199S; K225I; T264A,1
S32A; H56L; K225I,1
N138D; K225I; R394L,1
L103M; S162C; G220V; K225T; R244H,1
E28D; G101S; K225I,1
K225L; I262V,1
E44D; S162I; G220V; K225T,1
E154G; H212Y; K225T,1
S6T; S32A; G220V; K225T; C231S; G374V; Y375I; N376T; I377S; N378T; N379T; L380*; K381R; V382*; N383T; F384L; R385E; G386V; Q387R; N388M; A389Q; N390I; L391*; N392T; P393R; R394V; I395L; I396S; K397N; P398R; I399L; T400P; G401V; R402V; G403A; L404W; V405L; K407R; I408S; I409F; R410V,1
E154A; S162C; G220V; K225T,1
R193C; K225I,1
G220V; K225T; C231I,1
S6T; S32A; G101S; K225I; K407N,1
G220V; K225T; C231S; A266E; S372G,1
G101S; G177S; K225I; N274D,1
P57L; K225Q,1
S32A; G220V; K225I,1
D196G; G220V; K225T; C231S,1
G220V; K225T; V405I,1
S6T; S32A; K225L; R402S,1
I199N; G220V; K225T; N258S,1
N200D; H219P; G220V; K225T; N365S,1
G220V; K225I; P298S,1
H56L; Q75T; S76T; G220V; K225I; I227V,1
E154G; S217N; K225I,1
N138D; G220V; K225I; G308D,1
G220V; K225I; I227V; N378S,1
E44K; G220V; K225I; I227V; K342Q,1
G177D; G220V; K225T; C231S,1
E105K; S162C; G220V; K225T,1
D11E; H56Y; K225I; C231R; S292N,1
T17N; G220V; K225I; I227V,1
N195S; G220V; K225I,1
I199S; K225I; I368T,1
E201G; G220V; K225I; I227V,1
S162C; G220V; K225T; K329R,1
S6T; S32A; I199S; K225I; C231R,1
S162C; G220V; K225I; I227V; L404P; V405G; K406*; I408D; I409H; R410S,1
H56R; N138D; G220V; K225I,1
K22N; S162C; G220V; K225T,1
S60C; S162C; G220V; K225T,1
G220V; K225T; C231S; G353D; G403D,1
I86V; I199N; K225I,1
S162C; G220V; K225T; N258D,1
S217C; G220V; K225I; I227V,1
D11E; P52S; G220V; K225T; C231S,1
K225I; I371V,1
S166P; I199S; K225I,1
G220V; K225I; I227V; K306E,1
K225I; N248S; K311E,1
N10T; K225I,1
K225I; A266E,1
N111S; G220V; K225I,1
I41V; S162C; G220V; K225I; I227V; G403D,1
T17P; G220V; K225T; C231S,1
R16H; G220V; K225I; I227V; R244H,1
N175H; G220V; K225T; G257D,1
G220V; K225I; I227V; D338G; Y355H,1
L98P; K225I; G308S,1
E159K; G220V; K225T; C231S,1
G220V; K225I; C231R; G257S,1
I102V; G220V; K225I; I227V; V345I,1
K225I; C231R; S292N; K407E; I408V,1
N138D; K225I; F384L,1
E154G; S162I; K225T; Q354R,1
Y190*; G220V; K225T; C231S,1
G220V; K225T; N293D,1
D65N; S162C; G220V; K225T,1
S162C; G220V; K225I; I227V; V382M,1
C26R; I102F; K225T; C231S,1
N170S; G220V; K225I,1
T185I; K225I; C231R; S292N,1
S162C; G220V; K225T; T230A; D326N,1
S162C; G220V; K225T; L286F,1
G220V; K225T; C231S; Q290*,1
A131T; K225T; C231S; D325Y,1
S162C; G220V; K225T; S284G,1
N195S; K225I,1
E154G; S162I; K225T; T234M,1
P12S; E154G; K225I,1
E154G; F194L; K225I; D301V,1
N169K; G220V; K225T; C231S,1
N72D; G220V; K225T; C231S,1
G101S; K225I; N261T,1
I183T; K225I; C231R,1
V132A; K225T,1
L98P; K225I; I396V,1
E154G; K225I; G226S,1
A207E; G220V; K225T; C231S,1
S162C; G220V; K225I; I227V; A283T,1
G220V; K225I; I227V; P239Q,1
S6T; G220V; K225T; C231S; Y357C,1
G220V; K225I; I227V; N390K,1
S162C; F192S; G220V; K225T,1
H125Y; G220V; K225T; C231S; K300N,1
W40*; I199S; Y222H; K225I,1
H56L; Q75T; S76T; T88P; G220V; K225T; R410C,1
S6T; H56L; D121P; G220V; K225T; C231S,1
D81N; G101S; K225I,1
G220V; K225T; C231S; V319A,1
Q75P; E154G; K225I; S318N,1
D117Y; G220V; K225T; C231S,1
G220V; K225T; K407R; I408S; I409F; R410V,1
K225I; I232V,1
S162C; G220V; K225I; I227V; S287R,1
D70Y; A110T; E154G; K225I,1
E133K; S162C; G220V; K225T,1
P12S; K225I; C231R,1
S162I; H212Y; G220V; K225T,1
I199S; K225I; R394A; I395Y; I396Y; K397Q; P398T; I399D; T400Y; G401R; R402S; G403W; L404P; V405G; K406*; I408D; I409H; R410S,1
G101S; P155T; K225I,1
T50I; G220V; K225T,1
G25D; G220V; K225I; I227V; V345I,1
A207V; G220V; K225T; C231S,1
S162C; G220V; K225T; I399V,1
S162C; P206S; G220V; K225I; I227V,1
N5S; I199S; K225I; G226S; I327V,1
R168H; H216L; K225I,1
G220V; K225T; S361F,1
G220V; K225I; I227V; F358I,1
S6T; S162C; G220V; K225T; N269S,1
S162C; G220V; K225T; D278Y,1
G220V; K225I; I227V; S361A,1
S6T; S32A; G220V; K225T; C231S; G246D,1
E154G; S162I; D196Y; K225T,1
W40*; S162I; K225T,1
K225I; C231R; S292N; L296P,1
I149N; K225T; C231S,1
G101S; K225I; Q235*,1
S162C; S217G; G220V; K225T,1
R193H; G220V; K225T; C231S; N388D,1
S162C; G220V; K225T; V405I,1
G220V; K225T; C231S; F303Y,1
S6T; T88Q; L98P; K225I,1
E159K; K225I; C231R; S292N,1
E189K; K225I; C231R; S292N,1
G220V; K225I; I227V; T341I,1
S162I; S198T; I199D,1
G101S; H125Y; K225I; K407N,1
N46S; G220V; K225I; I227V; S372N,1
K225I; C231Y; T341I; N365D,1
G220V; K225T; C231S; Y299C,1
H142N; G220V; K225T; C231S,1
S162C; E213A; G220V; K225T,1
G220V; K225I; I227V; F303V,1
K225T; C231S; G403D,1
E159K; I199S; K225I,1
S162C; G220V; K225I; I227V; S372N,1
N122S; K225I; C231R; K407N; I408K; R410E; F411E,1
K62R; K225I; C231R,1
I199S; K225I; R410S,1
G220V; K225I; K288R,1
E154G; F194L; K225I; Q267*,1
I48V; K225L; I232F,1
E154G; K225T; D325N,1
S162I; G220V; K225I; I227V; C231R,1
I86V; G220V; K225T,1
S162C; G220V; K225I; I227V; Y272C,1
G220V; K225T; A389T,1
S162C; G220V; K225I; I227V; T273N,1
S67I; G220V; K225T,1
P173S; I199S; K225I,1
G101S; S137N; K225I,1
K225I; N248S; F252S,1
E154G; K225I; Q235H; D301V,1
N175S; G220V; K225I; I227V,1
P2L; G220V; K225I; I227V,1
G220V; K225T; D301G,1
R193L; G220V; K225T,1
R168C; K225I,1
T209I; K225T; C231S,1
R45L; G101S; K225I,1
G220V; K225T; T273P,1
W40*; G220V; K225T; P298L; K407N; I408K; R410E; F411E,1
D70E; G220V; K225T; C231S,1
G220V; K225T; I232S,1
K225Q; A389V,1
S174N; I199S; K225I,1
S6T; R45C; G220V; K225I,1
N95D; E154G; K225I,1
G220V; K225I; I227V; I409V,1
K225T; C231S; A313T,1
E154G; K225I; N274H,1
P120T; S162C; G220V; K225T,1
K225T; C231S; Q236*,1
S162C; M211I; G220V; K225T; S284N,1
E28K; E154G; N175K; K225T,1
E154G; K225I; C231Y,1
G220V; K225I; I227V; I247V; R394L,1
I199S; K225I; D338G,1
G220V; K225I; I227V; Y351S; I396T,1
S67N; K225I; C231R; S292N,1
S162C; G220V; K225T; C231R; V345A,1
G220V; K225T; C231S; P393T,1
L98P; G220V; K225I; I227V; Q354R,1
S6T; S32A; E154G; G220V; K225I,1
S6A; A110V; S162C; G220V; K225T,1
K22N; Q141K; K225I; C231R; S292N,1
I48M; E154G; K225I; E336G,1
E154G; K225I; K407E,1
I199S; K225I; P393S,1
E154G; S162I; K225T; I241T,1
E154G; G220V; K225T; T229M,1
G220V; K225T; F343S,1
S162C; G220V; K225T; I368V,1
S6T; S32A; H56L; Q75T; S76T; G220V; K225T; N248S; A389T,1
L98P; I102L; K225I,1
Y20C; I199S; K225I; I302V,1
S6T; G220V; K225I; I227V; D338Y,1
K225T; T230K; N269K,1
I199S; D205G; G220V; K225I,1
S162C; N170H; G220V; K225T,1
G179D; I199S; K225I,1
K225I; C231R; N293T,1
I199S; H219R; K225I,1
G220V; K225T; C231S; G386D,1
K225L; L364M; A389T,1
K225Q; N274H,1
N118Y; S162C; G220V; K225T; K406*,1
S6T; S32A; S67N; G220V; K225T,1
Y69C; L98P; K225I; K285N,1
G220V; K225T; C231S; N378K,1
N92K; I150N; G220V; K225T,1
G220V; K225T; C231S; N243D,1
E154G; S162I; Y222*; K225T,1
W40*; I199S; K225I,1
G220V; K225T; L286F,1
S66A; G220V; K225I; I227V,1
I39T; K225I; C231R,1
S6T; G24V; K225I; C231R; N388D,1
S66P; P71L; K225I; C231S,1
R45H; S162C; G220V; K225T,1
M1I; G220V; K225I; I227V; Y355H,1
N147T; E154G; S162I; K225T,1
S6T; H56L; G220V; K225T; C231S,1
N5D; G220V; K225T; C231S,1
G25V; N138D; M211I; K225I,1
S162C; N175S; G220V; K225T,1
S162C; G220V; K225T; D326G; N388D,1
E154G; E189D; K225I,1
K225I; C231R; S287G; S292N,1
S60R; E154G; K225T,1
S162I; G220V; K225T; T230S,1
G220V; K225T; C231S; G386R; Q387S; N388E; A389C; N390K; L391S; N392E; R394A; I395Y; I396Y; K397Q; P398T; I399D; T400Y; G401R; R402S; G403W; L404P; V405G; K406*; I408D; I409H; R410S,1
K225T; V345I,1
H212N; G220V; K225I; I227V,1
D196E; G220V; K225T; C231S,1
S6T; S32A; S60R; G220V; K225T; C231S,1
E154G; S162I; K225T; S372G,1
E154G; I215T; K225I,1
A131S; G220V; K225T,1
N8H; K225I,1
G139S; P155L; G220V; K225T; C231S,1
I199S; K225I; R280H,1
N195S; K225T; C231S; L404P,1
S6T; S32A; I35V; S162C; G220V; K225T,1
S162C; G220V; K225T; N277D,1
D81G; G220V; K225T,1
V184I; I199S; G220V; K225I,1
N122D; G220V; K225T; C231S; A313V,1
G220V; K225I; I227V; E305*; S372I,1
A153S; K225I; C231R; S292N,1
S162*; G220V; K225I; I227V,1
N96S; G220V; K225T; C231S; F337L,1
P2S; G220V; K225I,1
K225I; E251*,1
G220V; K225T; I399V,1
G220V; K225T; Y357H,1
S162C; F192L; G220V; K225I; I227V,1
E154G; K225I; I399T,1
G220V; K225I; I227V; V265A; Y357H,1
S162C; G220V; A224S; K225I; I227V,1
G220V; K225T; L253F,1
K85R; E154G; K225I,1
S162C; G220V; K225T; E349K; N383K,1
Q75*; G220V; K225I,1
G223C; K225Q; I282T,1
N72D; G220V; K225T; C231S; T254A,1
S162C; G220V; K225T; G256E,1
N161S; S174R; G220V; K225I; I227V,1
N138D; P188L; G220V; K225I,1
G220V; K225I; I227V; G401S,1
K62R; G220V; K225T,1
G220V; K225I; I227V; Q290R,1
N161D; G220V; K225T,1
S6T; S32A; R93H; G220V; K225T,1
S60I; E154G; K225I,1
I102T; G220V; K225T,1
M36V; I199S; K225I,1
S108I; G220V; K225T,1
S162C; G220V; K225I; I227V; S367Y,1
S162C; G220V; K225T; A389T,1
K225I; C231R; S292N; K300*,1
K225I; Y307N,1
G220V; K225T; C231S; K306R,1
S166P; G220V; K225T; C231S,1
G100C; G220V; K225T; C231S,1
I199N; K225I; Q354R,1
S66F; E154G; G220V; K225T; D270N,1
S162C; G220V; K225T; S292I,1
N14D; K225I; C231R,1
G101S; G139S; K225I,1
E154G; G220V; K225I; I227V; I377V,1
H125Y; N138D; K225I; R394C,1
E154G; K225I; D338N,1
V47M; L98P; K225I,1
I199S; D205G; K225I,1
E28D; W40*; G220V; K225T,1
L61P; S162C; G220V; K225T,1
G220V; K225T; C231S; Y317H,1
N72S; G220V; K225I; I227V,1
P43Q; I199S; K225I; N248K,1
Q75T; S76T; T88Q; G220V; K225T; C231S,1
S162C; G220V; K225I; I227V; D325Y,1
E154G; K225I; A313T,1
I134T; K225I; C231R; N248S; S292N,1
K62R; E154G; F194L; K225I,1
E154G; K225I; A266T,1
L98R; Q141R; K225T; D326N,1
K225T; S284I,1
G64S; I215N; G220V; K225T; C231S,1
S162C; H176Y; G220V; K225T,1
G220V; K225T; T273A; R410C,1
K225I; C231R; Q236*; S292N,1
I86T; G220V; K225I,1
S162C; G220V; K225T; Q295*; A313T,1
I48V; E154G; A224T; K225I,1
D121P; S162I; S163F; G220V; K225T,1
L98P; N195S; K225I,1
M1I; A110T; I199S; K225I,1
I199S; K225I; I316F,1
S6T; G220V; K225T; C231S; Q387R,1
R93H; S162C; G220V; K225I; I227V; S292I,1
S6A; Y113H; G220V; K225I; C231R; S292N,1
G64D; S140G; K225I; C231R; S292N,1
S162N; K225I; C231R; S292N,1
E44D; F83L; K225I; C231R; S292N,1
G101S; K225I; D366E,1
S162C; G220V; K225I; I227V; Q344N,1
S130A; M151I; S162C; G220V; K225T,1
N92S; S162C; G220V; K225T,1
S162I; K225L,1
K225I; C231R; S292N; N379S,1
K225I; C231R; N277K; S292N,1
S6T; S32A; G220V; K225T; C231S; Q290H; N370S,1
G220V; K225T; G226D,1
K225I; C231R; S292N; T400I,1
D121E; E154G; G220V; K225T,1
K225Q; R394H,1
S162I; K225T; K356E; N365D,1
T88I; S162C; G220V; K225T,1
S6T; K225M; D325N,1
G220V; K225T; C231S; I232V,1
S60N; G220V; K225I; I227V,1
S162C; G220V; K225T; Q237*,1
E154G; N195S; K225T,1
L98P; M211L; K225I,1
G115C; E154G; K225I,1
P57L; G220V; K225I; I227V,1
I149V; N161S; G220V; K225I; I227V,1
S6T; S32A; H56L; K225T,1
E106K; K225I; C231R; V291M; S292N,1
S162C; G220V; K225I; I227V; I321V,1
I39T; K225I,1
K225I; C231R; S292N; G403S,1
I199S; K225I; I302T,1
N118K; K225I,1
G220V; K225I; I227V; I377L; N390S,1
Y69H; G220V; K225T; C231S; V405I,1
V13I; P146S; G220V; K225T; C231S,1
S6T; E154G; G220V; K225T; C231S,1
N138S; G220V; K225T; C231S; E349G,1
S99L; S162C; G220V; K225T,1
Y171H; G220V; K225T,1
K225I; I227V; C231S,1
S6T; E154G; K225I; V405F,1
S162C; G220V; K225I; I227V; F343L,1
K225T; C231I,1
T59I; T185N; G220V; K225T; C231S,1
G220V; K225T; C231S; Y268C; D366N,1
G220V; K225T; Y375H; G401S,1
G220V; K225I; I227V; N379D,1
G220V; K225I; I227V; S361F,1
R45H; S162C; G220V; K225I; I227V,1
N96H; G220V; K225T; C231S,1
S66T; K225I; C231R; S292N,1
K225I; C231R; T335I,1
I126V; G220V; K225I; I227V,1
K31N; G220V; K225T; C231S,1
G220V; K225I; S284R,1
N147K; G152D; E154G; S162I; I215T; K225E,1
N72T; G220V; K225T,1
W40*; G220V; K225I; I227V,1
D205V; G220V; K225I; I227V,1
Q27*; S162C; G220V; K225T,1
G220V; K225T; F303L,1
G220V; G223V; K225T; C231S,1
Q53K; E154G; K225I,1
D117Y; K225I; N248S,1
G220V; K225I; C347Y; K407E,1
I199S; K225I; I271V; K407*,1
E154G; K225I; A389T,1
I199S; K225I; E373D,1
G220V; K225T; C231S; N320D,1
G220V; K225T; C231S; Q387K,1
M211I; K225T; C231S,1
Q27K; K225I,1
E28*; G220V; K225I; I227V,1
P2S; S6T; G220V; K225T; C231S,1
E154G; M172I; F194V; K225T,1
S6T; S32A; N96D; G220V; K225T; S372R,1
E154G; P206S; K225I; Y355H,1
N118H; G220V; K225T; C231S,1
S6T; I102M; G220V; K225T; C231S,1
S6T; S162C; G220V; K225I; I227V; D278N,1
S163F; G220V; K225T; C231S,1
S162I; G220V; K225T; G374S,1
F83S; E154G; K225I; R244H; I396V,1
K85N; E154G; K225I,1
G115S; E154G; V184I; K225I,1
I199S; K225I; A313T,1
S6T; S32A; I35V; G220V; K225T; C231S,1
N96T; Q141R; K225T; D326N,1
E154G; K225I; K323E; A389V,1
E159*; G220V; K225T; C231S; G257D,1
S6T; S32A; S162C; G220V; K225T; R244S,1
S162C; G220V; K225T; T350I,1
S162C; G220V; K225I; I227V; N383K,1
N175H; N197D; G220V; K225T; I316F,1
G220V; K225T; C231S; K300M,1
H56L; G101S; K225I,1
L98P; K225I; N261I,1
K225T; C231S; A283V,1
G220V; K225T; C231S; A389E; R410H,1
I126V; S162C; G220V; K225T; S314N; I316N; N365D,1
S66P; E154G; K225I,1
G220V; K225T; C231S; R348H,1
G220V; K225I; I227V; T242P,1
Q123*; K225I; C231R; S292N,1
K225I; F337S,1
E189K; K225I; C231R; S292N; T400I,1
G220V; K225T; I232V; R348H,1
Q53K; S162C; G220V; K225I; I227V,1
G127C; K225I; C231R; S292N,1
Y69H; L98P; K225I,1
S162C; A182S; G220V; K225T,1
I102F; G177S; K225T; C231S; N269K,1
G220V; K225T; Q236K,1
L107P; G220V; K225T; C231S,1
H142R; K225T; C231S,1
N197D; K225I; C231R; S284R; S292N,1
Q27K; G220V; K225T,1
V132I; I199S; K225I,1
S162C; G220V; K225T; T273P,1
G220V; K225I; I227V; F337V,1
N8I; K225I; C231R; S292N,1
R45C; G220V; K225T; C231S; N293D,1
N96D; I199S; K225I,1
L61P; G220V; K225T,1
F194L; G220V; K225I; I227V; K381R,1
D121P; E133*; K225I,1
S6T; S32A; S162C; G220V; K225T; K397R,1
E189K; G220V; K225T; C231S; N277H,1
G220V; K225T; D366G,1
E154G; A182V; K225I; K407N; I408K; R410E; F411E,1
S162C; G220I; K225I; I227V,1
K85R; I199S; K225I,1
G220V; K225T; E336K,1
K225T; C231S; I371V,1
G220V; K225T; C231S; S287I,1
A129T; G220V; K225I; I227V,1
P173T; G220V; K225I; I227V,1
Q141P; G220V; K225I,1
N92K; K225I; C231R; S292N,1
E105G; G220V; K225I; I227V,1
T51A; S162C; G220V; K225T; N388D,1
N175K; G220V; K225I; I227V,1
S162C; P188T; G220V; K225T,1
S162C; G220V; K225T; Q304R,1
G101D; I199S; K225I; C231R,1
S6T; S32A; H56L; D77N; S162C; R193C; G220V; K225T; R385G,1
G220V; K225I; I227V; V265I,1
L98P; E106D; K225I,1
G220V; K225T; C231S; C347Y,1
N63H; Y69H; G220V; K225T; C231S,1
G220V; K225T; S284N,1
S162C; G220V; K225T; G246C,1
K225I; P398L,1
G220V; K225I; I227V; F337L,1
P23L; N72S; G101S; K225I,1
N200S; G220V; K225T; C231S,1
E106K; M211I; G220V; K225T; C231S,1
T185I; I199S; A224T; K225I,1
L104F; G220V; K225T; C231S,1
P58S; S162I; G220V; K225T; I227V,1
S162C; G220V; K225I; I227V; D301Y,1
E154G; K225I; V345I,1
E154G; K225I; G386D,1
A182S; K225I; T230A; N248S,1
S6T; G25D; G220V; K225I; I227V,1
E28K; N169D; K225I,1
H142R; G220V; K225T,1
G101R; I199S; K225I; A266E,1
S162C; R168S; G220V; K225I; I227V,1
E28D; N92K; K225I,1
P173S; K225I; C231R; S292N,1
K225I; C231R; S292N; I408D; I409H; R410S,1
K225T; F252L,1
G220I; K225I; I227V; N383K,1
N138D; K225I; I227T,1
S76G; S162C; G220V; K225I; I227V,1
S162C; G220V; K225T; G386S,1
E154G; K225I; K306R,1
M151T; K225L,1
I199S; G220V; K225I; Q354*,1
Y190H; G220V; K225T; C231S,1
G220V; K225T; R402C,1
E154G; K225I; V405A,1
G220V; K225T; C231S; G315S,1
E154G; G220V; K225I; G257D,1
N161Y; K225I; G386R; Q387S; N388E; A389C; N390K; L391S; N392E; R394A; I395Y; I396Y; K397Q; P398T; I399D; T400Y; G401R; R402S; G403W; L404P; V405G; K406*; I408D; I409H; R410S,1
E154G; F158I; K225I,1
G220V; K225T; C231S; T273I,1
V13I; G220V; K225I,1
S6T; S32A; S140N; I199S; K225I,1
S6T; S32A; S67N; K225I; I227V; C231R; S292N,1
L98P; Q141R; G220V; K225I; I227V,1
E28K; I199S; K225I; N261T,1
P57H; G220V; K225T; C231S,1
I199S; S217I; K225I,1
D15N; E154G; K225I,1
S6T; S32A; S162C; G220V; K225T; K245E,1
K225L; D270Y,1
K225I; I232T; R402C,1
S6T; S32A; E154G; K225I; G353S; N365S,1
S6T; T160A; G220V; K225I; I227V,1
S6T; S32A; H56L; S162C; G220V; K225I; I227V,1
S187F; F202S; G220V; K225T; C231S,1
S137R; G220V; K225I; I227V,1
L98P; N118D; K225I,1
S162C; M211T; G220V; K225T,1
E154G; K225I; V345A,1
K225T; C231S; I408S,1
F124L; K225I; N258D; G315D,1
V13F; Y113C; S162C; G220V; K225T,1
G152D; S162C; K225I; C231R,1
D11G; E154G; K225I,1
N122D; S162C; G220V; K225T; T273I,1
E105K; K225T; C231S,1
S162C; G220V; K225I; I227V; Y375*,1
G101D; G220V; K225I; A266E,1
K225T; C231S; I232V,1
G220V; K225I; I227V; K356E,1
I94V; K225I; C231R,1
K225I; C231R; P239L; S292N,1
S162C; G220V; K225T; I316L,1
L98P; N122S; E154G; K225T,1
E154G; K225I; D326N,1
D77E; S162I; G220V; K225T,1
E154G; F194I; K225I,1
Q53*; G220V; K225T,1
T88Q; D121P; S162I; S163F; K225I,1
E154G; K225I; A340S,1
K225T; C231S; S284N,1
S6T; L98P; K225T,1
S66F; L98P; E154G; Y171C; K225I,1
P206S; G220V; K225T; C231S,1
D77G; K225T; C231S,1
Q75H; G220V; K225T; C231S,1
P12S; Q141K; K225I; C231R; S292N,1
K225Q; A313S,1
E213G; G220V; K225I,1
N175H; G220V; K225T; Q290*,1
I199S; K225I; F411L,1
T185S; G220V; K225T; C231S,1
A153V; G220V; K225I; I227V,1
I199S; K225I; A283V,1
G101S; K225I; G246S,1
G220V; K225I; I227V; I263L,1
G220V; K225T; Y355H; R410L,1
G220V; K225I; I227V; I232N,1
S60G; E79*; K225I,1
L98P; K225I; S314F,1
S6T; N10S; K225I; C231R; S292N,1
I199S; K225I; Q344N,1
R93H; N161Y; K225I,1
K225T; C231S; L296M,1
A207S; G220V; K225T; C231S,1
E154G; R193C; K225I; N383S,1
D117Y; G220I; K225I; I227V,1
N138D; I150V; K225I,1
Y30H; K225I; I227V,1
K225I; C231R; N277S; S292N,1
L98P; D121P; G220V; K225I,1
L98I; N197D; G220V; K225T; C231S,1
S162C; G220V; K225T; N274S,1
G220V; K225I; P239S,1
E201*; K225T; C231S,1
K22R; I199S; G220V; K225I,1
K225I; F411Y,1
G220V; K225I; I227V; Y375C,1
K225L; Q236*,1
S166F; G220V; K225I; I227V; R394L,1
E154G; K225T; N238K,1
S163F; G220V; K225T; C231S; T400A,1
G220V; K225T; C231S; S314N; I316N; Q344N; N365D,1
H56Y; P155S; K225I; C231R; I352V,1
K62N; K225I,1
R193H; G220V; K225I; I227V,1
A182V; K225T,1
L107P; E154G; K225I; Q354R,1
G220V; K225T; R244C,1
G139S; K225L,1
P12Q; G220V; K225T; C231S,1
G220V; K225T; C231S; I409S,1
Q27H; L98P; N138D; G220V; K225I,1
S6T; V13I; S32A; G101S; K225I; Y355H,1
G220V; K225I; Y299D,1
N10D; K225T; C231S; Y351C,1
L98P; A129V; N138D; K225I,1
E154G; P188T; G220V; K225T,1
I199S; K225I; N383S,1
K22R; Q204R; K225I; N365D,1
I39V; K225I; C231R; S292N; K407E,1
I199S; G220V; K225I; S292N,1
N38S; H125L; E154G; K225I,1
S6T; K225I; C231R; S292N; F337L,1
S180F; K225I; C231S,1
E154G; K225I; N261S,1
G177V; K225T; C231S,1
S162I; G220V; K225T; G403V,1
F55S; D205E; K225I,1
K3N; N10K; S32A; H56L; I199S; K225I,1
K225I; C231R; N379S,1
S6T; L98P; N161Y; K225I,1
K225I; C231R; I371V,1
S162I; Y190H; G220V; K225T,1
S162C; G220V; K225T; S367F,1
S162C; Y190N; G220V; K225T; C231S,1
S162C; G220V; K225T; R410L,1
K225T; T230A; C231S; G257C; L360S,1
T51S; S162C; G220V; K225T,1
K225I; K330R,1
G220V; K225I; I227V; N269S,1
K225I; C231R; Q237K; S292N,1
N195S; K225I; C231R; S292N,1
I41V; K225T,1
P57H; G220V; K225I; I227V,1
S162C; G220V; K225T; D312N,1
G220V; K225T; C231S; T234P; N274S,1
R168L; G220V; K225T; C231S,1
G220V; K225T; C231S; N362S,1
R45H; N138D; K225I,1
G220V; K225T; F324L,1
S162I; G220V; K225T; K285R; N388S,1
G220V; K225T; K285R; D301Y,1
K225I; C231R; S292N; G315C,1
Y69H; N175D; G220V; K225T; C231S,1
G220V; K225I; I227V; K288T,1
E154G; K225I; F411Y,1
G220V; K225T; C231S; A283T; I327T,1
K225I; G374V; Y375I; N376T; I377S; N378T; N379T; L380*; K381R; V382*; N383T; F384L; R385E; G386V; Q387R; N388M; A389Q; N390I; L391*; N392T; P393R; R394V; I395L; I396S; K397N; P398R; I399L; T400P; G401V; R402V; G403A; L404W; V405L; K407R; I408S; I409F; R410V,1
S162C; G220V; K225T; T229M,1
N161Y; E201G; K225I,1
K225I; L404M,1
V184I; G220V; K225T; C231S; D270G,1
N122K; I199S; K225I,1
S6T; S32A; G220V; K225T; C231S; N297S,1
I143V; K225I; C231R; S292N,1
N118S; G220V; K225T; C231S,1
E159D; S162C; G220V; K225T,1
K225I; N390S,1
G220V; K225T; Q354*,1
K225I; C231R; Q290H; S292N,1
S6T; N72S; I199S; K225I,1
E154G; K225I; N320D,1
N10S; E154G; K225I; S333L,1
N161Y; K225I; G315D,1
K85R; S162C; G220V; K225I; I227V,1
E154G; K225I; E373*,1
Y113C; G220V; K225T,1
S162C; P173Q; A207V; G220V; K225T; K311N,1
P112T; G220V; K225T; C231S,1
G220V; K225T; C231S; T254S,1
G220V; K225T; C347F,1
N63I; G101S; K225I,1
I199S; K225I; E336K,1
K225I; C231R; T400I,1
S60N; E154G; K225I; T229M,1
N92T; G220V; K225T; C231S,1
I143S; S162C; G220V; K225T,1
S6T; K225T; C231R; S292N,1
G64S; S162C; G220V; K225T; I227V,1
I199S; K225I; I368V,1
S162C; G220V; K225T; I352T; K407N; I408K; R410E; F411E,1
K225T; C231S; D325N,1
L98P; K225I; I249V,1
N138D; E154G; K225I,1
I199S; K225I; L253F,1
G220V; K225T; C231S; F358Y,1
K31R; E154G; F194L; K225I,1
G220V; K225T; C231S; K346R,1
L98P; G220V; K225I; C231R,1
Q27R; K225I; C231R; S292N; K381R,1
K225I; C231R; S292N; K406*,1
K225I; C231R; D278A; S292N,1
G177D; K225I,1
G220V; K225T; D310N; E336*,1
G101V; K225I,1
N161H; G220V; K225T,1
F192S; G220V; K225T; C231S; K342R,1
N38T; T88Q; G220V; K225T; C231S; I263V,1
G220V; K225I; I227V; G374C,1
S162C; G220V; K225T; T234P,1
H56Y; K225I; C231R; S292N; E349K,1
S66P; I199S; K225I,1
E133*; K225I; C231R,1
G220V; K225T; C231S; C347R,1
M1V; K225I; C231R; S292N,1
E154G; K225I; S318N,1
F83L; K225I; C231R; S292N,1
P52Q; G220V; K225T; C231S,1
N138D; K225I; D326N,1
F33L; S162C; G220V; K225I; I227V,1
S162C; S191L; G220V; K225T,1
K225I; C231R; N248S,1
L74P; E213G; G220V; K225I; I227V,1
S162C; G220V; K225I; I227V; I233V,1
K225T; T230K; F303C,1
I39S; K225I,1
E154G; K225I; V319L,1
G220V; K225T; C231S; E250K,1
M172I; K225I; N248S,1
S6T; S32A; G220V; K225I; I227V; V345I,1
S162I; G220V; K225T; I233V,1
S162C; Y190C; G220V; K225T,1
I199S; K225I; Y351C; I399N,1
S162C; G220V; K225I; I227V; E305*,1
S162C; G220V; K225T; K329R; T341A,1
H125N; S162C; G220V; K225T; A313S,1
V184F; K225I; C231R; S292N,1
K225I; C231R; P298S,1
E154G; K225I; D338G,1
S66F; S162C; T185I; G220V; K225T,1
S6T; S32A; N92K; I199S; K225I,1
P112S; I199S; K225I,1
I215F; G220V; K225I; I227V,1
P173T; I199S; K225I,1
T17N; E154G; K225I,1
E154G; K225I; N261H,1
S162C; G220V; K225T; F343S,1
I199S; K225I; G257V,1
G220V; K225T; C231S; S284N; I316V,1
S162C; S166P; G220V; K225T,1
I199S; K225I; I227T,1
S6T; S32A; S162C; G177C; G220V; K225I; I227V,1
D121P; K225I; C231R,1
M211I; G220V; K225I; I227V; Y355H,1
E201D; K225I,1
K225L; Y355H,1
K225T; C231S; N277Y; V291A,1
N138D; P173T; K225I,1
Q53*; N138D; G220V; K225T,1
T59A; E154G; K225I,1
D11N; E28K; L98P; K225I,1
S162C; G220V; K225I; I227V; R394C,1
T160M; G220V; K225T; C231S,1
E106D; G220V; K225T; C231S; S284N,1
S6T; S32A; R45L; K225I,1
L98P; K225I; F334V,1
G220V; K225T; C231S; D326N; Y355H,1
S6T; K225T; C231S; V405I,1
G220V; K225I; A266E,1
R82H; G220V; K225I,1
K225I; C231R; R402H,1
A110V; K225Q,1
S162C; G220V; K225T; K397N,1
K62N; D77Y; G220V; K225I; I227V,1
E154G; K225I; L240P,1
E106K; K225I; C231S; A340V,1
N10S; S162C; G220V; K225I; I227V,1
C26Y; L98P; K225I,1
G220V; K225I; N243S,1
G220V; K225I; I227V; P239L,1
L98P; K225I; T230M,1
S6T; S32A; G220V; K225T; C231S; Q295H,1
R168H; G220V; K225I; I227V,1
E133G; S166P; I199S; K225I; Y355H,1
G220V; K225T; C231S; V382A,1
L98P; K225T; A340V,1
I215N; K225T; T230K,1
S162I; N195S; G220V; K225T,1
N161Y; G177D; G220V; K225T,1
G101S; K225I; T254P,1
F33I; G220V; K225I; I227V,1
S6T; K225I; T350I,1
G220V; K225T; L240M; T264S,1
N10D; N164S; G220V; K225T; Q344E,1
G220V; K225T; C231S; V265I; N274S,1
G220V; K225T; I233V; G315D; V345F,1
E154G; K225I; I377L,1
A182V; D196N; G220V; K225I; S314F,1
S162C; H216N; G220V; K225T,1
S6T; P58S; K225I; C231R; S292N,1
I199S; G220V; K225I; R410C,1
F83S; G101S; N138D; E154A; G220V; K225I; G353S,1
G220V; K225T; C231S; S367P,1
N38T; G220V; K225T; C231S,1
L98F; I199S; K225I,1
K225T; I227V,1
Q27R; G220V; K225T; A266E,1
G220V; K225T; C231R; I232V,1
I199S; K225I; N383D,1
K225I; C231R; Y268H; S292N,1
K225I; I262V,1
K225L; S318I,1
A182S; I199S; G220V; K225I; R385G,1
S76N; A110T; I199S; K225I,1
L98P; S140N; K225T,1
G220V; K225T; C231S; N376S,1
L98P; K225T; C231S; D366G,1
E28K; K225I; C231R; S292N; N362S,1
T119I; K225I; C231R,1
I134T; N161Y; K225I,1
S162C; K225I; C231R; S292N,1
G220V; K225T; C231S; K300N,1
N161Y; G220V; K225I,1
N161Y; K225I; D270A,1
G220V; K225T; C231S; G353S,1
K225Q; N297S,1
G220V; K225T; C231S; N376Y,1
E213K; G220V; K225T; C231S,1
D11N; E154G; K225I,1
S6T; E154G; K225I; Q267K,1
F124S; G220V; K225I,1
N34D; S162C; G220V; K225T; K397R,1
G220V; K225I; I227V; A340S,1
L98P; L107P; K225I; K407E,1
K62N; K225I; C231F,1
T185A; K225I; C231R; S292N; S318N,1
S162C; G220V; K225T; L309P,1
D65N; K225T,1
S6T; K62R; S162C; G220V; K225T,1
N72D; G220V; K225I; I227V,1
E154G; M211I; K225T; D278Y,1
T59N; G101S; K225I; Q237*,1
Q27K; P57T; K225I; C231R; S284N; S292N,1
P146S; G220V; K225I; I227V,1
R82S; G220V; K225T; C231S,1
N63I; S162C; G220V; K225T,1
I203V; G220V; K225P; C231S,1
G101S; K225I; L253S,1
V148F; G220V; K225T; V405F,1
G179C; G220V; K225T; C231S,1
K225T; N370S,1
G220V; K225T; C231S; N392T,1
S162C; N197D; G220V; K225T,1
S162C; G220V; K225T; S292R,1
S162C; G220V; K225T; R348H,1
K225T; C231S; I316T,1
L103P; K225I; C231R; S292N,1
G127S; S162C; G220V; K225T,1
K225T; C231S; E349K; V405A,1
N138D; I203V; G220V; K225I,1
S162C; K225I; C231R,1
H56Y; S162C; G220V; K225I; I227V,1
E154G; K225I; A266E; K381E,1
N161Y; Y190S; K225I,1
K225I; I316S,1
G220V; K225T; C231S; R244H; I271T; D278Y,1
E154G; K225I; N293H,1
L98P; K225I; K381M,1
K225T; T230K; P393S,1
F33S; G220V; K225I; I227V,1
G179S; G220V; K225T; C231S,1
K80E; E106G; N161Y; K225I,1
E154G; F202L; K225I; G353S,1
G220V; K225I; I227V; K330E,1
I199S; K225I; N274H,1
A110D; G220V; K225T,1
G152D; G220V; K225I; I227V; N362D,1
K225I; N261S,1
G220V; K225I; I227V; N293H,1
V184I; I199S; K225I,1
S6T; S32A; H56L; N138D; K225I,1
S108I; S162C; G220V; K225T,1
K225I; C231R; I232L; S292N,1
K225I; N365S,1
N14D; K225I; C231R; S292N,1
S6T; E154G; K225I; S284N,1
I215F; K225I; K329N,1
S162C; G220V; K225I; I227V; N365D,1
T50P; K225I; C231R; S292N,1
S162C; I215T; G220V; K225T,1
E154G; K225I; C231G,1
K62N; G220V; K225I,1
L98P; K225I; D325G,1
F83C; G220V; K225T,1
M1I; S6*; L98P; K225I,1
I203V; G220V; K225T,1
F194L; K225I; C231R; S292N,1
A182S; K225T,1
S6T; S32A; H56L; K225I; C231R; N261S,1
G220V; K225T; C231S; N370S,1
G220V; K225I; I227V; D326E,1
G220V; K225T; T228A,1
R16H; I199S; K225I,1
K62R; S162C; G220V; K225T,1
R93L; G220V; K225T; R410C,1
P206S; G220V; K225I; I227V,1
G220V; K225T; C231S; K359R,1
E79D; S162C; G220V; K225I; I227V,1
W40L; K225I,1
S60N; G220V; K225I; G403S; I408N,1
S6T; A129V; I143F; K225T; Y317S,1
S6T; G220V; K225I; I227V; D270A; V345I,1
S162I; G220V; K225T; F252L,1
G101S; K225I; Y369H,1
E154V; F194L; K225I,1
G220F; K225T; C231S,1
E154G; K225I; I408D; I409H; R410S,1
D121N; S162C; G220V; K225I; I227V,1
P58L; G220V; K225I; I227V,1
L98P; K225I; C231R; D278N,1
G220V; K225T; L404P,1
E79D; E154G; K225I,1
N122H; S162C; G220V; K225T,1
G220V; K225T; C231S; K281E,1
K62R; G220I; K225I; I227V,1
S198T; I199D; M211I; K225I; C231R,1
L84V; G220V; K225I; I227V; E349K,1
E154G; K225I; N392D,1
K135R; K225I; C231S,1
N197I; G220V; K225T; C231S,1
P12T; G220V; K225T; C231S,1
S6T; S32A; S162C; G220V; K225T; G246C,1
D54Y; G220V; K225T,1
E28*; K225T; C231S; D301G,1
G220V; A224V; K225T; C231S; I396V,1
K225I; A389T,1
S162I; G220V; A224S; K225T,1
K225I; C231R; S292N; S372R,1
S162C; G220V; K225T; F358S,1
S6T; S32A; G49C; H56L; Q75T; S76T; S162C; G220V; K225I; I227V,1
I183V; K225I; A266E,1
S162C; G220V; K225T; G315D,1
G220V; K225T; T254P,1
S162C; G220V; K225T; K381E,1
N111D; G220V; K225I; I227V,1
G220V; K225I; I227V; R402C,1
K225T; G226D; C231S,1
G220V; K225T; T234S,1
E105D; S162C; G220V; K225T,1
I199S; A207V; K225I,1
S6T; S32A; G101S; G220V; K225T; N248S,1
E154G; K225I; N274S,1
S60G; S162C; G220V; K225I; I227V,1
S162C; M172I; G220V; K225T; G308V,1
G220V; L221S; K225I; I227V,1
Y30F; N138D; K225I,1
P12L; K225I; C231R; D278N; S292N,1
S6T; S60G; G220V; K225T,1
S76N; K225I; C231R; S292N,1
P12S; S162C; G220V; K225T; N322S,1
G220V; K225T; C231S; K406E,1
S162C; G220V; K225T; G374D,1
S76G; N138D; N170D; G220V; K225I,1
N111S; M151I; E154G; K225I; C231F,1
N175H; I199S; K225I; R410H,1
N161Y; K225I; F337L,1
S162C; G220V; K225I; I227V; P298T,1
P12Q; I102L; G220V; K225T; G246D,1
Q141*; K225I; C231R; S292N,1
L98P; K225T; C231S,1
Q141P; G220V; K225T; C231S,1
D70Y; E154G; K225I,1
G220V; K225I; K306R; R402S,1
G177V; K225I; G226D; Q354R,1
E154G; K225I; G308S,1
G220V; K225T; L240R,1
K225I; D312G,1
E154G; K225I; T400I,1
Y171H; G220V; K225I; I227V,1
G220V; K225I; I227V; S284G,1
S162C; G220V; K225T; A313E,1
F202L; G220V; K225T,1
G220V; K225T; C231S; Y307H; S372N,1
L167Q; G220V; K225I,1
H125Y; I199S; G220V; K225I; N274H,1
G220V; K225T; C231S; N378K; N379Q; K381E; V382G; N383E; F384L; R385*; G386R; Q387S; N388E; A389C; N390K; L391S; N392E; R394A; I395Y; I396Y; K397Q; P398T; I399D; T400Y; G401R; R402S; G403W; L404P; V405G; K406*; I408D; I409H; R410S,1
M1I; S6T; S32A; G220V; K225T; C231S,1
E154G; K225I; I232L,1
T88A; S162C; G220V; K225I; I227V,1
K225I; C231R; N258S; S292N,1
G101S; S187F; K225I; C231R; S292N,1
I42T; I199S; G220V; K225I,1
N164Y; G220V; K225T; C231S,1
F29S; I90M; G220V; K225T; C231S,1
K225I; I247T; Q354R,1
G220V; K225I; I227V; V405A,1
S6T; V13F; S32A; K225I; C231S,1
H176R; G220V; K225T; C231S,1
L98P; K225I; R385K,1
G24D; E154G; K225I,1
N138D; I203T; K225I; E251K,1
N63S; K225I; C231R; S292N,1
S6T; K225I; C231R; Q235H,1
R16L; K225L,1
F33L; S162C; G220V; K225T,1
A182S; K225I; T400A,1
K225I; C231R; T234M; S292N; K407E,1
V13I; I181T; G220V; K225T,1
Q141K; K225I; C231R; T341A,1
S6T; K225I; C231R; S292N; K407E,1
G25V; S162C; G220V; K225T; G257C,1
S162C; G220V; K225T; K407R,1
N92K; G220V; K225T; C231S; P393L,1
K225T; C231S; K311R,1
E154G; K225I; G386V,1
N10D; K62N; K225T; C231S,1
G220V; K225T; C231S; N390T,1
G220V; K225T; C231S; G386C,1
E106D; G220V; K225T,1
I42F; S162C; G220V; K225I; I227V,1
S162C; Y171H; G220V; K225T,1
N175H; G220V; K225T; K288N,1
N122D; H125Y; E154G; K225I,1
K225I; I232L,1
G49D; L98P; K225I,1
L98P; K225I; D270G,1
G220V; K225I; I227V; R410C,1
E154G; K225I; S292N; Y355H,1
I199S; K225I; F334S,1
P173S; G220V; K225T; C231S,1
D65G; G220V; K225T; Q295*,1
G220V; K225T; C231S; S284R,1
E154G; K225I; F343I,1
E154G; I183L; K225I,1
P43Q; S162C; G220V; K225T,1
S6T; S32A; H56L; G220V; K225T; R244C,1
S187F; I199S; K225I; Q295K,1
S137N; S162C; G220V; K225T,1
E154G; K225I; N243S,1
H125Y; K225T; G403D,1
K225I; G353S,1
S130F; E154G; K225T,1
D54V; K62N; G220V; K225I; I227V,1
G220V; K225T; C231S; L360F,1
E154G; P155L; K225I,1
K31Q; G220V; K225I; I227V,1
S162C; L208R; G220V; K225I; I227V; L286F,1
S162C; G177C; G220V; K225T,1
G220V; K225I; I227V; V405I,1
S6T; I199S; K225I; I241L,1
S162C; G220V; K225T; P298S,1
L98P; E154*; K225T; A340V,1
S162I; G220V; K225T; N261D,1
S162C; G220V; K225T; I316V,1
S6T; S32A; H56L; S162C; G220V; K225T; I377V,1
G220V; K225T; N390Y,1
K225I; T230S; C231R; N293D,1
G220V; K225I; K245R; Y355H,1
N197K; I199S; K225I,1
S162I; G220V; K225T; V405A,1
K225I; C231R; S292N; T341A; I352V,1
D81Y; G220V; K225I; I227V,1
S6T; S32A; F194L; K225I; C231R; S292N,1
S162C; L214P; G220V; K225T,1
R93H; G220V; K225I; I227V,1
Y171S; I199S; K225I,1
I4T; S162C; G220V; K225T,1
G49V; S162C; G220V; K225T,1
L98P; I203T; K225I; E305G,1
F158L; S162C; G220V; K225I; I227V,1
G220V; K225I; I227V; T273A,1
Y113S; E154G; K225I,1
G220V; K225T; C231S; A266E,1
F91S; S162C; G220V; K225T,1
A153D; G220V; K225I; I227V,1
E28D; K225Q,1
Y68D; N161K; I199S; K225I,1
Q27*; I199S; K225I,1
K225I; C231R; K281E; S292N,1
G220V; K225T; N238S,1
G115S; Q141R; K225T; D326N,1
I165S; K225T; A389T,1
S32N; P57L; I199S; K225I; S372N,1
S162C; G220V; K225T; L275F,1
S6T; Q53*; D117N; K225T; C231S; N379S; R394H,1
G220V; K225T; C231S; L240M,1
K225Q; I302T; G386D,1
S99L; G220V; K225T; C231S,1
G220V; K225I; S314T; Q344N; N365D,1
S162C; G220V; K225T; C231*,1
S162I; G220V; K225I; K330Q,1
I199S; K225I; K306N,1
M151I; G220V; K225I,1
K225I; C231R; D278E,1
T119I; E154G; K225T; T234S,1
S6T; S187F; F202S; G220V; K225T; C231S,1
N197S; G220V; K225T; C231S; S314N; I316N; Q344N,1
Q27R; G101S; K225I,1
N122S; N138D; K225I,1
F7S; G220V; K225I; I227V; T229M,1
N161Y; K225I; K329E,1
D65A; E154G; K225I,1
E28K; E154G; G220V; K225I; I227V,1
K225M; C231R,1
G220V; K225T; C231S; K342N,1
Q27L; G220V; K225I; I227V,1
Q75*; I199S; K225I,1
I102S; G220V; K225I; I227V,1
P188S; G220V; K225T,1
E28K; S60N; E201V; G220V; K225T; Q354R,1
G101S; K225I; L391P,1
S6T; I199S; K225I; Q236R,1
L214P; G220V; K225T,1
E133K; G220V; K225T,1
G101S; P173T; K225I,1
N92D; G220V; K225T; C231S,1
R168C; G220V; K225T; C231S; Q236*,1
F136S; G220V; K225T,1
I215F; G220V; K225T,1
S162I; G220V; K225T; I262N,1
G101S; S162C; G220V; K225T; N376S,1
P52T; T59P; G220V; K225T; C231S,1
E154G; K225I; K285N,1
S108R; G220V; K225T; C231S,1
I126T; N138D; G220V; K225T,1
Q27*; T59N; S162I; S163F; I165V; K225E,1
K37R; E154G; S162I; K225T,1
E44G; K225T,1
S6T; Q75T; S76T; S162C; G220V; K225T; D312N,1
G220V; K225I; Y351H,1
S6T; G220V; K225T; C231S; V345I,1
G101S; K225I; F255L,1
N175H; G220V; K225T; C231G,1
G220V; K225T; K323N; R394H,1
K225I; C231R; S292N; K407R; I408S; I409F; R410V,1
Q53K; K225I; C231R; S292N; K407E,1
G220V; K225T; T273I,1
G49S; K225I; C231R,1
I18V; G220V; K225T,1
G220V; K225T; C231S; P393L,1
G115S; G220V; K225T; C231S,1
S6T; S32A; D54E; G220V; K225T,1
I199S; K225I; E305D; K407N; I408K; R410E; F411E,1
Q27R; K225Q,1
K225I; C231R; I408T,1
N161S; G220V; K225T; C231S,1
K225T; C231S; G257D; S292I,1
F83L; K225T; K342N,1
H56Y; G220V; K225T,1
L19M; K225T; C231S,1
E154G; M172T; K225T; D325N,1
Y30H; E154G; K225T,1
V87L; S162C; G220V; K225T,1
N122D; S162C; G220V; K225I; I227V,1
K225T; C231S; G401C,1
N122D; G220V; K225I; I227V; N293D,1
L98P; I150V; K225I,1
D54N; G101S; K225I,1
C26F; G220V; K225T; C231S,1
S162C; G220V; K225T; G257S; Y355H,1
G220V; K225T; D326N,1
E154G; I215V; K225I; T230A; N258D,1
T160M; G220V; K225T; G386S,1
D121Y; S162C; G220V; K225T,1
G220V; K225T; C231S; N269S,1
G220V; K225I; I227V; Q235K,1
G220V; K225T; C231S; S361P,1
I199S,1
D121P; K225I; C231R; G315C,1
I199S; K225I; N365H,1
K62Q; I199S; K225I,1
S32A; H56L; S162C; G220V; K225T,1
G49S; G220V; K225I; I227V,1
H56Y; E154G; R193L; K225I,1
N161Y; K225I; L240P,1
G220V; K225T; T229K; C231S; N392S,1
E154G; K225I; D259N,1
G220V; K225T; C231S; P294T,1
G220V; K225T; P393T,1
K225I; C231R; A266V; S292N,1
S6T; S32A; H56L; K225L,1
G220V; K225T; C231S; Q344*,1
S6T; S32A; G101S; K225I; V345A,1
G220V; K225T; C231S; D338G,1
Y9C; I199S; K225I,1
E79K; A182S; K225T; C231S,1
S6T; H56Y; L98P; K225Q,1
S6T; E154G; I183M; F194L; K225I,1
P52S; I199S; K225I,1
A153S; S162C; G220V; K225T,1
V13F; S162I; N164S; G220V; K225I; L364P,1
Y30S; L98P; N118K; K225I,1
S198L; I199T; G220V; K225T; C231S,1
G220V; K225T; D301E,1
P58S; R93L; G220V; K225T; C231S,1
S162C; G220V; K225T; T234M,1
G220V; K225T; R410H,1
S162C; H219R; G220V; K225T,1
G101D; Y222H; K225I; C231S,1
N138D; K225I; S318I,1
G115D; K225Q; S361A,1
S187F; I199S; K225I,1
G220V; K225I; I227V; K381R,1
S162C; G220V; K225I; I227V; R348S,1
S6T; Q141R; G220V; K225T; C231S,1
G220V; K225T; C231S; R394S,1
T88Q; G220V; K225I; I227V,1
S162C; G220V; K225T; N390S,1
G220V; K225I; I227V; K300R; Y355H,1
N138D; K225Q; N379H,1
I18V; G220V; K225T; C231S,1
K225T; C231S; R385K,1
S162C; G220V; K225T; I247V,1
D81R; R82P; F83L; L84P; K85E; I86D; V87R; T88D; K89Q; I90N; N92Q; R93P; I94H; N95*; N96Q; N97Q; L98P; S99L; G100R; G101*; I102H; L103S; L104V; E105G; E106R; L107A; S108E; K109Q; A110S; N111Q; P112S; Y113I; L114P; N116*; D117*; N118Q; T119Y; K225I,1
K225I; N388S,1
N116D; G220V; K225I; I227V,1
K225I; C231R; S292N; R402H,1
E154G; T185I; K225T,1
S66T; G220V; K225T; C231S; Y272H,1
K225I; C231R; S292N; Q304*; S372I,1
S6T; V13D; S32A; L98P; K225I,1
S6T; S32A; H56L; P146T; M151I; E154G; K225I,1
G220V; K225T; N297S,1
I150V; E154G; S162I; K225T,1
G64C; G220V; K225I; I227V; V345I,1
E154G; G220V; K225T; R394L,1
N96S; K225I; C231S,1
K225T; T230K; Q387K,1
S162C; H219Q; G220V; K225T,1
K225T; C231S; V405A,1
G220V; K225I; I227V; I316T,1
I199S; K225I; I302V,1
S162C; G220V; K225T; N261D,1
L98P; E189D; K225I,1
V184G; G220V; K225T; C231S,1
S6T; S32A; G220V; K225T; C231S; N261S,1
G220V; K225T; C231S; K288Q,1
H216R; G220V; K225T,1
G220I; K225I; I227V; N297T; I399V,1
M1V; S6T; K225I; C231R; D325E,1
N138D; G220V; K225I; T264K,1
L98P; T185P; F192S; K225I,1
G220V; K225T; K407R,1
I102V; K225I,1
K22R; L98P; K225I,1
S66P; G101S; T209I; H216Y; K225I,1
K225Q; Y375C,1
G49C; I90N; S174N; G220V; K225T,1
S162C; G220V; K225T; T230A,1
Y113F; K225I; C231R; S292N,1
G220V; K225T; C231S; V291M,1
D54N; I199S; K225I,1
E154G; K225I; A313E,1
S187P; G220V; K225T,1
D65N; L98P; G220V; K225T,1
I199S; G220V; K225I; G246D,1
N161Y; E213*; K225I,1
I90M; E154G; K225I,1
S6T; S32A; Y113S; G220V; K225T; C231S,1
S6T; S32A; R82L; G101S; K225I,1
L98P; S162I; K225I; D310Y,1
S67R; G220V; K225T; N390D,1
E28D; K225I; C231R; S292N,1
G220V; K225T; C231S; K330R; S333L,1
K225I; N376D,1
Q141R; E154G; S162I,1
L98P; I199T; K225I; S318N,1
R45L; E154G; K225I; L328M,1
M1I; S162C; G220V; K225I; I227V,1
M172I; E213*; K225T; C231S,1
S162C; G220V; K225T; G246V,1
G220V; K225I; I227V; F358L,1
L98P; G220V; K225T; P298Q,1
E154*; G220V; K225T,1
K225I; C231R; S292N; E373D,1
S162C; G220V; K225T; N320D,1
N46T; G220V; K225T; C231S,1
Y73F; G220V; K225T; C231S,1
S6T; S32A; G101S; K225N,1
G177D; G220V; K225T,1
F91L; K225I,1
S162I; G220V; K225T; G257V,1
E106D; I199S; K225I; D301G,1
S162I; N164S; E189*; G220V; K225T,1
G101V; I199S; K225I,1
S6P; K225I; C231R,1
S174N; K225T; C231S,1
S162C; G220V; K225T; N390K,1
K225I; F324V,1
H142R; E154G; K225I,1
S162C; G220V; K225T; N392K,1
I199S; K225I; S367F,1
S162C; G220V; K225T; S372N; I377V,1
K225I; D325N; I409V,1
G220V; K225I; I227V; Y299F,1
E154G; D205G; K225I,1
S162C; G220V; K225T; V382A,1
N97S; I199S; K225I,1
D54Y; E79K; I199S; K225I; S372G,1
S6T; S32A; H56L; Q75T; S76T; N161Y; K225I; Q237*,1
S66F; K225I; N243S,1
D196Y; S198T; I199D; K225T; C231S; E305K; A313T,1
K225T; T230K; D312N; E336*,1
S6T; T185I; G220V; K225I; I227V; Q387R,1
N34Y; G220V; K225T,1
I86V; K225T; C231S,1
S6T; N138D; S198T; I199D; G220V; K225I,1
G220V; K225T; Y299C,1
Y68H; K225I,1
G101S; K225Q; Q354R,1
G220V; K225I; I227V; G315S,1
T88Q; K225I; C231R,1
K225I; A313S,1
A153C; E154*; P155T; D156G; L157F; F158I; E159*; T160N; N161E; S162Q; S163L; N164Q; I165H; S166L; L167P; R168A; N169*; N170*; Y171L; M172H; P173A; S174E; N175Q; H176P; G177W; G179W; S180F; I181Y; A182C; I183D; V184C; T185H; F186L; G220V; K225T,1
S137C; I199N; K225I,1
G220V; K225T; C231S; Q295H,1
G220V; K225I; I227V; K311E,1
A153T; I199S; K225I; G246S,1
G220V; K225T; C231S; P239T,1
A129E; G220V; K225T; C231S,1
S6T; S32A; D77N; K225I; C231R,1
G101S; G177S; K225I; F343S,1
N118D; K225N; I262M,1
K225L; S314N; I316N,1
K225T; C231S; A313S,1
S162C; G220V; K225T; K407R; I408S; I409F; R410V,1
I18L; A153T; G220V; K225I; I227V; N388D,1
G101S; N138D; E154A; G220V; K225I,1
P188Q; G220V; K225I; I227V,1
W40*; T160A; G220V; K225I; I227V,1
P188T; K225I,1
T88P; D121A; A129T; G220V; K225I; I227V,1
S60G; K225T,1
S6T; L98P; N138D; G220V; K225I,1
S6T; S32A; I134V; S162C; G220V; K225T,1
S162I; S198T; I199D; G220V; K225T,1
E154K; K225I; C231R,1
K225I; C231R; S292N; L404M,1
G101S; K225I; T242A,1
S162I; G220V; K225T; I321T,1
K225I; D310E; A389T,1
G220V; K225T; L260P,1
D65N; K225L,1
E78K; K225T; C231S; N293D,1
E189*; G220V; K225T; R410C,1
S162C; G220V; K225T; K288R,1
Y30C; S162C; G220V; K225I; I227V,1
N138D; M172R; K225I,1
S6T; E154G; K225I; Y279H,1
G220V; K225I; I227V; S292G,1
I102M; K225I; C231R; S292N; I302V,1
T88H; S162I; I199N; K225I,1
V13F; Y190D; G220V; K225T; C231S,1
K135R; K225I; C231R,1
P12L; G101S; K225I,1
G220V; K225I; I227V; Y355H; K397E,1
E159*; K225I; C231R; S292N,1
I199S; K225I; I316V,1
D65N; G220V; K225T; I232V,1
R93C; N161Y; K225I; T350A,1
E154G; M211I; G220V; K225I; I227V,1
E133G; G220V; K225T; C231S,1
I134V; K225T; G374V; Y375I; N376T; I377S; N378T; N379T; L380*; K381R; V382*; N383T; F384L; R385E; G386V; Q387R; N388M; A389Q; N390I; L391*; N392T; P393R; R394V; I395L; I396S; K397N; P398R; I399L; T400P; G401V; R402V; G403A; L404W; V405L; K407R; I408S; I409F; R410V,1
G220V; K225T; C231S; Q290K,1
P71S; K225T; C231S,1
T50I; I199S; K225I,1
S6T; E154G; K225I; A389T,1
Y69H; S162C; G220V; K225T,1
N147H; G220V; K225T,1
I199S; G220V; K225I; R410L,1
V13A; S162C; G220V; K225I; I227V; A313T,1
K37R; E154G; E189G; K225I; T230A,1
E213K; G220V; K225T,1
S6T; S140N; G220V; K225T; C231S,1
D121P; G220V; K225T,1
V132F; S162C; G220V; K225T,1
L98P; S137T; K225I,1
I102L; N116D; G220V; K225I; I227V,1
S187P; S217C; K225I; C231R; S292N,1
R82H; I199S; K225I,1
S60N; G220V; K225T; C231S,1
S76N; N138D; E154G; K225T,1
V184I; G220V; K225I; I227V; T341I,1
E154G; K225I; V405F,1
G49V; E154G; K225I,1
H56L; S66F; G220V; K225T,1
G220V; K225T; I233V; N277H,1
L98P; Q141*; G220V; K225T,1
Q204*; K225I; C231R; S292N,1
K225I; N238D; N365D,1
G220V; K225T; C231S; S314N; I316N; Q344N; T400A,1
T51A; G220V; K225I; I227V,1
K62R; G220V; K225T; C231S; R394S,1
K225I; Y317C,1
D11N; I199S; K225I,1
K225I; N362S,1
K225I; I247T,1
K225Q; K285N,1
S66F; I134V; G220V; K225T,1
G220V; K225I; K285N,1
D196N; G220V; K225T; C231S,1
S162C; G220V; K225T; Q295K,1
E154G; G220V; K225T; C231R,1
F136L; G220V; K225T; I227L; C231S; T400I,1
G220V; K225T; C231S; V405G,1
P58L; G220V; K225T; C231S; N392T,1
G220V; K225T; C231S; Q235H,1
G127S; G220V; K225T; C231S,1
N175H; G220V; K225T; K406E,1
K225I; N248S; V291A,1
K225I; C231R; S292N; F358S,1
P58L; G220V; K225T,1
L98P; K225I; F411Y,1
S6T; S32A; T51I; G220V; K225T; C231S,1
L98P; K225I; D270N,1
R45H; K225I,1
S6T; S32A; H56L; G101S; K225I,1
I199S; K225I; T242A,1
I215N; G220V; K225T; C231S,1
G64C; G220V; K225T; C231S,1
L98P; G101S; A182E; K225I,1
S162C; G220V; K225I; I227V; I316V,1
I199S; G220V; K225T; C231S,1
S162C; G220V; K225T; K329M,1
F55L; G101S; K225I,1
S32A; H56L; K225I; C231R; S292N,1
G220V; K225T; C231S; N383T,1
S162C; G220V; K225T; N362S; V382M,1
S162C; G220V; K225I; I227V; E250*,1
E154G; K225I; A389V,1
S162C; G220V; K225T; Y268H; Q344*,1
N92T; G220V; K225T,1
G220V; K225T; G401D,1
S162C; G220V; K225T; I232L,1
K225T; C231S; Y317C,1
K225I; P298L; V405G,1
N161Y; K225I; I232V,1
K225I; I227V; C231R; S292N,1
S6T; S32A; N164S; G220V; K225T,1
S162C; I199T; G220V; K225T,1
H56Y; N63S; K225I; C231R; S292N,1
G101S; N122T; K225T; C231S; G374S,1
G220V; K225I; I227V; K359N; L360C; S361L; N362T; L363C; L364*; N365T; D366T; S367L; I368S; Y369T; N370I; I371L; S372A; E373R; G374V; Y375I; N376T; I377S; N378T; N379T; L380*; K381R; V382*; N383T; F384L; R385E; G386V; Q387R; N388M; A389Q; N390I; L391*; N392T; P393R; R394V; I395L; I396S; K397N; P398R; I399L; T400P; G401V; R402V; G403A; L404W; V405L; K407R; I408S; I409F; R410V,1
S6*; G220V; K225T; C231S,1
G220V; K225T; N390K; L391S; N392E; R394A; I395Y; I396Y; K397Q; P398T; I399D; T400Y; G401R; R402S; G403W; L404P; V405G; K406*; I408D; I409H; R410S,1
K225T; C231S; G386S,1
G220V; K225T; E373D,1
P146L; G220V; K225T,1
G152S; N164I; V184I; G220V; K225T; Y375L; N376*; I377H; N378Q; N379Q; K381E; V382G; N383E; F384L; R385*; G386R; Q387S; N388E; A389C; N390K; L391S; N392E; R394A; I395Y; I396Y; K397Q; P398T; I399D; T400Y; G401R; R402S; G403W; L404P; V405G; K406*; I408D; I409H; R410S,1
T51A; S162C; G220V; K225T,1
S6T; S32A; G220V; K225T; I371V,1
N63T; G220V; K225T; C231S,1
S76G; N161Y; K225I,1
E106A; G220V; K225I; I227V; N370S,1
K225I; C231R; S314F,1
S162C; G220V; K225T; E250*,1
K225I; C231R; I232T; S292N,1
I199S; K225I; V382M; R410H,1
T59P; K225T; C231S,1
E133G; S162C; G220V; K225T,1
I199S; K225I; R385G,1
E79D; G220V; K225T; C231S,1
S6T; S32A; H56L; G220V; K225I; I227V; F252L,1
G220V; K225I; K359E,1
A224S; K225I; C231R; S292N; T335I,1
V184I; G220I; K225I; I227V,1
G220V; K225T; K300E,1
G101S; K225I; T229M,1
K225T; C231S; Y355*,1
L98P; I143V; K225I,1
D65G; K225L; C231R; S292N; K407E,1
K225I; I232F; V265A,1
E79D; I199S; G220V; K225I,1
R45C; G220V; K225T; C231S,1
Q53K; G220V; K225T,1
S162C; G220V; K225T; N248I,1
R16H; S60T; K225I,1
S6T; S32A; H56L; G220V; K225T; C231S; A266T,1
E154G; N197S; K225I,1
Q141R; G220V; K225T; C231S; Y332D,1
A182S; K225I; C231R,1
I39V; G220V; K225I,1
K225I; C231R; S292N; T350I; S372I; I409V,1
M1V; S162C; G220V; K225T; N274S,1
K225T; T230K; K342E,1
G220V; K225I; I227V; I262M,1
E154G; K225I; T254I,1
K135R; G220V; K225I,1
N118S; G220V; K225I; I227V,1
S32R; R45C; N138D; K225I,1
N10D; K225I; N248S,1
E154G; S162I; K225T; V382M,1
G220V; K225I; I409V,1
D156Y; G220V; K225T; C231S; A389S,1
H219D; G220V; K225T; C231S,1
Y113*; K225I; I409S,1
G179D; G220V; K225T; C231S,1
R45L; G220V; K225I; I227V,1
S6T; S32A; G220V; K225I; I227V; N261S; V345I,1
R93H; N175H; G220V; K225T,1
L98P; K225I; D278N,1
G25V; L98P; K225I,1
S162C; G220V; K225T; S372N; T400N,1
N138D; G220V; K225I; L391P,1
G152S; G220V; K225T; C231S,1
G101S; K225I; L328M,1
S137R; G220V; K225T,1
K225I; D326N; G403W; L404P; V405G; K406*; I408D; I409H; R410S,1
S6T; S32A; S162C; Y171H; G220V; K225T,1
G220V; K225I; I227V; I232S; K407N; I408K; R410E; F411E,1
R45H; E154G; K225I,1
M1V; K225I; S314F; Q354R,1
L98F; N138D; K225I,1
N111S; S162C; G220V; K225I; I227V,1
E106D; E154G; K225T; A283V,1
S6T; S32A; H56L; S198L; G220V; K225T; C231S,1
S32I; G220V; K225T,1
S6T; G220V; K225T; T230K,1
T17N; G220V; K225T; C231S,1
K225N,1
S66F; G220V; K225T; R410C,1
I199S; K225I; K397R,1
P146S; G220V; K225T; C231S,1
S198T; I199D; K225T; C231S; S287I,1
K225I; N390K,1
N122K; G220V; K225T,1
Q27R; D54N; K225I; C231R; S292N,1
G220V; K225I; I227V; P298L,1
M36I; I199S; K225I,1
F7S; S67R; K225T; C231R; S292N,1
H56L; T88Q; G220V; K225T; C231S,1
P71S; S162C; G220V; K225T,1
L98I; I199S; K225I,1
I39V; G220V; K225T; C231S; N274S; Y355H,1
S6T; D128N; G220V; K225T; C231S,1
E154G; K225I; C231S,1
G220V; K225T; C231S; K346R; Y351H; K406*,1
S162C; G220V; K225T; N258T,1
V148I; G220V; K225T; C231S; K329N,1
V13I; G220V; K225T,1
S6T; S32A; E154G; S162I; K225T; N293T,1
S6T; G220V; K225I; I227V; L240M,1
P155S; K225I; C231S,1
K225T; C231S; T341A; A389T; R394L,1
A129T; E154G; K225I,1
K225I; C231R; I262M; Y355C,1
W40C; K225I,1
G101S; K225I; Q235K,1
K225I; C231R; S292N; G308S; K407E,1
M211I; K225I; C231R; S292N; Q295*,1
T59N; S162C; G220V; K225T,1
Q27R; N161Y; K225I,1
K225I; V405A,1
Q141K; S162C; G220V; K225T,1
P188Q; G220V; K225T,1
S67N; E154G; K225I,1
I94V; E154G; K225I,1
F91S; G101S; K225I,1
Y113*; G220V; K225T; C231S,1
G220S; K225I,1
S162C; G220V; K225T; L286I,1
P112S; K225I; C231R,1
P2T; G220V; K225T,1
F83Y; G220V; K225I; I227V; S292N,1
G220V; K225T; I232F; S292N,1
G220V; K225I; I227V; N277S; K356E,1
K225I; K356E,1
G220V; K225T; Q387R; R410C,1
S6T; T160A; G220V; K225T,1
E154G; H212R; K225I,1
G220V; K225T; R410F,1
G220V; K225I; T264A; S372I,1
S162C; G220V; K225T; E251*,1
V87M; K225I; C231R,1
D81G; L98P; K225I,1
Q75H; S76T; T88P; K225I; C231R; S292N; S372N,1
I48V; L98P; K225I,1
E78K; G220V; K225T; C231S,1
F124S; S162C; G220V; K225T,1
N138D; K225I; C231R; S292N,1
Q53*; K225L,1
G220V; K225I; I227V; N274S,1
K225I; C231R; S292N; L328M,1
K225I; C231R; S292N; P294S,1
A207T; G220V; K225I; I227V,1
E105A; G220V; K225T; C231S,1
V47L; V87L; S162C; G220V; K225T,1
G220V; K225T; C231S; D301E,1
S99A; S162C; G220V; K225T; N277D,1
G49S; D65N; G220V; K225T,1
G220V; K225I; I227V; V319I; V345I,1
I199S; K225I; C347S,1
S6T; S32A; G220V; K225T; C231S; A283V,1
G220V; K225T; K406E,1
L98P; K225I; T350A,1
E154G; P188Q; K225I,1
G220V; K225I; I227V; V291M,1
D121P; K135R; G220V; K225I; I227V,1
P120T; I199S; K225I,1
Q27*; K225I; C231R; N261D; S292N,1
E79D; S162C; G220V; K225T,1
S162I; K225I; C231S; V265A,1
G220V; K225T; I227V; C231S,1
S162C; G220V; K225T; F255L,1
S6T; S32A; G220V; K225T; N238K; K330R,1
S6T; S162C; G220V; K225T; I377V,1
L98P; K225I; K406E,1
A182S; G220V; K225T,1
S6T; S32A; S162C; G220V; K225T; G226D,1
K89E; G220V; Y222C; K225I; I227V,1
S162C; G220V; K225T; Y279S,1
G220V; K225T; T230A,1
G220V; K225T; N383D,1
G220V; K225I; I227V; L391M; G401S,1
V13I; S162I; G220V; K225T,1
S99T; P146T; G220V; K225T; C231S,1
M211I; G220I; K225I; I227V,1
S162C; G220V; K225I; I227V; D278N,1
K37E; K225I; C231R; S292N,1
G101S; K225I; K356R,1
L98P; K225I; K359R,1
S108G; K225I; C231R; S292N,1
L145M; G220V; K225T,1
T160S; K225I; C231S,1
N111H; E154G; S162I; K225T,1
G220V; K225T; C231S; E373D,1
N169D; G220V; K225T; C231S,1
S6T; L98P; K225I; C231S,1
K225I; C231R; S292N; Q295*,1
Q53K; N195T; K225I; C231R; Q295R,1
S6T; G49S; K225I; V265A,1
G220V; K225I; C231R; N362K,1
S162C; G220V; K225T; G246D; T264I; N293S,1
N161Y; K225I; Y268H,1
K62N; K225T; C231S; L404M,1
P146T; S162C; G220V; K225I; I227V,1
S162I; G220V; K225T; I227V,1
G220V; K225T; C231S; N258D,1
N161Y; K225I; I302V,1
K225I; C231R; S292N; G374D,1
S162C; G179S; G220V; K225T,1
G220V; K225T; C231S; T350I,1
G101S; K225I; N277S,1
I199S; S217R; K225I,1
D65G; P146S; K225L,1
S162I; S163F; S198T; I199D,1
F91I; L98P; G101S; K225I,1
S6T; H56P; K225I; C231R; S292N,1
G101S; K225I; K407E,1
N96S; K225I; N261S; Q354R; Y355H,1
Q141R; G179C; G220V; K225T; C231S; T242A,1
N138D; K225T; D326E,1
G220V; K225T; C231S; I399N,1
N122T; G220V; K225T; C231S,1
S6T; S32A; E154G; S217G; K225I,1
E154G; K225I; F343V; Y355H,1
Q141R; G220V; K225T,1
E154G; K225I; Y357C; S361Y,1
S162C; G177S; G220V; K225I; I227V; Q344R,1
D70G; K225I,1
N92K; K225I; C231R,1
S67R; G220V; K225T; C231S,1
K225I; C231R; S292N; F358S; K407E,1
S162C; G220V; K225T; G226S,1
S162C; G220V; K225T; D326A,1
S6T; S32A; I35V; H56L; Q75T; S76T; S162C; G220V; K225T,1
S162C; D196G; G220V; K225T; E250K,1
G220V; K225I; I227V; R348H; P398T; I399D; T400Y; G401R; R402S; G403W; L404P; V405G; K406*; I408D; I409H; R410S,1
N122D; S162C; G220V; K225T; V405I,1
S162R; K225I,1
D70V; G220V; K225T; C231S,1
N46S; E154G; K225I,1
L98P; K225T; S314N; I316N,1
E154G; S198P; E213K; K225T,1
S162C; G220V; K225T; I395V,1
E154G; G220V; K225I; N261D,1
N116D; I199S; K225I,1
Y73F; A182S; K225T; C231S,1
M1V; S162C; A182V; G220V; K225T,1
K225Q; R394S,1
N175H; G220V; K225T; T400A; G403A; L404W; V405L; K407R; I408S; I409F; R410V,1
G100C; G220V; K225T,1
G220V; K225T; C231S; G257S,1
A131T; E201*; K225T; C231S,1
I199S; K225I; I227V; E373*,1
G220V; K225T; S292N; K407E,1
N116D; N161Y; K225I,1
K225I; C231R; S292N; P393S,1
G101S; K225I; V345A,1
G139V; K225I; C231R; D312N,1
N92K; G220V; K225I; N261D; K306*,1
S162C; G220V; K225T; G257S; G403S,1
E154G; F202L; G220V; K225I; I227V,1
G152D; S162C; G220V; K225T,1
G220V; K225T; C231S; Q235*,1
S162C; K225T,1
E154G; T160M; K225I,1
S162C; G220V; K225T; I368T,1
K225T; C231S; N365S,1
S162C; N169D; G220V; K225T,1
S6T; Q141*; S162C; G220V; K225T,1
Q204*; G220V; K225T; C231S,1
Q53R; K225T; T230K,1
I102V; G220V; K225T; C231S; N392S,1
E79D; K225T; C231S,1
G220T; K225I; I227V,1
S6T; S67I; N161Y; K225I,1
K225I; S318I,1
Y73H; G220V; K225T; C231S,1
K225L; D325N,1
K225I; C231R; S292N; E336*; K407E,1
D65G; S162C; G220V; K225T,1
K225T; T230K; G403D,1
K225I; R280H,1
P173S; G220V; K225I; I227V,1
F29L; G220V; K225I; I227V,1
T88I; L98P; K225I,1
G220V; K225I; I227V; S333L; I408T,1
I181V; I199S; K225I,1
S191*; K225T; T230K; I368V,1
S6T; S32A; L98I; K225I; C231R; S292N,1
I181V; K225Q,1
G220V; K225I; I227V; G403D,1
E154G; K225I; I232T,1
E154G; K225I; A340T,1
N34S; E154G; F194V; K225I; R410H,1
T59A; S162I; G220V; K225T,1
K225I; C231R; N390S,1
S6T; S32A; N195I; G220V; K225T; C231S,1
S6T; S32A; H56L; P120T; H125Y; K225I; C231R; E373*,1
I199S; K225I; A389T,1
I199S; K225I; S314N,1
G220V; K225I; I227V; R385S; G401V,1
E154A; G220V; K225T; C231S,1
K225T; C231S; D278E,1
S60R; K225T; C231S; N392T,1
Q141R; G220V; K225T; C231S; N269T,1
I199S; K225I; E305D,1
S162G; K225I; C231R; S292N,1
N161Y; K225I; P298L,1
G101S; K225I; Q236*,1
V132A; K225I; C231R; N277D; S292N,1
G101S; P206L; K225I,1
N97S; E154G; S162I; K225T,1
L98P; G220I; K225I; I227V,1
E154G; S162I; K225T; V382A,1
S32I; S162C; G220V; K225T,1
H56N; D117E; G220V; K225I; I227V,1
G220V; K225I; I227V; S372I,1
E154A; S162C; G220V; K225I; I227V,1
S6T; Q141K; K225I; C231R; S292N,1
L98P; K225T; D259N,1
N14D; N164S; G220V; K225T,1
S162C; I199F; G220V; K225T,1
S60G; K225L,1
G220V; K225I; I227V; R244H,1
N92T; S162C; G220V; K225T,1
G220V; K225I; I227V; C231*,1
E154G; K225I; K342R,1
N147D; S162C; G220V; K225T,1
P12L; K225I; N248S,1
Y9C; E154G; K225T,1
S6T; K225I; C231R; V382A,1
S6T; R45H; L98P; N138D; S140I; K225T; S287N,1
S67R; L98P; K225I; F343S,1
N96S; G220V; K225T,1
R93S; K225I; C231R; S292N,1
S162I; N164S; I181V; G220V; K225T; C231S,1
G220V; G223D; K225T,1
L104F; G220V; K225I; I227V,1
P71S; E154G; K225I,1
N175H; N195S; G220V; K225T,1
H219N; G220V; K225T; C231S,1
R93H; K225I,1
K225I; Y299H,1
L74P; H142N; K225I,1
S162C; G220V; K225T; N248S,1
N10D; V148F; K225T; C231S,1
K225I; F337L,1
G220V; K225T; A340S,1
G220V; K225I; Q235P,1
I199N; K225I; C231R,1
S162C; G220V; K225T; T228I; D325N,1
L98P; L104M; K225I,1
E154G; F202S; K225I,1
G101S; K225I; K330R,1
H56R; G220V; K225I; I227V,1
S6T; G220V; K225T; C231S; A340E,1
G220V; K225T; C231S; Q354R,1
S6T; P188Q; G220V; K225T; C231S,1
N97H; S162C; G220V; K225T,1
G101S; S174N; K225I,1
I39V; G220V; K225T; R410C,1
S162C; G220V; K225T; N376S,1
T209I; G220V; K225T; C231S,1
K225T; D366G,1
S191*; K225I,1
E154D; G220V; K225I; N248S,1
E154G; K225I; S292R,1
S162C; G220V; K225I; I227V; P239S,1
S162C; G220V; K225I; I227V; K323R,1
S6T; S32A; I35V; E154G; K225I,1
L98P; D128A; G220V; K225I; I227V,1
S162C; P188T; G220V; K225I; I227V; K407N; I408K; R410E; F411E,1
L98P; D156Y; K225I,1
E154G; K225I; D270G,1
S60R; K225I; C231R,1
D70Y; N161Y; K225I; A313E,1
I41V; G220V; K225I; V291M,1
D65E; I102V; G220V; K225T; C231S,1
S6T; S32A; H56L; Q75T; S76T; S162C; E189K; G220V; K225T,1
N10D; M172I; K225T; C231S,1
E189G; K225I; C231R; S292N,1
Y190D; G220V; K225T; C231S,1
E154G; S162I; K225E; P298S,1
R45L; K225I; C231R,1
E154G; S162I; K225T; K342R,1
N138D; E154A; G220V; K225I; Q344N,1
G220V; K225T; C231R; S314N; I316N; L360S; S361L; N362I; L364D; N365P; S367L; I368P; Y369R; N370T; I371V; S372A; E373I; G374A; Y375I; N376L; I377P; N378K; N379P; L380F; K381L; V382R; N383K; F384V; R385S; G386R; Q387*; N388P; A389N; N390K; L391V; N392T; P393R; I395K; I396P; K397R; P398K; I399R; T400N; G401N; R402N; L404I; V405P; K407I; I408T; I409G; R410M; F411I,1
N10S; K225I; C231R,1
G220I; Y222C; K225I; I227V,1
S162I; S163F; S198T; I199D; K225T; C231S,1
E189Y; D196Y; G220V; K225T; C231S; F303L,1
I165V; I199N; K225I,1
G220V; K225T; C231S; K285N,1
K225L; C231R; S292N; N376T,1
S162C; G220V; K225T; T350N,1
S6T; P206L; G220V; K225T; C231S; R244C,1
S6T; I102F; I199S; K225I,1
H216Y; G220V; K225I; I227V,1
P2S; K225I; C231R; S292N,1
S180P; K225N; I262M,1
N175S; G220V; K225T,1
G220V; K225T; S292I,1
S6T; D11N; N161Y; K225I,1
L98P; K225I; C231R; S292N; K407E,1
T51N; L218P; K225I; C231R; S292N,1
V184I; G220V; K225I; I227V,1
D15E; G220V; K225T,1
M36V; K225T; C231S,1
G220V; K225T; S314N; I316N; K381N,1
N116H; K225I; I227T,1
S6T; S32A; H56L; Q75T; S76T; T88Q; D196G; G220I; K225I; I227V,1
E78K; N175H; G220V; K225T,1
E154G; V184I; K225I,1
S191*; G220V; Y222F; K225T; C231S,1
S162C; R168H; G220V; K225T,1
K225Q; V265A,1
K22E; E154G; K225T,1
K225I; C231R; N277S; S292N; K407E,1
H176N; S187P; K225I,1
G220V; K225T; S314N; I316N; Q344N,1
N122K; K225T; C231S,1
H219R; G220V; K225T,1
S162C; G220V; K225T; I249V; Y355H,1
G220V; K225T; R385K,1
S66Y; G220V; K225T; C231S,1
S99*; N175H; G220V; K225T,1
L98P; K225I; I232T,1
D54E; G220V; K225T,1
S32A; S162I; S163F; G220V; K225I; I227V,1
S198T; I199D; G220V; K225T; C231S,1
S66Y; G220V; K225T; C231S; N322D,1
P146Q; S162I; G220V; K225T,1
E154G; K225I; K346*,1
G220V; K225T; C231S; K407D; I408K; R410E; F411E,1
K225I; I241T,1
K225I; C231R; N390D,1
G220V; K225T; I262F,1
A182S; K225I,1
W40*; K225I,1
K225Q; A389T,1
G24C; G220V; K225T,1
N72S; G220V; K225T; C231S,1
S6T; G220V; K225T; C231S; D278N,1
K225I; N248S; S314F,1
T59I; K225I; K330R; V382A,1
S6T; T88Q; D121P; L145P; G220V; K225I; I227V,1
K225I; R244S,1
S60R; N138D; K225I,1
G101S; N138D; K225I; K300N,1
N175H; G220V; K225T; A266T,1
Y73C; S162C; G220V; K225T; C231S,1
K225I; T234P,1
M1V; G220V; K225T,1
G220V; K225T; V265I,1
D156N; K225I; C231R; Q290K; S292N,1
I199S; K225I; K381R; V382*; N383T; F384L; R385E; G386V; Q387R; N388M; A389Q; N390I; L391*; N392T; P393R; R394V; I395L; I396S; K397N; P398R; I399L; T400P; G401V; R402V; G403A; L404W; V405L; K407R; I408S; I409F; R410V,1
A153T; G220V; K225T; N365D,1
M1I; S6T; E154G; K225T,1
K85E; S162C; G220V; K225T,1
G220V; K225I; G246V; V345I,1
K225I; C231R; Y307C,1
K225T; T228I; C231S,1
N164S; G220V; K225T; C231S; C347F,1
F29L; K225I; C231R; S292N,1
A207S; K225L; Y272C,1
L98I; S162C; G220V; K225T,1
S191L; I199S; K225I,1
S6T; S32A; S162I; N164S; G220V; A224S; K225I; I227V,1
S162C; G220V; K225I; I227V; Q267*,1
K225I; C231R; F343S,1
G220V; K225T; G226C; C231S,1
N92K; I102M; K225I; C231R; S292N; A313T; K407E,1
K225I; C231R; S292N; I396V,1
E28K; E154G; G220V; K225T,1
K225T; C231S; V265A; D325N,1
K225T; C231S; Y272H,1
G101V; G220V; K225T; C231S; N379S,1
N161Y; K225I; K300N,1
Y68C; K225I; Q235L,1
R45C; G220V; K225T,1
S6T; L157S; S162C; G220V; K225T,1
K225I; P239Q,1
E154G; K225I; N238S,1
I165L; I199S; K225I,1
E154G; K225T; Q354R,1
G220V; K225T; C231S; F337V,1
S6T; L98P; K225I; T230K; N388S,1
A182V; K225I; C231R; S292N,1
K62Q; E154G; S162I; K225T,1
H219Y; G220V; K225I; I227V,1
K225I; C231R; A313E; K381R; V382*; N383T; F384L; R385E; G386V; Q387R; N388M; A389Q; N390I; L391*; N392T; P393R; R394V; I395L; I396S; K397N; P398R; I399L; T400P; G401V; R402V; G403A; L404W; V405L; K407R; I408S; I409F; R410V,1
T160A; G220V; K225I; I227V,1
T119A; G220V; K225T; C231S; D270E,1
T160S; K225I; C231R; S292N,1
G220V; K225T; Q354R,1
L98P; N175K; K225I,1
S180P; G220V; K225T; C231S,1
N14D; E154G; F194L; K225I,1
I199S; E213*; K225I,1
G220V; K225T; C231S; K311Q,1
D15E; K225I,1
S166P; G220V; K225I; I227V,1
G101S; K225Q,1
S6T; D54N; G101S; K225I,1
G220V; K225T; C231S; Q237*; N379K,1
G101S; G220V; K225T; A389V,1
E154G; K225I; V382E,1
S162C; G220V; K225T; T230M; F384S,1
L114P; K225I; C231R; A313V,1
G101S; K225T; C231S,1
E154G; I199F; K225I,1
S162C; S217N; G220V; K225T,1
G220V; K225I; V265F,1
E28K; K225I; A266T,1
F124L; K225Q,1
S6T; K62R; G220V; K225T; C231S,1
S162I; G220V; K225T; K397E,1
K225I; C231R; S292N; G386V; Q387R; N388M; A389Q; N390I; L391*; N392T; P393R; R394V; I395L; I396S; K397N; P398R; I399L; T400P; G401V; R402V; G403A; L404W; V405L; K407R; I408S; I409F; R410V,1
K3E; K225I; C231R; S292N; K407N; I408K; R410E; F411E,1
G101S; K225I; E251*,1
N63D; S174N; G220V; K225I,1
L98P; K225I; S284T,1
G220V; K225T; N297T,1
G220V; K225T; N248S; K300E; E336*,1
G220V; K225I; I227V; R244H; N383S,1
L74M; S166P; G220V; K225I; I227V,1
G220V; K225T; T228P,1
K135R; S140G; S162C; G220V; K225T,1
L98P; K225I; T273I,1
S162C; G220V; K225I; I227V; I302V,1
S60G; K225I; C231R; S292N,1
F194I; G220V; K225T; C231S,1
N138D; K225I; T242A,1
M1I; S162C; G220V; K225T,1
T185A; K225I; C231R; S292N; K356E; I368T,1
K62M; I126T; G220V; K225T; C231S; Q236R,1
A129V; I149L; A182S; K225T; C231S,1
N5S; G115C; K225I; C231R; S292N,1
S6T; S32A; I41V; H56L; Q75T; S76T; S162C; G220V; K225I; I227V,1
Q123R; G220V; K225I; I227V,1
P12S; G220V; K225I; I227V,1
E154G; K225I; T229A,1
E105K; K225I; C231R; S292N,1
S6L; I90V; G220V; K225I; I227V,1
P146S; K225I; C231R; S292N,1
K225Q; L404P,1
H56Y; K225Q,1
S140G; S162C; G220V; K225I; I227V,1
P52L; G220V; K225T; C231S,1
P188L; G220V; K225I,1
K225T; C231S; K288Q,1
N72T; F91S; S162C; G220V; K225T,1
E133G; G220V; K225T,1
E154G; K225T; I282N,1
K225I; D270G,1
S162C; G220V; K225T; R385G,1
S66Y; G220V; K225T,1
S76N; K225Q,1
K225N; N362D,1
M172L; I199S; K225I; D325N,1
G220V; K225T; C231S; S367F; K407N; I408K; R410E; F411E,1
T50P; N138D; G220V; K225I; N274H,1
M151I; G220V; K225T; C231S,1
R82S; G220V; K225T,1
R45H; S130P; K225I; C231R; S292N,1
G49S; E154G; K225I; T254S,1
E79D; K225I; I227V; D301G,1
P71T; S162C; G220V; K225T,1
P71S; G220V; K225I; I227V,1
A207T; K225I; C231R; S292N; R385S,1
E28G; G101S; K225I,1
G115D; K225I; C231R; S292N; K407E,1
S162C; G220V; K225T; V265A,1
Y20*; S32A; H56L; S162C; G220V; K225T,1
K62R; I199S; K225I,1
D156N; K225I; C231R,1
I143V; S180P; G220V; K225I; I227V,1
D65A; K225I; C231R; S292N; K407E,1
K225I; Q290*,1
R93L; G220V; K225T,1
Q141R; A182S; K225T; D326N,1
G220V; K225I; I227V; D325Y; N378D; K407R,1
D70G; N138D; K225I,1
S6L; G220V; K225T; C231S; Y357H,1
S162C; M211V; G220V; K225T,1
S162C; G220V; K225T; Q344*,1
S6T; S32A; L98P; K225I; L309M; S314Y,1
K37N; K225I; C231R,1
G220V; K225T; C231S; K381N; K397R,1
S76N; Q141R; G220V; K225T; C231S,1
E106D; I199S; K225I,1
H142N; S162C; G220V; K225T,1
G220V; K225T; C231S; K359E,1
E154G; K225I; D366N,1
K225I; N248S; I316V,1
E154G; K225T; G246V; T273I,1
T185I; I199S; K225I; Y272H,1
S162C; G220V; K225T; D278N,1
S6T; E154G; K225I; D310N; F343L,1
D70Y; G220V; K225T; C231S,1
G220V; K225T; N376D,1
S6T; E44D; G220V; K225T,1
S60R; K225I; C231R; S292N,1
S6T; S32A; H56L; S187F; K225I; C231R; S292N,1
L98P; K225I; Q344*,1
K225I; C231R; S292N; I371V,1
G220V; K225T; C231S; I271T; G315S,1
K225I; S367F,1
S162C; G220V; K225T; T228S,1
N72S; I199S; K225I,1
H216N; G220V; K225I; I227V; I232T,1
E154G; F194L; K225I; K346E,1
G220V; K225T; D301A,1
S162C; G220V; K225T; S361F,1
S6T; S32A; H56L; E154G; G220V; K225I,1
G220V; K225I; I227V; E349Q,1
S6T; P43S; S162C; G220V; K225T,1
L98P; K225I; A313T; T400I,1
S162C; D205V; G220V; K225I; I227V,1
I90N; I199S; K225I,1
K3E; I86T; G220V; K225I; I227V,1
I102L; G220V; K225T; K407N; I408K; R410E; F411E,1
M172T; K225I; C231R; K397E,1
Y20C; S162C; G220V; K225I; I227V,1
E105K; G220V; K225I; I227V; V345I,1
L103M; E154G; K225I,1
G220V; K225T; C231S; G353D,1
T119A; N138D; K225I,1
L98P; K225I; R410L,1
E154G; G220V; K225I; K288E,1
P2L; E154G; K225T,1
T51I; G101S; K225I; P239S,1
G220V; K225I; G226D,1
G220V; K225T; C231S; A340T,1
E154K; G220V; K225T; R410C,1
E154G; I183T; K225I,1
G220V; K225T; C231S; V289M,1
N170D; G220V; K225T; C231S,1
D77N; K225T,1
K225I; C231R; Y357C,1
E78K; K225I,1
G179D; K225I,1
G220V; K225T; C231S; D312N,1
S162C; G220V; K225T; D325Y,1
D128N; G220V; K225T; C231S,1
R193C; G220V; K225I; T230M; K407N; I408K; R410E; F411E,1
K225I; C231R; A266E; S292N; S372N,1
Q141R; K225T; D326N; C347Y,1
G101S; I199S; K225I; C231R; Q237R,1
D54Y; G220V; K225I; I227V; I395F,1
G139D; G220V; K225T,1
G220V; K225T; C231S; S287N,1
K225I; Q235R,1
I41M; K225I; C231R; S292N,1
I39V; G220V; K225T,1
N138D; S163P; K225I,1
S6T; S32A; G101S; K225I; D326G,1
L98P; K225I; N258Y,1
P188S; G220V; K225T; C231S,1
G220V; K225I; I227V; N378K,1
N138D; G220V; K225I; I399L,1
N138D; H142R; K225I,1
I150V; E154G; T160S; K225I,1
S108N; E154G; K225I,1
M1T; L98P; K225I,1
I143V; G220V; K225I; I227V; R280H,1
D65Y; S76N; G220V; K225T; C231S,1
F124L; I199S; K225I,1
K225T; C231S; S284G,1
N122S; G220V; K225I; I227V,1
K225I; C231R; I232V; S292N; L380S,1
S162C; G220V; K225I; I227V; L296R,1
L98I; G220V; K225I; I227V,1
K225I; C231R; Q290H,1
S162C; G220V; K225T; E251G,1
S162C; G220V; K225T; S333L,1
K225I; P294Q,1
K225I; C231R; S292N; N390I; L391*; N392T; P393R; R394V; I395L; I396S; K397N; P398R; I399L; T400P; G401V; R402V; G403A; L404W; V405L; K407R; I408S; I409F; R410V,1
I199N; K225T,1
K22N; G220V,1
N96S; G220V; K225T; C231S,1
G220V; K225T; C231S; K381N,1
P12A; G220V; K225T,1
N118Y; S162C; G220V; K225T,1
D77N; D121P; G220V; K225T; C231S,1
E189D; G220V; K225I; I227V; N379K,1
L98P; S140G; G220V; K225I,1
I102L; S162I; K225I,1
N10S; K225I,1
G220V; K225I; I227V; C231S; N362D,1
L167M; K225T; C231S,1
H56L; S162C; G220V; K225T; C231Y,1
I48V; G220V; K225T,1
K225I; C231R; Q290P,1
V184F; G220V; K225T; C231S,1
N72D; K225I,1
S6T; A153T; K225I; C231R,1
T17I; K225I; C231R; S292N,1
G220V; K225T; Y317N,1
K225T; C231S; I241T,1
D65G; G220V; K225I; I227V,1
K225I; C231R; S292N; I352T; K397E,1
V13A; S162C; G220V; K225I; I227V,1
S6T; S32A; S166A; I199S; G220V; K225I,1
K225I; C231R; S292N; R410H,1
L98P; P146S; K225I; E251K,1
G220V; K225T; C231S; Q267K,1
D196G; H216Y; G220V; K225I; I227V,1
G220V; K225T; Y357F; K407E,1
S60G; K62N; G220V; K225T; N297S,1
Q75T; S76T; T88Q; L98P; K225I,1
D54E; K225I; C231R,1
Y171N; G220V; K225T; C231S,1
S6T; S32A; D81A; G101S; K225I,1
K225T; C231S; N261S,1
E154G; L157S; K225I,1
G220V; K225T; Q344N,1
K225L; Q235H,1
S6T; Q141R; G220V; K225I; I227V,1
N175S; K225I; C231R,1
N122D; G220V; K225T; C231S; S361F,1
K225L; C231S; V319E,1
I134V; P173L; G220V; K225T,1
S6T; S32A; H56L; P58L; G220V; K225T; C231S,1
P155L; G220V; K225I; I227V,1
S162C; G220V; K225I; I227V; T350I,1
S6T; S32A; S162C; G220V; K225T; Y355H,1
E154G; S174N; K225I,1
S162C; I203V; G220V; K225I; I227V,1
K225M; D325N; F358L,1
D81A; L98P; K225I,1
I199S; K225I; Y307S,1
G127C; E154G; K225T,1
K225I; T230K; A389T,1
G220V; K225T; C231S; N261S; S292I,1
G220V; K225T; C231S; Y299F,1
G220V; K225T; C231S; T234S,1
E154G; L218P; K225I,1
Q123R; G220V; K225I; I227V; N362D,1
T50P; G220V; K225T; C231S,1
S6T; S32A; K225T; T230K,1
E154G; G220V; K225T; C231S; R385G,1
T59A; G220V; K225T,1
L98P; H125Y; K225I,1
R93L; S162C; G220V; K225T,1
N138D; K225I; E250D,1
S6T; P12L; S32A; R82H; G220V; K225T; C231S,1
S187P; G220V; K225I; I227V,1
E154G; K225I; I263V,1
G179C; K225I; C231R,1
S6T; S32A; H56L; Q75T; S76T; F83S; G220I; K225I; I227V,1
I199S; K225I; V289A,1
E154G; S162I; G220V; K225I,1
S6T; S32A; M36T; E154G; K225I,1
S162C; F202L; G220V; K225I; I227V,1
S6T; P71Q; K225I; C231R,1
G220V; A224S; K225T; N261S,1
E154G; K225I; K330N,1
L98P; K225I; E305D,1
S162C; G220V; K225T; K245E,1
K225I; C231R; I241L; S292N,1
L61Q; S162C; I199N; K225I,1
G177S; G220V; K225T; C231S,1
G220V; K225T; C231F,1
S162T; G220V; K225I,1
D156N; G220V; K225T; C231S; S314N; I316N,1
F136L; G220V; K225T; C231S; R244H,1
S162C; G220V; K225T; N383S; K407N; I408K; R410E; F411E,1
G101S; N195T; K225I; N297S,1
I39L; I199S; K225I,1
G101V; G220V; K225T; I316T,1
G152C; N161Y; K225I,1
S187P; I199S; K225I,1
I199S; K225I; Y357C,1
T51I; K225N,1
F83S; E154G; K225I; G257C,1
E28K; D128N; K225I; N362D,1
K225I; C231R; L276F; S292N,1
S162C; G220V; K225T; N362D,1
M1V; N161Y; K225I; N238T,1
S60G; G220V; K225I; C231S; K330R,1
I199S; K225I; Y355C,1
K22N; S162C; M211T; G220V; K225T,1
E154G; K225T; V289M,1
N170D; G220V; K225I,1
R193C; I199S; K225I,1
N46D; S60G; K225I,1
G220V; K225I; I227V; K330R,1
T17P; P120S; G220V; K225I,1
S6T; S32A; E154G; S162I; K225T; D326E,1
N164S; G220V; K225T; K407R,1
E79D; N161Y; K225I,1
G220V; K225T; I262M,1
K225I; K311E,1
T59I; I199S; K225I; Q236K,1
S166Y; G220V; K225T; C231S,1
S6T; N34S; K225I; C231R; S292N; G315V,1
S162C; E201G; G220V; K225T,1
E213K; K225I; Q344N; I409S,1
L98P; H216R; K225I,1
M1I; D117E; G220V; K225T; C231S,1
S162C; S187F; K225I,1
K62R; G101S; K225I,1
E28D; S162C; G220V; K225I; I227V,1
S162C; G220V; K225I; I227V; Q237R,1
S162C; G220V; K225T; I409V,1
D15E; A153T; G220V; K225I; I227V,1
L107M; G220V; K225T; C231S,1
G220V; K225T; V382M,1
S6T; S32A; H56L; Q75T; S76T; N122D; S162C; H216Y; G220V; K225T,1
L98P; Q141*; K225I,1
N118D; I199S; K225I,1
E44D; K225M; C231R; S292N,1
S162I; I199S; K225I,1
S6T; G101S; S140N; K225I,1
K225I; C231R; S318I,1
Q53R; S162C; G220V; K225T,1
K85R; S162C; G220V; K225T,1
K85N; S162C; G220V; K225I; I227V,1
G220V; K225I; T242I,1
I35V; I199S; K225I,1
N138S; G220V; K225I; I227V,1
H56Y; K225T,1
Q141*; K225I; C231R,1
N116S; G220V; K225T,1
G220V; K225I; N248S; P298S,1
P2L; K225I,1
S162C; G220V; K225I; I227V; K359R,1
K225I; T264A,1
K89R; S162C; G220V; K225T,1
S99P; G220V; K225T,1
S6T; K225T; N365D,1
K225T; C231S; G353C,1
G220V; K225T; C231S; I321V,1
S6T; I199S; K225I; C231R,1
E154G; F194L; K225I; N248T,1
D81E; G220V; K225I,1
L98P; K225I; S292N,1
D117N; K225T; C231S,1
E154G; K225I; E250K,1
L61P; G220V; K225I; I227V,1
S6T; K225T; C231S; K288Q,1
S6P; K225I,1
S6T; D121N; G220V; K225T; R410C,1
N122K; E154G; S162I; E201G; K225T,1
I199S; K225I; E305K,1
K225T; C231S; T341A,1
G220V; K225T; P398T,1
K225I; C231R; F255L; S292N,1
L98P; A129T; K225I,1
I86V; K225I; C231R,1
S6T; S32A; H56L; Q75T; S76T; S162C; G220V; K225T; D301G,1
V184I; K225I; C231R; S292N; K407E,1
S162C; G220V; K225I; I227V; N258K,1
I199V; G220V; K225T,1
G220V; K225I; I227V; I262F,1
G220V; K225T; C231S; N390I; L391*; N392T; P393R; R394V; I395L; I396S; K397N; P398R; I399L; T400P; G401V; R402V; G403A; L404W; V405L; K407R; I408S; I409F; R410V,1
E28D; G220V; K225I; I227V,1
M151I; N161Y; K225I,1
G220V; K225T; C231S; Q267H,1
E78G; S162C; G220V; K225T,1
N195S; K225T; T230K,1
N195S; E213D; K225Q,1
S6T; S32A; G220V; K225T; C231S; D270Y; Q354*,1
Y9H; E154G; K225I; S292I,1
K31*; E154G; K225I,1
E154G; M211L; K225I,1
K225I; N248S; V319L,1
F124L; K225I; C231R; S292N; K407E,1
S6T; S32A; S162C; G220V; K225T; I352V,1
G220V; K225T; C231S; E251G,1
T119A; E189D; K225I; C231R; S292N,1
P52L; E154G; K225I,1
K225T; C231S; K281E,1
P23S; E154G; S162I; K225T,1
D121N; G220V; K225T; R410C,1
R93L; Q141P; G220V; K225I; I227V,1
G220V; K225I; I227V; G246C,1
P188L; T230K,1
F124V; K225T,1
S6T; S32A; S130Y; G220V; K225I; I227V,1
T17A; I199S; K225I,1
S76I; E154G; A207S; K225I,1
G220V; K225T; Y279H,1
G152D; G220V; K225T,1
G101V; K225I; C231R; S292N,1
G220V; K225T; K281R; R410C,1
E154G; K225I; E305G,1
E154G; K225I; Y317H,1
V47A; K225I; C231R,1
V184I; N200D; G220V; K225T; Y357H,1
G220V; K225T; K356E,1
I149L; G220V; K225I; I227V,1
K225L; I247T,1
N197S; K225I; C231R; S292N,1
N46D; L98F; G220V; K225I; I227V,1
A129V; S162C; G220V; K225T,1
I215V; G220V; K225T,1
K62R; G220V; K225I; I227V; I262T,1
K225I; C231R; F252L; S292N,1
K225T; C231S; I396V,1
S162C; S198*; G220V; K225T,1
G220V; K225T; C231S; E373*,1
M151I; G220I; K225I; I227V; T230K,1
S162C; G220V; K225I; I227V; A340T,1
G220V; K225I; C231R; Q354R,1
E133K; K225T; C231S,1
G220V; K225T; N390S,1
S180Y; G220V; K225T; C231S,1
I35V; K225I; C231R; S292N; N383D,1
Q141*; G220V; K225I; I227V,1
E154G; K225I; R410H,1
N161Y; K225I; V291L,1
E154G; S162I; K225T; T229M; K330R,1
K225T; C231S; P393R; R394V; I395L; I396S; K397N; P398R; I399L; T400P; G401V; R402V; G403A; L404W; V405L; K407R; I408S; I409F; R410V,1
S162C; G220V; K225T; Q354K,1
N161Y; K225I; S314Y,1
N34S; G220V; K225T,1
N63D; G220V; K225T,1
E154G; K225I; I227L,1
R193C; I199S; H212Y; K225I,1
S191L; K225I; C231R,1
G220V; K225T; C231R; S372I,1
G220V; K225I; I227V; Y272H; V382M,1
S166P; G220V; K225I; Q290*; A389T,1
T185A; G220V; K225T; C231S,1
T17I; T88I; G220V; K225T; C231S,1
G220V; K225T; V265A; P294T; Q344N,1
Q27*; E154G; S162I; K225T,1
I199S; K225I; K288R,1
N138D; K225I; I262M; N365D,1
E154G; K225I; T264R,1
K85N; S162C; G220V; K225T; K359Q,1
Y69C; K225T,1
F83L; K225I,1
Q204H; K225I; N248S,1
N170D; G220V; K225T; C231S; S292N,1
S162C; G220V; K225T; R410H,1
L98P; K225I; C231S,1
R93C; L98P; K225I,1
D70Y; K225I; C231R; S292N,1
S6T; S32A; H56L; Q75T; S76T; M211I; G220V; K225I; C231R; S292N,1
S6T; F136S; K225I,1
E154G; G220V; K225T; C231S; G353C,1
F202L; K225I,1
L98P; I181T; K225I,1
G115D; S162C; G220V; K225T,1
D65N; G220V; K225T; C231S,1
I90M; S162C; G220V; K225T,1
I102L; S162C; G220V; K225T; V405I,1
G220V; K225T; C231S; N258K,1
S6T; E154G; K225I; T230K,1
F55S; G220V; K225T,1
S162C; G220V; K225I; I227V; G374S,1
N10Y; G101S; K225I,1
E28*; K225I; C231R,1
Q75R; V148A; I199S; K225I; T254A,1
L98R; G101S; N169D; K225I,1
I150V; G220V; K225T; C231S,1
G25D; G220V; K225I,1
E154G; S162I; R193H; K225T; T229M,1
N195S; K225T,1
S6T; P57S; N175H; G220V; K225T; T350I,1
I183T; G220V; K225T; S372N,1
S6T; N161Y; Y190S; G220V; K225T; C231S,1
Q53*; G220V; K225I; I227V,1
N46S; G220V; K225I; I227V; V345I,1
G220V; K225I; I227V; N388S,1
S6T; S32A; H56L; Q75T; S76T; T88Q; D121P; K225I; S372A; E373R; G374V; Y375I; N376T; I377S; N378T; N379T; L380*; K381R; V382*; N383T; F384L; R385E; G386V; Q387R; N388M; A389Q; N390I; L391*; N392T; P393R; R394V; I395L; I396S; K397N; P398R; I399L; T400P; G401V; R402V; G403A; L404W; V405L; K407R; I408S; I409F; R410V,1
K225I; C231R; N243S,1
G220V; K225I; I227V; K323R,1
G220V; K225T; C231S; Y332C,1
L98P; S162I; K225I,1
Y20H; E154G; K225I,1
G101S; K225I; K381R,1
I86T; M151I; K225I; C231R,1
K225I; C231R; S292N; S318N,1
G220V; K225T; C231S; R385S,1
Y69H; E154G; K225T,1
G25S; L98P; E154G; K225I,1
N92K; I102M; K225I; C231R; S292N; P398H,1
N92S; I199S; K225I,1
D128Y; G220V; K225I; I227V,1
M1T; G220V; K225I; I227V,1
G101S; K225I; D326G,1
N161Y; K225I; R348H,1
E44*; G220V; K225T; C231S,1
G220V; K225T; C231S; L363F,1
P112A; S163Y; G220V; K225T; C231S,1
G64S; S162C; G220V; K225T,1
Y190C; G220V; K225T; C231S; R385K,1
T59I; A182E; I199N; G220V; K225T,1
I42S; S162I; N164S; K225I; I233V,1
L98P; G220V; K225I; I227V; N320D,1
S162C; P206L; G220V; K225I; I227V; T230M,1
G220V; K225I; E250K,1
E106D; G220V; K225T; G226S,1
K225I; C231R; S284I; S292N,1
G220V; K225I; I227V; A283T,1
N111S; G220V; G223V; K225I,1
S162I; I199S; G220V; K225I,1
G220V; K225I; N379S,1
D70Y; E154G; A207S; K225I,1
M211I; I215N; G220V; K225I; I227V,1
Q27R; G220V; K225T,1
Y68C; S162C; G220V; K225T,1
I18V; G220V; K225T; I316V; T341P,1
G220V; K225T; C231S; N388D,1
S66Y; I134N; G220V; K225T; C231S; N322D,1
D15N; S162C; G220V; K225I; I227V; N362S,1
G220V; K225T; N383Y,1
H216Y; G220V; K225I,1
E154G; K225I; E349G; Y355C,1
I199S; K225I; G401C,1
K225I; C231R; S287N; S292N,1
N46S; S162C; G220V; K225I; I227V,1
N161Y; K225I; I396L,1
K225I; E250K,1
F55L; K225I; C231R,1
G220V; K225T; C231S; L276F,1
G220V; K225T; C231S; I327V,1
G220V; K225T; G403D,1
D81Y; S162C; G220V; K225T,1
T59I; G220V; K225I; C231R; S292N,1
G220V; K225T; C231S; I302T,1
N118Y; G220V; K225T; C231S; I409T,1
S6A; G220V; K225I,1
T50I; D81Y; G220V; K225T; C231S,1
H125R; F178S; G220V; K225T; C231S,1
Q53*; S162C; G220V; K225I; I227V,1
I134V; S162C; G220V; K225I; I227V,1
G220V; K225I; I227V; F343V; R402L,1
H125Y; K225I; Q354R,1
E106A; G220V; K225T; C231S,1
I102L; G220V; K225T; C231S,1
I199S; K225I; Q235*,1
N175H; G220V; K225I; I227V,1
N95K; S162C; G220V; K225T,1
I48V; G220V; K225T; C231S,1
N10D; E154G; K225I; K407E,1
N161Y; K225I; R385I,1
G177V; G220V; K225T; C231S,1
H56Y; A182S; K225T; C231S,1
T160S; S162C; G220V; K225T,1
M211I; G220V; K225I,1
S6T; S67N; G220V; K225I; I227V; C231R; V265A,1
D81N; N138D; K225T; R385K,1
Q75R; N200S; K225I,1
G220V; K225T; C231S; G257D,1
G24D; E154G; K225T,1
Y69H; G220V; K225T,1
G220V; K225I; I227V; G401D,1
M1T; G220V; K225T; C231S,1
G220V; K225I; I227V; Q304*,1
I102L; K225T; Q290*,1
I199S; G220V; K225I; I227V; C231R,1
S162I; I199S; K225I; N365D,1
S60G; G220I; K225I,1
N46D; K225T,1
K225T; N365D; R385K,1
D81G; I199S; K225I; V319L,1
T17S; I41V; S162C; G220V; K225I; I227V,1
G220V; K225T; G401C,1
D81Y; L98P; K225I,1
E154G; Y190C; K225I,1
K3E; S162C; G220V; K225T,1
A110T; K225I; N365D,1
Q27K; L98P; K225I,1
R193H; G220V; K225I; I227V; S333L,1
H56P; K225I,1
Q141K; N161Y; K225I,1
E154G; K225I; D301V,1
E154D; S162C; G220V; K225T,1
G220V; K225T; C231S; K330N,1
N197D; I199S; K225I,1
S162C; G220V; K225T; Q237H; I241V,1
S162C; G220V; K225T; F358S; N378S,1
E154G; K225I; S318R,1
G220V; K225T; C231S; N293D; N362S,1
G220V; K225T; C231S; K306E,1
S198L; K225T; C231S; Q235R,1
P206S; G220V; K225T; R410C,1
N161Y; P173S; K225I,1
M1I; K225T; C231S,1
S162C; N197S; K225I,1
S163A; G220V; K225T,1
S32N; K225I; C231R; S292N,1
G220V; K225I; I227V; T341N,1
G220V; K225T; D338Y; S361F,1
F136L; D205N; K225L,1
K225T; G374V; Y375I; N376T; I377S; N378T; N379T; L380*; K381R; V382*; N383T; F384L; R385E; G386V; Q387R; N388M; A389Q; N390I; L391*; N392T; P393R; R394V; I395L; I396S; K397N; P398R; I399L; T400P; G401V; R402V; G403A; L404W; V405L; K407R; I408S; I409F; R410V,1
E154K; G220V; K225I; I227V; Q295R,1
H56P; G220V; K225T; C231S,1
G220V; K225T; N258S,1
K225I; C231R; S292N; T341A,1
K37R; E154G; K225I; I227V; Y355C,1
S6T; S32A; N164S; G220V; K225T; C231S,1
S6T; S32A; S162C; G220V; K225T; V345I,1
S174N; K225I; C231R,1
E28D; E154G; K225I,1
E154G; P173L; K225I; Y357S,1
K225T; C231S; I282L,1
L98P; G220V; K225I; I227V; I233L,1
G220V; K225T; C231S; D259Y,1
E154G; Y171C; G220V; K225I,1
P2L; T88I; N122D; S162C; G220V; K225T,1
S162C; G220V; K225T; F384S,1
V87M; E154G; K225T,1
S6T; S32A; L98P; K225I; Y355H,1
G220C; K225T,1
K225I; S372A; E373R; G374V; Y375I; N376T; I377S; N378T; N379T; L380*; K381R; V382*; N383T; F384L; R385E; G386V; Q387R; N388M; A389Q; N390I; L391*; N392T; P393R; R394V; I395L; I396S; K397N; P398R; I399L; T400P; G401V; R402V; G403A; L404W; V405L; K407R; I408S; I409F; R410V,1
N138D; E159K; K225I,1
S162C; G220V; K225T; I262T,1
I199S; K225I; E251G; D301G,1
N111D; G220V; K225T; C231S,1
L98P; I199N; K225I; K288E; L309M,1
E44D; K225I; C231R; S292N,1
G220V; K225I; S284G,1
P2H; G220V; K225T; K356R,1
D65G; N161Y; G220V; K225T; C231S,1
K225I; D325N; K342E,1
V13I; K225T; C231S,1
A182V; I199S; K225I,1
S6T; S32A; S66F; G220V; K225T,1
S162C; G220V; K225T; K329N,1
I42V; S162C; G220V; K225T,1
G220V; K225T; C231S; Y268C,1
D77N; S162C; G220V; K225T,1
S187F; G220V; K225I; I227V,1
I102T; N161Y; K225I,1
K225T; C231S; R394H,1
S60G; G101S; K225I,1
L61M; N195S; G220V; K225T; C231S,1
G220V; K225T; I247V,1
V87M; Y113H; E154G; K225I,1
P120L; K225I; D325N,1
S6T; S32A; G220V; K225T; C231S; I409T,1
L84P; E154G; K225I; S284G,1
F7L; G220V; K225T; C231S,1
S140N; G220V; K225T; F343L,1
G220V; K225I; C231R; S292N; E373V,1
S162T; S163F; G220V; K225T,1
G220V; K225T; C231S; Q295R,1
D81N; K225I; C231R,1
G220V; K225I; I227V; L260Q,1
S6T; L208P; G220V; K225I; I227V,1
G220V; K225I; I227V; N243S,1
M1V; G24V; G220V; K225T; C231S,1
D15H; G101S; K225I,1
H56R; G220V; K225I,1
G220V; K225T; C231S; S314N; I316N; Q344N,1
G220V; K225T; C231S; I302V,1
L98P; E105*; K225I,1
A182V; K225Q,1
E154K; G220V; K225I; I227V; K323N,1
S6T; G220V; K225T; C231S; G257D,1
K225I; C231R; S292N; T341I,1
S6T; K31R; L98P; K225I,1
G24D; S60G; G220V; K225T,1
T209S; G220V; K225T; C231S,1
G25D; G220V; K225I; I227V,1
T59I; L98P; K225I,1
Q141*; S162C; G220V; K225I; I227V,1
E106*; K225T; C231S; Y268F,1
V87M; I199S; G220V; K225I,1
S198T; I199D; G220V; I302T,1
K225I; C231R; S292N; L364M,1
D77N; T209A; G220V; K225T; C231S,1
S162I; G220V; K225T; C231R; N248S,1
S162C; G220V; K225T; S292T,1
G220V; K225I; N238S,1
E28K; D54N; K225I,1
G101S; K225I; C231R; N390S,1
D54A; S162C; G220V; K225T,1
Q53R; G220V; K225T,1
G49S; L98P; K225I; N390I; L391*; N392T; P393R; R394V; I395L; I396S; K397N; P398R; I399L; T400P; G401V; R402V; G403A; L404W; V405L; K407R; I408S; I409F; R410V,1
G220V; K225I; I227F,1
N197S; K225T; C231S,1
K225I; I232F,1
L61M; K225I; C231R; S292N,1
S6T; S32A; E154G; F194V; K225I,1
L98P; S99P,1
S6T; F194L; K225I,1
I199S; K225I; D325N,1
S6T; E154G; N170S; K225I; Y375H,1
K22N; R82L; P120S; G220V; K225T; C231S; A313V,1
S6T; I41V; S162C; G220V; K225T; K397R,1
L98P; I102M; K225I; C231S,1
L98P; I165T; K225I; Q236R,1
F194L; K225I; C231R,1
I199S; K225I; Q235K,1
H56Y; G220V; K225I; I227V; S292I,1
G220V; K225T; C231S; I321T,1
F83S; G220V; K225T,1
P2S; N161Y; K225I,1
Y69H; K225T; C231S,1
S162C; S187P; G220V; K225T,1
P146L; N164T; K225I; C231R; S292N,1
G220V; K225I; I227V; D310N,1
S162C; G220V; K225T; I241M,1
S32A; H56L; S162I; S163F; S198T; I199D; K225T,1
G220V; K225I; Y355H,1
G220V; K225T; Y299F,1
G220I; K225I; I227V; V345I,1
S6T; G220V; K225T; C231S; K342Q,1
G101S; S163P; K225I,1
R16S; T50P; K225I; C231R; S292N,1
S6T; S32A; H56L; T88A; G220V; K225T; C231S,1
T17S; S162C; G220V; K225T,1
S108N; I199S; K225I,1
M172I; G220V; K225I,1
R16H; G49S; G220V; K225T; C231S,1
G220V; K225T; C231S; I232L; E250*,1
M36I; F136L; G220V; K225T,1
E154G; K225I; K346E,1
T185P; I199S; A207V; K225I; T264S,1
S6T; S32A; H56L; Q75T; S76T; S162C; G220V; K225I; I227V,1
K225Q; D326G,1
G220V; K225T; C231S; V319L,1
G220V; K225T; C231S; I395V,1
G220V; K225T; C231S; V289G,1
G220V; K225T; C231S; N238S; Q304*,1
K225I; T400A,1
K225I; C231R; S292N; P393T,1
S6T; S32A; H56L; Q75T; S76T; T88Q; D121P; S162I; S163F; S198T; I199D; N390I; L391*; N392T; P393R; R394V; I395L; I396S; K397N; P398R; I399L; T400P; G401V; R402V; G403A; L404W; V405L; K407R; I408S; I409F; R410V,1
I35V; E154G; F194L; K225I,1
F55L; K225I; C231R; S292N,1
N96S; S162C; G220V; K225I; I227V,1
K225I; K285N,1
P57L; G220V; K225T; C231S,1
G64S; G220V; K225T,1
I39V; G101S; K225I,1
H56L; G220V; K225I; I227V; V265A,1
I42T; G220V; K225T; C231S,1
G220V; K225I; I227V; L404Q,1
E154G; F194L; K225T; C231S,1
N92K; I199S; K225I,1
H56Y; R93L; K225I; I247V; K306E,1
I18V; G220V; K225I; I227V,1
P120T; G220V; K225T; C231S,1
S99A; S162Y; G220V; K225T; N277D,1
K225I; C231R; I321N; V345A,1
I35V; G220V; K225I; I227V,1
E154G; K225I; T230I,1
Q75*; K225L; Q237K,1
S162C; G220V; K225T; C231R; D259Y; K311R,1
Y20H; E201*; G220V; K225I; I227V,1
S6T; G220V; K225I; I227V; I316V,1
Q75*; K225I; C231R; G256V,1
S162C; D205N; G220V; K225T,1
Y9H; P173S; G220V; K225I; I227V,1
C26Y; K225T; C231S,1
E28K; G220V; K225I,1
A129T; K225I; C231R,1
G220V; K225T; F337L,1
E105A; E154G; S162I; K225T,1
S32N; K225I; C231R; S292N; K407E,1
S6T; G24D; G220V; K225T,1
L98P; N118H; K225I,1
E28K; P43T; V184I; K225I; T228S,1
G179D; K225T,1
S162C; G220V; K225T; D326N,1
I199S; K225I; Q354*,1
E154K; G220V; K225I; I227V,1
G101S; K225I; S314N; I316N; Q344N,1
I90V; G220V; K225T; C231S,1
E189K; G220V; K225T,1
E154G; K225T; R402H,1
S191*; K225L; V405A,1
L98P; K225I; T350S,1
S162C; G220V; K225T; D325G,1
S6T; K225I; C231S,1
I199S; K225I; E250A,1
T209N; G220V; K225I; I227V; V345I,1
I199S; G220V; K225I; I233N; G315V,1
G127S; S162C; G220V; K225I; I227V,1
G220V; K225I; I227V; E250K,1
S76N; E154G; K225I; V319I,1
R45H; K225I; C231R,1
G220V; K225I; I227V; N379S,1
L98F; G220V; K225T; C231S,1
K225M; Q344N; N365D,1
I102V; I199S; G220V; K225I; T230M,1
F91L; S162C; G220V; K225T,1
T17N; K225I; I227T; N365D,1
K225I; D325N; S333L,1
A207E; K225T; C231S,1
P23S; S162C; G220V; K225I; I227V,1
N122D; I199S; K225I,1
E154G; K225I; D326Y; V345A,1
S162Y; G220V; K225T,1
M1I; E154G; K225I; A266E,1
G177R; G220V; K225T; C231S,1
I90V; I199S; K225I,1
M172L; K225T; K407E,1
E154G; K225T; Y268H,1
I199S; K225I; Q354K,1
S67I; E154G; K225I; V291A,1
R168S; G220V; K225I,1
S162I; V184A; G220V; K225T,1
G24R; G220V; K225T; C231S,1
G49D; K225I; N248S; P298S,1
S6T; G220V; K225I; R280H,1
K225I; C231R; S292N; D326A,1
I42V; E154G; K225I,1
D11N; G220V; K225T; C231S,1
G220V; K225T; N379K,1
K225I; C231L; S292N,1
I35M; G220V; K225T,1
S6T; H56L; Q75T; S76T; S162C; G220V; K225T,1
H212R; K225I; N248S,1
G101S; G220V; K225M; I227V,1
S6T; G220V; K225T; C231S; I247V,1
N175H; G220V; K225T; S372N,1
S32G; G220V; K225I; I227V,1
A153T; G220V; K225T; R410C,1
I199S; K225I; I262V,1
E154G; S162I; K225T; P398T; I399D; T400Y; G401R; R402S; G403W; L404P; V405G; K406*; I408D; I409H; R410S,1
N111D; K225I,1
S6T; S32A; Q75*; E106D; N161Y; K225I,1
P43T; G220V; K225I; I227V,1
G220V; K225T; C231S; Q236*,1
K225I; C231R; S292N; A389T; K407E,1
G101S; H125Y; G177C; K225I,1
S6T; Y113H; G220V; K225T; C231S; K407N; I408K; R410E; F411E,1
A207V; K225I; C231R; S292N,1
G220V; K225I; E373K,1
V132F; N138D; K225I,1
K225I; L275S,1
N169D; K225T; G226D; C231S,1
M1I; Q53R; S162C; G220V; K225T,1
E189G; G220V; K225T; C231S,1
A224V; K225T; C231S,1
V148I; G220V; K225T,1
S6T; N175S; G220V; K225T,1
K225I; C231R; S292N; A313E; G401D,1
S6T; S32A; H56Q; N161Y; K225I,1
D15G; S162C; G220V; K225T,1
R193C; G220V; K225T,1
G25V; G220V; K225T,1
I199S; K225I; I227V,1
D81Y; L98P; K225I; K359R,1
K225T; T228P; C231S,1
A182V; G220V; K225I; I227V,1
E154G; K225I; N248I; G401D,1
G220V; K225I; I227V; T228A,1
G220V; K225T; C231S; I262V,1
Y190H; G220V; K225I; I227V,1
Q75K; D121P; S162I; S163F; K225I; C231R; S292N,1
L98P; K225I; G226D,1
L98P; K225I; D325Y,1
I39V; S162C; G220V; K225T; K381R,1
H219R; K225I; S318N,1
G220V; K225I; I232V,1
S162C; G220V; K225T; N365S,1
T88I; G220V; K225T,1
I199S; F202L; K225I,1
E154G; K225I; K288Q; N370S; I408N,1
P23S; K225I; C231R; S292N; V382M,1
S162C; M172T; G220V; K225T,1
S162C; I183L; G220V; K225T,1
S6A; K225I,1
N14S; K225I,1
S32R; S162C; G220V; K225T,1
K225I; C231R; I302T,1
E154G; S162I; F192L; K225T,1
S76G; P112S; S162C; G220V; K225T,1
S6T; S32A; H56L; K225I; Q290K,1
M172I; K225I; C231R; S292N,1
S162C; S166A; G220V; K225T; S292N,1
S130Y; K225I; C231R; S292N,1
F83L; G220V; K225T; C231S,1
L98P; E154G; Y222H; K225I,1
G220V; K225T; C231S; S292N; V405I,1
E154G; K225I; Q290*,1
L98P; A129E; K225I,1
S66F; G220V; K225T; I327S,1
E28A; K225I; C231R; S292N,1
G220V; K225T; N277S,1
G220V; K225T; I262V; T350A,1
K62E; E154G; K225I,1
E154G; K225I; N383S,1
G25C; G220V; K225T,1
S162C; G220V; K225T; F337L; L363F,1
H176N; G220V; K225T; C231S,1
S6T; S32A; T185A; G220V; K225I; I227V,1
K225I; T228I,1
S6T; S32A; G220V; K225I; I227V; N362D,1
N164K; G220V; K225T; C231S,1
S108I; N175S; G220V; K225T,1
F158S; G220V; K225I; I227V,1
K225I; C231R; S292I,1
G220V; K225I; G401C,1
K225I; C231R; S292N; L363F; L364A; N365E; D366R; S367L; I368Y; Y369L; N370Q; I371Y; S372*; E373R; Y375L; N376*; I377H; N378Q; N379Q; K381E; V382G; N383E; F384L; R385*; G386R; Q387S; N388E; A389C; N390K; L391S; N392E; R394A; I395Y; I396Y; K397Q; P398T; I399D; T400Y; G401R; R402S; G403W; L404P; V405G; K406*; I408D; I409H; R410S,1
S32A; G220V; K225T; N390D,1
Y30H; S162C; G220V; K225T,1
G220V; K225T; N390D,1
S6T; Y222F; K225I,1
N197D; G220V; K225I; I227V,1
K225T; T228P,1
G220V; K225T; T350A,1
S6T; G220V; A224S; K225T; C231S,1
N138D; G220V; K225I; F343S,1
G220V; K225T; C231S; N269I,1
E154G; S162I; K225T; E349K,1
N195S; I199S; K225I,1
G220V; K225I; I227V; D312Y; V345I,1
F124S; G220V; K225T; C231S,1
I41V; G220V; K225I,1
G220V; K225T; C231S; L286F,1
S162C; H216Y; G220V; K225I; I227V,1
R16H; L98P; K225T,1
N10D; I199S; K225I; V345I,1
S6T; W40*; S66F; G220V; K225I; I227V,1
G220V; K225I; R280H,1
I41V; K225T; C231S,1
G220V; K225T; I396Y; K397Q; P398T; I399D; T400Y; G401R; R402S; G403W; L404P; V405G; K406*; I408D; I409H; R410S,1
S6T; K85E; N122D; S162C; G220V; K225T,1
G220V; K225I; I227V; I396T,1
D54N; G220V; K225T; C231S; V265A,1
G220V; K225I; I227V; N243S; I409V,1
E154G; S162I; S163F; K225T,1
Q141H; K225T; C231S,1
H212Y; G220V; K225T,1
I199S; K225I; A266E; P298L; E349K; R394S,1
T160M; G220V; K225T; T341A,1
G101D; E154G; S162I; K225T,1
K22E; K225I; C231R; S292N,1
S162C; G220V; K225T; A313V; V405A,1
E154G; K225I; I316T,1
K225T; D326N,1
D54N; K225T,1
S162C; S166P; G220V; K225I,1
S60R; V184I; G220V; K225T,1
G220V; K225T; R348L,1
T17P; S162C; G220V; K225T,1
R82L; G101S; K225I,1
H125Y; I199S; K225I; Y272C; Y355H,1
S6T; E154G; S180T; K225I,1
E154G; K225I; T242A,1
G220V; K225I; I227V; C231R; G403S; R410C,1
P57S; E154G; K225L,1
E28K; K225L; D326N,1
S6T; S32A; H56Y; K225I; C231R; S292N,1
S6T; E154G; F194I; K225T,1
H125L; G220V; K225T; C231S; K407N; I408K; R410E; F411E,1
S162C; R168G; G220V; K225T,1
S162C; G220V; K225I; I227V; T230A,1
E154G; K225I; C231R; S292N; F337L,1
M1V; I199S; K225I; C231R,1
I42V; K225I; C231R; S292N; V345I; K407E,1
P43S; I199S; K225I,1
S6T; E154G; K225I; K346E,1
K80R; S162C; G220V; K225I; I227V,1
G220V; K225T; Q295R; G401C; R410C,1
E189D; I199S; K225I,1
A153S; K225I,1
N164S; K225I; S292R; E373K,1
D121N; K225T,1
S162C; G220V; K225T; Q236H,1
V13F; G220V; K225I; I227V,1
S76N; K225I,1
G220V; K225I; I227V; I408K; I409E; R410F; F411L,1
M151I; G220V; K225T; C231S; D338N,1
S162C; G220V; K225T; R410S,1
K225T; C231S; I232T,1
N164K; I199S; K225I,1
V184A; K225T; C231S,1
L98P; K225I; T242S,1
I18L; D205Y; G220V; K225T,1
N72S; I199S; K225I; I227V,1
P120T; G220V; K225T,1
G220I; K225I; I227V; Y268H,1
D70N; S162C; G220V; K225T,1
F55L; G220V; K225T; C231S,1
K225L; K329R,1
S6T; G220V; K225T; Y299F,1
Y20C; S162C; G220V; K225T,1
S6T; P155T; G220V; K225T; C231S,1
K225I; Y332*,1
G220V; K225I; Q354*,1
S32A; E154G; K225I,1
Q75T; S76T; T88Q; D121P; S162I; S163F; G220V; K225T; C231S,1
G24V; I102S; S162C; G220V; K225T,1
S6T; E79K; S162C; G220V; K225T,1
E106K; G220V; K225T,1
P206L; G220V; K225I; I227V,1
T185I; K225I,1
S162I; S163F; G220V; K225I; I227V; G403S,1
S162C; G220V; K225T; E336G,1
D70E; K225N; Y369*; N370I; I371L; S372A; E373R; G374V; Y375I; N376T; I377S; N378T; N379T; L380*; K381R; V382*; N383T; F384L; R385E; G386V; Q387R; N388M; A389Q; N390I; L391*; N392T; P393R; R394V; I395L; I396S; K397N; P398R; I399L; T400P; G401V; R402V; G403A; L404W; V405L; K407R; I408S; I409F; R410V,1
G220V; K225I; I227V; Q295R,1
K225I; C231R; N365D; N388S,1
G220V; K225I; I227V; V289M,1
G24S; G220V; K225T; C231S,1
E154G; R193C; K225I,1
F124L; K225I; N258D,1
G220V; K225I; A283T,1
K80N; K225I; C231R; S292N,1
N122D; G220V; K225T; I227V,1
S162C; G220V; K225T; I409T,1
E106*; S162C; G220V; K225T,1
S162C; G220V; K225T; K288R; S372N,1
E159K; K225T; C231S,1
S6T; S32A; G100C; G220V; K225T; C231S,1
V132L; S162C; G220V; K225T; T341A; Q344P,1
I199S; K225I; N388D,1
G220V; K225I; I227V; L275S,1
G25V; K225I; K406*,1
K62N; N175H; G220V; K225T,1
G220V; K225I; I227V; Q267P,1
L19M; G220V; K225T; C231S; I409T,1
S162C; G220V; K225T; V405F,1
I199V; G220V; K225I,1
S162C; G220V; K225T; I263T,1
M36V; G220V; K225T; C231S,1
G220V; K225T; C231S; S314N; I316N,1
I35T; G220V; K225T,1
S6*; E154G; K225I,1
S162C; G220V; K225I; I227V; F252L,1
S6T; E154G; S162I; K225T; S292I,1
K225T; C231S; V289G,1
L98P; G220V; K225I; I227V; A313S,1
N34I; G220V; K225I; I227V; S314N; I316N,1
Q27K; W40C; S162C; G220V; K225T,1
G220V; K225I; I227V; T350A,1
D11Y; G220V; K225T; C231S,1
S108I; K225I; C231R,1
N97K; L98P; K225Q; C231S,1
Q27K; K225I; C231R; I352T,1
G220V; K225T; C231S; N238D,1
E154G; K225I; K330Q,1
N111S; G220V; K225T; C231S,1
V13I; K225I; Q354R,1
S6T; A207T; G220V; K225T; C231S,1
I199S; K225I; T350A,1
P206L; G220V; K225T; C231S,1
I126V; G220V; K225T; C231S,1
M151I; S162C; G220V; K225T,1
N46K; K225T,1
I143V; E154G; K225I,1
S166A; I199S; G220V; K225I; L296P; V382M,1
G220V; K225I; K288Q,1
S6T; G101S; K225T; T229M,1
E154G; A224T; K225I,1
N138D; S187P; K225Q,1
P112Q; E154G; S162I; K225T,1
K225T; S318N,1
S187F; K225I; C231R; S292N,1
S162I; K225T; C231R; N365D,1
K225T; C231R; Y355H,1
G101S; K225I; I262L,1
T59P; K225I; C231R; S292N; G353S,1
T160A; K225I,1
E154G; K225I; S372N; R402C,1
P146S; S162C; G220V; K225T,1
P12L; S162C; G220V; K225T,1
S6T; L98P; G220V; K225T; C231S; Y355H,1
E79A; E154*; G220V; K225T; C231S,1
P58S; K225I,1
G220V; K225I; I227V; V265D,1
P43S; N161Y; K225I,1
N175S; K225I; C231R; S292N; K407E,1
G220V; K225T; G386V; Q387R; N388M; A389Q; N390I; L391*; N392T; P393R; R394V; I395L; I396S; K397N; P398R; I399L; T400P; G401V; R402V; G403A; L404W; V405L; K407R; I408S; I409F; R410V,1
S162I; G220V; K225T; D326N,1
I102L; K225T; N388D,1
N200D; G220V; K225I; I227V; Y355H,1
S162C; N195K; G220V; K225T,1
G220V; K225T; G386C,1
S6T; S32A; H56L; Q75T; S76T; A131T; K225Q; S372R,1
S162C; G220V; K225I; I227V; N383D,1
M1I; I102F; K225T; C231S,1
I199T; G220V; K225I,1
V87M; K225Q; Q344H,1
H56Y; E154G; G220V; K225I; I227V,1
S162C; L210R; G220V; K225I; I227V,1
Q27K; I199S; K225I,1
Y68H; Q141P; G220V; K225T; C231S,1
K225T; C231S; F343L,1
N38S; K225T,1
S76R; I199S; K225I,1
G220V; K225I; I396V,1
I199S; K225I; D325N; P393Q,1
G220V; K225T; C231S; L309M,1
E154G; K225I; I302S,1
K225I; T273P,1
S162C; G220V; K225I; I227V; E349K,1
S60N; N138D; G220V; K225T,1
I41V; S162C; G220V; K225T; K346R,1
S6T; S32A; F136L; G220V; K225I; I227V,1
D121V; E154G; K225I,1
S6T; S32A; K225I; A266E; I302V,1
G101S; F136L; K225I,1
S6T; S162C; I199S; K225I,1
R45C; N92K; K225T,1
S66P; K225I; C231R; S292N,1
A110T; I199S; K225I; Q267R,1
N14D; E154G; K225I,1
M1I; K225I; C231S; D278N,1
S140I; S162C; G220V; K225I; I227V,1
D121P; K225I,1
A110T; T160A; I165S; K225I; C231R; S292N,1
G101S; K225I; D259E,1
G220V; K225T; C231*,1
S6T; S32A; K225L; D338N,1
P155S; K225I,1
H125R; S162C; G220V; K225T,1
S198*; K225T; C231S,1
K225L; D301A,1
G220V; K225I; I227V; S292I,1
S60G; K225I; Y307C; E336G,1
G220V; K225T; C231S; R280S,1
K225I; C231R; S292N; V405I; K407E,1
S6T; G220V; K225T; C231S; D270Y; Q387K,1
L103R; I199S; K225I; K306E,1
E154G; K225I; I302T,1
S108G; G220V; K225T; C231S,1
K225I; C231R; S292N; S361A,1
N111K; K225I,1
W40L; H142R; K225I; C231R,1
S162C; V184F; G220V; K225T,1
K225I; T273A,1
K62N; I199S; K225I; G315V,1
E78K; K225T,1
I39V; G220V; K225I; I227V,1
K225I; V405I,1
Q75T; S76T; S162C; G220V; K225T,1
T50A; K225I; V405I,1
R45H; G220V; K225I; I227V,1
N111D; E154G; K225I,1
I199S; K225I; F255L; F411Y,1
S67G; G220V; K225T; C231S,1
K225L; P298T; A389T,1
S191P; I199S; K225I,1
K225I; C231R; A266T,1
P12L; G220V; K225T,1
A131S; S162C; N164S; G220V; K225T,1
S162C; G220V; K225T; N379K,1
S162C; R193H; G220V; K225T,1
G220V; K225T; P398S,1
L98P; K225I; K407R,1
Q141R; G220V; K225I; I227V; G353D,1
E154G; S162I; K225T; N388S,1
P71Q; G220V; K225T; C231S,1
G49C; G220V; K225T,1
Y171C; I199S; K225I,1
M211V; G220V; K225T; C231S,1
I199S; Y222C; K225I,1
H125Y; G220V; K225I; I227V; G256V,1
N63S; S162C; G220V; K225T,1
L98P; K225I; L404P,1
P58S; I199S; K225I; Q236*,1
S217T; K225I; D325N,1
S6T; S162C; G220V; K225T; N392K,1
N138D; S174N; K225I,1
S32N; K225I,1
L98P; E105D; G220V; K225I; I227V,1
S162C; G220V; K225T; D312N; I352V,1
I199S; K225I; K381R,1
S162C; K225I; E349K,1
N10D; G101S; K225I; T234M,1
N164S; G220I; K225I; I227V,1
S6T; S32A; G101S; G220V; K225T,1
S162C; G220V; K225T; G403D,1
S6T; G220V; K225T; C231S; S372R,1
G220V; K225T; C231S; L296P,1
E133*; K225I; C231R; S292N,1
K225I; N248S; S292R,1
S6T; S32A; L98P; T119A; P120A; K225I,1
K135E; K225I,1
G220V; K225T; D270E; Y299F,1
G220V; K225T; C231S; F384L; R385E; G386V; Q387R; N388M; A389Q; N390I; L391*; N392T; P393R; R394V; I395L; I396S; K397N; P398R; I399L; T400P; G401V; R402V; G403A; L404W; V405L; K407R; I408S; I409F; R410V,1
G220V; K225T; N248D,1
G220V; K225T; C231S; I241V,1
Y30H; G220V; K225T,1
P112L; G220V; K225I; I227V,1
S6T; E28K; L98P; I199S; K225I,1
K225I; C231S; Q304*,1
S6T; E154G; S162I; S163F; K225I,1
G220V; K225I; I227V; Q304H,1
E154G; K225T; D278N,1
K225L; L380S,1
P58Q; K225I; C231R; T264S; S292N; R402L,1
K225I; C231S; N261D,1
S162C; G220V; K225I; I227V; S292R,1
H56Q; K62N; Q75T; S76T; D121P; G220V; K225T; C231S,1
D15Y; K225I; N248S,1
K62N; G101S; K225I,1
I199S; E201A; K225I,1
I199S; K225I; N297K,1
S6T; S32A; H56L; K135R; S162C; N175S; G220V; K225T,1
N138D; K225I; A389T,1
A131V; S162C; G220V; K225T,1
S6T; K225I; C231R; S333P,1
K62T; G220V; K225I; I227V,1
K225T; C231S; A389S,1
V148I; K225I,1
K225I; C231R; S292N; D325N,1
G220V; K225I; I227V; T400P,1
Y68F; E154G; A207V; K225T,1
M1I; P58S; L98P; K225I,1
Y9C; K225I,1
T50I; S66F; L98P; G220V; K225T,1
V47A; S162C; G220V; K225T,1
S130A; N138D; K225I,1
I199N; K225I; F252L,1
N195T; M211I; G220V; K225T; C231S,1
Q75R; A129V; G220V; K225I; I227V,1
G220V; K225T; C231S; T264K,1
G220V; K225I; I227V; V345I; L391M,1
P2L; E154G; K225I,1
S162C; G220V; K225I; I227V; T341I,1
S76R; S162C; G220V; K225T; G256E,1
D121N; K225I,1
S162C; G220V; K225I; I227V; N379D,1
S6T; E28K; E154G; K225T,1
S162C; G220V; K225T; D270E,1
G220V; K225T; I227F; Y357N,1
H212N; G220V; K225T,1
S6T; N161Y; K225I; K406*,1
S6T; P23L; S32A; S162C; G220V; K225T,1
F192L; G220V; K225T; C231S; D325N,1
K225T; Q354R,1
S162C; G220V; K225I; I227V; N362D,1
A110T; N138D; K225T,1
G179V; G220V; K225I; I227V,1
G220V; K225T; C231R; K407N; I408K; R410E; F411E,1
A182T; K225I; C231R,1
S32A; E159K; K225I,1
G220V; K225T; C231S; R348C,1
R45C; K225T; C231S,1
S137I; S162C; G220V; K225I; I227V; Q344K,1
S6T; S162C; K225I,1
L104F; K225I; C231R,1
E28*; I199S; K225I,1
G101S; K225I; E373G,1
Y20C; K225I; C231R; S292N,1
K22T; G220V; K225T; C231S,1
N10S; K225L,1
N96S; E154G; K225I,1
S6T; S32A; S162I; G220V; K225T,1
G220V; K225T; C231S; T242S,1
S6T; L98P; G220V; K225T,1
R82C; E154G; A207S; K225T,1
R82C; S162C; G220V; K225T,1
E154G; S162I; D196N; K225T,1
S162C; I199S; K225I; F343L; I408N,1
S6T; G220V; K225I; I227V; I262M,1
I199S; K225I; N248S,1
Y30H; G220V; K225I; I227V; R410C,1
T119A; E154G; K225I,1
I199S; G220V; K225I; I227V,1
G220V; K225I; Q236K,1
G220V; K225I; I227V; I327T,1
K109R; S162I; G220V; K225T,1
S6T; G220V; K225T; C231S; K406*,1
K225L; Q354R,1
S6T; S32A; K225I; D366E,1
S6T; S32A; D54Y; H56L; K225I; C231R,1
L98P; K225I; Q354R,1
K225T; A266T,1
K225I; C231R; D259Y,1
I199S; G220V; K225I; D325N,1
S60N; G220V; K225T; I249L,1
P57S; S174N; G220V; K225T; C231S,1
G139D; Q141R; S174N; G220V; K225T; C231S,1
G220V; K225T; C231S; N376D,1
N10D; L98P; K225I,1
G220V; K225I; I227V; E349K,1
P52L; K225T; T230K,1
G220V; K225T; T230K,1
Y171F; I199S; K225I,1
S162C; G220V; K225T; N238T,1
G220V; K225T; C231S; L260M,1
N72D; G101S; K225I,1
G220V; K225T; C231S; N390Y,1
S108T; S162C; K225I; C231R; S292N; K407E,1
G220V; K225I; I227V; K300R; G403C,1
Q27K; A182S; K225I; C231R; S292N,1
D121G; G220V; K225T; C231S,1
Y171D; G220V; K225I; I227V,1
H125N; S162C; G220V; K225I; I227V; L260M,1
G101V; S162C; G220V; K225T,1
L98P; M172I; K225I,1
P58L; E154G; K225I,1
E154G; I215N; K225I,1
E154G; K225I; I302V; V319I,1
S162I; G220V; K225T; I227F,1
S162C; H176N; E201G; G220V; K225I; I227V,1
E154G; K225I; K342R; Q354R,1
R16H; E154G; K225I,1
P120T; E154G; K225I; F343L,1
S162C; Q204*; G220V; K225I; I227V,1
E154K; K225I,1
Y113S; G220V; K225I; I227V,1
I183S; G220V; K225I,1
M1I; L98P; K225I,1
F55S; K225L,1
T59I; G101S; K225I,1
D54Y; G220V; K225I; I227V,1
K225I; E305D,1
H56Y; S162C; G220V; K225T,1
K225I; C231R; N238T,1
G220V; K225I; D270N,1
S162C; S174I; G220V; K225T,1
K225I; C231R; S292N; I377T,1
S162C; G220V; K225T; F358L,1
M172T; G220V; K225I; I227V,1
I150T; E154G; K225I,1
L84M; G220V; K225T,1
N14D; G101S; K225I,1
K225L; T229K,1
L214M; G220V; K225T; C231S,1
F33L; K225I,1
N10K; G220V; K225T,1
S163F; K225I; C231R,1
G220V; K225I; V319I,1
F136L; K225I; C231R; D278N; S292N,1
S6T; G101S; K225I; C231R,1
D15G; G220V; K225T,1
S6T; S32A; G220V; K225T; C231S; E305K,1
T50A; G220V; K225T; C231S; P294S,1
R16C; G220V; K225T; C231S,1
G220V; K225T; C231S; Y332*,1
S162C; G220V; K225T; C231S; E250K,1
V148I; K225T; C231S,1
G220V; K225T; Q344K,1
G220V; K225T; S284R,1
S162C; G179V; G220V; K225T,1
E154G; S166F; F194L; K225I,1
T59I; K225L,1
G220V; K225T; F384L; R385E; G386V; Q387R; N388M; A389Q; N390I; L391*; N392T; P393R; R394V; I395L; I396S; K397N; P398R; I399L; T400P; G401V; R402V; G403A; L404W; V405L; K407R; I408S; I409F; R410V,1
A110V; N122D; G220V; K225T; C231S,1
K225I; C231R; S292N; S372N,1
T88I; E154G; P155T; K225I,1
M1L; N10D; Q123R; I199S; K225I,1
G139A; K225T,1
Y68F; G220V; K225T; C231S,1
G220V; K225T; C231R; R348H,1
S6T; C26R; G220V; K225I; I227V,1
E154G; S162I; S163P; K225T,1
S6T; G220V; K225T; C231S; Y268H,1
S6T; G220V; K225I; C231R; S292N,1
S6T; S32A; N138D; G220V; K225I,1
P173S; K225T; T230K,1
G220V; K225T; C231S; I249V,1
P2T; E154G; K225I,1
E105A; G220V; K225I; I227V,1
S162C; G220V; K225I; I227V; N238K,1
G220V; K225T; C231S; R348S,1
M36I; N175H; G220V; K225T,1
S162C; G220V; K225T; Q354*,1
G220V; K225T; V382L,1
G220V; K225T; I396T,1
F33V; G220V; K225T; C231S; Y351H,1
K225T; T230K; P298S,1
S162C; G220V; K225T; A340E,1
G177V; G220V; K225I; I227V; T228I,1
I41V; K225I; Q354R,1
S6T; G220V; K225T; A266E; D270Y,1
L167M; G220V; K225T; C231S; I396V,1
G220V; K225T; C231S; A266E; C347R,1
S162C; G220V; K225T; L364M,1
K225I; C231R; I262S,1
N92S; E154G; K225I,1
N122D; S162C; G220V; K225T; N378D,1
L98P; K225I; I302V,1
I199S; K225I; G256E; N293D,1
Q141K; K225T; C231S,1
S6T; S32A; G220I; K225I; I227V,1
K225T; C231S; N258D,1
N95T; G220V; K225T; C231S,1
G220V; K225I; I227V; F358S,1
L98P; S180F; K225I; C231R; S292N,1
G220V; K225T; C231S; D259N,1
S162C; G220V; K225T; I371T,1
N72K; G220V; K225I; I227V; F358V,1
G220V; K225T; C231S; Y268S; I327S,1
G220V; K225T; C231S; I263V,1
G220V; K225T; C231S; Q235R,1
Q141R; K225T; I227T; D326N,1
A224V; K225I; C231R; S292N,1
S162C; G220V; K225I; I227V; I247T,1
G101S; L214Q; K225I,1
S6T; E154G; K225I; C231R,1
N122D; K225I; C231R; S292N,1
G220V; K225I; I227V; I263V,1
K225T; C231S; T341S,1
G220V; K225T; C231S; S292C,1
G220V; K225T; C231S; Y351C,1
N111D; A129S; G220V; K225T; C231S; K407N; I408K; R410E; F411E,1
G220V; K225I; I227V; D338G,1
V184G; G220V; K225I,1
D205N; K225I; C231R; S292N,1
T51A; N161Y; K225I,1
L98P; N164S; K225I; I368T,1
G220V; K225T; F358S,1
S162C; G220V; K225T; I399T,1
S6T; S32A; E154G; G220V; K225T,1
K22N; R82L; P120S; G220V; K225T; C231S,1
L98P; E154G; S162I; K225T,1
N122K; E154G; G220V; K225I; I227V,1
E154G; F186L; K225I,1
G220V; K225T; C231S; T400A,1
D54G; G220V; K225T; A389V,1
S6T; S32A; D54N; H56L; Q75T; S76T; G220V; K225T; C231S,1
D121P; M211I; K225I,1
S162C; G220V; K225I; I227V; D301N,1
E154G; K225I; D278G; N392S,1
G220V; K225T; P239S,1
E154G; G220V; K225I; L391P,1
S162C; G220V; K225T; V319I,1
D54N; E154G; K225I,1
I86V; G220V; K225I,1
S6T; N122D; E154G; M211I; K225I,1
P120T; K225I; N248S,1
G220V; K225I; K356Q,1
K225I; N248Y,1
S6T; M172L; K225T; C231S,1
S32A; K225I; K406*,1
S6T; S32A; Q53R; G220V; K225T; C231S; T273I,1
E154G; K225I; G403D,1
E213D; K225T; C231S; L404P,1
S162C; I181V; G220V; K225I; I227V,1
G223D; K225Q; I409T,1
N10D; I199S; K225I,1
E28A; K225I; C231R; S292N; T400P; G401V; R402V; G403A; L404W; V405L; K407R; I408S; I409F; R410V,1
S162C; G220V; K225T; G308D,1
Y30H; N111D; E154G; K225I,1
S6T; S32A; G220I; K225T,1
S6T; S32A; G220V; K225T; C231S; N238S,1
M36I; G220V; K225I,1
A153T; G220V; K225T; V319A,1
N138D; K225I; G257S,1
G220V; K225I; I227V; G374V; Y375I; N376T; I377S; N378T; N379T; L380*; K381R; V382*; N383T; F384L; R385E; G386V; Q387R; N388M; A389Q; N390I; L391*; N392T; P393R; R394V; I395L; I396S; K397N; P398R; I399L; T400P; G401V; R402V; G403A; L404W; V405L; K407R; I408S; I409F; R410V,1
S162C; G220V; K225T; I262M,1
S6T; S32A; G101S; K225I; N362D,1
S162C; G220V; K225T; S284I,1
S6T; D15A; S32A; H56L; E154G; K225I,1
I199S; K225I; K311E,1
G220V; K225T; C231S; L331M,1
G220V; K225T; Y279N,1
N175H; K225Q,1
N164T; K225I; C231R; S292N,1
S6T; S32A; L98P; K225I; R410H,1
K225T; S284R,1
I48T; K225I; C231R; S292N,1
L98P; N197D; K225I,1
K225I; C231R; F255L,1
G220V; K225T; T242A,1
K225M; C231R; S284N; S292N,1
S163F; G220V; K225T; C231S; N293D,1
V87M; S162C; G220V; K225T; L276F,1
S6T; S32A; N122D; K225I,1
N63D; G220V; K225I; I227V,1
S6T; D65Y; E154G; K225I,1
H125Y; K225I; C231R,1
P206L; G220V; K225T,1
G220V; K225T; C231S; A313T,1
A182T; K225T; C231S,1
N197S; I199S; K225I,1
K225T; C231S; G315S,1
S76N; I199S; K225I,1
N63S; L98P; E133K; S162C; G220V; K225T,1
H212N; K225I; C231R; S292N,1
S6T; S32A; H56L; G220V; K225I,1
S162C; G220V; K225I; I227V; T400P,1
K225I; V405F,1
H219Y; K225I; A283V,1
Y68F; G220V; K225I; I227V,1
E154G; K225I; D312A; I327V,1
Q141K; G220V; K225T,1
V132A; G220V; K225T; C231S,1
Q75K; S162C; G220V; K225T,1
S6T; K62N; G220V; K225T; C231S,1
S191P; G220V; K225I; I227V,1
H56L; S162I; G220V; K225T; G308C,1
E189G; I199S; K225I; E349K,1
S137I; G220V; K225T,1
G220V; K225I; I227V; N269K,1
G220V; K225T; C231S; Q295*,1
Q27H; G220V; K225T; C231S,1
P23L; E154G; K225I,1
K225I; C231R; P239L,1
T17A; G220V; K225I; I227V,1
I199S; H216P; K225I,1
K225T; P393Q,1
I35L; E154G; K225I,1
K225T; C231S; K245R,1
G220V; K225I; I227V; N269T,1
G220V; K225I; I227V; Y355C,1
K31*; S162C; G220V; K225T,1
E154G; K225I; L276P,1
K225I; V265I,1
K225I; I232T; N248S; K397E,1
L107R; G220I; K225I; I227V,1
G220I; K225I; Y317H,1
E28G; S162C; G220V; K225T,1
G220V; K225T; C231R; Q387*,1
S6T; S32A; N161Y; K225I,1
S162C; G220V; K225T; S287R,1
S6T; S32A; E154G; K225N,1
E105D; K225I,1
S162I; G220V; K225T; K397N,1
S6T; A129T; M172I; K225T,1
D196Y; G220V; K225I; I227V,1
S6T; S32A; S162C; G220V; K225I; I227V; R394C,1
I181M; G220V; K225T; C231S,1
L98P; I215L; K225I; I241T,1
F55L; L98P; K225I,1
S6T; G220V; K225T; N362D,1
F83L; S162C; G220V; K225T,1
S162C; P206S; G220V; K225T,1
Y20H; I35V; G220V; K225T,1
E154G; K225I; Y272C,1
Q141H; E154G; K225I,1
F178L; K225I; N365D,1
E213*; K225N; I262M,1
E78A; E154G; K225I; L253F,1
E105G; K225T,1
G220V; K225I; I227V; C231R; D301G,1
E154G; K225T; N383S,1
Y171S; G220V; K225T,1
Q204H; G223D; K225I; C231R; S292N,1
G220V; K225T; C231S; I368V,1
E44D; G101V; G220V; K225T; C231S,1
G220V; K225T; C231S; R394P,1
E154G; K225I; T335P,1
G24V; G220V; K225T; C231S,1
K225I; I249L,1
S217R; K225I,1
S162C; G220V; K225T; D338G,1
I90N; G220V; K225T,1
S162C; G220V; K225T; K311R,1
Q53*; S162C; G220V; K225I; I227V; Q236R,1
D156G; S162C; G220V; K225T,1
K225L; D259Y,1
L98P; S180P; F194V; K225I,1
S191*; G220V; K225T,1
N161D; G220V; K225T; C231S,1
G220V; K225T; D270A,1
S162C; G220V; K225T; Y332F,1
E154G; G179V; K225I,1
E154G; K225I; I282S,1
G220I; K225T; Y268C,1
T59P; S162C; M172I; G220V; K225T,1
Y113H; G220V; K225I; I227V,1
A129T; I199S; Y222N; K225I; Y355C,1
E154G; K225I; D301A; P393R; R394V; I395L; I396S; K397N; P398R; I399L; T400P; G401V; R402V; G403A; L404W; V405L; K407R; I408S; I409F; R410V,1
K225T; N274S,1
S162C; G220V; K225T; F343L,1
E106K; S162C; G220V; K225T,1
T17N; S162C; G220V; K225T,1
M172L; K225T; T230K,1
R168H; G220V; K225I; I249V; V405A,1
S6T; S162C; G220V; K225T; K407E,1
L98P; K225I; G257C,1
P52L; G220V; K225T; N261D,1
S162C; G220V; K225I; I227V; Y268C,1
P2S; L98P; K225I,1
H56R; S162C; G220V; K225T,1
G220V; K225T; C231S; S314N; I316N; N365D,1
S67N; K225T; C231S; G386V; Q387R; N388M; A389Q; N390I; L391*; N392T; P393R; R394V; I395L; I396S; K397N; P398R; I399L; T400P; G401V; R402V; G403A; L404W; V405L; K407R; I408S; I409F; R410V,1
D54Y; K225I; C231R; S292N,1
L98P; K225I; V265A,1
A182S; K225I; C231R; S292N; N293D,1
G49S; I199S; K225I; G386D,1
D81N; G220V; K225T; C231S,1
S6T; I199S; Y222H; K225I,1
T88Q; S162C; G220V; K225T,1
P146Q; S162I; G220V; K225T; I263V,1
D70Y; G220V; K225I; I227V,1
I199S; K225T; I247V,1
S6T; G220V; K225I; I227V; F334L,1
N10D; N195S; K225T; C231S,1
I90N; E154G; K225I,1
G220V; K225I; I227V; I352T,1
V47E; G220V; K225I; C231R; S292N,1
M1I; G101S; K225I,1
D54G; G220V; K225T,1
I102S; K225I; C231R; S292N,1
S99L; G101S; G220V; K225I; I227V,1
G220V; K225I; I227V; D278N,1
L98P; H212Y; G220V; K225T,1
D156G; N161Y; K225I,1
L214P; K225I; C231R; S292N,1
K22E; I102F; K225T; C231S,1
N118D; E154G; K225I,1
D128N; S162C; G220V; K225T,1
S162C; G220V; K225I; I227V; E349*,1
G220V; K225T; L276F,1
N138D; A182S; G220V; K225T,1
G220V; K225I; I408F,1
S162C; M172V; G220V; K225T,1
R93C; G220V; K225I,1
S60N; N138D; G220V; K225I; I227V,1
S6T; S32A; S162C; G220V; K225T; N388S,1
E154G; S174G; K225I,1
D121P; S162I; S163F; K225Q,1
E154G; A224S; K225I,1
S6T; S32A; L98P; K225I; I396V,1
I102L; K225I; N248S,1
H125Y; E133K; G220V; K225I; I227V; C231R,1
S162C; G220V; K225T; N297T,1
S6T; S162C; G220V; K225T; N258D,1
S6T; S32A; G220V; K225T; C231S; L286I,1
S162C; G220V; K225T; Q344N,1
G220V; K225T; C231S; G386S,1
T209P; K225T; C231S,1
A110V; G220V; K225T; C231S,1
G220V; K225T; C231S; K381M; N383T,1
G220V; K225T; D325N; I377S,1
G220V; K225T; C231S; S333*; S372I,1
K225T; C231S; Q354R,1
P188L; K225T; C231S,1
G220V; K225I; I227V; Y369H,1
N164S; G220V; K225I; I227V; K330R,1
G220V; K225T; Q344R,1
K225I; C231R; N297K,1
K225T; C231S; V319L,1
G139C; K225I; C231R; S292N; K407E,1
S60G; I102L; K225I; N362D,1
R93L; K225I; C231R; S292N,1
G220V; K225T; C231S; T234P; N274S; D325N,1
S6T; S32A; H56L; G220I; K225I; I227V; A389V,1
T160M; S162I; G220V; K225T,1
N138D; G220V; K225I; K300R,1
Q123K; I165S; I199S; K225I,1
S6T; S32A; H56L; Q75T; S76T; G220V; K225T; C231S; S292I,1
E28K; T59P; E154G; K225T,1
G220V; K225T; T230M,1
E189*; I199S; K225I,1
I134T; E154G; K225I,1
D70Y; G220V; K225I,1
I39T; I199S; K225I,1
D77N; I199S; K225I,1
E154G; S180F; K225I,1
G220V; K225T; C231S; D310V,1
L98P; L218M; K225I,1
E154G; K225I; I247V,1
W40R; G220V; K225T; C231S,1
I199S; K225I; I232V,1
C26F; D77N; S99L; K225T; D326N,1
S162C; N175H; G220V; K225T,1
K225I; C231R; I262N; S292N,1
K225I; G226S; C231R; S292N,1
L98I; G220V; K225T,1
N92S; G220V; K225T; C231S,1
G101S; K225I; S318R,1
K225I; Q290K; Q354R,1
R45C; S187F; G220V; K225T; C231S,1
G220V; K225T; D259G,1
I199N; G220V; K225I; I227V; N362D,1
Q27*; E154G; M211I; K225I,1
G220V; K225T; C231S; E305D,1
S6T; S32A; H56L; Q75T; S76T; Q141R; G220V; K225T; C231S; N269T,1
I39V; D117Y; G220V; K225T; C231S,1
D128G; K225I; C231R,1
S6T; G220V; K225T; C231S; Y357*,1
K225M; T273A; I368V,1
T17N; G220V; K225T,1
E154G; K225I; D301N,1
N122H; G220V; K225I; I227V,1
G220V; K225I; I227V; T242I,1
G220V; K225I; I227V; G403C,1
P2S; I215T; G220V; K225I; I227V,1
S60G; L98P; K225I; N365D,1
R16S; E154G; K225I,1
G220V; K225T; P398Q,1
N95D; S162C; G220V; K225I; I227V; G257S,1
N96K; S162C; G220V; K225T,1
S67G; R193C; G220V; K225T; C231S,1
G220V; K225T; C231S; P393S,1
S6T; G220V; K225T; C231R,1
S162C; G220V; K225T; L391P,1
A224S; K225I; C231R; S292N; K329E,1
S162C; G220V; K225I; I227V; G246C,1
L98P; K225I; G315V,1
N138D; G220V; G223V; K225I,1
H216P; G220V; K225I; I227V,1
G220V; K225T; C231S; A283S,1
N161Y; K225I; N362D,1
V13I; G220V; K225T; C231S,1
K225Q; D301G,1
I199S; K225I; E373K,1
S66T; D121N; G220V; K225T; C231S,1
K225T; T230K; Y375H,1
A153T; K225T; C231S,1
I42T; S162C; G220V; K225I; I227V,1
S191L; G220V; K225I; I227V,1
K225I; C231R; S292N; P298L,1
G220V; K225T; C231S; R394L,1
E154G; K225I; P393R; R394V; I395L; I396S; K397N; P398R; I399L; T400P; G401V; R402V; G403A; L404W; V405L; K407R; I408S; I409F; R410V,1
K225M; C231R; S292N; D326Y,1
G49D; I199S; K225I,1
D15Y; K225T; C231S,1
S6T; G220V; K225T; R410C,1
G220V; A224E; K225T,1
K37R; K225I; C231R; A266E; S292N,1
R193L; K225I; C231R; S292N,1
S108N; K225T,1
N96S; G220V; K225I,1
G220V; K225I; I227V; I241V,1
G101S; K225N; S314N; I316N,1
G220V; K225T; K311R,1
E154G; K225I; L380M,1
Y20H; L98P; K225I,1
G220V; K225I; I227V; N277I,1
S6T; S32A; Q75R; S162C; G220V; K225I; I227V,1
L98P; L103P; K225I,1
G220V; K225T; C231S; K329N,1
Q204H; G220V; K225T; C231S,1
S6T; M151V; I199N; K225I,1
S162C; E201K; G220V; K225T,1
F33L; H142Y; S162C; G220V; K225I; I227V,1
S217R; G220V; K225T,1
N161Y; G179C; K225I,1
E28K; G220V; K225T; C231S; K330R,1
S6T; G220V; K225T; C231S; L240M,1
S6T; S32A; I41V; K225I; C231R; S292N,1
D11Y; K225I; C231R; S292N,1
M1I; G220V; K225I; I227V; L240M,1
A153T; K225T; I227T,1
G220V; K225T; C231S; N322S,1
G220V; K225T; C231R; R410C,1
G220V; K225T; E336*,1
G220V; K225I; I227V; N238D,1
K225I; C231R; S292N; Y357C,1
A207V; G220V; K225T,1
N164S; I199S; F202S; K225I; G256V,1
I102V; S162I; P188Q; G220V; K225T,1
W40*; E78V; S162C; G220V; K225T; I408T,1
N8D; G220V; K225T; C231S; D326N,1
G220V; K225I; E336*,1
S162F; G220V; K225T; E336K,1
K225I; C231R; S292N; G308D; K407E,1
K225T; C231S; L286F,1
Q141R; E154G; S162I; K225I; C231R; S292N,1
D121V; G220V; K225T; C231S; L404P,1
Q141*; S162C; G220V; K225T,1
I41V; G220V; K225T; R410C,1
M151I; G220V; K225I; I227V,1
S6T; S32A; S162C; G220V; K225T; N390D,1
P58S; K225T,1
G25D; G220V; K225T; C231S,1
T160S; G220V; K225T; C231S,1
S187F; G220V; K225T; C231S; D338N,1
S162I; G220V; K225T; E349K,1
S162C; G220V; K225T; Y375C,1
D15Y; A182T; K225T; C231S,1
L98P; G220V; K225T; T229M,1
P23L; S162C; G220V; K225T,1
M1I; L218M; K225I,1
S60G; S66F; G220V; K225T,1
G101S; K225I; N248S,1
I199S; K225I; T230K,1
H212Y; K225I,1
S6T; V87M; G101S; N164S; K225I,1
L98P; L144S; K225I,1
L98P; K225I; C231F,1
G101S; K225I; N379S,1
N92K; G220V; K225T; C231S,1
G220V; K225I; I227V; F303I,1
G220V; K225T; C231S; S314F,1
D65N; K225T; C231S,1
E154G; K225I; Y299H,1
D81Y; L98P; I199S; K225I,1
Y69*; G220V; K225T,1
P120L; G220V; K225T; C231S,1
E154G; K225I; A266E,1
K225I; E305K,1
G220V; K225I; I227V; S292R,1
D121P; G220V; K225T; Q295*; P298S,1
K225I; C231R; S292N; Y357*,1
K225T; C231S; S372R,1
L98P; S99P; K225I; D366N,1
S162I; I183V; G220V; K225T,1
T59A; K225T; I233V,1
K225I; Y268H,1
F136S; E154G; K225I,1
G220V; K225I; N390K; L391S; N392E; R394A; I395Y; I396Y; K397Q; P398T; I399D; T400Y; G401R; R402S; G403W; L404P; V405G; K406*; I408D; I409H; R410S,1
S162C; R193C; G220V; K225T; Q344N; G386S,1
N161Y; G220V; K225T,1
N138D; G220V; K225T; N293S,1
N8S; K225I; C231R; S292N; K329N,1
G220V; K225T; E373K,1
G220V; K225I; I227V; N388D,1
H125Y; G220V; K225T; C231S,1
K225I; C231R; N293D,1
K225I; P298L,1
