position_1,position_2,mutation_pair,observed_frequency,expected_frequency,position_pair
6,32,Pos6_S-Pos32_S,0.20625,0.1682421875,Pos6-Pos32
6,32,Pos6_S-Pos32_R,0.0,0.005703125,Pos6-Pos32
6,56,Pos6_S-Pos56_H,0.15625,0.1397265625,Pos6-Pos56
6,56,Pos6_S-Pos56_Q,0.00625,0.0028515625,Pos6-Pos56
6,56,Pos6_S-Pos56_M,0.0,0.0028515625,Pos6-Pos56
6,75,Pos6_S-Pos75_Q,0.15625,0.1568359375,Pos6-Pos75
6,75,Pos6_S-Pos75_K,0.00625,0.0028515625,Pos6-Pos75
6,75,Pos6_S-Pos75_I,0.0,0.0028515625,Pos6-Pos75
6,76,Pos6_S-Pos76_S,0.16875,0.15968749999999998,Pos6-Pos76
6,76,Pos6_S-Pos76_R,0.0,0.0028515625,Pos6-Pos76
6,88,Pos6_S-Pos88_T,0.18125,0.1625390625,Pos6-Pos88
6,88,Pos6_S-Pos88_K,0.0,0.0028515625,Pos6-Pos88
6,121,Pos6_S-Pos121_D,0.175,0.142578125,Pos6-Pos121
6,121,Pos6_S-Pos121_H,0.0,0.0028515625,Pos6-Pos121
6,121,Pos6_S-Pos121_A,0.0,0.0028515625,Pos6-Pos121
6,121,Pos6_S-Pos121_S,0.0,0.0028515625,Pos6-Pos121
6,162,Pos6_S-Pos162_I,0.25625,0.24808593749999996,Pos6-Pos162
6,163,Pos6_S-Pos163_F,0.075,0.0769921875,Pos6-Pos163
6,164,Pos6_S-Pos164_S,0.08125,0.10265625,Pos6-Pos164
6,198,Pos6_S-Pos198_S,0.11875,0.12546875000000002,Pos6-Pos198
6,199,Pos6_S-Pos199_I,0.1125,0.11691406249999999,Pos6-Pos199
6,220,Pos6_S-Pos220_V,0.1,0.12546875000000002,Pos6-Pos220
6,225,Pos6_S-Pos225_I,0.13125,0.1055078125,Pos6-Pos225
6,225,Pos6_S-Pos225_T,0.09375,0.12546875000000002,Pos6-Pos225
6,225,Pos6_S-Pos225_L,0.00625,0.0085546875,Pos6-Pos225
6,225,Pos6_S-Pos225_E,0.0125,0.0085546875,Pos6-Pos225
6,227,Pos6_S-Pos227_V,0.00625,0.0085546875,Pos6-Pos227
6,265,Pos6_S-Pos265_V,0.15,0.142578125,Pos6-Pos265
6,266,Pos6_S-Pos266_A,0.15,0.1397265625,Pos6-Pos266
6,268,Pos6_S-Pos268_Y,0.15,0.1397265625,Pos6-Pos268
6,269,Pos6_S-Pos269_N,0.15,0.1397265625,Pos6-Pos269
6,269,Pos6_S-Pos269_K,0.00625,0.0028515625,Pos6-Pos269
6,270,Pos6_S-Pos270_D,0.15,0.1397265625,Pos6-Pos270
6,272,Pos6_S-Pos272_Y,0.15,0.1397265625,Pos6-Pos272
6,273,Pos6_S-Pos273_T,0.15,0.1397265625,Pos6-Pos273
6,273,Pos6_S-Pos273_G,0.0,0.0028515625,Pos6-Pos273
6,276,Pos6_S-Pos276_I,0.0,0.0085546875,Pos6-Pos276
6,277,Pos6_S-Pos277_N,0.15,0.1397265625,Pos6-Pos277
6,278,Pos6_S-Pos278_D,0.15,0.1397265625,Pos6-Pos278
6,280,Pos6_S-Pos280_R,0.15,0.1397265625,Pos6-Pos280
6,281,Pos6_S-Pos281_K,0.15,0.1397265625,Pos6-Pos281
6,284,Pos6_S-Pos284_S,0.15,0.1397265625,Pos6-Pos284
6,314,Pos6_S-Pos314_S,0.075,0.0998046875,Pos6-Pos314
6,314,Pos6_S-Pos314_Y,0.0,0.0028515625,Pos6-Pos314
6,316,Pos6_S-Pos316_I,0.0875,0.10265625,Pos6-Pos316
6,344,Pos6_S-Pos344_Q,0.0625,0.0769921875,Pos6-Pos344
6,344,Pos6_S-Pos344_K,0.00625,0.005703125,Pos6-Pos344
6,344,Pos6_S-Pos344_H,0.0125,0.0085546875,Pos6-Pos344
6,365,Pos6_S-Pos365_N,0.075,0.074140625,Pos6-Pos365
6,365,Pos6_S-Pos365_Y,0.0,0.0028515625,Pos6-Pos365
6,372,Pos6_S-Pos372_S,0.06875,0.0541796875,Pos6-Pos372
6,373,Pos6_S-Pos373_E,0.0625,0.051328125,Pos6-Pos373
6,375,Pos6_S-Pos375_Y,0.0625,0.051328125,Pos6-Pos375
6,378,Pos6_S-Pos378_N,0.0625,0.051328125,Pos6-Pos378
6,379,Pos6_S-Pos379_N,0.0625,0.051328125,Pos6-Pos379
6,381,Pos6_S-Pos381_K,0.0625,0.051328125,Pos6-Pos381
6,382,Pos6_S-Pos382_V,0.0625,0.051328125,Pos6-Pos382
6,384,Pos6_S-Pos384_F,0.0625,0.051328125,Pos6-Pos384
6,385,Pos6_S-Pos385_R,0.0625,0.051328125,Pos6-Pos385
6,389,Pos6_S-Pos389_A,0.0625,0.051328125,Pos6-Pos389
6,389,Pos6_S-Pos389_T,0.00625,0.0028515625,Pos6-Pos389
6,390,Pos6_S-Pos390_N,0.0625,0.051328125,Pos6-Pos390
6,390,Pos6_S-Pos390_R,0.00625,0.0028515625,Pos6-Pos390
6,391,Pos6_S-Pos391_L,0.0625,0.051328125,Pos6-Pos391
6,391,Pos6_S-Pos391_S,0.00625,0.0028515625,Pos6-Pos391
6,392,Pos6_S-Pos392_S,0.00625,0.0028515625,Pos6-Pos392
6,392,Pos6_S-Pos392_*,0.00625,0.0028515625,Pos6-Pos392
6,394,Pos6_S-Pos394_R,0.0625,0.051328125,Pos6-Pos394
6,394,Pos6_S-Pos394_A,0.00625,0.0028515625,Pos6-Pos394
6,396,Pos6_S-Pos396_I,0.0625,0.051328125,Pos6-Pos396
6,396,Pos6_S-Pos396_N,0.00625,0.0028515625,Pos6-Pos396
6,397,Pos6_S-Pos397_K,0.0625,0.051328125,Pos6-Pos397
6,397,Pos6_S-Pos397_S,0.00625,0.0028515625,Pos6-Pos397
6,398,Pos6_S-Pos398_P,0.0625,0.051328125,Pos6-Pos398
6,398,Pos6_S-Pos398_G,0.0,0.0028515625,Pos6-Pos398
6,398,Pos6_S-Pos398_S,0.00625,0.0028515625,Pos6-Pos398
6,400,Pos6_S-Pos400_T,0.0625,0.051328125,Pos6-Pos400
6,400,Pos6_S-Pos400_S,0.00625,0.0028515625,Pos6-Pos400
6,407,Pos6_S-Pos407_K,0.0625,0.051328125,Pos6-Pos407
6,407,Pos6_S-Pos407_F,0.00625,0.0028515625,Pos6-Pos407
6,408,Pos6_S-Pos408_I,0.0625,0.051328125,Pos6-Pos408
6,410,Pos6_S-Pos410_R,0.0625,0.051328125,Pos6-Pos410
6,410,Pos6_S-Pos410_S,0.00625,0.0028515625,Pos6-Pos410
6,411,Pos6_S-Pos411_F,0.0625,0.051328125,Pos6-Pos411
6,411,Pos6_S-Pos411_K,0.00625,0.0028515625,Pos6-Pos411
32,56,Pos32_S-Pos56_H,0.16875,0.11292968750000001,Pos32-Pos56
32,56,Pos32_S-Pos56_Q,0.00625,0.0023046875000000003,Pos32-Pos56
32,56,Pos32_S-Pos56_M,0.00625,0.0023046875000000003,Pos32-Pos56
32,56,Pos32_R-Pos56_H,0.0,0.0038281250000000004,Pos32-Pos56
32,56,Pos32_R-Pos56_Q,0.0,7.812500000000002e-05,Pos32-Pos56
32,56,Pos32_R-Pos56_M,0.0,7.812500000000002e-05,Pos32-Pos56
32,75,Pos32_S-Pos75_Q,0.20625,0.1267578125,Pos32-Pos75
32,75,Pos32_S-Pos75_K,0.0,0.0023046875000000003,Pos32-Pos75
32,75,Pos32_S-Pos75_I,0.0,0.0023046875000000003,Pos32-Pos75
32,75,Pos32_R-Pos75_Q,0.0,0.004296875,Pos32-Pos75
32,75,Pos32_R-Pos75_K,0.0,7.812500000000002e-05,Pos32-Pos75
32,75,Pos32_R-Pos75_I,0.0,7.812500000000002e-05,Pos32-Pos75
32,76,Pos32_S-Pos76_S,0.20625,0.1290625,Pos32-Pos76
32,76,Pos32_S-Pos76_R,0.0,0.0023046875000000003,Pos32-Pos76
32,76,Pos32_R-Pos76_S,0.0,0.0043749999999999995,Pos32-Pos76
32,76,Pos32_R-Pos76_R,0.0,7.812500000000002e-05,Pos32-Pos76
32,88,Pos32_S-Pos88_T,0.1875,0.1313671875,Pos32-Pos88
32,88,Pos32_S-Pos88_K,0.00625,0.0023046875000000003,Pos32-Pos88
32,88,Pos32_R-Pos88_T,0.00625,0.0044531250000000005,Pos32-Pos88
32,88,Pos32_R-Pos88_K,0.0,7.812500000000002e-05,Pos32-Pos88
32,121,Pos32_S-Pos121_D,0.14375,0.115234375,Pos32-Pos121
32,121,Pos32_S-Pos121_H,0.0,0.0023046875000000003,Pos32-Pos121
32,121,Pos32_S-Pos121_A,0.0,0.0023046875000000003,Pos32-Pos121
32,121,Pos32_S-Pos121_S,0.0,0.0023046875000000003,Pos32-Pos121
32,121,Pos32_R-Pos121_D,0.0,0.00390625,Pos32-Pos121
32,121,Pos32_R-Pos121_H,0.0,7.812500000000002e-05,Pos32-Pos121
32,121,Pos32_R-Pos121_A,0.0,7.812500000000002e-05,Pos32-Pos121
32,121,Pos32_R-Pos121_S,0.0,7.812500000000002e-05,Pos32-Pos121
32,162,Pos32_S-Pos162_I,0.20625,0.2005078125,Pos32-Pos162
32,162,Pos32_R-Pos162_I,0.00625,0.006796875,Pos32-Pos162
32,163,Pos32_S-Pos163_F,0.0625,0.062226562500000006,Pos32-Pos163
32,163,Pos32_R-Pos163_F,0.00625,0.002109375,Pos32-Pos163
32,164,Pos32_S-Pos164_S,0.0875,0.08296875000000001,Pos32-Pos164
32,164,Pos32_R-Pos164_S,0.0,0.0028125000000000003,Pos32-Pos164
32,198,Pos32_S-Pos198_S,0.1125,0.10140625000000002,Pos32-Pos198
32,198,Pos32_R-Pos198_S,0.00625,0.0034375000000000005,Pos32-Pos198
32,199,Pos32_S-Pos199_I,0.10625,0.09449218749999999,Pos32-Pos199
32,199,Pos32_R-Pos199_I,0.00625,0.003203125,Pos32-Pos199
32,220,Pos32_S-Pos220_V,0.1125,0.10140625000000002,Pos32-Pos220
32,220,Pos32_R-Pos220_V,0.00625,0.0034375000000000005,Pos32-Pos220
32,225,Pos32_S-Pos225_I,0.0875,0.08527343750000001,Pos32-Pos225
32,225,Pos32_S-Pos225_T,0.1,0.10140625000000002,Pos32-Pos225
32,225,Pos32_S-Pos225_L,0.00625,0.0069140625,Pos32-Pos225
32,225,Pos32_S-Pos225_E,0.0,0.0069140625,Pos32-Pos225
32,225,Pos32_R-Pos225_I,0.0,0.0028906250000000004,Pos32-Pos225
32,225,Pos32_R-Pos225_T,0.00625,0.0034375000000000005,Pos32-Pos225
32,225,Pos32_R-Pos225_L,0.0,0.000234375,Pos32-Pos225
32,225,Pos32_R-Pos225_E,0.0,0.000234375,Pos32-Pos225
32,227,Pos32_S-Pos227_V,0.00625,0.0069140625,Pos32-Pos227
32,227,Pos32_R-Pos227_V,0.0,0.000234375,Pos32-Pos227
32,265,Pos32_S-Pos265_V,0.11875,0.115234375,Pos32-Pos265
32,265,Pos32_R-Pos265_V,0.0,0.00390625,Pos32-Pos265
32,266,Pos32_S-Pos266_A,0.11875,0.11292968750000001,Pos32-Pos266
32,266,Pos32_R-Pos266_A,0.0,0.0038281250000000004,Pos32-Pos266
32,268,Pos32_S-Pos268_Y,0.11875,0.11292968750000001,Pos32-Pos268
32,268,Pos32_R-Pos268_Y,0.0,0.0038281250000000004,Pos32-Pos268
32,269,Pos32_S-Pos269_N,0.11875,0.11292968750000001,Pos32-Pos269
32,269,Pos32_S-Pos269_K,0.0,0.0023046875000000003,Pos32-Pos269
32,269,Pos32_R-Pos269_N,0.0,0.0038281250000000004,Pos32-Pos269
32,269,Pos32_R-Pos269_K,0.0,7.812500000000002e-05,Pos32-Pos269
32,270,Pos32_S-Pos270_D,0.11875,0.11292968750000001,Pos32-Pos270
32,270,Pos32_R-Pos270_D,0.0,0.0038281250000000004,Pos32-Pos270
32,272,Pos32_S-Pos272_Y,0.11875,0.11292968750000001,Pos32-Pos272
32,272,Pos32_R-Pos272_Y,0.0,0.0038281250000000004,Pos32-Pos272
32,273,Pos32_S-Pos273_T,0.11875,0.11292968750000001,Pos32-Pos273
32,273,Pos32_S-Pos273_G,0.0,0.0023046875000000003,Pos32-Pos273
32,273,Pos32_R-Pos273_T,0.0,0.0038281250000000004,Pos32-Pos273
32,273,Pos32_R-Pos273_G,0.0,7.812500000000002e-05,Pos32-Pos273
32,276,Pos32_S-Pos276_I,0.0,0.0069140625,Pos32-Pos276
32,276,Pos32_R-Pos276_I,0.0,0.000234375,Pos32-Pos276
32,277,Pos32_S-Pos277_N,0.11875,0.11292968750000001,Pos32-Pos277
32,277,Pos32_R-Pos277_N,0.0,0.0038281250000000004,Pos32-Pos277
32,278,Pos32_S-Pos278_D,0.11875,0.11292968750000001,Pos32-Pos278
32,278,Pos32_R-Pos278_D,0.0,0.0038281250000000004,Pos32-Pos278
32,280,Pos32_S-Pos280_R,0.11875,0.11292968750000001,Pos32-Pos280
32,280,Pos32_R-Pos280_R,0.0,0.0038281250000000004,Pos32-Pos280
32,281,Pos32_S-Pos281_K,0.11875,0.11292968750000001,Pos32-Pos281
32,281,Pos32_R-Pos281_K,0.0,0.0038281250000000004,Pos32-Pos281
32,284,Pos32_S-Pos284_S,0.11875,0.11292968750000001,Pos32-Pos284
32,284,Pos32_R-Pos284_S,0.0,0.0038281250000000004,Pos32-Pos284
32,314,Pos32_S-Pos314_S,0.08125,0.08066406250000001,Pos32-Pos314
32,314,Pos32_S-Pos314_Y,0.0,0.0023046875000000003,Pos32-Pos314
32,314,Pos32_R-Pos314_S,0.0,0.0027343750000000003,Pos32-Pos314
32,314,Pos32_R-Pos314_Y,0.0,7.812500000000002e-05,Pos32-Pos314
32,316,Pos32_S-Pos316_I,0.0875,0.08296875000000001,Pos32-Pos316
32,316,Pos32_R-Pos316_I,0.0,0.0028125000000000003,Pos32-Pos316
32,344,Pos32_S-Pos344_Q,0.05,0.062226562500000006,Pos32-Pos344
32,344,Pos32_S-Pos344_K,0.0125,0.004609375000000001,Pos32-Pos344
32,344,Pos32_S-Pos344_H,0.0125,0.0069140625,Pos32-Pos344
32,344,Pos32_R-Pos344_Q,0.0,0.002109375,Pos32-Pos344
32,344,Pos32_R-Pos344_K,0.0,0.00015625000000000003,Pos32-Pos344
32,344,Pos32_R-Pos344_H,0.0,0.000234375,Pos32-Pos344
32,365,Pos32_S-Pos365_N,0.06875,0.059921875000000006,Pos32-Pos365
32,365,Pos32_S-Pos365_Y,0.0,0.0023046875000000003,Pos32-Pos365
32,365,Pos32_R-Pos365_N,0.00625,0.00203125,Pos32-Pos365
32,365,Pos32_R-Pos365_Y,0.0,7.812500000000002e-05,Pos32-Pos365
32,372,Pos32_S-Pos372_S,0.01875,0.0437890625,Pos32-Pos372
32,372,Pos32_R-Pos372_S,0.0,0.001484375,Pos32-Pos372
32,373,Pos32_S-Pos373_E,0.01875,0.041484375000000004,Pos32-Pos373
32,373,Pos32_R-Pos373_E,0.0,0.0014062500000000002,Pos32-Pos373
32,375,Pos32_S-Pos375_Y,0.01875,0.041484375000000004,Pos32-Pos375
32,375,Pos32_R-Pos375_Y,0.0,0.0014062500000000002,Pos32-Pos375
32,378,Pos32_S-Pos378_N,0.01875,0.041484375000000004,Pos32-Pos378
32,378,Pos32_R-Pos378_N,0.0,0.0014062500000000002,Pos32-Pos378
32,379,Pos32_S-Pos379_N,0.01875,0.041484375000000004,Pos32-Pos379
32,379,Pos32_R-Pos379_N,0.0,0.0014062500000000002,Pos32-Pos379
32,381,Pos32_S-Pos381_K,0.01875,0.041484375000000004,Pos32-Pos381
32,381,Pos32_R-Pos381_K,0.0,0.0014062500000000002,Pos32-Pos381
32,382,Pos32_S-Pos382_V,0.01875,0.041484375000000004,Pos32-Pos382
32,382,Pos32_R-Pos382_V,0.0,0.0014062500000000002,Pos32-Pos382
32,384,Pos32_S-Pos384_F,0.01875,0.041484375000000004,Pos32-Pos384
32,384,Pos32_R-Pos384_F,0.0,0.0014062500000000002,Pos32-Pos384
32,385,Pos32_S-Pos385_R,0.01875,0.041484375000000004,Pos32-Pos385
32,385,Pos32_R-Pos385_R,0.0,0.0014062500000000002,Pos32-Pos385
32,389,Pos32_S-Pos389_A,0.01875,0.041484375000000004,Pos32-Pos389
32,389,Pos32_S-Pos389_T,0.0,0.0023046875000000003,Pos32-Pos389
32,389,Pos32_R-Pos389_A,0.0,0.0014062500000000002,Pos32-Pos389
32,389,Pos32_R-Pos389_T,0.0,7.812500000000002e-05,Pos32-Pos389
32,390,Pos32_S-Pos390_N,0.01875,0.041484375000000004,Pos32-Pos390
32,390,Pos32_S-Pos390_R,0.0,0.0023046875000000003,Pos32-Pos390
32,390,Pos32_R-Pos390_N,0.0,0.0014062500000000002,Pos32-Pos390
32,390,Pos32_R-Pos390_R,0.0,7.812500000000002e-05,Pos32-Pos390
32,391,Pos32_S-Pos391_L,0.01875,0.041484375000000004,Pos32-Pos391
32,391,Pos32_S-Pos391_S,0.0,0.0023046875000000003,Pos32-Pos391
32,391,Pos32_R-Pos391_L,0.0,0.0014062500000000002,Pos32-Pos391
32,391,Pos32_R-Pos391_S,0.0,7.812500000000002e-05,Pos32-Pos391
32,392,Pos32_S-Pos392_S,0.00625,0.0023046875000000003,Pos32-Pos392
32,392,Pos32_S-Pos392_*,0.0,0.0023046875000000003,Pos32-Pos392
32,392,Pos32_R-Pos392_S,0.0,7.812500000000002e-05,Pos32-Pos392
32,392,Pos32_R-Pos392_*,0.0,7.812500000000002e-05,Pos32-Pos392
32,394,Pos32_S-Pos394_R,0.01875,0.041484375000000004,Pos32-Pos394
32,394,Pos32_S-Pos394_A,0.0,0.0023046875000000003,Pos32-Pos394
32,394,Pos32_R-Pos394_R,0.0,0.0014062500000000002,Pos32-Pos394
32,394,Pos32_R-Pos394_A,0.0,7.812500000000002e-05,Pos32-Pos394
32,396,Pos32_S-Pos396_I,0.01875,0.041484375000000004,Pos32-Pos396
32,396,Pos32_S-Pos396_N,0.0,0.0023046875000000003,Pos32-Pos396
32,396,Pos32_R-Pos396_I,0.0,0.0014062500000000002,Pos32-Pos396
32,396,Pos32_R-Pos396_N,0.0,7.812500000000002e-05,Pos32-Pos396
32,397,Pos32_S-Pos397_K,0.01875,0.041484375000000004,Pos32-Pos397
32,397,Pos32_S-Pos397_S,0.0,0.0023046875000000003,Pos32-Pos397
32,397,Pos32_R-Pos397_K,0.0,0.0014062500000000002,Pos32-Pos397
32,397,Pos32_R-Pos397_S,0.0,7.812500000000002e-05,Pos32-Pos397
32,398,Pos32_S-Pos398_P,0.01875,0.041484375000000004,Pos32-Pos398
32,398,Pos32_S-Pos398_G,0.00625,0.0023046875000000003,Pos32-Pos398
32,398,Pos32_S-Pos398_S,0.0,0.0023046875000000003,Pos32-Pos398
32,398,Pos32_R-Pos398_P,0.0,0.0014062500000000002,Pos32-Pos398
32,398,Pos32_R-Pos398_G,0.0,7.812500000000002e-05,Pos32-Pos398
32,398,Pos32_R-Pos398_S,0.0,7.812500000000002e-05,Pos32-Pos398
32,400,Pos32_S-Pos400_T,0.01875,0.041484375000000004,Pos32-Pos400
32,400,Pos32_S-Pos400_S,0.0,0.0023046875000000003,Pos32-Pos400
32,400,Pos32_R-Pos400_T,0.0,0.0014062500000000002,Pos32-Pos400
32,400,Pos32_R-Pos400_S,0.0,7.812500000000002e-05,Pos32-Pos400
32,407,Pos32_S-Pos407_K,0.01875,0.041484375000000004,Pos32-Pos407
32,407,Pos32_S-Pos407_F,0.0,0.0023046875000000003,Pos32-Pos407
32,407,Pos32_R-Pos407_K,0.0,0.0014062500000000002,Pos32-Pos407
32,407,Pos32_R-Pos407_F,0.0,7.812500000000002e-05,Pos32-Pos407
32,408,Pos32_S-Pos408_I,0.01875,0.041484375000000004,Pos32-Pos408
32,408,Pos32_R-Pos408_I,0.0,0.0014062500000000002,Pos32-Pos408
32,410,Pos32_S-Pos410_R,0.01875,0.041484375000000004,Pos32-Pos410
32,410,Pos32_S-Pos410_S,0.0,0.0023046875000000003,Pos32-Pos410
32,410,Pos32_R-Pos410_R,0.0,0.0014062500000000002,Pos32-Pos410
32,410,Pos32_R-Pos410_S,0.0,7.812500000000002e-05,Pos32-Pos410
32,411,Pos32_S-Pos411_F,0.01875,0.041484375000000004,Pos32-Pos411
32,411,Pos32_S-Pos411_K,0.0,0.0023046875000000003,Pos32-Pos411
32,411,Pos32_R-Pos411_F,0.0,0.0014062500000000002,Pos32-Pos411
32,411,Pos32_R-Pos411_K,0.0,7.812500000000002e-05,Pos32-Pos411
56,75,Pos56_H-Pos75_Q,0.225,0.10527343750000001,Pos56-Pos75
56,75,Pos56_H-Pos75_K,0.0,0.0019140625000000002,Pos56-Pos75
56,75,Pos56_H-Pos75_I,0.0,0.0019140625000000002,Pos56-Pos75
56,75,Pos56_Q-Pos75_Q,0.0,0.0021484375,Pos56-Pos75
56,75,Pos56_Q-Pos75_K,0.0,3.906250000000001e-05,Pos56-Pos75
56,75,Pos56_Q-Pos75_I,0.0,3.906250000000001e-05,Pos56-Pos75
56,75,Pos56_M-Pos75_Q,0.00625,0.0021484375,Pos56-Pos75
56,75,Pos56_M-Pos75_K,0.0,3.906250000000001e-05,Pos56-Pos75
56,75,Pos56_M-Pos75_I,0.0,3.906250000000001e-05,Pos56-Pos75
56,76,Pos56_H-Pos76_S,0.225,0.1071875,Pos56-Pos76
56,76,Pos56_H-Pos76_R,0.0,0.0019140625000000002,Pos56-Pos76
56,76,Pos56_Q-Pos76_S,0.0,0.0021874999999999998,Pos56-Pos76
56,76,Pos56_Q-Pos76_R,0.0,3.906250000000001e-05,Pos56-Pos76
56,76,Pos56_M-Pos76_S,0.00625,0.0021874999999999998,Pos56-Pos76
56,76,Pos56_M-Pos76_R,0.0,3.906250000000001e-05,Pos56-Pos76
56,88,Pos56_H-Pos88_T,0.19375,0.10910156250000001,Pos56-Pos88
56,88,Pos56_H-Pos88_K,0.00625,0.0019140625000000002,Pos56-Pos88
56,88,Pos56_Q-Pos88_T,0.0,0.0022265625000000002,Pos56-Pos88
56,88,Pos56_Q-Pos88_K,0.0,3.906250000000001e-05,Pos56-Pos88
56,88,Pos56_M-Pos88_T,0.00625,0.0022265625000000002,Pos56-Pos88
56,88,Pos56_M-Pos88_K,0.0,3.906250000000001e-05,Pos56-Pos88
56,121,Pos56_H-Pos121_D,0.13125,0.095703125,Pos56-Pos121
56,121,Pos56_H-Pos121_H,0.0,0.0019140625000000002,Pos56-Pos121
56,121,Pos56_H-Pos121_A,0.00625,0.0019140625000000002,Pos56-Pos121
56,121,Pos56_H-Pos121_S,0.00625,0.0019140625000000002,Pos56-Pos121
56,121,Pos56_Q-Pos121_D,0.0,0.001953125,Pos56-Pos121
56,121,Pos56_Q-Pos121_H,0.0,3.906250000000001e-05,Pos56-Pos121
56,121,Pos56_Q-Pos121_A,0.0,3.906250000000001e-05,Pos56-Pos121
56,121,Pos56_Q-Pos121_S,0.0,3.906250000000001e-05,Pos56-Pos121
56,121,Pos56_M-Pos121_D,0.00625,0.001953125,Pos56-Pos121
56,121,Pos56_M-Pos121_H,0.0,3.906250000000001e-05,Pos56-Pos121
56,121,Pos56_M-Pos121_A,0.0,3.906250000000001e-05,Pos56-Pos121
56,121,Pos56_M-Pos121_S,0.0,3.906250000000001e-05,Pos56-Pos121
56,162,Pos56_H-Pos162_I,0.16875,0.1665234375,Pos56-Pos162
56,162,Pos56_Q-Pos162_I,0.00625,0.0033984375,Pos56-Pos162
56,162,Pos56_M-Pos162_I,0.00625,0.0033984375,Pos56-Pos162
56,163,Pos56_H-Pos163_F,0.04375,0.05167968750000001,Pos56-Pos163
56,163,Pos56_Q-Pos163_F,0.0,0.0010546875,Pos56-Pos163
56,163,Pos56_M-Pos163_F,0.0,0.0010546875,Pos56-Pos163
56,164,Pos56_H-Pos164_S,0.0875,0.06890625,Pos56-Pos164
56,164,Pos56_Q-Pos164_S,0.0,0.0014062500000000002,Pos56-Pos164
56,164,Pos56_M-Pos164_S,0.0,0.0014062500000000002,Pos56-Pos164
56,198,Pos56_H-Pos198_S,0.09375,0.08421875000000001,Pos56-Pos198
56,198,Pos56_Q-Pos198_S,0.0,0.0017187500000000002,Pos56-Pos198
56,198,Pos56_M-Pos198_S,0.0,0.0017187500000000002,Pos56-Pos198
56,199,Pos56_H-Pos199_I,0.075,0.0784765625,Pos56-Pos199
56,199,Pos56_Q-Pos199_I,0.0,0.0016015625,Pos56-Pos199
56,199,Pos56_M-Pos199_I,0.0,0.0016015625,Pos56-Pos199
56,220,Pos56_H-Pos220_V,0.1,0.08421875000000001,Pos56-Pos220
56,220,Pos56_Q-Pos220_V,0.0,0.0017187500000000002,Pos56-Pos220
56,220,Pos56_M-Pos220_V,0.0,0.0017187500000000002,Pos56-Pos220
56,225,Pos56_H-Pos225_I,0.0625,0.07082031250000001,Pos56-Pos225
56,225,Pos56_H-Pos225_T,0.09375,0.08421875000000001,Pos56-Pos225
56,225,Pos56_H-Pos225_L,0.00625,0.0057421875,Pos56-Pos225
56,225,Pos56_H-Pos225_E,0.0125,0.0057421875,Pos56-Pos225
56,225,Pos56_Q-Pos225_I,0.0,0.0014453125000000002,Pos56-Pos225
56,225,Pos56_Q-Pos225_T,0.0,0.0017187500000000002,Pos56-Pos225
56,225,Pos56_Q-Pos225_L,0.0,0.0001171875,Pos56-Pos225
56,225,Pos56_Q-Pos225_E,0.0,0.0001171875,Pos56-Pos225
56,225,Pos56_M-Pos225_I,0.0,0.0014453125000000002,Pos56-Pos225
56,225,Pos56_M-Pos225_T,0.0,0.0017187500000000002,Pos56-Pos225
56,225,Pos56_M-Pos225_L,0.0,0.0001171875,Pos56-Pos225
56,225,Pos56_M-Pos225_E,0.0,0.0001171875,Pos56-Pos225
56,227,Pos56_H-Pos227_V,0.00625,0.0057421875,Pos56-Pos227
56,227,Pos56_Q-Pos227_V,0.0,0.0001171875,Pos56-Pos227
56,227,Pos56_M-Pos227_V,0.0,0.0001171875,Pos56-Pos227
56,265,Pos56_H-Pos265_V,0.08125,0.095703125,Pos56-Pos265
56,265,Pos56_Q-Pos265_V,0.0,0.001953125,Pos56-Pos265
56,265,Pos56_M-Pos265_V,0.0,0.001953125,Pos56-Pos265
56,266,Pos56_H-Pos266_A,0.08125,0.09378906250000002,Pos56-Pos266
56,266,Pos56_Q-Pos266_A,0.0,0.0019140625000000002,Pos56-Pos266
56,266,Pos56_M-Pos266_A,0.0,0.0019140625000000002,Pos56-Pos266
56,268,Pos56_H-Pos268_Y,0.08125,0.09378906250000002,Pos56-Pos268
56,268,Pos56_Q-Pos268_Y,0.0,0.0019140625000000002,Pos56-Pos268
56,268,Pos56_M-Pos268_Y,0.0,0.0019140625000000002,Pos56-Pos268
56,269,Pos56_H-Pos269_N,0.08125,0.09378906250000002,Pos56-Pos269
56,269,Pos56_H-Pos269_K,0.00625,0.0019140625000000002,Pos56-Pos269
56,269,Pos56_Q-Pos269_N,0.0,0.0019140625000000002,Pos56-Pos269
56,269,Pos56_Q-Pos269_K,0.0,3.906250000000001e-05,Pos56-Pos269
56,269,Pos56_M-Pos269_N,0.0,0.0019140625000000002,Pos56-Pos269
56,269,Pos56_M-Pos269_K,0.0,3.906250000000001e-05,Pos56-Pos269
56,270,Pos56_H-Pos270_D,0.08125,0.09378906250000002,Pos56-Pos270
56,270,Pos56_Q-Pos270_D,0.0,0.0019140625000000002,Pos56-Pos270
56,270,Pos56_M-Pos270_D,0.0,0.0019140625000000002,Pos56-Pos270
56,272,Pos56_H-Pos272_Y,0.08125,0.09378906250000002,Pos56-Pos272
56,272,Pos56_Q-Pos272_Y,0.0,0.0019140625000000002,Pos56-Pos272
56,272,Pos56_M-Pos272_Y,0.0,0.0019140625000000002,Pos56-Pos272
56,273,Pos56_H-Pos273_T,0.08125,0.09378906250000002,Pos56-Pos273
56,273,Pos56_H-Pos273_G,0.00625,0.0019140625000000002,Pos56-Pos273
56,273,Pos56_Q-Pos273_T,0.0,0.0019140625000000002,Pos56-Pos273
56,273,Pos56_Q-Pos273_G,0.0,3.906250000000001e-05,Pos56-Pos273
56,273,Pos56_M-Pos273_T,0.0,0.0019140625000000002,Pos56-Pos273
56,273,Pos56_M-Pos273_G,0.0,3.906250000000001e-05,Pos56-Pos273
56,276,Pos56_H-Pos276_I,0.0,0.0057421875,Pos56-Pos276
56,276,Pos56_Q-Pos276_I,0.0,0.0001171875,Pos56-Pos276
56,276,Pos56_M-Pos276_I,0.0,0.0001171875,Pos56-Pos276
56,277,Pos56_H-Pos277_N,0.08125,0.09378906250000002,Pos56-Pos277
56,277,Pos56_Q-Pos277_N,0.0,0.0019140625000000002,Pos56-Pos277
56,277,Pos56_M-Pos277_N,0.0,0.0019140625000000002,Pos56-Pos277
56,278,Pos56_H-Pos278_D,0.08125,0.09378906250000002,Pos56-Pos278
56,278,Pos56_Q-Pos278_D,0.0,0.0019140625000000002,Pos56-Pos278
56,278,Pos56_M-Pos278_D,0.0,0.0019140625000000002,Pos56-Pos278
56,280,Pos56_H-Pos280_R,0.08125,0.09378906250000002,Pos56-Pos280
56,280,Pos56_Q-Pos280_R,0.0,0.0019140625000000002,Pos56-Pos280
56,280,Pos56_M-Pos280_R,0.0,0.0019140625000000002,Pos56-Pos280
56,281,Pos56_H-Pos281_K,0.08125,0.09378906250000002,Pos56-Pos281
56,281,Pos56_Q-Pos281_K,0.0,0.0019140625000000002,Pos56-Pos281
56,281,Pos56_M-Pos281_K,0.0,0.0019140625000000002,Pos56-Pos281
56,284,Pos56_H-Pos284_S,0.08125,0.09378906250000002,Pos56-Pos284
56,284,Pos56_Q-Pos284_S,0.0,0.0019140625000000002,Pos56-Pos284
56,284,Pos56_M-Pos284_S,0.0,0.0019140625000000002,Pos56-Pos284
56,314,Pos56_H-Pos314_S,0.04375,0.06699218750000001,Pos56-Pos314
56,314,Pos56_H-Pos314_Y,0.0,0.0019140625000000002,Pos56-Pos314
56,314,Pos56_Q-Pos314_S,0.0,0.0013671875000000001,Pos56-Pos314
56,314,Pos56_Q-Pos314_Y,0.0,3.906250000000001e-05,Pos56-Pos314
56,314,Pos56_M-Pos314_S,0.00625,0.0013671875000000001,Pos56-Pos314
56,314,Pos56_M-Pos314_Y,0.0,3.906250000000001e-05,Pos56-Pos314
56,316,Pos56_H-Pos316_I,0.04375,0.06890625,Pos56-Pos316
56,316,Pos56_Q-Pos316_I,0.0,0.0014062500000000002,Pos56-Pos316
56,316,Pos56_M-Pos316_I,0.00625,0.0014062500000000002,Pos56-Pos316
56,344,Pos56_H-Pos344_Q,0.05,0.05167968750000001,Pos56-Pos344
56,344,Pos56_H-Pos344_K,0.00625,0.0038281250000000004,Pos56-Pos344
56,344,Pos56_H-Pos344_H,0.00625,0.0057421875,Pos56-Pos344
56,344,Pos56_Q-Pos344_Q,0.0,0.0010546875,Pos56-Pos344
56,344,Pos56_Q-Pos344_K,0.0,7.812500000000002e-05,Pos56-Pos344
56,344,Pos56_Q-Pos344_H,0.0,0.0001171875,Pos56-Pos344
56,344,Pos56_M-Pos344_Q,0.0,0.0010546875,Pos56-Pos344
56,344,Pos56_M-Pos344_K,0.0,7.812500000000002e-05,Pos56-Pos344
56,344,Pos56_M-Pos344_H,0.0,0.0001171875,Pos56-Pos344
56,365,Pos56_H-Pos365_N,0.04375,0.04976562500000001,Pos56-Pos365
56,365,Pos56_H-Pos365_Y,0.00625,0.0019140625000000002,Pos56-Pos365
56,365,Pos56_Q-Pos365_N,0.0,0.001015625,Pos56-Pos365
56,365,Pos56_Q-Pos365_Y,0.0,3.906250000000001e-05,Pos56-Pos365
56,365,Pos56_M-Pos365_N,0.0,0.001015625,Pos56-Pos365
56,365,Pos56_M-Pos365_Y,0.0,3.906250000000001e-05,Pos56-Pos365
56,372,Pos56_H-Pos372_S,0.01875,0.0363671875,Pos56-Pos372
56,372,Pos56_Q-Pos372_S,0.0,0.0007421875,Pos56-Pos372
56,372,Pos56_M-Pos372_S,0.0,0.0007421875,Pos56-Pos372
56,373,Pos56_H-Pos373_E,0.0125,0.034453125,Pos56-Pos373
56,373,Pos56_Q-Pos373_E,0.0,0.0007031250000000001,Pos56-Pos373
56,373,Pos56_M-Pos373_E,0.0,0.0007031250000000001,Pos56-Pos373
56,375,Pos56_H-Pos375_Y,0.0125,0.034453125,Pos56-Pos375
56,375,Pos56_Q-Pos375_Y,0.0,0.0007031250000000001,Pos56-Pos375
56,375,Pos56_M-Pos375_Y,0.0,0.0007031250000000001,Pos56-Pos375
56,378,Pos56_H-Pos378_N,0.0125,0.034453125,Pos56-Pos378
56,378,Pos56_Q-Pos378_N,0.0,0.0007031250000000001,Pos56-Pos378
56,378,Pos56_M-Pos378_N,0.0,0.0007031250000000001,Pos56-Pos378
56,379,Pos56_H-Pos379_N,0.0125,0.034453125,Pos56-Pos379
56,379,Pos56_Q-Pos379_N,0.0,0.0007031250000000001,Pos56-Pos379
56,379,Pos56_M-Pos379_N,0.0,0.0007031250000000001,Pos56-Pos379
56,381,Pos56_H-Pos381_K,0.0125,0.034453125,Pos56-Pos381
56,381,Pos56_Q-Pos381_K,0.0,0.0007031250000000001,Pos56-Pos381
56,381,Pos56_M-Pos381_K,0.0,0.0007031250000000001,Pos56-Pos381
56,382,Pos56_H-Pos382_V,0.0125,0.034453125,Pos56-Pos382
56,382,Pos56_Q-Pos382_V,0.0,0.0007031250000000001,Pos56-Pos382
56,382,Pos56_M-Pos382_V,0.0,0.0007031250000000001,Pos56-Pos382
56,384,Pos56_H-Pos384_F,0.0125,0.034453125,Pos56-Pos384
56,384,Pos56_Q-Pos384_F,0.0,0.0007031250000000001,Pos56-Pos384
56,384,Pos56_M-Pos384_F,0.0,0.0007031250000000001,Pos56-Pos384
56,385,Pos56_H-Pos385_R,0.0125,0.034453125,Pos56-Pos385
56,385,Pos56_Q-Pos385_R,0.0,0.0007031250000000001,Pos56-Pos385
56,385,Pos56_M-Pos385_R,0.0,0.0007031250000000001,Pos56-Pos385
56,389,Pos56_H-Pos389_A,0.0125,0.034453125,Pos56-Pos389
56,389,Pos56_H-Pos389_T,0.00625,0.0019140625000000002,Pos56-Pos389
56,389,Pos56_Q-Pos389_A,0.0,0.0007031250000000001,Pos56-Pos389
56,389,Pos56_Q-Pos389_T,0.0,3.906250000000001e-05,Pos56-Pos389
56,389,Pos56_M-Pos389_A,0.0,0.0007031250000000001,Pos56-Pos389
56,389,Pos56_M-Pos389_T,0.0,3.906250000000001e-05,Pos56-Pos389
56,390,Pos56_H-Pos390_N,0.0125,0.034453125,Pos56-Pos390
56,390,Pos56_H-Pos390_R,0.00625,0.0019140625000000002,Pos56-Pos390
56,390,Pos56_Q-Pos390_N,0.0,0.0007031250000000001,Pos56-Pos390
56,390,Pos56_Q-Pos390_R,0.0,3.906250000000001e-05,Pos56-Pos390
56,390,Pos56_M-Pos390_N,0.0,0.0007031250000000001,Pos56-Pos390
56,390,Pos56_M-Pos390_R,0.0,3.906250000000001e-05,Pos56-Pos390
56,391,Pos56_H-Pos391_L,0.0125,0.034453125,Pos56-Pos391
56,391,Pos56_H-Pos391_S,0.00625,0.0019140625000000002,Pos56-Pos391
56,391,Pos56_Q-Pos391_L,0.0,0.0007031250000000001,Pos56-Pos391
56,391,Pos56_Q-Pos391_S,0.0,3.906250000000001e-05,Pos56-Pos391
56,391,Pos56_M-Pos391_L,0.0,0.0007031250000000001,Pos56-Pos391
56,391,Pos56_M-Pos391_S,0.0,3.906250000000001e-05,Pos56-Pos391
56,392,Pos56_H-Pos392_S,0.00625,0.0019140625000000002,Pos56-Pos392
56,392,Pos56_H-Pos392_*,0.00625,0.0019140625000000002,Pos56-Pos392
56,392,Pos56_Q-Pos392_S,0.0,3.906250000000001e-05,Pos56-Pos392
56,392,Pos56_Q-Pos392_*,0.0,3.906250000000001e-05,Pos56-Pos392
56,392,Pos56_M-Pos392_S,0.0,3.906250000000001e-05,Pos56-Pos392
56,392,Pos56_M-Pos392_*,0.0,3.906250000000001e-05,Pos56-Pos392
56,394,Pos56_H-Pos394_R,0.0125,0.034453125,Pos56-Pos394
56,394,Pos56_H-Pos394_A,0.00625,0.0019140625000000002,Pos56-Pos394
56,394,Pos56_Q-Pos394_R,0.0,0.0007031250000000001,Pos56-Pos394
56,394,Pos56_Q-Pos394_A,0.0,3.906250000000001e-05,Pos56-Pos394
56,394,Pos56_M-Pos394_R,0.0,0.0007031250000000001,Pos56-Pos394
56,394,Pos56_M-Pos394_A,0.0,3.906250000000001e-05,Pos56-Pos394
56,396,Pos56_H-Pos396_I,0.0125,0.034453125,Pos56-Pos396
56,396,Pos56_H-Pos396_N,0.00625,0.0019140625000000002,Pos56-Pos396
56,396,Pos56_Q-Pos396_I,0.0,0.0007031250000000001,Pos56-Pos396
56,396,Pos56_Q-Pos396_N,0.0,3.906250000000001e-05,Pos56-Pos396
56,396,Pos56_M-Pos396_I,0.0,0.0007031250000000001,Pos56-Pos396
56,396,Pos56_M-Pos396_N,0.0,3.906250000000001e-05,Pos56-Pos396
56,397,Pos56_H-Pos397_K,0.0125,0.034453125,Pos56-Pos397
56,397,Pos56_H-Pos397_S,0.00625,0.0019140625000000002,Pos56-Pos397
56,397,Pos56_Q-Pos397_K,0.0,0.0007031250000000001,Pos56-Pos397
56,397,Pos56_Q-Pos397_S,0.0,3.906250000000001e-05,Pos56-Pos397
56,397,Pos56_M-Pos397_K,0.0,0.0007031250000000001,Pos56-Pos397
56,397,Pos56_M-Pos397_S,0.0,3.906250000000001e-05,Pos56-Pos397
56,398,Pos56_H-Pos398_P,0.0125,0.034453125,Pos56-Pos398
56,398,Pos56_H-Pos398_G,0.00625,0.0019140625000000002,Pos56-Pos398
56,398,Pos56_H-Pos398_S,0.00625,0.0019140625000000002,Pos56-Pos398
56,398,Pos56_Q-Pos398_P,0.0,0.0007031250000000001,Pos56-Pos398
56,398,Pos56_Q-Pos398_G,0.0,3.906250000000001e-05,Pos56-Pos398
56,398,Pos56_Q-Pos398_S,0.0,3.906250000000001e-05,Pos56-Pos398
56,398,Pos56_M-Pos398_P,0.0,0.0007031250000000001,Pos56-Pos398
56,398,Pos56_M-Pos398_G,0.0,3.906250000000001e-05,Pos56-Pos398
56,398,Pos56_M-Pos398_S,0.0,3.906250000000001e-05,Pos56-Pos398
56,400,Pos56_H-Pos400_T,0.0125,0.034453125,Pos56-Pos400
56,400,Pos56_H-Pos400_S,0.00625,0.0019140625000000002,Pos56-Pos400
56,400,Pos56_Q-Pos400_T,0.0,0.0007031250000000001,Pos56-Pos400
56,400,Pos56_Q-Pos400_S,0.0,3.906250000000001e-05,Pos56-Pos400
56,400,Pos56_M-Pos400_T,0.0,0.0007031250000000001,Pos56-Pos400
56,400,Pos56_M-Pos400_S,0.0,3.906250000000001e-05,Pos56-Pos400
56,407,Pos56_H-Pos407_K,0.0125,0.034453125,Pos56-Pos407
56,407,Pos56_H-Pos407_F,0.00625,0.0019140625000000002,Pos56-Pos407
56,407,Pos56_Q-Pos407_K,0.0,0.0007031250000000001,Pos56-Pos407
56,407,Pos56_Q-Pos407_F,0.0,3.906250000000001e-05,Pos56-Pos407
56,407,Pos56_M-Pos407_K,0.0,0.0007031250000000001,Pos56-Pos407
56,407,Pos56_M-Pos407_F,0.0,3.906250000000001e-05,Pos56-Pos407
56,408,Pos56_H-Pos408_I,0.0125,0.034453125,Pos56-Pos408
56,408,Pos56_Q-Pos408_I,0.0,0.0007031250000000001,Pos56-Pos408
56,408,Pos56_M-Pos408_I,0.0,0.0007031250000000001,Pos56-Pos408
56,410,Pos56_H-Pos410_R,0.0125,0.034453125,Pos56-Pos410
56,410,Pos56_H-Pos410_S,0.00625,0.0019140625000000002,Pos56-Pos410
56,410,Pos56_Q-Pos410_R,0.0,0.0007031250000000001,Pos56-Pos410
56,410,Pos56_Q-Pos410_S,0.0,3.906250000000001e-05,Pos56-Pos410
56,410,Pos56_M-Pos410_R,0.0,0.0007031250000000001,Pos56-Pos410
56,410,Pos56_M-Pos410_S,0.0,3.906250000000001e-05,Pos56-Pos410
56,411,Pos56_H-Pos411_F,0.0125,0.034453125,Pos56-Pos411
56,411,Pos56_H-Pos411_K,0.00625,0.0019140625000000002,Pos56-Pos411
56,411,Pos56_Q-Pos411_F,0.0,0.0007031250000000001,Pos56-Pos411
56,411,Pos56_Q-Pos411_K,0.0,3.906250000000001e-05,Pos56-Pos411
56,411,Pos56_M-Pos411_F,0.0,0.0007031250000000001,Pos56-Pos411
56,411,Pos56_M-Pos411_K,0.0,3.906250000000001e-05,Pos56-Pos411
75,76,Pos75_Q-Pos76_S,0.3375,0.12031249999999999,Pos75-Pos76
75,76,Pos75_Q-Pos76_R,0.00625,0.0021484375,Pos75-Pos76
75,76,Pos75_K-Pos76_S,0.00625,0.0021874999999999998,Pos75-Pos76
75,76,Pos75_K-Pos76_R,0.0,3.906250000000001e-05,Pos75-Pos76
75,76,Pos75_I-Pos76_S,0.0,0.0021874999999999998,Pos75-Pos76
75,76,Pos75_I-Pos76_R,0.0,3.906250000000001e-05,Pos75-Pos76
75,88,Pos75_Q-Pos88_T,0.2625,0.1224609375,Pos75-Pos88
75,88,Pos75_Q-Pos88_K,0.00625,0.0021484375,Pos75-Pos88
75,88,Pos75_K-Pos88_T,0.00625,0.0022265625000000002,Pos75-Pos88
75,88,Pos75_K-Pos88_K,0.0,3.906250000000001e-05,Pos75-Pos88
75,88,Pos75_I-Pos88_T,0.0,0.0022265625000000002,Pos75-Pos88
75,88,Pos75_I-Pos88_K,0.0,3.906250000000001e-05,Pos75-Pos88
75,121,Pos75_Q-Pos121_D,0.15,0.107421875,Pos75-Pos121
75,121,Pos75_Q-Pos121_H,0.0,0.0021484375,Pos75-Pos121
75,121,Pos75_Q-Pos121_A,0.00625,0.0021484375,Pos75-Pos121
75,121,Pos75_Q-Pos121_S,0.00625,0.0021484375,Pos75-Pos121
75,121,Pos75_K-Pos121_D,0.0,0.001953125,Pos75-Pos121
75,121,Pos75_K-Pos121_H,0.0,3.906250000000001e-05,Pos75-Pos121
75,121,Pos75_K-Pos121_A,0.0,3.906250000000001e-05,Pos75-Pos121
75,121,Pos75_K-Pos121_S,0.0,3.906250000000001e-05,Pos75-Pos121
75,121,Pos75_I-Pos121_D,0.0,0.001953125,Pos75-Pos121
75,121,Pos75_I-Pos121_H,0.0,3.906250000000001e-05,Pos75-Pos121
75,121,Pos75_I-Pos121_A,0.0,3.906250000000001e-05,Pos75-Pos121
75,121,Pos75_I-Pos121_S,0.0,3.906250000000001e-05,Pos75-Pos121
75,162,Pos75_Q-Pos162_I,0.2,0.18691406249999998,Pos75-Pos162
75,162,Pos75_K-Pos162_I,0.0,0.0033984375,Pos75-Pos162
75,162,Pos75_I-Pos162_I,0.00625,0.0033984375,Pos75-Pos162
75,163,Pos75_Q-Pos163_F,0.05625,0.058007812500000006,Pos75-Pos163
75,163,Pos75_K-Pos163_F,0.0,0.0010546875,Pos75-Pos163
75,163,Pos75_I-Pos163_F,0.0,0.0010546875,Pos75-Pos163
75,164,Pos75_Q-Pos164_S,0.1,0.07734375,Pos75-Pos164
75,164,Pos75_K-Pos164_S,0.0,0.0014062500000000002,Pos75-Pos164
75,164,Pos75_I-Pos164_S,0.0,0.0014062500000000002,Pos75-Pos164
75,198,Pos75_Q-Pos198_S,0.10625,0.09453125000000001,Pos75-Pos198
75,198,Pos75_K-Pos198_S,0.0,0.0017187500000000002,Pos75-Pos198
75,198,Pos75_I-Pos198_S,0.00625,0.0017187500000000002,Pos75-Pos198
75,199,Pos75_Q-Pos199_I,0.09375,0.08808593749999999,Pos75-Pos199
75,199,Pos75_K-Pos199_I,0.0,0.0016015625,Pos75-Pos199
75,199,Pos75_I-Pos199_I,0.00625,0.0016015625,Pos75-Pos199
75,220,Pos75_Q-Pos220_V,0.125,0.09453125000000001,Pos75-Pos220
75,220,Pos75_K-Pos220_V,0.0,0.0017187500000000002,Pos75-Pos220
75,220,Pos75_I-Pos220_V,0.00625,0.0017187500000000002,Pos75-Pos220
75,225,Pos75_Q-Pos225_I,0.075,0.0794921875,Pos75-Pos225
75,225,Pos75_Q-Pos225_T,0.1125,0.09453125000000001,Pos75-Pos225
75,225,Pos75_Q-Pos225_L,0.00625,0.0064453125,Pos75-Pos225
75,225,Pos75_Q-Pos225_E,0.00625,0.0064453125,Pos75-Pos225
75,225,Pos75_K-Pos225_I,0.0,0.0014453125000000002,Pos75-Pos225
75,225,Pos75_K-Pos225_T,0.0,0.0017187500000000002,Pos75-Pos225
75,225,Pos75_K-Pos225_L,0.0,0.0001171875,Pos75-Pos225
75,225,Pos75_K-Pos225_E,0.0,0.0001171875,Pos75-Pos225
75,225,Pos75_I-Pos225_I,0.0,0.0014453125000000002,Pos75-Pos225
75,225,Pos75_I-Pos225_T,0.00625,0.0017187500000000002,Pos75-Pos225
75,225,Pos75_I-Pos225_L,0.0,0.0001171875,Pos75-Pos225
75,225,Pos75_I-Pos225_E,0.0,0.0001171875,Pos75-Pos225
75,227,Pos75_Q-Pos227_V,0.00625,0.0064453125,Pos75-Pos227
75,227,Pos75_K-Pos227_V,0.0,0.0001171875,Pos75-Pos227
75,227,Pos75_I-Pos227_V,0.0,0.0001171875,Pos75-Pos227
75,265,Pos75_Q-Pos265_V,0.1,0.107421875,Pos75-Pos265
75,265,Pos75_K-Pos265_V,0.0,0.001953125,Pos75-Pos265
75,265,Pos75_I-Pos265_V,0.00625,0.001953125,Pos75-Pos265
75,266,Pos75_Q-Pos266_A,0.09375,0.10527343750000001,Pos75-Pos266
75,266,Pos75_K-Pos266_A,0.0,0.0019140625000000002,Pos75-Pos266
75,266,Pos75_I-Pos266_A,0.00625,0.0019140625000000002,Pos75-Pos266
75,268,Pos75_Q-Pos268_Y,0.09375,0.10527343750000001,Pos75-Pos268
75,268,Pos75_K-Pos268_Y,0.0,0.0019140625000000002,Pos75-Pos268
75,268,Pos75_I-Pos268_Y,0.00625,0.0019140625000000002,Pos75-Pos268
75,269,Pos75_Q-Pos269_N,0.09375,0.10527343750000001,Pos75-Pos269
75,269,Pos75_Q-Pos269_K,0.0,0.0021484375,Pos75-Pos269
75,269,Pos75_K-Pos269_N,0.0,0.0019140625000000002,Pos75-Pos269
75,269,Pos75_K-Pos269_K,0.0,3.906250000000001e-05,Pos75-Pos269
75,269,Pos75_I-Pos269_N,0.00625,0.0019140625000000002,Pos75-Pos269
75,269,Pos75_I-Pos269_K,0.0,3.906250000000001e-05,Pos75-Pos269
75,270,Pos75_Q-Pos270_D,0.09375,0.10527343750000001,Pos75-Pos270
75,270,Pos75_K-Pos270_D,0.0,0.0019140625000000002,Pos75-Pos270
75,270,Pos75_I-Pos270_D,0.00625,0.0019140625000000002,Pos75-Pos270
75,272,Pos75_Q-Pos272_Y,0.09375,0.10527343750000001,Pos75-Pos272
75,272,Pos75_K-Pos272_Y,0.0,0.0019140625000000002,Pos75-Pos272
75,272,Pos75_I-Pos272_Y,0.00625,0.0019140625000000002,Pos75-Pos272
75,273,Pos75_Q-Pos273_T,0.09375,0.10527343750000001,Pos75-Pos273
75,273,Pos75_Q-Pos273_G,0.00625,0.0021484375,Pos75-Pos273
75,273,Pos75_K-Pos273_T,0.0,0.0019140625000000002,Pos75-Pos273
75,273,Pos75_K-Pos273_G,0.0,3.906250000000001e-05,Pos75-Pos273
75,273,Pos75_I-Pos273_T,0.00625,0.0019140625000000002,Pos75-Pos273
75,273,Pos75_I-Pos273_G,0.0,3.906250000000001e-05,Pos75-Pos273
75,276,Pos75_Q-Pos276_I,0.0,0.0064453125,Pos75-Pos276
75,276,Pos75_K-Pos276_I,0.0,0.0001171875,Pos75-Pos276
75,276,Pos75_I-Pos276_I,0.0,0.0001171875,Pos75-Pos276
75,277,Pos75_Q-Pos277_N,0.09375,0.10527343750000001,Pos75-Pos277
75,277,Pos75_K-Pos277_N,0.0,0.0019140625000000002,Pos75-Pos277
75,277,Pos75_I-Pos277_N,0.00625,0.0019140625000000002,Pos75-Pos277
75,278,Pos75_Q-Pos278_D,0.09375,0.10527343750000001,Pos75-Pos278
75,278,Pos75_K-Pos278_D,0.0,0.0019140625000000002,Pos75-Pos278
75,278,Pos75_I-Pos278_D,0.00625,0.0019140625000000002,Pos75-Pos278
75,280,Pos75_Q-Pos280_R,0.09375,0.10527343750000001,Pos75-Pos280
75,280,Pos75_K-Pos280_R,0.0,0.0019140625000000002,Pos75-Pos280
75,280,Pos75_I-Pos280_R,0.00625,0.0019140625000000002,Pos75-Pos280
75,281,Pos75_Q-Pos281_K,0.09375,0.10527343750000001,Pos75-Pos281
75,281,Pos75_K-Pos281_K,0.0,0.0019140625000000002,Pos75-Pos281
75,281,Pos75_I-Pos281_K,0.00625,0.0019140625000000002,Pos75-Pos281
75,284,Pos75_Q-Pos284_S,0.09375,0.10527343750000001,Pos75-Pos284
75,284,Pos75_K-Pos284_S,0.0,0.0019140625000000002,Pos75-Pos284
75,284,Pos75_I-Pos284_S,0.00625,0.0019140625000000002,Pos75-Pos284
75,314,Pos75_Q-Pos314_S,0.075,0.0751953125,Pos75-Pos314
75,314,Pos75_Q-Pos314_Y,0.0,0.0021484375,Pos75-Pos314
75,314,Pos75_K-Pos314_S,0.0,0.0013671875000000001,Pos75-Pos314
75,314,Pos75_K-Pos314_Y,0.0,3.906250000000001e-05,Pos75-Pos314
75,314,Pos75_I-Pos314_S,0.0,0.0013671875000000001,Pos75-Pos314
75,314,Pos75_I-Pos314_Y,0.0,3.906250000000001e-05,Pos75-Pos314
75,316,Pos75_Q-Pos316_I,0.075,0.07734375,Pos75-Pos316
75,316,Pos75_K-Pos316_I,0.0,0.0014062500000000002,Pos75-Pos316
75,316,Pos75_I-Pos316_I,0.0,0.0014062500000000002,Pos75-Pos316
75,344,Pos75_Q-Pos344_Q,0.0625,0.058007812500000006,Pos75-Pos344
75,344,Pos75_Q-Pos344_K,0.0125,0.004296875,Pos75-Pos344
75,344,Pos75_Q-Pos344_H,0.0125,0.0064453125,Pos75-Pos344
75,344,Pos75_K-Pos344_Q,0.0,0.0010546875,Pos75-Pos344
75,344,Pos75_K-Pos344_K,0.0,7.812500000000002e-05,Pos75-Pos344
75,344,Pos75_K-Pos344_H,0.0,0.0001171875,Pos75-Pos344
75,344,Pos75_I-Pos344_Q,0.00625,0.0010546875,Pos75-Pos344
75,344,Pos75_I-Pos344_K,0.0,7.812500000000002e-05,Pos75-Pos344
75,344,Pos75_I-Pos344_H,0.0,0.0001171875,Pos75-Pos344
75,365,Pos75_Q-Pos365_N,0.05,0.055859375,Pos75-Pos365
75,365,Pos75_Q-Pos365_Y,0.00625,0.0021484375,Pos75-Pos365
75,365,Pos75_K-Pos365_N,0.0,0.001015625,Pos75-Pos365
75,365,Pos75_K-Pos365_Y,0.0,3.906250000000001e-05,Pos75-Pos365
75,365,Pos75_I-Pos365_N,0.0,0.001015625,Pos75-Pos365
75,365,Pos75_I-Pos365_Y,0.0,3.906250000000001e-05,Pos75-Pos365
75,372,Pos75_Q-Pos372_S,0.00625,0.0408203125,Pos75-Pos372
75,372,Pos75_K-Pos372_S,0.0,0.0007421875,Pos75-Pos372
75,372,Pos75_I-Pos372_S,0.0,0.0007421875,Pos75-Pos372
75,373,Pos75_Q-Pos373_E,0.0,0.038671875,Pos75-Pos373
75,373,Pos75_K-Pos373_E,0.0,0.0007031250000000001,Pos75-Pos373
75,373,Pos75_I-Pos373_E,0.0,0.0007031250000000001,Pos75-Pos373
75,375,Pos75_Q-Pos375_Y,0.0,0.038671875,Pos75-Pos375
75,375,Pos75_K-Pos375_Y,0.0,0.0007031250000000001,Pos75-Pos375
75,375,Pos75_I-Pos375_Y,0.0,0.0007031250000000001,Pos75-Pos375
75,378,Pos75_Q-Pos378_N,0.0,0.038671875,Pos75-Pos378
75,378,Pos75_K-Pos378_N,0.0,0.0007031250000000001,Pos75-Pos378
75,378,Pos75_I-Pos378_N,0.0,0.0007031250000000001,Pos75-Pos378
75,379,Pos75_Q-Pos379_N,0.0,0.038671875,Pos75-Pos379
75,379,Pos75_K-Pos379_N,0.0,0.0007031250000000001,Pos75-Pos379
75,379,Pos75_I-Pos379_N,0.0,0.0007031250000000001,Pos75-Pos379
75,381,Pos75_Q-Pos381_K,0.0,0.038671875,Pos75-Pos381
75,381,Pos75_K-Pos381_K,0.0,0.0007031250000000001,Pos75-Pos381
75,381,Pos75_I-Pos381_K,0.0,0.0007031250000000001,Pos75-Pos381
75,382,Pos75_Q-Pos382_V,0.0,0.038671875,Pos75-Pos382
75,382,Pos75_K-Pos382_V,0.0,0.0007031250000000001,Pos75-Pos382
75,382,Pos75_I-Pos382_V,0.0,0.0007031250000000001,Pos75-Pos382
75,384,Pos75_Q-Pos384_F,0.0,0.038671875,Pos75-Pos384
75,384,Pos75_K-Pos384_F,0.0,0.0007031250000000001,Pos75-Pos384
75,384,Pos75_I-Pos384_F,0.0,0.0007031250000000001,Pos75-Pos384
75,385,Pos75_Q-Pos385_R,0.0,0.038671875,Pos75-Pos385
75,385,Pos75_K-Pos385_R,0.0,0.0007031250000000001,Pos75-Pos385
75,385,Pos75_I-Pos385_R,0.0,0.0007031250000000001,Pos75-Pos385
75,389,Pos75_Q-Pos389_A,0.0,0.038671875,Pos75-Pos389
75,389,Pos75_Q-Pos389_T,0.00625,0.0021484375,Pos75-Pos389
75,389,Pos75_K-Pos389_A,0.0,0.0007031250000000001,Pos75-Pos389
75,389,Pos75_K-Pos389_T,0.0,3.906250000000001e-05,Pos75-Pos389
75,389,Pos75_I-Pos389_A,0.0,0.0007031250000000001,Pos75-Pos389
75,389,Pos75_I-Pos389_T,0.0,3.906250000000001e-05,Pos75-Pos389
75,390,Pos75_Q-Pos390_N,0.0,0.038671875,Pos75-Pos390
75,390,Pos75_Q-Pos390_R,0.00625,0.0021484375,Pos75-Pos390
75,390,Pos75_K-Pos390_N,0.0,0.0007031250000000001,Pos75-Pos390
75,390,Pos75_K-Pos390_R,0.0,3.906250000000001e-05,Pos75-Pos390
75,390,Pos75_I-Pos390_N,0.0,0.0007031250000000001,Pos75-Pos390
75,390,Pos75_I-Pos390_R,0.0,3.906250000000001e-05,Pos75-Pos390
75,391,Pos75_Q-Pos391_L,0.0,0.038671875,Pos75-Pos391
75,391,Pos75_Q-Pos391_S,0.00625,0.0021484375,Pos75-Pos391
75,391,Pos75_K-Pos391_L,0.0,0.0007031250000000001,Pos75-Pos391
75,391,Pos75_K-Pos391_S,0.0,3.906250000000001e-05,Pos75-Pos391
75,391,Pos75_I-Pos391_L,0.0,0.0007031250000000001,Pos75-Pos391
75,391,Pos75_I-Pos391_S,0.0,3.906250000000001e-05,Pos75-Pos391
75,392,Pos75_Q-Pos392_S,0.00625,0.0021484375,Pos75-Pos392
75,392,Pos75_Q-Pos392_*,0.00625,0.0021484375,Pos75-Pos392
75,392,Pos75_K-Pos392_S,0.0,3.906250000000001e-05,Pos75-Pos392
75,392,Pos75_K-Pos392_*,0.0,3.906250000000001e-05,Pos75-Pos392
75,392,Pos75_I-Pos392_S,0.0,3.906250000000001e-05,Pos75-Pos392
75,392,Pos75_I-Pos392_*,0.0,3.906250000000001e-05,Pos75-Pos392
75,394,Pos75_Q-Pos394_R,0.0,0.038671875,Pos75-Pos394
75,394,Pos75_Q-Pos394_A,0.00625,0.0021484375,Pos75-Pos394
75,394,Pos75_K-Pos394_R,0.0,0.0007031250000000001,Pos75-Pos394
75,394,Pos75_K-Pos394_A,0.0,3.906250000000001e-05,Pos75-Pos394
75,394,Pos75_I-Pos394_R,0.0,0.0007031250000000001,Pos75-Pos394
75,394,Pos75_I-Pos394_A,0.0,3.906250000000001e-05,Pos75-Pos394
75,396,Pos75_Q-Pos396_I,0.0,0.038671875,Pos75-Pos396
75,396,Pos75_Q-Pos396_N,0.00625,0.0021484375,Pos75-Pos396
75,396,Pos75_K-Pos396_I,0.0,0.0007031250000000001,Pos75-Pos396
75,396,Pos75_K-Pos396_N,0.0,3.906250000000001e-05,Pos75-Pos396
75,396,Pos75_I-Pos396_I,0.0,0.0007031250000000001,Pos75-Pos396
75,396,Pos75_I-Pos396_N,0.0,3.906250000000001e-05,Pos75-Pos396
75,397,Pos75_Q-Pos397_K,0.0,0.038671875,Pos75-Pos397
75,397,Pos75_Q-Pos397_S,0.00625,0.0021484375,Pos75-Pos397
75,397,Pos75_K-Pos397_K,0.0,0.0007031250000000001,Pos75-Pos397
75,397,Pos75_K-Pos397_S,0.0,3.906250000000001e-05,Pos75-Pos397
75,397,Pos75_I-Pos397_K,0.0,0.0007031250000000001,Pos75-Pos397
75,397,Pos75_I-Pos397_S,0.0,3.906250000000001e-05,Pos75-Pos397
75,398,Pos75_Q-Pos398_P,0.0,0.038671875,Pos75-Pos398
75,398,Pos75_Q-Pos398_G,0.0,0.0021484375,Pos75-Pos398
75,398,Pos75_Q-Pos398_S,0.00625,0.0021484375,Pos75-Pos398
75,398,Pos75_K-Pos398_P,0.0,0.0007031250000000001,Pos75-Pos398
75,398,Pos75_K-Pos398_G,0.0,3.906250000000001e-05,Pos75-Pos398
75,398,Pos75_K-Pos398_S,0.0,3.906250000000001e-05,Pos75-Pos398
75,398,Pos75_I-Pos398_P,0.0,0.0007031250000000001,Pos75-Pos398
75,398,Pos75_I-Pos398_G,0.0,3.906250000000001e-05,Pos75-Pos398
75,398,Pos75_I-Pos398_S,0.0,3.906250000000001e-05,Pos75-Pos398
75,400,Pos75_Q-Pos400_T,0.0,0.038671875,Pos75-Pos400
75,400,Pos75_Q-Pos400_S,0.00625,0.0021484375,Pos75-Pos400
75,400,Pos75_K-Pos400_T,0.0,0.0007031250000000001,Pos75-Pos400
75,400,Pos75_K-Pos400_S,0.0,3.906250000000001e-05,Pos75-Pos400
75,400,Pos75_I-Pos400_T,0.0,0.0007031250000000001,Pos75-Pos400
75,400,Pos75_I-Pos400_S,0.0,3.906250000000001e-05,Pos75-Pos400
75,407,Pos75_Q-Pos407_K,0.0,0.038671875,Pos75-Pos407
75,407,Pos75_Q-Pos407_F,0.00625,0.0021484375,Pos75-Pos407
75,407,Pos75_K-Pos407_K,0.0,0.0007031250000000001,Pos75-Pos407
75,407,Pos75_K-Pos407_F,0.0,3.906250000000001e-05,Pos75-Pos407
75,407,Pos75_I-Pos407_K,0.0,0.0007031250000000001,Pos75-Pos407
75,407,Pos75_I-Pos407_F,0.0,3.906250000000001e-05,Pos75-Pos407
75,408,Pos75_Q-Pos408_I,0.0,0.038671875,Pos75-Pos408
75,408,Pos75_K-Pos408_I,0.0,0.0007031250000000001,Pos75-Pos408
75,408,Pos75_I-Pos408_I,0.0,0.0007031250000000001,Pos75-Pos408
75,410,Pos75_Q-Pos410_R,0.0,0.038671875,Pos75-Pos410
75,410,Pos75_Q-Pos410_S,0.00625,0.0021484375,Pos75-Pos410
75,410,Pos75_K-Pos410_R,0.0,0.0007031250000000001,Pos75-Pos410
75,410,Pos75_K-Pos410_S,0.0,3.906250000000001e-05,Pos75-Pos410
75,410,Pos75_I-Pos410_R,0.0,0.0007031250000000001,Pos75-Pos410
75,410,Pos75_I-Pos410_S,0.0,3.906250000000001e-05,Pos75-Pos410
75,411,Pos75_Q-Pos411_F,0.0,0.038671875,Pos75-Pos411
75,411,Pos75_Q-Pos411_K,0.00625,0.0021484375,Pos75-Pos411
75,411,Pos75_K-Pos411_F,0.0,0.0007031250000000001,Pos75-Pos411
75,411,Pos75_K-Pos411_K,0.0,3.906250000000001e-05,Pos75-Pos411
75,411,Pos75_I-Pos411_F,0.0,0.0007031250000000001,Pos75-Pos411
75,411,Pos75_I-Pos411_K,0.0,3.906250000000001e-05,Pos75-Pos411
76,88,Pos76_S-Pos88_T,0.275,0.12468749999999999,Pos76-Pos88
76,88,Pos76_S-Pos88_K,0.00625,0.0021874999999999998,Pos76-Pos88
76,88,Pos76_R-Pos88_T,0.0,0.0022265625000000002,Pos76-Pos88
76,88,Pos76_R-Pos88_K,0.0,3.906250000000001e-05,Pos76-Pos88
76,121,Pos76_S-Pos121_D,0.15625,0.109375,Pos76-Pos121
76,121,Pos76_S-Pos121_H,0.0,0.0021874999999999998,Pos76-Pos121
76,121,Pos76_S-Pos121_A,0.00625,0.0021874999999999998,Pos76-Pos121
76,121,Pos76_S-Pos121_S,0.00625,0.0021874999999999998,Pos76-Pos121
76,121,Pos76_R-Pos121_D,0.0,0.001953125,Pos76-Pos121
76,121,Pos76_R-Pos121_H,0.0,3.906250000000001e-05,Pos76-Pos121
76,121,Pos76_R-Pos121_A,0.0,3.906250000000001e-05,Pos76-Pos121
76,121,Pos76_R-Pos121_S,0.0,3.906250000000001e-05,Pos76-Pos121
76,162,Pos76_S-Pos162_I,0.2,0.19031249999999997,Pos76-Pos162
76,162,Pos76_R-Pos162_I,0.00625,0.0033984375,Pos76-Pos162
76,163,Pos76_S-Pos163_F,0.05625,0.0590625,Pos76-Pos163
76,163,Pos76_R-Pos163_F,0.0,0.0010546875,Pos76-Pos163
76,164,Pos76_S-Pos164_S,0.1,0.07875,Pos76-Pos164
76,164,Pos76_R-Pos164_S,0.0,0.0014062500000000002,Pos76-Pos164
76,198,Pos76_S-Pos198_S,0.10625,0.09625,Pos76-Pos198
76,198,Pos76_R-Pos198_S,0.0,0.0017187500000000002,Pos76-Pos198
76,199,Pos76_S-Pos199_I,0.09375,0.08968749999999999,Pos76-Pos199
76,199,Pos76_R-Pos199_I,0.0,0.0016015625,Pos76-Pos199
76,220,Pos76_S-Pos220_V,0.125,0.09625,Pos76-Pos220
76,220,Pos76_R-Pos220_V,0.0,0.0017187500000000002,Pos76-Pos220
76,225,Pos76_S-Pos225_I,0.08125,0.0809375,Pos76-Pos225
76,225,Pos76_S-Pos225_T,0.1125,0.09625,Pos76-Pos225
76,225,Pos76_S-Pos225_L,0.00625,0.0065625,Pos76-Pos225
76,225,Pos76_S-Pos225_E,0.00625,0.0065625,Pos76-Pos225
76,225,Pos76_R-Pos225_I,0.0,0.0014453125000000002,Pos76-Pos225
76,225,Pos76_R-Pos225_T,0.0,0.0017187500000000002,Pos76-Pos225
76,225,Pos76_R-Pos225_L,0.0,0.0001171875,Pos76-Pos225
76,225,Pos76_R-Pos225_E,0.0,0.0001171875,Pos76-Pos225
76,227,Pos76_S-Pos227_V,0.00625,0.0065625,Pos76-Pos227
76,227,Pos76_R-Pos227_V,0.0,0.0001171875,Pos76-Pos227
76,265,Pos76_S-Pos265_V,0.1,0.109375,Pos76-Pos265
76,265,Pos76_R-Pos265_V,0.00625,0.001953125,Pos76-Pos265
76,266,Pos76_S-Pos266_A,0.1,0.1071875,Pos76-Pos266
76,266,Pos76_R-Pos266_A,0.0,0.0019140625000000002,Pos76-Pos266
76,268,Pos76_S-Pos268_Y,0.1,0.1071875,Pos76-Pos268
76,268,Pos76_R-Pos268_Y,0.0,0.0019140625000000002,Pos76-Pos268
76,269,Pos76_S-Pos269_N,0.1,0.1071875,Pos76-Pos269
76,269,Pos76_S-Pos269_K,0.0,0.0021874999999999998,Pos76-Pos269
76,269,Pos76_R-Pos269_N,0.0,0.0019140625000000002,Pos76-Pos269
76,269,Pos76_R-Pos269_K,0.0,3.906250000000001e-05,Pos76-Pos269
76,270,Pos76_S-Pos270_D,0.1,0.1071875,Pos76-Pos270
76,270,Pos76_R-Pos270_D,0.0,0.0019140625000000002,Pos76-Pos270
76,272,Pos76_S-Pos272_Y,0.1,0.1071875,Pos76-Pos272
76,272,Pos76_R-Pos272_Y,0.0,0.0019140625000000002,Pos76-Pos272
76,273,Pos76_S-Pos273_T,0.1,0.1071875,Pos76-Pos273
76,273,Pos76_S-Pos273_G,0.00625,0.0021874999999999998,Pos76-Pos273
76,273,Pos76_R-Pos273_T,0.0,0.0019140625000000002,Pos76-Pos273
76,273,Pos76_R-Pos273_G,0.0,3.906250000000001e-05,Pos76-Pos273
76,276,Pos76_S-Pos276_I,0.0,0.0065625,Pos76-Pos276
76,276,Pos76_R-Pos276_I,0.0,0.0001171875,Pos76-Pos276
76,277,Pos76_S-Pos277_N,0.1,0.1071875,Pos76-Pos277
76,277,Pos76_R-Pos277_N,0.0,0.0019140625000000002,Pos76-Pos277
76,278,Pos76_S-Pos278_D,0.1,0.1071875,Pos76-Pos278
76,278,Pos76_R-Pos278_D,0.0,0.0019140625000000002,Pos76-Pos278
76,280,Pos76_S-Pos280_R,0.1,0.1071875,Pos76-Pos280
76,280,Pos76_R-Pos280_R,0.0,0.0019140625000000002,Pos76-Pos280
76,281,Pos76_S-Pos281_K,0.1,0.1071875,Pos76-Pos281
76,281,Pos76_R-Pos281_K,0.0,0.0019140625000000002,Pos76-Pos281
76,284,Pos76_S-Pos284_S,0.1,0.1071875,Pos76-Pos284
76,284,Pos76_R-Pos284_S,0.0,0.0019140625000000002,Pos76-Pos284
76,314,Pos76_S-Pos314_S,0.075,0.07656249999999999,Pos76-Pos314
76,314,Pos76_S-Pos314_Y,0.0,0.0021874999999999998,Pos76-Pos314
76,314,Pos76_R-Pos314_S,0.0,0.0013671875000000001,Pos76-Pos314
76,314,Pos76_R-Pos314_Y,0.0,3.906250000000001e-05,Pos76-Pos314
76,316,Pos76_S-Pos316_I,0.075,0.07875,Pos76-Pos316
76,316,Pos76_R-Pos316_I,0.0,0.0014062500000000002,Pos76-Pos316
76,344,Pos76_S-Pos344_Q,0.05625,0.0590625,Pos76-Pos344
76,344,Pos76_S-Pos344_K,0.0125,0.0043749999999999995,Pos76-Pos344
76,344,Pos76_S-Pos344_H,0.0125,0.0065625,Pos76-Pos344
76,344,Pos76_R-Pos344_Q,0.00625,0.0010546875,Pos76-Pos344
76,344,Pos76_R-Pos344_K,0.0,7.812500000000002e-05,Pos76-Pos344
76,344,Pos76_R-Pos344_H,0.0,0.0001171875,Pos76-Pos344
76,365,Pos76_S-Pos365_N,0.05,0.056874999999999995,Pos76-Pos365
76,365,Pos76_S-Pos365_Y,0.00625,0.0021874999999999998,Pos76-Pos365
76,365,Pos76_R-Pos365_N,0.0,0.001015625,Pos76-Pos365
76,365,Pos76_R-Pos365_Y,0.0,3.906250000000001e-05,Pos76-Pos365
76,372,Pos76_S-Pos372_S,0.00625,0.041562499999999995,Pos76-Pos372
76,372,Pos76_R-Pos372_S,0.0,0.0007421875,Pos76-Pos372
76,373,Pos76_S-Pos373_E,0.0,0.039375,Pos76-Pos373
76,373,Pos76_R-Pos373_E,0.0,0.0007031250000000001,Pos76-Pos373
76,375,Pos76_S-Pos375_Y,0.0,0.039375,Pos76-Pos375
76,375,Pos76_R-Pos375_Y,0.0,0.0007031250000000001,Pos76-Pos375
76,378,Pos76_S-Pos378_N,0.0,0.039375,Pos76-Pos378
76,378,Pos76_R-Pos378_N,0.0,0.0007031250000000001,Pos76-Pos378
76,379,Pos76_S-Pos379_N,0.0,0.039375,Pos76-Pos379
76,379,Pos76_R-Pos379_N,0.0,0.0007031250000000001,Pos76-Pos379
76,381,Pos76_S-Pos381_K,0.0,0.039375,Pos76-Pos381
76,381,Pos76_R-Pos381_K,0.0,0.0007031250000000001,Pos76-Pos381
76,382,Pos76_S-Pos382_V,0.0,0.039375,Pos76-Pos382
76,382,Pos76_R-Pos382_V,0.0,0.0007031250000000001,Pos76-Pos382
76,384,Pos76_S-Pos384_F,0.0,0.039375,Pos76-Pos384
76,384,Pos76_R-Pos384_F,0.0,0.0007031250000000001,Pos76-Pos384
76,385,Pos76_S-Pos385_R,0.0,0.039375,Pos76-Pos385
76,385,Pos76_R-Pos385_R,0.0,0.0007031250000000001,Pos76-Pos385
76,389,Pos76_S-Pos389_A,0.0,0.039375,Pos76-Pos389
76,389,Pos76_S-Pos389_T,0.00625,0.0021874999999999998,Pos76-Pos389
76,389,Pos76_R-Pos389_A,0.0,0.0007031250000000001,Pos76-Pos389
76,389,Pos76_R-Pos389_T,0.0,3.906250000000001e-05,Pos76-Pos389
76,390,Pos76_S-Pos390_N,0.0,0.039375,Pos76-Pos390
76,390,Pos76_S-Pos390_R,0.00625,0.0021874999999999998,Pos76-Pos390
76,390,Pos76_R-Pos390_N,0.0,0.0007031250000000001,Pos76-Pos390
76,390,Pos76_R-Pos390_R,0.0,3.906250000000001e-05,Pos76-Pos390
76,391,Pos76_S-Pos391_L,0.0,0.039375,Pos76-Pos391
76,391,Pos76_S-Pos391_S,0.00625,0.0021874999999999998,Pos76-Pos391
76,391,Pos76_R-Pos391_L,0.0,0.0007031250000000001,Pos76-Pos391
76,391,Pos76_R-Pos391_S,0.0,3.906250000000001e-05,Pos76-Pos391
76,392,Pos76_S-Pos392_S,0.00625,0.0021874999999999998,Pos76-Pos392
76,392,Pos76_S-Pos392_*,0.00625,0.0021874999999999998,Pos76-Pos392
76,392,Pos76_R-Pos392_S,0.0,3.906250000000001e-05,Pos76-Pos392
76,392,Pos76_R-Pos392_*,0.0,3.906250000000001e-05,Pos76-Pos392
76,394,Pos76_S-Pos394_R,0.0,0.039375,Pos76-Pos394
76,394,Pos76_S-Pos394_A,0.00625,0.0021874999999999998,Pos76-Pos394
76,394,Pos76_R-Pos394_R,0.0,0.0007031250000000001,Pos76-Pos394
76,394,Pos76_R-Pos394_A,0.0,3.906250000000001e-05,Pos76-Pos394
76,396,Pos76_S-Pos396_I,0.0,0.039375,Pos76-Pos396
76,396,Pos76_S-Pos396_N,0.00625,0.0021874999999999998,Pos76-Pos396
76,396,Pos76_R-Pos396_I,0.0,0.0007031250000000001,Pos76-Pos396
76,396,Pos76_R-Pos396_N,0.0,3.906250000000001e-05,Pos76-Pos396
76,397,Pos76_S-Pos397_K,0.0,0.039375,Pos76-Pos397
76,397,Pos76_S-Pos397_S,0.00625,0.0021874999999999998,Pos76-Pos397
76,397,Pos76_R-Pos397_K,0.0,0.0007031250000000001,Pos76-Pos397
76,397,Pos76_R-Pos397_S,0.0,3.906250000000001e-05,Pos76-Pos397
76,398,Pos76_S-Pos398_P,0.0,0.039375,Pos76-Pos398
76,398,Pos76_S-Pos398_G,0.0,0.0021874999999999998,Pos76-Pos398
76,398,Pos76_S-Pos398_S,0.00625,0.0021874999999999998,Pos76-Pos398
76,398,Pos76_R-Pos398_P,0.0,0.0007031250000000001,Pos76-Pos398
76,398,Pos76_R-Pos398_G,0.0,3.906250000000001e-05,Pos76-Pos398
76,398,Pos76_R-Pos398_S,0.0,3.906250000000001e-05,Pos76-Pos398
76,400,Pos76_S-Pos400_T,0.0,0.039375,Pos76-Pos400
76,400,Pos76_S-Pos400_S,0.00625,0.0021874999999999998,Pos76-Pos400
76,400,Pos76_R-Pos400_T,0.0,0.0007031250000000001,Pos76-Pos400
76,400,Pos76_R-Pos400_S,0.0,3.906250000000001e-05,Pos76-Pos400
76,407,Pos76_S-Pos407_K,0.0,0.039375,Pos76-Pos407
76,407,Pos76_S-Pos407_F,0.00625,0.0021874999999999998,Pos76-Pos407
76,407,Pos76_R-Pos407_K,0.0,0.0007031250000000001,Pos76-Pos407
76,407,Pos76_R-Pos407_F,0.0,3.906250000000001e-05,Pos76-Pos407
76,408,Pos76_S-Pos408_I,0.0,0.039375,Pos76-Pos408
76,408,Pos76_R-Pos408_I,0.0,0.0007031250000000001,Pos76-Pos408
76,410,Pos76_S-Pos410_R,0.0,0.039375,Pos76-Pos410
76,410,Pos76_S-Pos410_S,0.00625,0.0021874999999999998,Pos76-Pos410
76,410,Pos76_R-Pos410_R,0.0,0.0007031250000000001,Pos76-Pos410
76,410,Pos76_R-Pos410_S,0.0,3.906250000000001e-05,Pos76-Pos410
76,411,Pos76_S-Pos411_F,0.0,0.039375,Pos76-Pos411
76,411,Pos76_S-Pos411_K,0.00625,0.0021874999999999998,Pos76-Pos411
76,411,Pos76_R-Pos411_F,0.0,0.0007031250000000001,Pos76-Pos411
76,411,Pos76_R-Pos411_K,0.0,3.906250000000001e-05,Pos76-Pos411
88,121,Pos88_T-Pos121_D,0.1875,0.111328125,Pos88-Pos121
88,121,Pos88_T-Pos121_H,0.0,0.0022265625000000002,Pos88-Pos121
88,121,Pos88_T-Pos121_A,0.00625,0.0022265625000000002,Pos88-Pos121
88,121,Pos88_T-Pos121_S,0.00625,0.0022265625000000002,Pos88-Pos121
88,121,Pos88_K-Pos121_D,0.0,0.001953125,Pos88-Pos121
88,121,Pos88_K-Pos121_H,0.0,3.906250000000001e-05,Pos88-Pos121
88,121,Pos88_K-Pos121_A,0.0,3.906250000000001e-05,Pos88-Pos121
88,121,Pos88_K-Pos121_S,0.0,3.906250000000001e-05,Pos88-Pos121
88,162,Pos88_T-Pos162_I,0.2125,0.19371093749999999,Pos88-Pos162
88,162,Pos88_K-Pos162_I,0.00625,0.0033984375,Pos88-Pos162
88,163,Pos88_T-Pos163_F,0.06875,0.06011718750000001,Pos88-Pos163
88,163,Pos88_K-Pos163_F,0.0,0.0010546875,Pos88-Pos163
88,164,Pos88_T-Pos164_S,0.10625,0.08015625,Pos88-Pos164
88,164,Pos88_K-Pos164_S,0.0,0.0014062500000000002,Pos88-Pos164
88,198,Pos88_T-Pos198_S,0.1,0.09796875000000001,Pos88-Pos198
88,198,Pos88_K-Pos198_S,0.0,0.0017187500000000002,Pos88-Pos198
88,199,Pos88_T-Pos199_I,0.0875,0.09128906249999999,Pos88-Pos199
88,199,Pos88_K-Pos199_I,0.0,0.0016015625,Pos88-Pos199
88,220,Pos88_T-Pos220_V,0.10625,0.09796875000000001,Pos88-Pos220
88,220,Pos88_K-Pos220_V,0.0,0.0017187500000000002,Pos88-Pos220
88,225,Pos88_T-Pos225_I,0.09375,0.08238281250000001,Pos88-Pos225
88,225,Pos88_T-Pos225_T,0.09375,0.09796875000000001,Pos88-Pos225
88,225,Pos88_T-Pos225_L,0.00625,0.0066796875,Pos88-Pos225
88,225,Pos88_T-Pos225_E,0.00625,0.0066796875,Pos88-Pos225
88,225,Pos88_K-Pos225_I,0.0,0.0014453125000000002,Pos88-Pos225
88,225,Pos88_K-Pos225_T,0.0,0.0017187500000000002,Pos88-Pos225
88,225,Pos88_K-Pos225_L,0.0,0.0001171875,Pos88-Pos225
88,225,Pos88_K-Pos225_E,0.0,0.0001171875,Pos88-Pos225
88,227,Pos88_T-Pos227_V,0.0125,0.0066796875,Pos88-Pos227
88,227,Pos88_K-Pos227_V,0.0,0.0001171875,Pos88-Pos227
88,265,Pos88_T-Pos265_V,0.0875,0.111328125,Pos88-Pos265
88,265,Pos88_K-Pos265_V,0.0,0.001953125,Pos88-Pos265
88,266,Pos88_T-Pos266_A,0.0875,0.10910156250000001,Pos88-Pos266
88,266,Pos88_K-Pos266_A,0.0,0.0019140625000000002,Pos88-Pos266
88,268,Pos88_T-Pos268_Y,0.0875,0.10910156250000001,Pos88-Pos268
88,268,Pos88_K-Pos268_Y,0.0,0.0019140625000000002,Pos88-Pos268
88,269,Pos88_T-Pos269_N,0.0875,0.10910156250000001,Pos88-Pos269
88,269,Pos88_T-Pos269_K,0.0,0.0022265625000000002,Pos88-Pos269
88,269,Pos88_K-Pos269_N,0.0,0.0019140625000000002,Pos88-Pos269
88,269,Pos88_K-Pos269_K,0.0,3.906250000000001e-05,Pos88-Pos269
88,270,Pos88_T-Pos270_D,0.0875,0.10910156250000001,Pos88-Pos270
88,270,Pos88_K-Pos270_D,0.0,0.0019140625000000002,Pos88-Pos270
88,272,Pos88_T-Pos272_Y,0.0875,0.10910156250000001,Pos88-Pos272
88,272,Pos88_K-Pos272_Y,0.0,0.0019140625000000002,Pos88-Pos272
88,273,Pos88_T-Pos273_T,0.0875,0.10910156250000001,Pos88-Pos273
88,273,Pos88_T-Pos273_G,0.00625,0.0022265625000000002,Pos88-Pos273
88,273,Pos88_K-Pos273_T,0.0,0.0019140625000000002,Pos88-Pos273
88,273,Pos88_K-Pos273_G,0.0,3.906250000000001e-05,Pos88-Pos273
88,276,Pos88_T-Pos276_I,0.0,0.0066796875,Pos88-Pos276
88,276,Pos88_K-Pos276_I,0.0,0.0001171875,Pos88-Pos276
88,277,Pos88_T-Pos277_N,0.0875,0.10910156250000001,Pos88-Pos277
88,277,Pos88_K-Pos277_N,0.0,0.0019140625000000002,Pos88-Pos277
88,278,Pos88_T-Pos278_D,0.0875,0.10910156250000001,Pos88-Pos278
88,278,Pos88_K-Pos278_D,0.0,0.0019140625000000002,Pos88-Pos278
88,280,Pos88_T-Pos280_R,0.0875,0.10910156250000001,Pos88-Pos280
88,280,Pos88_K-Pos280_R,0.0,0.0019140625000000002,Pos88-Pos280
88,281,Pos88_T-Pos281_K,0.0875,0.10910156250000001,Pos88-Pos281
88,281,Pos88_K-Pos281_K,0.0,0.0019140625000000002,Pos88-Pos281
88,284,Pos88_T-Pos284_S,0.0875,0.10910156250000001,Pos88-Pos284
88,284,Pos88_K-Pos284_S,0.0,0.0019140625000000002,Pos88-Pos284
88,314,Pos88_T-Pos314_S,0.05625,0.0779296875,Pos88-Pos314
88,314,Pos88_T-Pos314_Y,0.0,0.0022265625000000002,Pos88-Pos314
88,314,Pos88_K-Pos314_S,0.0,0.0013671875000000001,Pos88-Pos314
88,314,Pos88_K-Pos314_Y,0.0,3.906250000000001e-05,Pos88-Pos314
88,316,Pos88_T-Pos316_I,0.06875,0.08015625,Pos88-Pos316
88,316,Pos88_K-Pos316_I,0.0,0.0014062500000000002,Pos88-Pos316
88,344,Pos88_T-Pos344_Q,0.06875,0.06011718750000001,Pos88-Pos344
88,344,Pos88_T-Pos344_K,0.0125,0.0044531250000000005,Pos88-Pos344
88,344,Pos88_T-Pos344_H,0.0125,0.0066796875,Pos88-Pos344
88,344,Pos88_K-Pos344_Q,0.0,0.0010546875,Pos88-Pos344
88,344,Pos88_K-Pos344_K,0.0,7.812500000000002e-05,Pos88-Pos344
88,344,Pos88_K-Pos344_H,0.0,0.0001171875,Pos88-Pos344
88,365,Pos88_T-Pos365_N,0.0625,0.057890625,Pos88-Pos365
88,365,Pos88_T-Pos365_Y,0.00625,0.0022265625000000002,Pos88-Pos365
88,365,Pos88_K-Pos365_N,0.0,0.001015625,Pos88-Pos365
88,365,Pos88_K-Pos365_Y,0.0,3.906250000000001e-05,Pos88-Pos365
88,372,Pos88_T-Pos372_S,0.00625,0.0423046875,Pos88-Pos372
88,372,Pos88_K-Pos372_S,0.0,0.0007421875,Pos88-Pos372
88,373,Pos88_T-Pos373_E,0.0,0.040078125,Pos88-Pos373
88,373,Pos88_K-Pos373_E,0.0,0.0007031250000000001,Pos88-Pos373
88,375,Pos88_T-Pos375_Y,0.0,0.040078125,Pos88-Pos375
88,375,Pos88_K-Pos375_Y,0.0,0.0007031250000000001,Pos88-Pos375
88,378,Pos88_T-Pos378_N,0.0,0.040078125,Pos88-Pos378
88,378,Pos88_K-Pos378_N,0.0,0.0007031250000000001,Pos88-Pos378
88,379,Pos88_T-Pos379_N,0.0,0.040078125,Pos88-Pos379
88,379,Pos88_K-Pos379_N,0.0,0.0007031250000000001,Pos88-Pos379
88,381,Pos88_T-Pos381_K,0.0,0.040078125,Pos88-Pos381
88,381,Pos88_K-Pos381_K,0.0,0.0007031250000000001,Pos88-Pos381
88,382,Pos88_T-Pos382_V,0.0,0.040078125,Pos88-Pos382
88,382,Pos88_K-Pos382_V,0.0,0.0007031250000000001,Pos88-Pos382
88,384,Pos88_T-Pos384_F,0.0,0.040078125,Pos88-Pos384
88,384,Pos88_K-Pos384_F,0.0,0.0007031250000000001,Pos88-Pos384
88,385,Pos88_T-Pos385_R,0.0,0.040078125,Pos88-Pos385
88,385,Pos88_K-Pos385_R,0.0,0.0007031250000000001,Pos88-Pos385
88,389,Pos88_T-Pos389_A,0.0,0.040078125,Pos88-Pos389
88,389,Pos88_T-Pos389_T,0.00625,0.0022265625000000002,Pos88-Pos389
88,389,Pos88_K-Pos389_A,0.0,0.0007031250000000001,Pos88-Pos389
88,389,Pos88_K-Pos389_T,0.0,3.906250000000001e-05,Pos88-Pos389
88,390,Pos88_T-Pos390_N,0.0,0.040078125,Pos88-Pos390
88,390,Pos88_T-Pos390_R,0.00625,0.0022265625000000002,Pos88-Pos390
88,390,Pos88_K-Pos390_N,0.0,0.0007031250000000001,Pos88-Pos390
88,390,Pos88_K-Pos390_R,0.0,3.906250000000001e-05,Pos88-Pos390
88,391,Pos88_T-Pos391_L,0.0,0.040078125,Pos88-Pos391
88,391,Pos88_T-Pos391_S,0.00625,0.0022265625000000002,Pos88-Pos391
88,391,Pos88_K-Pos391_L,0.0,0.0007031250000000001,Pos88-Pos391
88,391,Pos88_K-Pos391_S,0.0,3.906250000000001e-05,Pos88-Pos391
88,392,Pos88_T-Pos392_S,0.00625,0.0022265625000000002,Pos88-Pos392
88,392,Pos88_T-Pos392_*,0.00625,0.0022265625000000002,Pos88-Pos392
88,392,Pos88_K-Pos392_S,0.0,3.906250000000001e-05,Pos88-Pos392
88,392,Pos88_K-Pos392_*,0.0,3.906250000000001e-05,Pos88-Pos392
88,394,Pos88_T-Pos394_R,0.0,0.040078125,Pos88-Pos394
88,394,Pos88_T-Pos394_A,0.00625,0.0022265625000000002,Pos88-Pos394
88,394,Pos88_K-Pos394_R,0.0,0.0007031250000000001,Pos88-Pos394
88,394,Pos88_K-Pos394_A,0.0,3.906250000000001e-05,Pos88-Pos394
88,396,Pos88_T-Pos396_I,0.0,0.040078125,Pos88-Pos396
88,396,Pos88_T-Pos396_N,0.00625,0.0022265625000000002,Pos88-Pos396
88,396,Pos88_K-Pos396_I,0.0,0.0007031250000000001,Pos88-Pos396
88,396,Pos88_K-Pos396_N,0.0,3.906250000000001e-05,Pos88-Pos396
88,397,Pos88_T-Pos397_K,0.0,0.040078125,Pos88-Pos397
88,397,Pos88_T-Pos397_S,0.00625,0.0022265625000000002,Pos88-Pos397
88,397,Pos88_K-Pos397_K,0.0,0.0007031250000000001,Pos88-Pos397
88,397,Pos88_K-Pos397_S,0.0,3.906250000000001e-05,Pos88-Pos397
88,398,Pos88_T-Pos398_P,0.0,0.040078125,Pos88-Pos398
88,398,Pos88_T-Pos398_G,0.0,0.0022265625000000002,Pos88-Pos398
88,398,Pos88_T-Pos398_S,0.00625,0.0022265625000000002,Pos88-Pos398
88,398,Pos88_K-Pos398_P,0.0,0.0007031250000000001,Pos88-Pos398
88,398,Pos88_K-Pos398_G,0.0,3.906250000000001e-05,Pos88-Pos398
88,398,Pos88_K-Pos398_S,0.0,3.906250000000001e-05,Pos88-Pos398
88,400,Pos88_T-Pos400_T,0.0,0.040078125,Pos88-Pos400
88,400,Pos88_T-Pos400_S,0.00625,0.0022265625000000002,Pos88-Pos400
88,400,Pos88_K-Pos400_T,0.0,0.0007031250000000001,Pos88-Pos400
88,400,Pos88_K-Pos400_S,0.0,3.906250000000001e-05,Pos88-Pos400
88,407,Pos88_T-Pos407_K,0.0,0.040078125,Pos88-Pos407
88,407,Pos88_T-Pos407_F,0.00625,0.0022265625000000002,Pos88-Pos407
88,407,Pos88_K-Pos407_K,0.0,0.0007031250000000001,Pos88-Pos407
88,407,Pos88_K-Pos407_F,0.0,3.906250000000001e-05,Pos88-Pos407
88,408,Pos88_T-Pos408_I,0.0,0.040078125,Pos88-Pos408
88,408,Pos88_K-Pos408_I,0.0,0.0007031250000000001,Pos88-Pos408
88,410,Pos88_T-Pos410_R,0.0,0.040078125,Pos88-Pos410
88,410,Pos88_T-Pos410_S,0.00625,0.0022265625000000002,Pos88-Pos410
88,410,Pos88_K-Pos410_R,0.0,0.0007031250000000001,Pos88-Pos410
88,410,Pos88_K-Pos410_S,0.0,3.906250000000001e-05,Pos88-Pos410
88,411,Pos88_T-Pos411_F,0.0,0.040078125,Pos88-Pos411
88,411,Pos88_T-Pos411_K,0.00625,0.0022265625000000002,Pos88-Pos411
88,411,Pos88_K-Pos411_F,0.0,0.0007031250000000001,Pos88-Pos411
88,411,Pos88_K-Pos411_K,0.0,3.906250000000001e-05,Pos88-Pos411
121,162,Pos121_D-Pos162_I,0.1625,0.169921875,Pos121-Pos162
121,162,Pos121_H-Pos162_I,0.00625,0.0033984375,Pos121-Pos162
121,162,Pos121_A-Pos162_I,0.00625,0.0033984375,Pos121-Pos162
121,162,Pos121_S-Pos162_I,0.0,0.0033984375,Pos121-Pos162
121,163,Pos121_D-Pos163_F,0.05,0.052734375,Pos121-Pos163
121,163,Pos121_H-Pos163_F,0.0,0.0010546875,Pos121-Pos163
121,163,Pos121_A-Pos163_F,0.0,0.0010546875,Pos121-Pos163
121,163,Pos121_S-Pos163_F,0.0,0.0010546875,Pos121-Pos163
121,164,Pos121_D-Pos164_S,0.09375,0.0703125,Pos121-Pos164
121,164,Pos121_H-Pos164_S,0.00625,0.0014062500000000002,Pos121-Pos164
121,164,Pos121_A-Pos164_S,0.00625,0.0014062500000000002,Pos121-Pos164
121,164,Pos121_S-Pos164_S,0.0,0.0014062500000000002,Pos121-Pos164
121,198,Pos121_D-Pos198_S,0.09375,0.0859375,Pos121-Pos198
121,198,Pos121_H-Pos198_S,0.00625,0.0017187500000000002,Pos121-Pos198
121,198,Pos121_A-Pos198_S,0.00625,0.0017187500000000002,Pos121-Pos198
121,198,Pos121_S-Pos198_S,0.0,0.0017187500000000002,Pos121-Pos198
121,199,Pos121_D-Pos199_I,0.08125,0.080078125,Pos121-Pos199
121,199,Pos121_H-Pos199_I,0.00625,0.0016015625,Pos121-Pos199
121,199,Pos121_A-Pos199_I,0.0,0.0016015625,Pos121-Pos199
121,199,Pos121_S-Pos199_I,0.0,0.0016015625,Pos121-Pos199
121,220,Pos121_D-Pos220_V,0.1,0.0859375,Pos121-Pos220
121,220,Pos121_H-Pos220_V,0.00625,0.0017187500000000002,Pos121-Pos220
121,220,Pos121_A-Pos220_V,0.0,0.0017187500000000002,Pos121-Pos220
121,220,Pos121_S-Pos220_V,0.0,0.0017187500000000002,Pos121-Pos220
121,225,Pos121_D-Pos225_I,0.0625,0.072265625,Pos121-Pos225
121,225,Pos121_D-Pos225_T,0.0875,0.0859375,Pos121-Pos225
121,225,Pos121_D-Pos225_L,0.0125,0.005859375,Pos121-Pos225
121,225,Pos121_D-Pos225_E,0.0125,0.005859375,Pos121-Pos225
121,225,Pos121_H-Pos225_I,0.0,0.0014453125000000002,Pos121-Pos225
121,225,Pos121_H-Pos225_T,0.0,0.0017187500000000002,Pos121-Pos225
121,225,Pos121_H-Pos225_L,0.0,0.0001171875,Pos121-Pos225
121,225,Pos121_H-Pos225_E,0.0,0.0001171875,Pos121-Pos225
121,225,Pos121_A-Pos225_I,0.0,0.0014453125000000002,Pos121-Pos225
121,225,Pos121_A-Pos225_T,0.00625,0.0017187500000000002,Pos121-Pos225
121,225,Pos121_A-Pos225_L,0.0,0.0001171875,Pos121-Pos225
121,225,Pos121_A-Pos225_E,0.0,0.0001171875,Pos121-Pos225
121,225,Pos121_S-Pos225_I,0.0,0.0014453125000000002,Pos121-Pos225
121,225,Pos121_S-Pos225_T,0.0,0.0017187500000000002,Pos121-Pos225
121,225,Pos121_S-Pos225_L,0.0,0.0001171875,Pos121-Pos225
121,225,Pos121_S-Pos225_E,0.0,0.0001171875,Pos121-Pos225
121,227,Pos121_D-Pos227_V,0.0125,0.005859375,Pos121-Pos227
121,227,Pos121_H-Pos227_V,0.00625,0.0001171875,Pos121-Pos227
121,227,Pos121_A-Pos227_V,0.0,0.0001171875,Pos121-Pos227
121,227,Pos121_S-Pos227_V,0.0,0.0001171875,Pos121-Pos227
121,265,Pos121_D-Pos265_V,0.0875,0.09765625,Pos121-Pos265
121,265,Pos121_H-Pos265_V,0.00625,0.001953125,Pos121-Pos265
121,265,Pos121_A-Pos265_V,0.00625,0.001953125,Pos121-Pos265
121,265,Pos121_S-Pos265_V,0.0,0.001953125,Pos121-Pos265
121,266,Pos121_D-Pos266_A,0.0875,0.095703125,Pos121-Pos266
121,266,Pos121_H-Pos266_A,0.00625,0.0019140625000000002,Pos121-Pos266
121,266,Pos121_A-Pos266_A,0.00625,0.0019140625000000002,Pos121-Pos266
121,266,Pos121_S-Pos266_A,0.0,0.0019140625000000002,Pos121-Pos266
121,268,Pos121_D-Pos268_Y,0.0875,0.095703125,Pos121-Pos268
121,268,Pos121_H-Pos268_Y,0.00625,0.0019140625000000002,Pos121-Pos268
121,268,Pos121_A-Pos268_Y,0.00625,0.0019140625000000002,Pos121-Pos268
121,268,Pos121_S-Pos268_Y,0.0,0.0019140625000000002,Pos121-Pos268
121,269,Pos121_D-Pos269_N,0.0875,0.095703125,Pos121-Pos269
121,269,Pos121_D-Pos269_K,0.00625,0.001953125,Pos121-Pos269
121,269,Pos121_H-Pos269_N,0.00625,0.0019140625000000002,Pos121-Pos269
121,269,Pos121_H-Pos269_K,0.0,3.906250000000001e-05,Pos121-Pos269
121,269,Pos121_A-Pos269_N,0.00625,0.0019140625000000002,Pos121-Pos269
121,269,Pos121_A-Pos269_K,0.0,3.906250000000001e-05,Pos121-Pos269
121,269,Pos121_S-Pos269_N,0.0,0.0019140625000000002,Pos121-Pos269
121,269,Pos121_S-Pos269_K,0.0,3.906250000000001e-05,Pos121-Pos269
121,270,Pos121_D-Pos270_D,0.0875,0.095703125,Pos121-Pos270
121,270,Pos121_H-Pos270_D,0.00625,0.0019140625000000002,Pos121-Pos270
121,270,Pos121_A-Pos270_D,0.00625,0.0019140625000000002,Pos121-Pos270
121,270,Pos121_S-Pos270_D,0.0,0.0019140625000000002,Pos121-Pos270
121,272,Pos121_D-Pos272_Y,0.0875,0.095703125,Pos121-Pos272
121,272,Pos121_H-Pos272_Y,0.00625,0.0019140625000000002,Pos121-Pos272
121,272,Pos121_A-Pos272_Y,0.00625,0.0019140625000000002,Pos121-Pos272
121,272,Pos121_S-Pos272_Y,0.0,0.0019140625000000002,Pos121-Pos272
121,273,Pos121_D-Pos273_T,0.0875,0.095703125,Pos121-Pos273
121,273,Pos121_D-Pos273_G,0.0,0.001953125,Pos121-Pos273
121,273,Pos121_H-Pos273_T,0.00625,0.0019140625000000002,Pos121-Pos273
121,273,Pos121_H-Pos273_G,0.0,3.906250000000001e-05,Pos121-Pos273
121,273,Pos121_A-Pos273_T,0.00625,0.0019140625000000002,Pos121-Pos273
121,273,Pos121_A-Pos273_G,0.0,3.906250000000001e-05,Pos121-Pos273
121,273,Pos121_S-Pos273_T,0.0,0.0019140625000000002,Pos121-Pos273
121,273,Pos121_S-Pos273_G,0.0,3.906250000000001e-05,Pos121-Pos273
121,276,Pos121_D-Pos276_I,0.0,0.005859375,Pos121-Pos276
121,276,Pos121_H-Pos276_I,0.0,0.0001171875,Pos121-Pos276
121,276,Pos121_A-Pos276_I,0.0,0.0001171875,Pos121-Pos276
121,276,Pos121_S-Pos276_I,0.0,0.0001171875,Pos121-Pos276
121,277,Pos121_D-Pos277_N,0.0875,0.095703125,Pos121-Pos277
121,277,Pos121_H-Pos277_N,0.00625,0.0019140625000000002,Pos121-Pos277
121,277,Pos121_A-Pos277_N,0.00625,0.0019140625000000002,Pos121-Pos277
121,277,Pos121_S-Pos277_N,0.0,0.0019140625000000002,Pos121-Pos277
121,278,Pos121_D-Pos278_D,0.0875,0.095703125,Pos121-Pos278
121,278,Pos121_H-Pos278_D,0.00625,0.0019140625000000002,Pos121-Pos278
121,278,Pos121_A-Pos278_D,0.00625,0.0019140625000000002,Pos121-Pos278
121,278,Pos121_S-Pos278_D,0.0,0.0019140625000000002,Pos121-Pos278
121,280,Pos121_D-Pos280_R,0.0875,0.095703125,Pos121-Pos280
121,280,Pos121_H-Pos280_R,0.00625,0.0019140625000000002,Pos121-Pos280
121,280,Pos121_A-Pos280_R,0.00625,0.0019140625000000002,Pos121-Pos280
121,280,Pos121_S-Pos280_R,0.0,0.0019140625000000002,Pos121-Pos280
121,281,Pos121_D-Pos281_K,0.0875,0.095703125,Pos121-Pos281
121,281,Pos121_H-Pos281_K,0.00625,0.0019140625000000002,Pos121-Pos281
121,281,Pos121_A-Pos281_K,0.00625,0.0019140625000000002,Pos121-Pos281
121,281,Pos121_S-Pos281_K,0.0,0.0019140625000000002,Pos121-Pos281
121,284,Pos121_D-Pos284_S,0.0875,0.095703125,Pos121-Pos284
121,284,Pos121_H-Pos284_S,0.00625,0.0019140625000000002,Pos121-Pos284
121,284,Pos121_A-Pos284_S,0.00625,0.0019140625000000002,Pos121-Pos284
121,284,Pos121_S-Pos284_S,0.0,0.0019140625000000002,Pos121-Pos284
121,314,Pos121_D-Pos314_S,0.08125,0.068359375,Pos121-Pos314
121,314,Pos121_D-Pos314_Y,0.0,0.001953125,Pos121-Pos314
121,314,Pos121_H-Pos314_S,0.0,0.0013671875000000001,Pos121-Pos314
121,314,Pos121_H-Pos314_Y,0.0,3.906250000000001e-05,Pos121-Pos314
121,314,Pos121_A-Pos314_S,0.0,0.0013671875000000001,Pos121-Pos314
121,314,Pos121_A-Pos314_Y,0.0,3.906250000000001e-05,Pos121-Pos314
121,314,Pos121_S-Pos314_S,0.0,0.0013671875000000001,Pos121-Pos314
121,314,Pos121_S-Pos314_Y,0.0,3.906250000000001e-05,Pos121-Pos314
121,316,Pos121_D-Pos316_I,0.08125,0.0703125,Pos121-Pos316
121,316,Pos121_H-Pos316_I,0.0,0.0014062500000000002,Pos121-Pos316
121,316,Pos121_A-Pos316_I,0.0,0.0014062500000000002,Pos121-Pos316
121,316,Pos121_S-Pos316_I,0.0,0.0014062500000000002,Pos121-Pos316
121,344,Pos121_D-Pos344_Q,0.0625,0.052734375,Pos121-Pos344
121,344,Pos121_D-Pos344_K,0.00625,0.00390625,Pos121-Pos344
121,344,Pos121_D-Pos344_H,0.00625,0.005859375,Pos121-Pos344
121,344,Pos121_H-Pos344_Q,0.0,0.0010546875,Pos121-Pos344
121,344,Pos121_H-Pos344_K,0.0,7.812500000000002e-05,Pos121-Pos344
121,344,Pos121_H-Pos344_H,0.0,0.0001171875,Pos121-Pos344
121,344,Pos121_A-Pos344_Q,0.0,0.0010546875,Pos121-Pos344
121,344,Pos121_A-Pos344_K,0.0,7.812500000000002e-05,Pos121-Pos344
121,344,Pos121_A-Pos344_H,0.0,0.0001171875,Pos121-Pos344
121,344,Pos121_S-Pos344_Q,0.0,0.0010546875,Pos121-Pos344
121,344,Pos121_S-Pos344_K,0.0,7.812500000000002e-05,Pos121-Pos344
121,344,Pos121_S-Pos344_H,0.0,0.0001171875,Pos121-Pos344
121,365,Pos121_D-Pos365_N,0.06875,0.05078125,Pos121-Pos365
121,365,Pos121_D-Pos365_Y,0.0,0.001953125,Pos121-Pos365
121,365,Pos121_H-Pos365_N,0.0,0.001015625,Pos121-Pos365
121,365,Pos121_H-Pos365_Y,0.0,3.906250000000001e-05,Pos121-Pos365
121,365,Pos121_A-Pos365_N,0.0,0.001015625,Pos121-Pos365
121,365,Pos121_A-Pos365_Y,0.00625,3.906250000000001e-05,Pos121-Pos365
121,365,Pos121_S-Pos365_N,0.0,0.001015625,Pos121-Pos365
121,365,Pos121_S-Pos365_Y,0.0,3.906250000000001e-05,Pos121-Pos365
121,372,Pos121_D-Pos372_S,0.0125,0.037109375,Pos121-Pos372
121,372,Pos121_H-Pos372_S,0.0,0.0007421875,Pos121-Pos372
121,372,Pos121_A-Pos372_S,0.0,0.0007421875,Pos121-Pos372
121,372,Pos121_S-Pos372_S,0.0,0.0007421875,Pos121-Pos372
121,373,Pos121_D-Pos373_E,0.00625,0.03515625,Pos121-Pos373
121,373,Pos121_H-Pos373_E,0.0,0.0007031250000000001,Pos121-Pos373
121,373,Pos121_A-Pos373_E,0.0,0.0007031250000000001,Pos121-Pos373
121,373,Pos121_S-Pos373_E,0.0,0.0007031250000000001,Pos121-Pos373
121,375,Pos121_D-Pos375_Y,0.00625,0.03515625,Pos121-Pos375
121,375,Pos121_H-Pos375_Y,0.0,0.0007031250000000001,Pos121-Pos375
121,375,Pos121_A-Pos375_Y,0.0,0.0007031250000000001,Pos121-Pos375
121,375,Pos121_S-Pos375_Y,0.0,0.0007031250000000001,Pos121-Pos375
121,378,Pos121_D-Pos378_N,0.00625,0.03515625,Pos121-Pos378
121,378,Pos121_H-Pos378_N,0.0,0.0007031250000000001,Pos121-Pos378
121,378,Pos121_A-Pos378_N,0.0,0.0007031250000000001,Pos121-Pos378
121,378,Pos121_S-Pos378_N,0.0,0.0007031250000000001,Pos121-Pos378
121,379,Pos121_D-Pos379_N,0.00625,0.03515625,Pos121-Pos379
121,379,Pos121_H-Pos379_N,0.0,0.0007031250000000001,Pos121-Pos379
121,379,Pos121_A-Pos379_N,0.0,0.0007031250000000001,Pos121-Pos379
121,379,Pos121_S-Pos379_N,0.0,0.0007031250000000001,Pos121-Pos379
121,381,Pos121_D-Pos381_K,0.00625,0.03515625,Pos121-Pos381
121,381,Pos121_H-Pos381_K,0.0,0.0007031250000000001,Pos121-Pos381
121,381,Pos121_A-Pos381_K,0.0,0.0007031250000000001,Pos121-Pos381
121,381,Pos121_S-Pos381_K,0.0,0.0007031250000000001,Pos121-Pos381
121,382,Pos121_D-Pos382_V,0.00625,0.03515625,Pos121-Pos382
121,382,Pos121_H-Pos382_V,0.0,0.0007031250000000001,Pos121-Pos382
121,382,Pos121_A-Pos382_V,0.0,0.0007031250000000001,Pos121-Pos382
121,382,Pos121_S-Pos382_V,0.0,0.0007031250000000001,Pos121-Pos382
121,384,Pos121_D-Pos384_F,0.00625,0.03515625,Pos121-Pos384
121,384,Pos121_H-Pos384_F,0.0,0.0007031250000000001,Pos121-Pos384
121,384,Pos121_A-Pos384_F,0.0,0.0007031250000000001,Pos121-Pos384
121,384,Pos121_S-Pos384_F,0.0,0.0007031250000000001,Pos121-Pos384
121,385,Pos121_D-Pos385_R,0.00625,0.03515625,Pos121-Pos385
121,385,Pos121_H-Pos385_R,0.0,0.0007031250000000001,Pos121-Pos385
121,385,Pos121_A-Pos385_R,0.0,0.0007031250000000001,Pos121-Pos385
121,385,Pos121_S-Pos385_R,0.0,0.0007031250000000001,Pos121-Pos385
121,389,Pos121_D-Pos389_A,0.00625,0.03515625,Pos121-Pos389
121,389,Pos121_D-Pos389_T,0.0,0.001953125,Pos121-Pos389
121,389,Pos121_H-Pos389_A,0.0,0.0007031250000000001,Pos121-Pos389
121,389,Pos121_H-Pos389_T,0.0,3.906250000000001e-05,Pos121-Pos389
121,389,Pos121_A-Pos389_A,0.0,0.0007031250000000001,Pos121-Pos389
121,389,Pos121_A-Pos389_T,0.0,3.906250000000001e-05,Pos121-Pos389
121,389,Pos121_S-Pos389_A,0.0,0.0007031250000000001,Pos121-Pos389
121,389,Pos121_S-Pos389_T,0.0,3.906250000000001e-05,Pos121-Pos389
121,390,Pos121_D-Pos390_N,0.00625,0.03515625,Pos121-Pos390
121,390,Pos121_D-Pos390_R,0.0,0.001953125,Pos121-Pos390
121,390,Pos121_H-Pos390_N,0.0,0.0007031250000000001,Pos121-Pos390
121,390,Pos121_H-Pos390_R,0.0,3.906250000000001e-05,Pos121-Pos390
121,390,Pos121_A-Pos390_N,0.0,0.0007031250000000001,Pos121-Pos390
121,390,Pos121_A-Pos390_R,0.0,3.906250000000001e-05,Pos121-Pos390
121,390,Pos121_S-Pos390_N,0.0,0.0007031250000000001,Pos121-Pos390
121,390,Pos121_S-Pos390_R,0.0,3.906250000000001e-05,Pos121-Pos390
121,391,Pos121_D-Pos391_L,0.00625,0.03515625,Pos121-Pos391
121,391,Pos121_D-Pos391_S,0.0,0.001953125,Pos121-Pos391
121,391,Pos121_H-Pos391_L,0.0,0.0007031250000000001,Pos121-Pos391
121,391,Pos121_H-Pos391_S,0.0,3.906250000000001e-05,Pos121-Pos391
121,391,Pos121_A-Pos391_L,0.0,0.0007031250000000001,Pos121-Pos391
121,391,Pos121_A-Pos391_S,0.0,3.906250000000001e-05,Pos121-Pos391
121,391,Pos121_S-Pos391_L,0.0,0.0007031250000000001,Pos121-Pos391
121,391,Pos121_S-Pos391_S,0.0,3.906250000000001e-05,Pos121-Pos391
121,392,Pos121_D-Pos392_S,0.00625,0.001953125,Pos121-Pos392
121,392,Pos121_D-Pos392_*,0.0,0.001953125,Pos121-Pos392
121,392,Pos121_H-Pos392_S,0.0,3.906250000000001e-05,Pos121-Pos392
121,392,Pos121_H-Pos392_*,0.0,3.906250000000001e-05,Pos121-Pos392
121,392,Pos121_A-Pos392_S,0.0,3.906250000000001e-05,Pos121-Pos392
121,392,Pos121_A-Pos392_*,0.0,3.906250000000001e-05,Pos121-Pos392
121,392,Pos121_S-Pos392_S,0.0,3.906250000000001e-05,Pos121-Pos392
121,392,Pos121_S-Pos392_*,0.0,3.906250000000001e-05,Pos121-Pos392
121,394,Pos121_D-Pos394_R,0.00625,0.03515625,Pos121-Pos394
121,394,Pos121_D-Pos394_A,0.0,0.001953125,Pos121-Pos394
121,394,Pos121_H-Pos394_R,0.0,0.0007031250000000001,Pos121-Pos394
121,394,Pos121_H-Pos394_A,0.0,3.906250000000001e-05,Pos121-Pos394
121,394,Pos121_A-Pos394_R,0.0,0.0007031250000000001,Pos121-Pos394
121,394,Pos121_A-Pos394_A,0.0,3.906250000000001e-05,Pos121-Pos394
121,394,Pos121_S-Pos394_R,0.0,0.0007031250000000001,Pos121-Pos394
121,394,Pos121_S-Pos394_A,0.0,3.906250000000001e-05,Pos121-Pos394
121,396,Pos121_D-Pos396_I,0.00625,0.03515625,Pos121-Pos396
121,396,Pos121_D-Pos396_N,0.0,0.001953125,Pos121-Pos396
121,396,Pos121_H-Pos396_I,0.0,0.0007031250000000001,Pos121-Pos396
121,396,Pos121_H-Pos396_N,0.0,3.906250000000001e-05,Pos121-Pos396
121,396,Pos121_A-Pos396_I,0.0,0.0007031250000000001,Pos121-Pos396
121,396,Pos121_A-Pos396_N,0.0,3.906250000000001e-05,Pos121-Pos396
121,396,Pos121_S-Pos396_I,0.0,0.0007031250000000001,Pos121-Pos396
121,396,Pos121_S-Pos396_N,0.0,3.906250000000001e-05,Pos121-Pos396
121,397,Pos121_D-Pos397_K,0.00625,0.03515625,Pos121-Pos397
121,397,Pos121_D-Pos397_S,0.0,0.001953125,Pos121-Pos397
121,397,Pos121_H-Pos397_K,0.0,0.0007031250000000001,Pos121-Pos397
121,397,Pos121_H-Pos397_S,0.0,3.906250000000001e-05,Pos121-Pos397
121,397,Pos121_A-Pos397_K,0.0,0.0007031250000000001,Pos121-Pos397
121,397,Pos121_A-Pos397_S,0.0,3.906250000000001e-05,Pos121-Pos397
121,397,Pos121_S-Pos397_K,0.0,0.0007031250000000001,Pos121-Pos397
121,397,Pos121_S-Pos397_S,0.0,3.906250000000001e-05,Pos121-Pos397
121,398,Pos121_D-Pos398_P,0.00625,0.03515625,Pos121-Pos398
121,398,Pos121_D-Pos398_G,0.00625,0.001953125,Pos121-Pos398
121,398,Pos121_D-Pos398_S,0.0,0.001953125,Pos121-Pos398
121,398,Pos121_H-Pos398_P,0.0,0.0007031250000000001,Pos121-Pos398
121,398,Pos121_H-Pos398_G,0.0,3.906250000000001e-05,Pos121-Pos398
121,398,Pos121_H-Pos398_S,0.0,3.906250000000001e-05,Pos121-Pos398
121,398,Pos121_A-Pos398_P,0.0,0.0007031250000000001,Pos121-Pos398
121,398,Pos121_A-Pos398_G,0.0,3.906250000000001e-05,Pos121-Pos398
121,398,Pos121_A-Pos398_S,0.0,3.906250000000001e-05,Pos121-Pos398
121,398,Pos121_S-Pos398_P,0.0,0.0007031250000000001,Pos121-Pos398
121,398,Pos121_S-Pos398_G,0.0,3.906250000000001e-05,Pos121-Pos398
121,398,Pos121_S-Pos398_S,0.0,3.906250000000001e-05,Pos121-Pos398
121,400,Pos121_D-Pos400_T,0.00625,0.03515625,Pos121-Pos400
121,400,Pos121_D-Pos400_S,0.0,0.001953125,Pos121-Pos400
121,400,Pos121_H-Pos400_T,0.0,0.0007031250000000001,Pos121-Pos400
121,400,Pos121_H-Pos400_S,0.0,3.906250000000001e-05,Pos121-Pos400
121,400,Pos121_A-Pos400_T,0.0,0.0007031250000000001,Pos121-Pos400
121,400,Pos121_A-Pos400_S,0.0,3.906250000000001e-05,Pos121-Pos400
121,400,Pos121_S-Pos400_T,0.0,0.0007031250000000001,Pos121-Pos400
121,400,Pos121_S-Pos400_S,0.0,3.906250000000001e-05,Pos121-Pos400
121,407,Pos121_D-Pos407_K,0.00625,0.03515625,Pos121-Pos407
121,407,Pos121_D-Pos407_F,0.0,0.001953125,Pos121-Pos407
121,407,Pos121_H-Pos407_K,0.0,0.0007031250000000001,Pos121-Pos407
121,407,Pos121_H-Pos407_F,0.0,3.906250000000001e-05,Pos121-Pos407
121,407,Pos121_A-Pos407_K,0.0,0.0007031250000000001,Pos121-Pos407
121,407,Pos121_A-Pos407_F,0.0,3.906250000000001e-05,Pos121-Pos407
121,407,Pos121_S-Pos407_K,0.0,0.0007031250000000001,Pos121-Pos407
121,407,Pos121_S-Pos407_F,0.0,3.906250000000001e-05,Pos121-Pos407
121,408,Pos121_D-Pos408_I,0.00625,0.03515625,Pos121-Pos408
121,408,Pos121_H-Pos408_I,0.0,0.0007031250000000001,Pos121-Pos408
121,408,Pos121_A-Pos408_I,0.0,0.0007031250000000001,Pos121-Pos408
121,408,Pos121_S-Pos408_I,0.0,0.0007031250000000001,Pos121-Pos408
121,410,Pos121_D-Pos410_R,0.00625,0.03515625,Pos121-Pos410
121,410,Pos121_D-Pos410_S,0.0,0.001953125,Pos121-Pos410
121,410,Pos121_H-Pos410_R,0.0,0.0007031250000000001,Pos121-Pos410
121,410,Pos121_H-Pos410_S,0.0,3.906250000000001e-05,Pos121-Pos410
121,410,Pos121_A-Pos410_R,0.0,0.0007031250000000001,Pos121-Pos410
121,410,Pos121_A-Pos410_S,0.0,3.906250000000001e-05,Pos121-Pos410
121,410,Pos121_S-Pos410_R,0.0,0.0007031250000000001,Pos121-Pos410
121,410,Pos121_S-Pos410_S,0.0,3.906250000000001e-05,Pos121-Pos410
121,411,Pos121_D-Pos411_F,0.00625,0.03515625,Pos121-Pos411
121,411,Pos121_D-Pos411_K,0.0,0.001953125,Pos121-Pos411
121,411,Pos121_H-Pos411_F,0.0,0.0007031250000000001,Pos121-Pos411
121,411,Pos121_H-Pos411_K,0.0,3.906250000000001e-05,Pos121-Pos411
121,411,Pos121_A-Pos411_F,0.0,0.0007031250000000001,Pos121-Pos411
121,411,Pos121_A-Pos411_K,0.0,3.906250000000001e-05,Pos121-Pos411
121,411,Pos121_S-Pos411_F,0.0,0.0007031250000000001,Pos121-Pos411
121,411,Pos121_S-Pos411_K,0.0,3.906250000000001e-05,Pos121-Pos411
162,163,Pos162_I-Pos163_F,0.1625,0.0917578125,Pos162-Pos163
162,164,Pos162_I-Pos164_S,0.2,0.12234374999999999,Pos162-Pos164
162,198,Pos162_I-Pos198_S,0.1625,0.14953125,Pos162-Pos198
162,199,Pos162_I-Pos199_I,0.15625,0.13933593749999998,Pos162-Pos199
162,220,Pos162_I-Pos220_V,0.175,0.14953125,Pos162-Pos220
162,225,Pos162_I-Pos225_I,0.13125,0.1257421875,Pos162-Pos225
162,225,Pos162_I-Pos225_T,0.175,0.14953125,Pos162-Pos225
162,225,Pos162_I-Pos225_L,0.00625,0.0101953125,Pos162-Pos225
162,225,Pos162_I-Pos225_E,0.0125,0.0101953125,Pos162-Pos225
162,227,Pos162_I-Pos227_V,0.0125,0.0101953125,Pos162-Pos227
162,265,Pos162_I-Pos265_V,0.1875,0.169921875,Pos162-Pos265
162,266,Pos162_I-Pos266_A,0.18125,0.1665234375,Pos162-Pos266
162,268,Pos162_I-Pos268_Y,0.18125,0.1665234375,Pos162-Pos268
162,269,Pos162_I-Pos269_N,0.18125,0.1665234375,Pos162-Pos269
162,269,Pos162_I-Pos269_K,0.0,0.0033984375,Pos162-Pos269
162,270,Pos162_I-Pos270_D,0.18125,0.1665234375,Pos162-Pos270
162,272,Pos162_I-Pos272_Y,0.18125,0.1665234375,Pos162-Pos272
162,273,Pos162_I-Pos273_T,0.18125,0.1665234375,Pos162-Pos273
162,273,Pos162_I-Pos273_G,0.00625,0.0033984375,Pos162-Pos273
162,276,Pos162_I-Pos276_I,0.00625,0.0101953125,Pos162-Pos276
162,277,Pos162_I-Pos277_N,0.18125,0.1665234375,Pos162-Pos277
162,278,Pos162_I-Pos278_D,0.18125,0.1665234375,Pos162-Pos278
162,280,Pos162_I-Pos280_R,0.18125,0.1665234375,Pos162-Pos280
162,281,Pos162_I-Pos281_K,0.18125,0.1665234375,Pos162-Pos281
162,284,Pos162_I-Pos284_S,0.18125,0.1665234375,Pos162-Pos284
162,314,Pos162_I-Pos314_S,0.10625,0.11894531249999998,Pos162-Pos314
162,314,Pos162_I-Pos314_Y,0.0,0.0033984375,Pos162-Pos314
162,316,Pos162_I-Pos316_I,0.11875,0.12234374999999999,Pos162-Pos316
162,344,Pos162_I-Pos344_Q,0.08125,0.0917578125,Pos162-Pos344
162,344,Pos162_I-Pos344_K,0.0125,0.006796875,Pos162-Pos344
162,344,Pos162_I-Pos344_H,0.01875,0.0101953125,Pos162-Pos344
162,365,Pos162_I-Pos365_N,0.1,0.08835937499999999,Pos162-Pos365
162,365,Pos162_I-Pos365_Y,0.00625,0.0033984375,Pos162-Pos365
162,372,Pos162_I-Pos372_S,0.0375,0.06457031249999999,Pos162-Pos372
162,373,Pos162_I-Pos373_E,0.0375,0.061171874999999994,Pos162-Pos373
162,375,Pos162_I-Pos375_Y,0.0375,0.061171874999999994,Pos162-Pos375
162,378,Pos162_I-Pos378_N,0.0375,0.061171874999999994,Pos162-Pos378
162,379,Pos162_I-Pos379_N,0.0375,0.061171874999999994,Pos162-Pos379
162,381,Pos162_I-Pos381_K,0.0375,0.061171874999999994,Pos162-Pos381
162,382,Pos162_I-Pos382_V,0.0375,0.061171874999999994,Pos162-Pos382
162,384,Pos162_I-Pos384_F,0.0375,0.061171874999999994,Pos162-Pos384
162,385,Pos162_I-Pos385_R,0.0375,0.061171874999999994,Pos162-Pos385
162,389,Pos162_I-Pos389_A,0.0375,0.061171874999999994,Pos162-Pos389
162,389,Pos162_I-Pos389_T,0.00625,0.0033984375,Pos162-Pos389
162,390,Pos162_I-Pos390_N,0.0375,0.061171874999999994,Pos162-Pos390
162,390,Pos162_I-Pos390_R,0.00625,0.0033984375,Pos162-Pos390
162,391,Pos162_I-Pos391_L,0.0375,0.061171874999999994,Pos162-Pos391
162,391,Pos162_I-Pos391_S,0.00625,0.0033984375,Pos162-Pos391
162,392,Pos162_I-Pos392_S,0.0,0.0033984375,Pos162-Pos392
162,392,Pos162_I-Pos392_*,0.00625,0.0033984375,Pos162-Pos392
162,394,Pos162_I-Pos394_R,0.0375,0.061171874999999994,Pos162-Pos394
162,394,Pos162_I-Pos394_A,0.00625,0.0033984375,Pos162-Pos394
162,396,Pos162_I-Pos396_I,0.0375,0.061171874999999994,Pos162-Pos396
162,396,Pos162_I-Pos396_N,0.00625,0.0033984375,Pos162-Pos396
162,397,Pos162_I-Pos397_K,0.0375,0.061171874999999994,Pos162-Pos397
162,397,Pos162_I-Pos397_S,0.00625,0.0033984375,Pos162-Pos397
162,398,Pos162_I-Pos398_P,0.0375,0.061171874999999994,Pos162-Pos398
162,398,Pos162_I-Pos398_G,0.0,0.0033984375,Pos162-Pos398
162,398,Pos162_I-Pos398_S,0.00625,0.0033984375,Pos162-Pos398
162,400,Pos162_I-Pos400_T,0.0375,0.061171874999999994,Pos162-Pos400
162,400,Pos162_I-Pos400_S,0.00625,0.0033984375,Pos162-Pos400
162,407,Pos162_I-Pos407_K,0.0375,0.061171874999999994,Pos162-Pos407
162,407,Pos162_I-Pos407_F,0.00625,0.0033984375,Pos162-Pos407
162,408,Pos162_I-Pos408_I,0.0375,0.061171874999999994,Pos162-Pos408
162,410,Pos162_I-Pos410_R,0.0375,0.061171874999999994,Pos162-Pos410
162,410,Pos162_I-Pos410_S,0.00625,0.0033984375,Pos162-Pos410
162,411,Pos162_I-Pos411_F,0.0375,0.061171874999999994,Pos162-Pos411
162,411,Pos162_I-Pos411_K,0.00625,0.0033984375,Pos162-Pos411
163,164,Pos163_F-Pos164_S,0.01875,0.03796875,Pos163-Pos164
163,198,Pos163_F-Pos198_S,0.025,0.04640625000000001,Pos163-Pos198
163,199,Pos163_F-Pos199_I,0.025,0.0432421875,Pos163-Pos199
163,220,Pos163_F-Pos220_V,0.0375,0.04640625000000001,Pos163-Pos220
163,225,Pos163_F-Pos225_I,0.03125,0.03902343750000001,Pos163-Pos225
163,225,Pos163_F-Pos225_T,0.04375,0.04640625000000001,Pos163-Pos225
163,225,Pos163_F-Pos225_L,0.0,0.0031640625,Pos163-Pos225
163,225,Pos163_F-Pos225_E,0.0,0.0031640625,Pos163-Pos225
163,227,Pos163_F-Pos227_V,0.0,0.0031640625,Pos163-Pos227
163,265,Pos163_F-Pos265_V,0.05,0.052734375,Pos163-Pos265
163,266,Pos163_F-Pos266_A,0.05,0.05167968750000001,Pos163-Pos266
163,268,Pos163_F-Pos268_Y,0.05,0.05167968750000001,Pos163-Pos268
163,269,Pos163_F-Pos269_N,0.05,0.05167968750000001,Pos163-Pos269
163,269,Pos163_F-Pos269_K,0.0,0.0010546875,Pos163-Pos269
163,270,Pos163_F-Pos270_D,0.05,0.05167968750000001,Pos163-Pos270
163,272,Pos163_F-Pos272_Y,0.05,0.05167968750000001,Pos163-Pos272
163,273,Pos163_F-Pos273_T,0.05,0.05167968750000001,Pos163-Pos273
163,273,Pos163_F-Pos273_G,0.0,0.0010546875,Pos163-Pos273
163,276,Pos163_F-Pos276_I,0.00625,0.0031640625,Pos163-Pos276
163,277,Pos163_F-Pos277_N,0.05,0.05167968750000001,Pos163-Pos277
163,278,Pos163_F-Pos278_D,0.05,0.05167968750000001,Pos163-Pos278
163,280,Pos163_F-Pos280_R,0.05,0.05167968750000001,Pos163-Pos280
163,281,Pos163_F-Pos281_K,0.05,0.05167968750000001,Pos163-Pos281
163,284,Pos163_F-Pos284_S,0.05,0.05167968750000001,Pos163-Pos284
163,314,Pos163_F-Pos314_S,0.00625,0.036914062500000004,Pos163-Pos314
163,314,Pos163_F-Pos314_Y,0.0,0.0010546875,Pos163-Pos314
163,316,Pos163_F-Pos316_I,0.01875,0.03796875,Pos163-Pos316
163,344,Pos163_F-Pos344_Q,0.01875,0.028476562500000004,Pos163-Pos344
163,344,Pos163_F-Pos344_K,0.0,0.002109375,Pos163-Pos344
163,344,Pos163_F-Pos344_H,0.00625,0.0031640625,Pos163-Pos344
163,365,Pos163_F-Pos365_N,0.04375,0.027421875000000002,Pos163-Pos365
163,365,Pos163_F-Pos365_Y,0.0,0.0010546875,Pos163-Pos365
163,372,Pos163_F-Pos372_S,0.01875,0.0200390625,Pos163-Pos372
163,373,Pos163_F-Pos373_E,0.01875,0.018984375,Pos163-Pos373
163,375,Pos163_F-Pos375_Y,0.01875,0.018984375,Pos163-Pos375
163,378,Pos163_F-Pos378_N,0.01875,0.018984375,Pos163-Pos378
163,379,Pos163_F-Pos379_N,0.01875,0.018984375,Pos163-Pos379
163,381,Pos163_F-Pos381_K,0.01875,0.018984375,Pos163-Pos381
163,382,Pos163_F-Pos382_V,0.01875,0.018984375,Pos163-Pos382
163,384,Pos163_F-Pos384_F,0.01875,0.018984375,Pos163-Pos384
163,385,Pos163_F-Pos385_R,0.01875,0.018984375,Pos163-Pos385
163,389,Pos163_F-Pos389_A,0.01875,0.018984375,Pos163-Pos389
163,389,Pos163_F-Pos389_T,0.0,0.0010546875,Pos163-Pos389
163,390,Pos163_F-Pos390_N,0.01875,0.018984375,Pos163-Pos390
163,390,Pos163_F-Pos390_R,0.0,0.0010546875,Pos163-Pos390
163,391,Pos163_F-Pos391_L,0.01875,0.018984375,Pos163-Pos391
163,391,Pos163_F-Pos391_S,0.0,0.0010546875,Pos163-Pos391
163,392,Pos163_F-Pos392_S,0.0,0.0010546875,Pos163-Pos392
163,392,Pos163_F-Pos392_*,0.0,0.0010546875,Pos163-Pos392
163,394,Pos163_F-Pos394_R,0.01875,0.018984375,Pos163-Pos394
163,394,Pos163_F-Pos394_A,0.0,0.0010546875,Pos163-Pos394
163,396,Pos163_F-Pos396_I,0.01875,0.018984375,Pos163-Pos396
163,396,Pos163_F-Pos396_N,0.0,0.0010546875,Pos163-Pos396
163,397,Pos163_F-Pos397_K,0.01875,0.018984375,Pos163-Pos397
163,397,Pos163_F-Pos397_S,0.0,0.0010546875,Pos163-Pos397
163,398,Pos163_F-Pos398_P,0.01875,0.018984375,Pos163-Pos398
163,398,Pos163_F-Pos398_G,0.00625,0.0010546875,Pos163-Pos398
163,398,Pos163_F-Pos398_S,0.0,0.0010546875,Pos163-Pos398
163,400,Pos163_F-Pos400_T,0.01875,0.018984375,Pos163-Pos400
163,400,Pos163_F-Pos400_S,0.0,0.0010546875,Pos163-Pos400
163,407,Pos163_F-Pos407_K,0.01875,0.018984375,Pos163-Pos407
163,407,Pos163_F-Pos407_F,0.0,0.0010546875,Pos163-Pos407
163,408,Pos163_F-Pos408_I,0.01875,0.018984375,Pos163-Pos408
163,410,Pos163_F-Pos410_R,0.01875,0.018984375,Pos163-Pos410
163,410,Pos163_F-Pos410_S,0.0,0.0010546875,Pos163-Pos410
163,411,Pos163_F-Pos411_F,0.01875,0.018984375,Pos163-Pos411
163,411,Pos163_F-Pos411_K,0.0,0.0010546875,Pos163-Pos411
164,198,Pos164_S-Pos198_S,0.0875,0.061875000000000006,Pos164-Pos198
164,199,Pos164_S-Pos199_I,0.08125,0.05765625,Pos164-Pos199
164,220,Pos164_S-Pos220_V,0.08125,0.061875000000000006,Pos164-Pos220
164,225,Pos164_S-Pos225_I,0.05625,0.05203125,Pos164-Pos225
164,225,Pos164_S-Pos225_T,0.08125,0.061875000000000006,Pos164-Pos225
164,225,Pos164_S-Pos225_L,0.00625,0.00421875,Pos164-Pos225
164,225,Pos164_S-Pos225_E,0.00625,0.00421875,Pos164-Pos225
164,227,Pos164_S-Pos227_V,0.0125,0.00421875,Pos164-Pos227
164,265,Pos164_S-Pos265_V,0.05,0.0703125,Pos164-Pos265
164,266,Pos164_S-Pos266_A,0.05,0.06890625,Pos164-Pos266
164,268,Pos164_S-Pos268_Y,0.05,0.06890625,Pos164-Pos268
164,269,Pos164_S-Pos269_N,0.05,0.06890625,Pos164-Pos269
164,269,Pos164_S-Pos269_K,0.0,0.0014062500000000002,Pos164-Pos269
164,270,Pos164_S-Pos270_D,0.05,0.06890625,Pos164-Pos270
164,272,Pos164_S-Pos272_Y,0.05,0.06890625,Pos164-Pos272
164,273,Pos164_S-Pos273_T,0.05,0.06890625,Pos164-Pos273
164,273,Pos164_S-Pos273_G,0.00625,0.0014062500000000002,Pos164-Pos273
164,276,Pos164_S-Pos276_I,0.0,0.00421875,Pos164-Pos276
164,277,Pos164_S-Pos277_N,0.05,0.06890625,Pos164-Pos277
164,278,Pos164_S-Pos278_D,0.05,0.06890625,Pos164-Pos278
164,280,Pos164_S-Pos280_R,0.05,0.06890625,Pos164-Pos280
164,281,Pos164_S-Pos281_K,0.05,0.06890625,Pos164-Pos281
164,284,Pos164_S-Pos284_S,0.05,0.06890625,Pos164-Pos284
164,314,Pos164_S-Pos314_S,0.04375,0.04921875,Pos164-Pos314
164,314,Pos164_S-Pos314_Y,0.0,0.0014062500000000002,Pos164-Pos314
164,316,Pos164_S-Pos316_I,0.04375,0.050625,Pos164-Pos316
164,344,Pos164_S-Pos344_Q,0.01875,0.03796875,Pos164-Pos344
164,344,Pos164_S-Pos344_K,0.00625,0.0028125000000000003,Pos164-Pos344
164,344,Pos164_S-Pos344_H,0.0,0.00421875,Pos164-Pos344
164,365,Pos164_S-Pos365_N,0.01875,0.036562500000000005,Pos164-Pos365
164,365,Pos164_S-Pos365_Y,0.00625,0.0014062500000000002,Pos164-Pos365
164,372,Pos164_S-Pos372_S,0.0125,0.02671875,Pos164-Pos372
164,373,Pos164_S-Pos373_E,0.0125,0.0253125,Pos164-Pos373
164,375,Pos164_S-Pos375_Y,0.0125,0.0253125,Pos164-Pos375
164,378,Pos164_S-Pos378_N,0.0125,0.0253125,Pos164-Pos378
164,379,Pos164_S-Pos379_N,0.0125,0.0253125,Pos164-Pos379
164,381,Pos164_S-Pos381_K,0.0125,0.0253125,Pos164-Pos381
164,382,Pos164_S-Pos382_V,0.0125,0.0253125,Pos164-Pos382
164,384,Pos164_S-Pos384_F,0.0125,0.0253125,Pos164-Pos384
164,385,Pos164_S-Pos385_R,0.0125,0.0253125,Pos164-Pos385
164,389,Pos164_S-Pos389_A,0.0125,0.0253125,Pos164-Pos389
164,389,Pos164_S-Pos389_T,0.0,0.0014062500000000002,Pos164-Pos389
164,390,Pos164_S-Pos390_N,0.0125,0.0253125,Pos164-Pos390
164,390,Pos164_S-Pos390_R,0.0,0.0014062500000000002,Pos164-Pos390
164,391,Pos164_S-Pos391_L,0.0125,0.0253125,Pos164-Pos391
164,391,Pos164_S-Pos391_S,0.0,0.0014062500000000002,Pos164-Pos391
164,392,Pos164_S-Pos392_S,0.0,0.0014062500000000002,Pos164-Pos392
164,392,Pos164_S-Pos392_*,0.0,0.0014062500000000002,Pos164-Pos392
164,394,Pos164_S-Pos394_R,0.0125,0.0253125,Pos164-Pos394
164,394,Pos164_S-Pos394_A,0.0,0.0014062500000000002,Pos164-Pos394
164,396,Pos164_S-Pos396_I,0.0125,0.0253125,Pos164-Pos396
164,396,Pos164_S-Pos396_N,0.0,0.0014062500000000002,Pos164-Pos396
164,397,Pos164_S-Pos397_K,0.0125,0.0253125,Pos164-Pos397
164,397,Pos164_S-Pos397_S,0.0,0.0014062500000000002,Pos164-Pos397
164,398,Pos164_S-Pos398_P,0.0125,0.0253125,Pos164-Pos398
164,398,Pos164_S-Pos398_G,0.0,0.0014062500000000002,Pos164-Pos398
164,398,Pos164_S-Pos398_S,0.0,0.0014062500000000002,Pos164-Pos398
164,400,Pos164_S-Pos400_T,0.0125,0.0253125,Pos164-Pos400
164,400,Pos164_S-Pos400_S,0.0,0.0014062500000000002,Pos164-Pos400
164,407,Pos164_S-Pos407_K,0.0125,0.0253125,Pos164-Pos407
164,407,Pos164_S-Pos407_F,0.0,0.0014062500000000002,Pos164-Pos407
164,408,Pos164_S-Pos408_I,0.0125,0.0253125,Pos164-Pos408
164,410,Pos164_S-Pos410_R,0.0125,0.0253125,Pos164-Pos410
164,410,Pos164_S-Pos410_S,0.0,0.0014062500000000002,Pos164-Pos410
164,411,Pos164_S-Pos411_F,0.0125,0.0253125,Pos164-Pos411
164,411,Pos164_S-Pos411_K,0.0,0.0014062500000000002,Pos164-Pos411
198,199,Pos198_S-Pos199_I,0.25625,0.07046875,Pos198-Pos199
198,220,Pos198_S-Pos220_V,0.15,0.07562500000000001,Pos198-Pos220
198,225,Pos198_S-Pos225_I,0.05625,0.06359375,Pos198-Pos225
198,225,Pos198_S-Pos225_T,0.1375,0.07562500000000001,Pos198-Pos225
198,225,Pos198_S-Pos225_L,0.0,0.00515625,Pos198-Pos225
198,225,Pos198_S-Pos225_E,0.00625,0.00515625,Pos198-Pos225
198,227,Pos198_S-Pos227_V,0.0125,0.00515625,Pos198-Pos227
198,265,Pos198_S-Pos265_V,0.1,0.0859375,Pos198-Pos265
198,266,Pos198_S-Pos266_A,0.1,0.08421875000000001,Pos198-Pos266
198,268,Pos198_S-Pos268_Y,0.1,0.08421875000000001,Pos198-Pos268
198,269,Pos198_S-Pos269_N,0.1,0.08421875000000001,Pos198-Pos269
198,269,Pos198_S-Pos269_K,0.00625,0.0017187500000000002,Pos198-Pos269
198,270,Pos198_S-Pos270_D,0.1,0.08421875000000001,Pos198-Pos270
198,272,Pos198_S-Pos272_Y,0.1,0.08421875000000001,Pos198-Pos272
198,273,Pos198_S-Pos273_T,0.1,0.08421875000000001,Pos198-Pos273
198,273,Pos198_S-Pos273_G,0.0,0.0017187500000000002,Pos198-Pos273
198,276,Pos198_S-Pos276_I,0.0,0.00515625,Pos198-Pos276
198,277,Pos198_S-Pos277_N,0.1,0.08421875000000001,Pos198-Pos277
198,278,Pos198_S-Pos278_D,0.1,0.08421875000000001,Pos198-Pos278
198,280,Pos198_S-Pos280_R,0.1,0.08421875000000001,Pos198-Pos280
198,281,Pos198_S-Pos281_K,0.1,0.08421875000000001,Pos198-Pos281
198,284,Pos198_S-Pos284_S,0.1,0.08421875000000001,Pos198-Pos284
198,314,Pos198_S-Pos314_S,0.0875,0.06015625000000001,Pos198-Pos314
198,314,Pos198_S-Pos314_Y,0.0,0.0017187500000000002,Pos198-Pos314
198,316,Pos198_S-Pos316_I,0.0875,0.061875000000000006,Pos198-Pos316
198,344,Pos198_S-Pos344_Q,0.05,0.04640625000000001,Pos198-Pos344
198,344,Pos198_S-Pos344_K,0.00625,0.0034375000000000005,Pos198-Pos344
198,344,Pos198_S-Pos344_H,0.00625,0.00515625,Pos198-Pos344
198,365,Pos198_S-Pos365_N,0.05,0.044687500000000005,Pos198-Pos365
198,365,Pos198_S-Pos365_Y,0.00625,0.0017187500000000002,Pos198-Pos365
198,372,Pos198_S-Pos372_S,0.0,0.03265625,Pos198-Pos372
198,373,Pos198_S-Pos373_E,0.0,0.030937500000000003,Pos198-Pos373
198,375,Pos198_S-Pos375_Y,0.0,0.030937500000000003,Pos198-Pos375
198,378,Pos198_S-Pos378_N,0.0,0.030937500000000003,Pos198-Pos378
198,379,Pos198_S-Pos379_N,0.0,0.030937500000000003,Pos198-Pos379
198,381,Pos198_S-Pos381_K,0.0,0.030937500000000003,Pos198-Pos381
198,382,Pos198_S-Pos382_V,0.0,0.030937500000000003,Pos198-Pos382
198,384,Pos198_S-Pos384_F,0.0,0.030937500000000003,Pos198-Pos384
198,385,Pos198_S-Pos385_R,0.0,0.030937500000000003,Pos198-Pos385
198,389,Pos198_S-Pos389_A,0.0,0.030937500000000003,Pos198-Pos389
198,389,Pos198_S-Pos389_T,0.0,0.0017187500000000002,Pos198-Pos389
198,390,Pos198_S-Pos390_N,0.0,0.030937500000000003,Pos198-Pos390
198,390,Pos198_S-Pos390_R,0.0,0.0017187500000000002,Pos198-Pos390
198,391,Pos198_S-Pos391_L,0.0,0.030937500000000003,Pos198-Pos391
198,391,Pos198_S-Pos391_S,0.0,0.0017187500000000002,Pos198-Pos391
198,392,Pos198_S-Pos392_S,0.0,0.0017187500000000002,Pos198-Pos392
198,392,Pos198_S-Pos392_*,0.0,0.0017187500000000002,Pos198-Pos392
198,394,Pos198_S-Pos394_R,0.0,0.030937500000000003,Pos198-Pos394
198,394,Pos198_S-Pos394_A,0.0,0.0017187500000000002,Pos198-Pos394
198,396,Pos198_S-Pos396_I,0.0,0.030937500000000003,Pos198-Pos396
198,396,Pos198_S-Pos396_N,0.0,0.0017187500000000002,Pos198-Pos396
198,397,Pos198_S-Pos397_K,0.0,0.030937500000000003,Pos198-Pos397
198,397,Pos198_S-Pos397_S,0.0,0.0017187500000000002,Pos198-Pos397
198,398,Pos198_S-Pos398_P,0.0,0.030937500000000003,Pos198-Pos398
198,398,Pos198_S-Pos398_G,0.0,0.0017187500000000002,Pos198-Pos398
198,398,Pos198_S-Pos398_S,0.0,0.0017187500000000002,Pos198-Pos398
198,400,Pos198_S-Pos400_T,0.0,0.030937500000000003,Pos198-Pos400
198,400,Pos198_S-Pos400_S,0.0,0.0017187500000000002,Pos198-Pos400
198,407,Pos198_S-Pos407_K,0.0,0.030937500000000003,Pos198-Pos407
198,407,Pos198_S-Pos407_F,0.0,0.0017187500000000002,Pos198-Pos407
198,408,Pos198_S-Pos408_I,0.0,0.030937500000000003,Pos198-Pos408
198,410,Pos198_S-Pos410_R,0.0,0.030937500000000003,Pos198-Pos410
198,410,Pos198_S-Pos410_S,0.0,0.0017187500000000002,Pos198-Pos410
198,411,Pos198_S-Pos411_F,0.0,0.030937500000000003,Pos198-Pos411
198,411,Pos198_S-Pos411_K,0.0,0.0017187500000000002,Pos198-Pos411
199,220,Pos199_I-Pos220_V,0.14375,0.07046875,Pos199-Pos220
199,225,Pos199_I-Pos225_I,0.05,0.0592578125,Pos199-Pos225
199,225,Pos199_I-Pos225_T,0.125,0.07046875,Pos199-Pos225
199,225,Pos199_I-Pos225_L,0.0,0.004804687499999999,Pos199-Pos225
199,225,Pos199_I-Pos225_E,0.00625,0.004804687499999999,Pos199-Pos225
199,227,Pos199_I-Pos227_V,0.0125,0.004804687499999999,Pos199-Pos227
199,265,Pos199_I-Pos265_V,0.0875,0.080078125,Pos199-Pos265
199,266,Pos199_I-Pos266_A,0.0875,0.0784765625,Pos199-Pos266
199,268,Pos199_I-Pos268_Y,0.0875,0.0784765625,Pos199-Pos268
199,269,Pos199_I-Pos269_N,0.0875,0.0784765625,Pos199-Pos269
199,269,Pos199_I-Pos269_K,0.0,0.0016015625,Pos199-Pos269
199,270,Pos199_I-Pos270_D,0.0875,0.0784765625,Pos199-Pos270
199,272,Pos199_I-Pos272_Y,0.0875,0.0784765625,Pos199-Pos272
199,273,Pos199_I-Pos273_T,0.0875,0.0784765625,Pos199-Pos273
199,273,Pos199_I-Pos273_G,0.0,0.0016015625,Pos199-Pos273
199,276,Pos199_I-Pos276_I,0.0,0.004804687499999999,Pos199-Pos276
199,277,Pos199_I-Pos277_N,0.0875,0.0784765625,Pos199-Pos277
199,278,Pos199_I-Pos278_D,0.0875,0.0784765625,Pos199-Pos278
199,280,Pos199_I-Pos280_R,0.0875,0.0784765625,Pos199-Pos280
199,281,Pos199_I-Pos281_K,0.0875,0.0784765625,Pos199-Pos281
199,284,Pos199_I-Pos284_S,0.0875,0.0784765625,Pos199-Pos284
199,314,Pos199_I-Pos314_S,0.0875,0.05605468749999999,Pos199-Pos314
199,314,Pos199_I-Pos314_Y,0.0,0.0016015625,Pos199-Pos314
199,316,Pos199_I-Pos316_I,0.0875,0.05765625,Pos199-Pos316
199,344,Pos199_I-Pos344_Q,0.05,0.0432421875,Pos199-Pos344
199,344,Pos199_I-Pos344_K,0.00625,0.003203125,Pos199-Pos344
199,344,Pos199_I-Pos344_H,0.00625,0.004804687499999999,Pos199-Pos344
199,365,Pos199_I-Pos365_N,0.05,0.041640625,Pos199-Pos365
199,365,Pos199_I-Pos365_Y,0.0,0.0016015625,Pos199-Pos365
199,372,Pos199_I-Pos372_S,0.0,0.030429687499999997,Pos199-Pos372
199,373,Pos199_I-Pos373_E,0.0,0.028828125,Pos199-Pos373
199,375,Pos199_I-Pos375_Y,0.0,0.028828125,Pos199-Pos375
199,378,Pos199_I-Pos378_N,0.0,0.028828125,Pos199-Pos378
199,379,Pos199_I-Pos379_N,0.0,0.028828125,Pos199-Pos379
199,381,Pos199_I-Pos381_K,0.0,0.028828125,Pos199-Pos381
199,382,Pos199_I-Pos382_V,0.0,0.028828125,Pos199-Pos382
199,384,Pos199_I-Pos384_F,0.0,0.028828125,Pos199-Pos384
199,385,Pos199_I-Pos385_R,0.0,0.028828125,Pos199-Pos385
199,389,Pos199_I-Pos389_A,0.0,0.028828125,Pos199-Pos389
199,389,Pos199_I-Pos389_T,0.0,0.0016015625,Pos199-Pos389
199,390,Pos199_I-Pos390_N,0.0,0.028828125,Pos199-Pos390
199,390,Pos199_I-Pos390_R,0.0,0.0016015625,Pos199-Pos390
199,391,Pos199_I-Pos391_L,0.0,0.028828125,Pos199-Pos391
199,391,Pos199_I-Pos391_S,0.0,0.0016015625,Pos199-Pos391
199,392,Pos199_I-Pos392_S,0.0,0.0016015625,Pos199-Pos392
199,392,Pos199_I-Pos392_*,0.0,0.0016015625,Pos199-Pos392
199,394,Pos199_I-Pos394_R,0.0,0.028828125,Pos199-Pos394
199,394,Pos199_I-Pos394_A,0.0,0.0016015625,Pos199-Pos394
199,396,Pos199_I-Pos396_I,0.0,0.028828125,Pos199-Pos396
199,396,Pos199_I-Pos396_N,0.0,0.0016015625,Pos199-Pos396
199,397,Pos199_I-Pos397_K,0.0,0.028828125,Pos199-Pos397
199,397,Pos199_I-Pos397_S,0.0,0.0016015625,Pos199-Pos397
199,398,Pos199_I-Pos398_P,0.0,0.028828125,Pos199-Pos398
199,398,Pos199_I-Pos398_G,0.0,0.0016015625,Pos199-Pos398
199,398,Pos199_I-Pos398_S,0.0,0.0016015625,Pos199-Pos398
199,400,Pos199_I-Pos400_T,0.0,0.028828125,Pos199-Pos400
199,400,Pos199_I-Pos400_S,0.0,0.0016015625,Pos199-Pos400
199,407,Pos199_I-Pos407_K,0.0,0.028828125,Pos199-Pos407
199,407,Pos199_I-Pos407_F,0.0,0.0016015625,Pos199-Pos407
199,408,Pos199_I-Pos408_I,0.0,0.028828125,Pos199-Pos408
199,410,Pos199_I-Pos410_R,0.0,0.028828125,Pos199-Pos410
199,410,Pos199_I-Pos410_S,0.0,0.0016015625,Pos199-Pos410
199,411,Pos199_I-Pos411_F,0.0,0.028828125,Pos199-Pos411
199,411,Pos199_I-Pos411_K,0.0,0.0016015625,Pos199-Pos411
220,225,Pos220_V-Pos225_I,0.01875,0.06359375,Pos220-Pos225
220,225,Pos220_V-Pos225_T,0.24375,0.07562500000000001,Pos220-Pos225
220,225,Pos220_V-Pos225_L,0.0,0.00515625,Pos220-Pos225
220,225,Pos220_V-Pos225_E,0.0,0.00515625,Pos220-Pos225
220,227,Pos220_V-Pos227_V,0.01875,0.00515625,Pos220-Pos227
220,265,Pos220_V-Pos265_V,0.09375,0.0859375,Pos220-Pos265
220,266,Pos220_V-Pos266_A,0.09375,0.08421875000000001,Pos220-Pos266
220,268,Pos220_V-Pos268_Y,0.09375,0.08421875000000001,Pos220-Pos268
220,269,Pos220_V-Pos269_N,0.09375,0.08421875000000001,Pos220-Pos269
220,269,Pos220_V-Pos269_K,0.0,0.0017187500000000002,Pos220-Pos269
220,270,Pos220_V-Pos270_D,0.09375,0.08421875000000001,Pos220-Pos270
220,272,Pos220_V-Pos272_Y,0.09375,0.08421875000000001,Pos220-Pos272
220,273,Pos220_V-Pos273_T,0.09375,0.08421875000000001,Pos220-Pos273
220,273,Pos220_V-Pos273_G,0.0,0.0017187500000000002,Pos220-Pos273
220,276,Pos220_V-Pos276_I,0.0,0.00515625,Pos220-Pos276
220,277,Pos220_V-Pos277_N,0.09375,0.08421875000000001,Pos220-Pos277
220,278,Pos220_V-Pos278_D,0.09375,0.08421875000000001,Pos220-Pos278
220,280,Pos220_V-Pos280_R,0.09375,0.08421875000000001,Pos220-Pos280
220,281,Pos220_V-Pos281_K,0.09375,0.08421875000000001,Pos220-Pos281
220,284,Pos220_V-Pos284_S,0.09375,0.08421875000000001,Pos220-Pos284
220,314,Pos220_V-Pos314_S,0.06875,0.06015625000000001,Pos220-Pos314
220,314,Pos220_V-Pos314_Y,0.0,0.0017187500000000002,Pos220-Pos314
220,316,Pos220_V-Pos316_I,0.06875,0.061875000000000006,Pos220-Pos316
220,344,Pos220_V-Pos344_Q,0.05,0.04640625000000001,Pos220-Pos344
220,344,Pos220_V-Pos344_K,0.00625,0.0034375000000000005,Pos220-Pos344
220,344,Pos220_V-Pos344_H,0.00625,0.00515625,Pos220-Pos344
220,365,Pos220_V-Pos365_N,0.05625,0.044687500000000005,Pos220-Pos365
220,365,Pos220_V-Pos365_Y,0.0,0.0017187500000000002,Pos220-Pos365
220,372,Pos220_V-Pos372_S,0.0125,0.03265625,Pos220-Pos372
220,373,Pos220_V-Pos373_E,0.00625,0.030937500000000003,Pos220-Pos373
220,375,Pos220_V-Pos375_Y,0.00625,0.030937500000000003,Pos220-Pos375
220,378,Pos220_V-Pos378_N,0.00625,0.030937500000000003,Pos220-Pos378
220,379,Pos220_V-Pos379_N,0.00625,0.030937500000000003,Pos220-Pos379
220,381,Pos220_V-Pos381_K,0.00625,0.030937500000000003,Pos220-Pos381
220,382,Pos220_V-Pos382_V,0.00625,0.030937500000000003,Pos220-Pos382
220,384,Pos220_V-Pos384_F,0.00625,0.030937500000000003,Pos220-Pos384
220,385,Pos220_V-Pos385_R,0.00625,0.030937500000000003,Pos220-Pos385
220,389,Pos220_V-Pos389_A,0.00625,0.030937500000000003,Pos220-Pos389
220,389,Pos220_V-Pos389_T,0.00625,0.0017187500000000002,Pos220-Pos389
220,390,Pos220_V-Pos390_N,0.00625,0.030937500000000003,Pos220-Pos390
220,390,Pos220_V-Pos390_R,0.00625,0.0017187500000000002,Pos220-Pos390
220,391,Pos220_V-Pos391_L,0.00625,0.030937500000000003,Pos220-Pos391
220,391,Pos220_V-Pos391_S,0.00625,0.0017187500000000002,Pos220-Pos391
220,392,Pos220_V-Pos392_S,0.00625,0.0017187500000000002,Pos220-Pos392
220,392,Pos220_V-Pos392_*,0.00625,0.0017187500000000002,Pos220-Pos392
220,394,Pos220_V-Pos394_R,0.00625,0.030937500000000003,Pos220-Pos394
220,394,Pos220_V-Pos394_A,0.00625,0.0017187500000000002,Pos220-Pos394
220,396,Pos220_V-Pos396_I,0.00625,0.030937500000000003,Pos220-Pos396
220,396,Pos220_V-Pos396_N,0.00625,0.0017187500000000002,Pos220-Pos396
220,397,Pos220_V-Pos397_K,0.00625,0.030937500000000003,Pos220-Pos397
220,397,Pos220_V-Pos397_S,0.00625,0.0017187500000000002,Pos220-Pos397
220,398,Pos220_V-Pos398_P,0.00625,0.030937500000000003,Pos220-Pos398
220,398,Pos220_V-Pos398_G,0.0,0.0017187500000000002,Pos220-Pos398
220,398,Pos220_V-Pos398_S,0.00625,0.0017187500000000002,Pos220-Pos398
220,400,Pos220_V-Pos400_T,0.00625,0.030937500000000003,Pos220-Pos400
220,400,Pos220_V-Pos400_S,0.00625,0.0017187500000000002,Pos220-Pos400
220,407,Pos220_V-Pos407_K,0.00625,0.030937500000000003,Pos220-Pos407
220,407,Pos220_V-Pos407_F,0.00625,0.0017187500000000002,Pos220-Pos407
220,408,Pos220_V-Pos408_I,0.00625,0.030937500000000003,Pos220-Pos408
220,410,Pos220_V-Pos410_R,0.00625,0.030937500000000003,Pos220-Pos410
220,410,Pos220_V-Pos410_S,0.00625,0.0017187500000000002,Pos220-Pos410
220,411,Pos220_V-Pos411_F,0.00625,0.030937500000000003,Pos220-Pos411
220,411,Pos220_V-Pos411_K,0.00625,0.0017187500000000002,Pos220-Pos411
225,227,Pos225_I-Pos227_V,0.0125,0.0043359375,Pos225-Pos227
225,227,Pos225_T-Pos227_V,0.0,0.00515625,Pos225-Pos227
225,227,Pos225_L-Pos227_V,0.0,0.0003515625,Pos225-Pos227
225,227,Pos225_E-Pos227_V,0.0,0.0003515625,Pos225-Pos227
225,265,Pos225_I-Pos265_V,0.0375,0.072265625,Pos225-Pos265
225,265,Pos225_T-Pos265_V,0.09375,0.0859375,Pos225-Pos265
225,265,Pos225_L-Pos265_V,0.00625,0.005859375,Pos225-Pos265
225,265,Pos225_E-Pos265_V,0.00625,0.005859375,Pos225-Pos265
225,266,Pos225_I-Pos266_A,0.0375,0.07082031250000001,Pos225-Pos266
225,266,Pos225_T-Pos266_A,0.09375,0.08421875000000001,Pos225-Pos266
225,266,Pos225_L-Pos266_A,0.00625,0.0057421875,Pos225-Pos266
225,266,Pos225_E-Pos266_A,0.00625,0.0057421875,Pos225-Pos266
225,268,Pos225_I-Pos268_Y,0.0375,0.07082031250000001,Pos225-Pos268
225,268,Pos225_T-Pos268_Y,0.09375,0.08421875000000001,Pos225-Pos268
225,268,Pos225_L-Pos268_Y,0.00625,0.0057421875,Pos225-Pos268
225,268,Pos225_E-Pos268_Y,0.00625,0.0057421875,Pos225-Pos268
225,269,Pos225_I-Pos269_N,0.0375,0.07082031250000001,Pos225-Pos269
225,269,Pos225_I-Pos269_K,0.00625,0.0014453125000000002,Pos225-Pos269
225,269,Pos225_T-Pos269_N,0.09375,0.08421875000000001,Pos225-Pos269
225,269,Pos225_T-Pos269_K,0.0,0.0017187500000000002,Pos225-Pos269
225,269,Pos225_L-Pos269_N,0.00625,0.0057421875,Pos225-Pos269
225,269,Pos225_L-Pos269_K,0.0,0.0001171875,Pos225-Pos269
225,269,Pos225_E-Pos269_N,0.00625,0.0057421875,Pos225-Pos269
225,269,Pos225_E-Pos269_K,0.0,0.0001171875,Pos225-Pos269
225,270,Pos225_I-Pos270_D,0.0375,0.07082031250000001,Pos225-Pos270
225,270,Pos225_T-Pos270_D,0.09375,0.08421875000000001,Pos225-Pos270
225,270,Pos225_L-Pos270_D,0.00625,0.0057421875,Pos225-Pos270
225,270,Pos225_E-Pos270_D,0.00625,0.0057421875,Pos225-Pos270
225,272,Pos225_I-Pos272_Y,0.0375,0.07082031250000001,Pos225-Pos272
225,272,Pos225_T-Pos272_Y,0.09375,0.08421875000000001,Pos225-Pos272
225,272,Pos225_L-Pos272_Y,0.00625,0.0057421875,Pos225-Pos272
225,272,Pos225_E-Pos272_Y,0.00625,0.0057421875,Pos225-Pos272
225,273,Pos225_I-Pos273_T,0.0375,0.07082031250000001,Pos225-Pos273
225,273,Pos225_I-Pos273_G,0.0,0.0014453125000000002,Pos225-Pos273
225,273,Pos225_T-Pos273_T,0.09375,0.08421875000000001,Pos225-Pos273
225,273,Pos225_T-Pos273_G,0.0,0.0017187500000000002,Pos225-Pos273
225,273,Pos225_L-Pos273_T,0.00625,0.0057421875,Pos225-Pos273
225,273,Pos225_L-Pos273_G,0.0,0.0001171875,Pos225-Pos273
225,273,Pos225_E-Pos273_T,0.00625,0.0057421875,Pos225-Pos273
225,273,Pos225_E-Pos273_G,0.0,0.0001171875,Pos225-Pos273
225,276,Pos225_I-Pos276_I,0.01875,0.0043359375,Pos225-Pos276
225,276,Pos225_T-Pos276_I,0.0,0.00515625,Pos225-Pos276
225,276,Pos225_L-Pos276_I,0.0,0.0003515625,Pos225-Pos276
225,276,Pos225_E-Pos276_I,0.0,0.0003515625,Pos225-Pos276
225,277,Pos225_I-Pos277_N,0.0375,0.07082031250000001,Pos225-Pos277
225,277,Pos225_T-Pos277_N,0.09375,0.08421875000000001,Pos225-Pos277
225,277,Pos225_L-Pos277_N,0.00625,0.0057421875,Pos225-Pos277
225,277,Pos225_E-Pos277_N,0.00625,0.0057421875,Pos225-Pos277
225,278,Pos225_I-Pos278_D,0.0375,0.07082031250000001,Pos225-Pos278
225,278,Pos225_T-Pos278_D,0.09375,0.08421875000000001,Pos225-Pos278
225,278,Pos225_L-Pos278_D,0.00625,0.0057421875,Pos225-Pos278
225,278,Pos225_E-Pos278_D,0.00625,0.0057421875,Pos225-Pos278
225,280,Pos225_I-Pos280_R,0.0375,0.07082031250000001,Pos225-Pos280
225,280,Pos225_T-Pos280_R,0.09375,0.08421875000000001,Pos225-Pos280
225,280,Pos225_L-Pos280_R,0.00625,0.0057421875,Pos225-Pos280
225,280,Pos225_E-Pos280_R,0.00625,0.0057421875,Pos225-Pos280
225,281,Pos225_I-Pos281_K,0.0375,0.07082031250000001,Pos225-Pos281
225,281,Pos225_T-Pos281_K,0.09375,0.08421875000000001,Pos225-Pos281
225,281,Pos225_L-Pos281_K,0.00625,0.0057421875,Pos225-Pos281
225,281,Pos225_E-Pos281_K,0.00625,0.0057421875,Pos225-Pos281
225,284,Pos225_I-Pos284_S,0.0375,0.07082031250000001,Pos225-Pos284
225,284,Pos225_T-Pos284_S,0.09375,0.08421875000000001,Pos225-Pos284
225,284,Pos225_L-Pos284_S,0.00625,0.0057421875,Pos225-Pos284
225,284,Pos225_E-Pos284_S,0.00625,0.0057421875,Pos225-Pos284
225,314,Pos225_I-Pos314_S,0.04375,0.050585937500000004,Pos225-Pos314
225,314,Pos225_I-Pos314_Y,0.0,0.0014453125000000002,Pos225-Pos314
225,314,Pos225_T-Pos314_S,0.06875,0.06015625000000001,Pos225-Pos314
225,314,Pos225_T-Pos314_Y,0.00625,0.0017187500000000002,Pos225-Pos314
225,314,Pos225_L-Pos314_S,0.0125,0.0041015625,Pos225-Pos314
225,314,Pos225_L-Pos314_Y,0.0,0.0001171875,Pos225-Pos314
225,314,Pos225_E-Pos314_S,0.00625,0.0041015625,Pos225-Pos314
225,314,Pos225_E-Pos314_Y,0.0,0.0001171875,Pos225-Pos314
225,316,Pos225_I-Pos316_I,0.04375,0.05203125,Pos225-Pos316
225,316,Pos225_T-Pos316_I,0.06875,0.061875000000000006,Pos225-Pos316
225,316,Pos225_L-Pos316_I,0.0125,0.00421875,Pos225-Pos316
225,316,Pos225_E-Pos316_I,0.00625,0.00421875,Pos225-Pos316
225,344,Pos225_I-Pos344_Q,0.05,0.03902343750000001,Pos225-Pos344
225,344,Pos225_I-Pos344_K,0.00625,0.0028906250000000004,Pos225-Pos344
225,344,Pos225_I-Pos344_H,0.0125,0.0043359375,Pos225-Pos344
225,344,Pos225_T-Pos344_Q,0.04375,0.04640625000000001,Pos225-Pos344
225,344,Pos225_T-Pos344_K,0.00625,0.0034375000000000005,Pos225-Pos344
225,344,Pos225_T-Pos344_H,0.00625,0.00515625,Pos225-Pos344
225,344,Pos225_L-Pos344_Q,0.00625,0.0031640625,Pos225-Pos344
225,344,Pos225_L-Pos344_K,0.0,0.000234375,Pos225-Pos344
225,344,Pos225_L-Pos344_H,0.0,0.0003515625,Pos225-Pos344
225,344,Pos225_E-Pos344_Q,0.00625,0.0031640625,Pos225-Pos344
225,344,Pos225_E-Pos344_K,0.0,0.000234375,Pos225-Pos344
225,344,Pos225_E-Pos344_H,0.0,0.0003515625,Pos225-Pos344
225,365,Pos225_I-Pos365_N,0.0375,0.037578125000000004,Pos225-Pos365
225,365,Pos225_I-Pos365_Y,0.0,0.0014453125000000002,Pos225-Pos365
225,365,Pos225_T-Pos365_N,0.05,0.044687500000000005,Pos225-Pos365
225,365,Pos225_T-Pos365_Y,0.00625,0.0017187500000000002,Pos225-Pos365
225,365,Pos225_L-Pos365_N,0.00625,0.003046875,Pos225-Pos365
225,365,Pos225_L-Pos365_Y,0.0,0.0001171875,Pos225-Pos365
225,365,Pos225_E-Pos365_N,0.00625,0.003046875,Pos225-Pos365
225,365,Pos225_E-Pos365_Y,0.0,0.0001171875,Pos225-Pos365
225,372,Pos225_I-Pos372_S,0.05,0.0274609375,Pos225-Pos372
225,372,Pos225_T-Pos372_S,0.0125,0.03265625,Pos225-Pos372
225,372,Pos225_L-Pos372_S,0.0,0.0022265625,Pos225-Pos372
225,372,Pos225_E-Pos372_S,0.0,0.0022265625,Pos225-Pos372
225,373,Pos225_I-Pos373_E,0.05,0.026015625,Pos225-Pos373
225,373,Pos225_T-Pos373_E,0.00625,0.030937500000000003,Pos225-Pos373
225,373,Pos225_L-Pos373_E,0.0,0.002109375,Pos225-Pos373
225,373,Pos225_E-Pos373_E,0.0,0.002109375,Pos225-Pos373
225,375,Pos225_I-Pos375_Y,0.05,0.026015625,Pos225-Pos375
225,375,Pos225_T-Pos375_Y,0.00625,0.030937500000000003,Pos225-Pos375
225,375,Pos225_L-Pos375_Y,0.0,0.002109375,Pos225-Pos375
225,375,Pos225_E-Pos375_Y,0.0,0.002109375,Pos225-Pos375
225,378,Pos225_I-Pos378_N,0.05,0.026015625,Pos225-Pos378
225,378,Pos225_T-Pos378_N,0.00625,0.030937500000000003,Pos225-Pos378
225,378,Pos225_L-Pos378_N,0.0,0.002109375,Pos225-Pos378
225,378,Pos225_E-Pos378_N,0.0,0.002109375,Pos225-Pos378
225,379,Pos225_I-Pos379_N,0.05,0.026015625,Pos225-Pos379
225,379,Pos225_T-Pos379_N,0.00625,0.030937500000000003,Pos225-Pos379
225,379,Pos225_L-Pos379_N,0.0,0.002109375,Pos225-Pos379
225,379,Pos225_E-Pos379_N,0.0,0.002109375,Pos225-Pos379
225,381,Pos225_I-Pos381_K,0.05,0.026015625,Pos225-Pos381
225,381,Pos225_T-Pos381_K,0.00625,0.030937500000000003,Pos225-Pos381
225,381,Pos225_L-Pos381_K,0.0,0.002109375,Pos225-Pos381
225,381,Pos225_E-Pos381_K,0.0,0.002109375,Pos225-Pos381
225,382,Pos225_I-Pos382_V,0.05,0.026015625,Pos225-Pos382
225,382,Pos225_T-Pos382_V,0.00625,0.030937500000000003,Pos225-Pos382
225,382,Pos225_L-Pos382_V,0.0,0.002109375,Pos225-Pos382
225,382,Pos225_E-Pos382_V,0.0,0.002109375,Pos225-Pos382
225,384,Pos225_I-Pos384_F,0.05,0.026015625,Pos225-Pos384
225,384,Pos225_T-Pos384_F,0.00625,0.030937500000000003,Pos225-Pos384
225,384,Pos225_L-Pos384_F,0.0,0.002109375,Pos225-Pos384
225,384,Pos225_E-Pos384_F,0.0,0.002109375,Pos225-Pos384
225,385,Pos225_I-Pos385_R,0.05,0.026015625,Pos225-Pos385
225,385,Pos225_T-Pos385_R,0.00625,0.030937500000000003,Pos225-Pos385
225,385,Pos225_L-Pos385_R,0.0,0.002109375,Pos225-Pos385
225,385,Pos225_E-Pos385_R,0.0,0.002109375,Pos225-Pos385
225,389,Pos225_I-Pos389_A,0.05,0.026015625,Pos225-Pos389
225,389,Pos225_I-Pos389_T,0.0,0.0014453125000000002,Pos225-Pos389
225,389,Pos225_T-Pos389_A,0.00625,0.030937500000000003,Pos225-Pos389
225,389,Pos225_T-Pos389_T,0.00625,0.0017187500000000002,Pos225-Pos389
225,389,Pos225_L-Pos389_A,0.0,0.002109375,Pos225-Pos389
225,389,Pos225_L-Pos389_T,0.0,0.0001171875,Pos225-Pos389
225,389,Pos225_E-Pos389_A,0.0,0.002109375,Pos225-Pos389
225,389,Pos225_E-Pos389_T,0.0,0.0001171875,Pos225-Pos389
225,390,Pos225_I-Pos390_N,0.05,0.026015625,Pos225-Pos390
225,390,Pos225_I-Pos390_R,0.0,0.0014453125000000002,Pos225-Pos390
225,390,Pos225_T-Pos390_N,0.00625,0.030937500000000003,Pos225-Pos390
225,390,Pos225_T-Pos390_R,0.00625,0.0017187500000000002,Pos225-Pos390
225,390,Pos225_L-Pos390_N,0.0,0.002109375,Pos225-Pos390
225,390,Pos225_L-Pos390_R,0.0,0.0001171875,Pos225-Pos390
225,390,Pos225_E-Pos390_N,0.0,0.002109375,Pos225-Pos390
225,390,Pos225_E-Pos390_R,0.0,0.0001171875,Pos225-Pos390
225,391,Pos225_I-Pos391_L,0.05,0.026015625,Pos225-Pos391
225,391,Pos225_I-Pos391_S,0.0,0.0014453125000000002,Pos225-Pos391
225,391,Pos225_T-Pos391_L,0.00625,0.030937500000000003,Pos225-Pos391
225,391,Pos225_T-Pos391_S,0.00625,0.0017187500000000002,Pos225-Pos391
225,391,Pos225_L-Pos391_L,0.0,0.002109375,Pos225-Pos391
225,391,Pos225_L-Pos391_S,0.0,0.0001171875,Pos225-Pos391
225,391,Pos225_E-Pos391_L,0.0,0.002109375,Pos225-Pos391
225,391,Pos225_E-Pos391_S,0.0,0.0001171875,Pos225-Pos391
225,392,Pos225_I-Pos392_S,0.0,0.0014453125000000002,Pos225-Pos392
225,392,Pos225_I-Pos392_*,0.0,0.0014453125000000002,Pos225-Pos392
225,392,Pos225_T-Pos392_S,0.00625,0.0017187500000000002,Pos225-Pos392
225,392,Pos225_T-Pos392_*,0.00625,0.0017187500000000002,Pos225-Pos392
225,392,Pos225_L-Pos392_S,0.0,0.0001171875,Pos225-Pos392
225,392,Pos225_L-Pos392_*,0.0,0.0001171875,Pos225-Pos392
225,392,Pos225_E-Pos392_S,0.0,0.0001171875,Pos225-Pos392
225,392,Pos225_E-Pos392_*,0.0,0.0001171875,Pos225-Pos392
225,394,Pos225_I-Pos394_R,0.05,0.026015625,Pos225-Pos394
225,394,Pos225_I-Pos394_A,0.0,0.0014453125000000002,Pos225-Pos394
225,394,Pos225_T-Pos394_R,0.00625,0.030937500000000003,Pos225-Pos394
225,394,Pos225_T-Pos394_A,0.00625,0.0017187500000000002,Pos225-Pos394
225,394,Pos225_L-Pos394_R,0.0,0.002109375,Pos225-Pos394
225,394,Pos225_L-Pos394_A,0.0,0.0001171875,Pos225-Pos394
225,394,Pos225_E-Pos394_R,0.0,0.002109375,Pos225-Pos394
225,394,Pos225_E-Pos394_A,0.0,0.0001171875,Pos225-Pos394
225,396,Pos225_I-Pos396_I,0.05,0.026015625,Pos225-Pos396
225,396,Pos225_I-Pos396_N,0.0,0.0014453125000000002,Pos225-Pos396
225,396,Pos225_T-Pos396_I,0.00625,0.030937500000000003,Pos225-Pos396
225,396,Pos225_T-Pos396_N,0.00625,0.0017187500000000002,Pos225-Pos396
225,396,Pos225_L-Pos396_I,0.0,0.002109375,Pos225-Pos396
225,396,Pos225_L-Pos396_N,0.0,0.0001171875,Pos225-Pos396
225,396,Pos225_E-Pos396_I,0.0,0.002109375,Pos225-Pos396
225,396,Pos225_E-Pos396_N,0.0,0.0001171875,Pos225-Pos396
225,397,Pos225_I-Pos397_K,0.05,0.026015625,Pos225-Pos397
225,397,Pos225_I-Pos397_S,0.0,0.0014453125000000002,Pos225-Pos397
225,397,Pos225_T-Pos397_K,0.00625,0.030937500000000003,Pos225-Pos397
225,397,Pos225_T-Pos397_S,0.00625,0.0017187500000000002,Pos225-Pos397
225,397,Pos225_L-Pos397_K,0.0,0.002109375,Pos225-Pos397
225,397,Pos225_L-Pos397_S,0.0,0.0001171875,Pos225-Pos397
225,397,Pos225_E-Pos397_K,0.0,0.002109375,Pos225-Pos397
225,397,Pos225_E-Pos397_S,0.0,0.0001171875,Pos225-Pos397
225,398,Pos225_I-Pos398_P,0.05,0.026015625,Pos225-Pos398
225,398,Pos225_I-Pos398_G,0.0,0.0014453125000000002,Pos225-Pos398
225,398,Pos225_I-Pos398_S,0.0,0.0014453125000000002,Pos225-Pos398
225,398,Pos225_T-Pos398_P,0.00625,0.030937500000000003,Pos225-Pos398
225,398,Pos225_T-Pos398_G,0.0,0.0017187500000000002,Pos225-Pos398
225,398,Pos225_T-Pos398_S,0.00625,0.0017187500000000002,Pos225-Pos398
225,398,Pos225_L-Pos398_P,0.0,0.002109375,Pos225-Pos398
225,398,Pos225_L-Pos398_G,0.0,0.0001171875,Pos225-Pos398
225,398,Pos225_L-Pos398_S,0.0,0.0001171875,Pos225-Pos398
225,398,Pos225_E-Pos398_P,0.0,0.002109375,Pos225-Pos398
225,398,Pos225_E-Pos398_G,0.0,0.0001171875,Pos225-Pos398
225,398,Pos225_E-Pos398_S,0.0,0.0001171875,Pos225-Pos398
225,400,Pos225_I-Pos400_T,0.05,0.026015625,Pos225-Pos400
225,400,Pos225_I-Pos400_S,0.0,0.0014453125000000002,Pos225-Pos400
225,400,Pos225_T-Pos400_T,0.00625,0.030937500000000003,Pos225-Pos400
225,400,Pos225_T-Pos400_S,0.00625,0.0017187500000000002,Pos225-Pos400
225,400,Pos225_L-Pos400_T,0.0,0.002109375,Pos225-Pos400
225,400,Pos225_L-Pos400_S,0.0,0.0001171875,Pos225-Pos400
225,400,Pos225_E-Pos400_T,0.0,0.002109375,Pos225-Pos400
225,400,Pos225_E-Pos400_S,0.0,0.0001171875,Pos225-Pos400
225,407,Pos225_I-Pos407_K,0.05,0.026015625,Pos225-Pos407
225,407,Pos225_I-Pos407_F,0.0,0.0014453125000000002,Pos225-Pos407
225,407,Pos225_T-Pos407_K,0.00625,0.030937500000000003,Pos225-Pos407
225,407,Pos225_T-Pos407_F,0.00625,0.0017187500000000002,Pos225-Pos407
225,407,Pos225_L-Pos407_K,0.0,0.002109375,Pos225-Pos407
225,407,Pos225_L-Pos407_F,0.0,0.0001171875,Pos225-Pos407
225,407,Pos225_E-Pos407_K,0.0,0.002109375,Pos225-Pos407
225,407,Pos225_E-Pos407_F,0.0,0.0001171875,Pos225-Pos407
225,408,Pos225_I-Pos408_I,0.05,0.026015625,Pos225-Pos408
225,408,Pos225_T-Pos408_I,0.00625,0.030937500000000003,Pos225-Pos408
225,408,Pos225_L-Pos408_I,0.0,0.002109375,Pos225-Pos408
225,408,Pos225_E-Pos408_I,0.0,0.002109375,Pos225-Pos408
225,410,Pos225_I-Pos410_R,0.05,0.026015625,Pos225-Pos410
225,410,Pos225_I-Pos410_S,0.0,0.0014453125000000002,Pos225-Pos410
225,410,Pos225_T-Pos410_R,0.00625,0.030937500000000003,Pos225-Pos410
225,410,Pos225_T-Pos410_S,0.00625,0.0017187500000000002,Pos225-Pos410
225,410,Pos225_L-Pos410_R,0.0,0.002109375,Pos225-Pos410
225,410,Pos225_L-Pos410_S,0.0,0.0001171875,Pos225-Pos410
225,410,Pos225_E-Pos410_R,0.0,0.002109375,Pos225-Pos410
225,410,Pos225_E-Pos410_S,0.0,0.0001171875,Pos225-Pos410
225,411,Pos225_I-Pos411_F,0.05,0.026015625,Pos225-Pos411
225,411,Pos225_I-Pos411_K,0.0,0.0014453125000000002,Pos225-Pos411
225,411,Pos225_T-Pos411_F,0.00625,0.030937500000000003,Pos225-Pos411
225,411,Pos225_T-Pos411_K,0.00625,0.0017187500000000002,Pos225-Pos411
225,411,Pos225_L-Pos411_F,0.0,0.002109375,Pos225-Pos411
225,411,Pos225_L-Pos411_K,0.0,0.0001171875,Pos225-Pos411
225,411,Pos225_E-Pos411_F,0.0,0.002109375,Pos225-Pos411
225,411,Pos225_E-Pos411_K,0.0,0.0001171875,Pos225-Pos411
227,265,Pos227_V-Pos265_V,0.00625,0.005859375,Pos227-Pos265
227,266,Pos227_V-Pos266_A,0.00625,0.0057421875,Pos227-Pos266
227,268,Pos227_V-Pos268_Y,0.00625,0.0057421875,Pos227-Pos268
227,269,Pos227_V-Pos269_N,0.00625,0.0057421875,Pos227-Pos269
227,269,Pos227_V-Pos269_K,0.0,0.0001171875,Pos227-Pos269
227,270,Pos227_V-Pos270_D,0.00625,0.0057421875,Pos227-Pos270
227,272,Pos227_V-Pos272_Y,0.00625,0.0057421875,Pos227-Pos272
227,273,Pos227_V-Pos273_T,0.00625,0.0057421875,Pos227-Pos273
227,273,Pos227_V-Pos273_G,0.0,0.0001171875,Pos227-Pos273
227,276,Pos227_V-Pos276_I,0.0,0.0003515625,Pos227-Pos276
227,277,Pos227_V-Pos277_N,0.00625,0.0057421875,Pos227-Pos277
227,278,Pos227_V-Pos278_D,0.00625,0.0057421875,Pos227-Pos278
227,280,Pos227_V-Pos280_R,0.00625,0.0057421875,Pos227-Pos280
227,281,Pos227_V-Pos281_K,0.00625,0.0057421875,Pos227-Pos281
227,284,Pos227_V-Pos284_S,0.00625,0.0057421875,Pos227-Pos284
227,314,Pos227_V-Pos314_S,0.0,0.0041015625,Pos227-Pos314
227,314,Pos227_V-Pos314_Y,0.0,0.0001171875,Pos227-Pos314
227,316,Pos227_V-Pos316_I,0.0,0.00421875,Pos227-Pos316
227,344,Pos227_V-Pos344_Q,0.0,0.0031640625,Pos227-Pos344
227,344,Pos227_V-Pos344_K,0.0,0.000234375,Pos227-Pos344
227,344,Pos227_V-Pos344_H,0.0,0.0003515625,Pos227-Pos344
227,365,Pos227_V-Pos365_N,0.0,0.003046875,Pos227-Pos365
227,365,Pos227_V-Pos365_Y,0.0,0.0001171875,Pos227-Pos365
227,372,Pos227_V-Pos372_S,0.0,0.0022265625,Pos227-Pos372
227,373,Pos227_V-Pos373_E,0.0,0.002109375,Pos227-Pos373
227,375,Pos227_V-Pos375_Y,0.0,0.002109375,Pos227-Pos375
227,378,Pos227_V-Pos378_N,0.0,0.002109375,Pos227-Pos378
227,379,Pos227_V-Pos379_N,0.0,0.002109375,Pos227-Pos379
227,381,Pos227_V-Pos381_K,0.0,0.002109375,Pos227-Pos381
227,382,Pos227_V-Pos382_V,0.0,0.002109375,Pos227-Pos382
227,384,Pos227_V-Pos384_F,0.0,0.002109375,Pos227-Pos384
227,385,Pos227_V-Pos385_R,0.0,0.002109375,Pos227-Pos385
227,389,Pos227_V-Pos389_A,0.0,0.002109375,Pos227-Pos389
227,389,Pos227_V-Pos389_T,0.0,0.0001171875,Pos227-Pos389
227,390,Pos227_V-Pos390_N,0.0,0.002109375,Pos227-Pos390
227,390,Pos227_V-Pos390_R,0.0,0.0001171875,Pos227-Pos390
227,391,Pos227_V-Pos391_L,0.0,0.002109375,Pos227-Pos391
227,391,Pos227_V-Pos391_S,0.0,0.0001171875,Pos227-Pos391
227,392,Pos227_V-Pos392_S,0.0,0.0001171875,Pos227-Pos392
227,392,Pos227_V-Pos392_*,0.0,0.0001171875,Pos227-Pos392
227,394,Pos227_V-Pos394_R,0.0,0.002109375,Pos227-Pos394
227,394,Pos227_V-Pos394_A,0.0,0.0001171875,Pos227-Pos394
227,396,Pos227_V-Pos396_I,0.0,0.002109375,Pos227-Pos396
227,396,Pos227_V-Pos396_N,0.0,0.0001171875,Pos227-Pos396
227,397,Pos227_V-Pos397_K,0.0,0.002109375,Pos227-Pos397
227,397,Pos227_V-Pos397_S,0.0,0.0001171875,Pos227-Pos397
227,398,Pos227_V-Pos398_P,0.0,0.002109375,Pos227-Pos398
227,398,Pos227_V-Pos398_G,0.0,0.0001171875,Pos227-Pos398
227,398,Pos227_V-Pos398_S,0.0,0.0001171875,Pos227-Pos398
227,400,Pos227_V-Pos400_T,0.0,0.002109375,Pos227-Pos400
227,400,Pos227_V-Pos400_S,0.0,0.0001171875,Pos227-Pos400
227,407,Pos227_V-Pos407_K,0.0,0.002109375,Pos227-Pos407
227,407,Pos227_V-Pos407_F,0.0,0.0001171875,Pos227-Pos407
227,408,Pos227_V-Pos408_I,0.0,0.002109375,Pos227-Pos408
227,410,Pos227_V-Pos410_R,0.0,0.002109375,Pos227-Pos410
227,410,Pos227_V-Pos410_S,0.0,0.0001171875,Pos227-Pos410
227,411,Pos227_V-Pos411_F,0.0,0.002109375,Pos227-Pos411
227,411,Pos227_V-Pos411_K,0.0,0.0001171875,Pos227-Pos411
265,266,Pos265_V-Pos266_A,0.30625,0.095703125,Pos265-Pos266
265,268,Pos265_V-Pos268_Y,0.30625,0.095703125,Pos265-Pos268
265,269,Pos265_V-Pos269_N,0.30625,0.095703125,Pos265-Pos269
265,269,Pos265_V-Pos269_K,0.0,0.001953125,Pos265-Pos269
265,270,Pos265_V-Pos270_D,0.30625,0.095703125,Pos265-Pos270
265,272,Pos265_V-Pos272_Y,0.30625,0.095703125,Pos265-Pos272
265,273,Pos265_V-Pos273_T,0.30625,0.095703125,Pos265-Pos273
265,273,Pos265_V-Pos273_G,0.0,0.001953125,Pos265-Pos273
265,276,Pos265_V-Pos276_I,0.0,0.005859375,Pos265-Pos276
265,277,Pos265_V-Pos277_N,0.30625,0.095703125,Pos265-Pos277
265,278,Pos265_V-Pos278_D,0.30625,0.095703125,Pos265-Pos278
265,280,Pos265_V-Pos280_R,0.30625,0.095703125,Pos265-Pos280
265,281,Pos265_V-Pos281_K,0.30625,0.095703125,Pos265-Pos281
265,284,Pos265_V-Pos284_S,0.30625,0.095703125,Pos265-Pos284
265,314,Pos265_V-Pos314_S,0.125,0.068359375,Pos265-Pos314
265,314,Pos265_V-Pos314_Y,0.0,0.001953125,Pos265-Pos314
265,316,Pos265_V-Pos316_I,0.13125,0.0703125,Pos265-Pos316
265,344,Pos265_V-Pos344_Q,0.06875,0.052734375,Pos265-Pos344
265,344,Pos265_V-Pos344_K,0.0,0.00390625,Pos265-Pos344
265,344,Pos265_V-Pos344_H,0.0125,0.005859375,Pos265-Pos344
265,365,Pos265_V-Pos365_N,0.075,0.05078125,Pos265-Pos365
265,365,Pos265_V-Pos365_Y,0.00625,0.001953125,Pos265-Pos365
265,372,Pos265_V-Pos372_S,0.00625,0.037109375,Pos265-Pos372
265,373,Pos265_V-Pos373_E,0.0,0.03515625,Pos265-Pos373
265,375,Pos265_V-Pos375_Y,0.0,0.03515625,Pos265-Pos375
265,378,Pos265_V-Pos378_N,0.0,0.03515625,Pos265-Pos378
265,379,Pos265_V-Pos379_N,0.0,0.03515625,Pos265-Pos379
265,381,Pos265_V-Pos381_K,0.0,0.03515625,Pos265-Pos381
265,382,Pos265_V-Pos382_V,0.0,0.03515625,Pos265-Pos382
265,384,Pos265_V-Pos384_F,0.0,0.03515625,Pos265-Pos384
265,385,Pos265_V-Pos385_R,0.0,0.03515625,Pos265-Pos385
265,389,Pos265_V-Pos389_A,0.0,0.03515625,Pos265-Pos389
265,389,Pos265_V-Pos389_T,0.0,0.001953125,Pos265-Pos389
265,390,Pos265_V-Pos390_N,0.0,0.03515625,Pos265-Pos390
265,390,Pos265_V-Pos390_R,0.0,0.001953125,Pos265-Pos390
265,391,Pos265_V-Pos391_L,0.0,0.03515625,Pos265-Pos391
265,391,Pos265_V-Pos391_S,0.0,0.001953125,Pos265-Pos391
265,392,Pos265_V-Pos392_S,0.00625,0.001953125,Pos265-Pos392
265,392,Pos265_V-Pos392_*,0.0,0.001953125,Pos265-Pos392
265,394,Pos265_V-Pos394_R,0.0,0.03515625,Pos265-Pos394
265,394,Pos265_V-Pos394_A,0.0,0.001953125,Pos265-Pos394
265,396,Pos265_V-Pos396_I,0.0,0.03515625,Pos265-Pos396
265,396,Pos265_V-Pos396_N,0.0,0.001953125,Pos265-Pos396
265,397,Pos265_V-Pos397_K,0.0,0.03515625,Pos265-Pos397
265,397,Pos265_V-Pos397_S,0.0,0.001953125,Pos265-Pos397
265,398,Pos265_V-Pos398_P,0.0,0.03515625,Pos265-Pos398
265,398,Pos265_V-Pos398_G,0.0,0.001953125,Pos265-Pos398
265,398,Pos265_V-Pos398_S,0.0,0.001953125,Pos265-Pos398
265,400,Pos265_V-Pos400_T,0.0,0.03515625,Pos265-Pos400
265,400,Pos265_V-Pos400_S,0.0,0.001953125,Pos265-Pos400
265,407,Pos265_V-Pos407_K,0.0,0.03515625,Pos265-Pos407
265,407,Pos265_V-Pos407_F,0.0,0.001953125,Pos265-Pos407
265,408,Pos265_V-Pos408_I,0.0,0.03515625,Pos265-Pos408
265,410,Pos265_V-Pos410_R,0.0,0.03515625,Pos265-Pos410
265,410,Pos265_V-Pos410_S,0.0,0.001953125,Pos265-Pos410
265,411,Pos265_V-Pos411_F,0.0,0.03515625,Pos265-Pos411
265,411,Pos265_V-Pos411_K,0.0,0.001953125,Pos265-Pos411
266,268,Pos266_A-Pos268_Y,0.30625,0.09378906250000002,Pos266-Pos268
266,269,Pos266_A-Pos269_N,0.30625,0.09378906250000002,Pos266-Pos269
266,269,Pos266_A-Pos269_K,0.0,0.0019140625000000002,Pos266-Pos269
266,270,Pos266_A-Pos270_D,0.30625,0.09378906250000002,Pos266-Pos270
266,272,Pos266_A-Pos272_Y,0.30625,0.09378906250000002,Pos266-Pos272
266,273,Pos266_A-Pos273_T,0.30625,0.09378906250000002,Pos266-Pos273
266,273,Pos266_A-Pos273_G,0.0,0.0019140625000000002,Pos266-Pos273
266,276,Pos266_A-Pos276_I,0.0,0.0057421875,Pos266-Pos276
266,277,Pos266_A-Pos277_N,0.30625,0.09378906250000002,Pos266-Pos277
266,278,Pos266_A-Pos278_D,0.30625,0.09378906250000002,Pos266-Pos278
266,280,Pos266_A-Pos280_R,0.30625,0.09378906250000002,Pos266-Pos280
266,281,Pos266_A-Pos281_K,0.30625,0.09378906250000002,Pos266-Pos281
266,284,Pos266_A-Pos284_S,0.30625,0.09378906250000002,Pos266-Pos284
266,314,Pos266_A-Pos314_S,0.125,0.06699218750000001,Pos266-Pos314
266,314,Pos266_A-Pos314_Y,0.0,0.0019140625000000002,Pos266-Pos314
266,316,Pos266_A-Pos316_I,0.13125,0.06890625,Pos266-Pos316
266,344,Pos266_A-Pos344_Q,0.0625,0.05167968750000001,Pos266-Pos344
266,344,Pos266_A-Pos344_K,0.0,0.0038281250000000004,Pos266-Pos344
266,344,Pos266_A-Pos344_H,0.0125,0.0057421875,Pos266-Pos344
266,365,Pos266_A-Pos365_N,0.075,0.04976562500000001,Pos266-Pos365
266,365,Pos266_A-Pos365_Y,0.00625,0.0019140625000000002,Pos266-Pos365
266,372,Pos266_A-Pos372_S,0.00625,0.0363671875,Pos266-Pos372
266,373,Pos266_A-Pos373_E,0.0,0.034453125,Pos266-Pos373
266,375,Pos266_A-Pos375_Y,0.0,0.034453125,Pos266-Pos375
266,378,Pos266_A-Pos378_N,0.0,0.034453125,Pos266-Pos378
266,379,Pos266_A-Pos379_N,0.0,0.034453125,Pos266-Pos379
266,381,Pos266_A-Pos381_K,0.0,0.034453125,Pos266-Pos381
266,382,Pos266_A-Pos382_V,0.0,0.034453125,Pos266-Pos382
266,384,Pos266_A-Pos384_F,0.0,0.034453125,Pos266-Pos384
266,385,Pos266_A-Pos385_R,0.0,0.034453125,Pos266-Pos385
266,389,Pos266_A-Pos389_A,0.0,0.034453125,Pos266-Pos389
266,389,Pos266_A-Pos389_T,0.0,0.0019140625000000002,Pos266-Pos389
266,390,Pos266_A-Pos390_N,0.0,0.034453125,Pos266-Pos390
266,390,Pos266_A-Pos390_R,0.0,0.0019140625000000002,Pos266-Pos390
266,391,Pos266_A-Pos391_L,0.0,0.034453125,Pos266-Pos391
266,391,Pos266_A-Pos391_S,0.0,0.0019140625000000002,Pos266-Pos391
266,392,Pos266_A-Pos392_S,0.00625,0.0019140625000000002,Pos266-Pos392
266,392,Pos266_A-Pos392_*,0.0,0.0019140625000000002,Pos266-Pos392
266,394,Pos266_A-Pos394_R,0.0,0.034453125,Pos266-Pos394
266,394,Pos266_A-Pos394_A,0.0,0.0019140625000000002,Pos266-Pos394
266,396,Pos266_A-Pos396_I,0.0,0.034453125,Pos266-Pos396
266,396,Pos266_A-Pos396_N,0.0,0.0019140625000000002,Pos266-Pos396
266,397,Pos266_A-Pos397_K,0.0,0.034453125,Pos266-Pos397
266,397,Pos266_A-Pos397_S,0.0,0.0019140625000000002,Pos266-Pos397
266,398,Pos266_A-Pos398_P,0.0,0.034453125,Pos266-Pos398
266,398,Pos266_A-Pos398_G,0.0,0.0019140625000000002,Pos266-Pos398
266,398,Pos266_A-Pos398_S,0.0,0.0019140625000000002,Pos266-Pos398
266,400,Pos266_A-Pos400_T,0.0,0.034453125,Pos266-Pos400
266,400,Pos266_A-Pos400_S,0.0,0.0019140625000000002,Pos266-Pos400
266,407,Pos266_A-Pos407_K,0.0,0.034453125,Pos266-Pos407
266,407,Pos266_A-Pos407_F,0.0,0.0019140625000000002,Pos266-Pos407
266,408,Pos266_A-Pos408_I,0.0,0.034453125,Pos266-Pos408
266,410,Pos266_A-Pos410_R,0.0,0.034453125,Pos266-Pos410
266,410,Pos266_A-Pos410_S,0.0,0.0019140625000000002,Pos266-Pos410
266,411,Pos266_A-Pos411_F,0.0,0.034453125,Pos266-Pos411
266,411,Pos266_A-Pos411_K,0.0,0.0019140625000000002,Pos266-Pos411
268,269,Pos268_Y-Pos269_N,0.30625,0.09378906250000002,Pos268-Pos269
268,269,Pos268_Y-Pos269_K,0.0,0.0019140625000000002,Pos268-Pos269
268,270,Pos268_Y-Pos270_D,0.30625,0.09378906250000002,Pos268-Pos270
268,272,Pos268_Y-Pos272_Y,0.30625,0.09378906250000002,Pos268-Pos272
268,273,Pos268_Y-Pos273_T,0.30625,0.09378906250000002,Pos268-Pos273
268,273,Pos268_Y-Pos273_G,0.0,0.0019140625000000002,Pos268-Pos273
268,276,Pos268_Y-Pos276_I,0.0,0.0057421875,Pos268-Pos276
268,277,Pos268_Y-Pos277_N,0.30625,0.09378906250000002,Pos268-Pos277
268,278,Pos268_Y-Pos278_D,0.30625,0.09378906250000002,Pos268-Pos278
268,280,Pos268_Y-Pos280_R,0.30625,0.09378906250000002,Pos268-Pos280
268,281,Pos268_Y-Pos281_K,0.30625,0.09378906250000002,Pos268-Pos281
268,284,Pos268_Y-Pos284_S,0.30625,0.09378906250000002,Pos268-Pos284
268,314,Pos268_Y-Pos314_S,0.125,0.06699218750000001,Pos268-Pos314
268,314,Pos268_Y-Pos314_Y,0.0,0.0019140625000000002,Pos268-Pos314
268,316,Pos268_Y-Pos316_I,0.13125,0.06890625,Pos268-Pos316
268,344,Pos268_Y-Pos344_Q,0.0625,0.05167968750000001,Pos268-Pos344
268,344,Pos268_Y-Pos344_K,0.0,0.0038281250000000004,Pos268-Pos344
268,344,Pos268_Y-Pos344_H,0.0125,0.0057421875,Pos268-Pos344
268,365,Pos268_Y-Pos365_N,0.075,0.04976562500000001,Pos268-Pos365
268,365,Pos268_Y-Pos365_Y,0.00625,0.0019140625000000002,Pos268-Pos365
268,372,Pos268_Y-Pos372_S,0.00625,0.0363671875,Pos268-Pos372
268,373,Pos268_Y-Pos373_E,0.0,0.034453125,Pos268-Pos373
268,375,Pos268_Y-Pos375_Y,0.0,0.034453125,Pos268-Pos375
268,378,Pos268_Y-Pos378_N,0.0,0.034453125,Pos268-Pos378
268,379,Pos268_Y-Pos379_N,0.0,0.034453125,Pos268-Pos379
268,381,Pos268_Y-Pos381_K,0.0,0.034453125,Pos268-Pos381
268,382,Pos268_Y-Pos382_V,0.0,0.034453125,Pos268-Pos382
268,384,Pos268_Y-Pos384_F,0.0,0.034453125,Pos268-Pos384
268,385,Pos268_Y-Pos385_R,0.0,0.034453125,Pos268-Pos385
268,389,Pos268_Y-Pos389_A,0.0,0.034453125,Pos268-Pos389
268,389,Pos268_Y-Pos389_T,0.0,0.0019140625000000002,Pos268-Pos389
268,390,Pos268_Y-Pos390_N,0.0,0.034453125,Pos268-Pos390
268,390,Pos268_Y-Pos390_R,0.0,0.0019140625000000002,Pos268-Pos390
268,391,Pos268_Y-Pos391_L,0.0,0.034453125,Pos268-Pos391
268,391,Pos268_Y-Pos391_S,0.0,0.0019140625000000002,Pos268-Pos391
268,392,Pos268_Y-Pos392_S,0.00625,0.0019140625000000002,Pos268-Pos392
268,392,Pos268_Y-Pos392_*,0.0,0.0019140625000000002,Pos268-Pos392
268,394,Pos268_Y-Pos394_R,0.0,0.034453125,Pos268-Pos394
268,394,Pos268_Y-Pos394_A,0.0,0.0019140625000000002,Pos268-Pos394
268,396,Pos268_Y-Pos396_I,0.0,0.034453125,Pos268-Pos396
268,396,Pos268_Y-Pos396_N,0.0,0.0019140625000000002,Pos268-Pos396
268,397,Pos268_Y-Pos397_K,0.0,0.034453125,Pos268-Pos397
268,397,Pos268_Y-Pos397_S,0.0,0.0019140625000000002,Pos268-Pos397
268,398,Pos268_Y-Pos398_P,0.0,0.034453125,Pos268-Pos398
268,398,Pos268_Y-Pos398_G,0.0,0.0019140625000000002,Pos268-Pos398
268,398,Pos268_Y-Pos398_S,0.0,0.0019140625000000002,Pos268-Pos398
268,400,Pos268_Y-Pos400_T,0.0,0.034453125,Pos268-Pos400
268,400,Pos268_Y-Pos400_S,0.0,0.0019140625000000002,Pos268-Pos400
268,407,Pos268_Y-Pos407_K,0.0,0.034453125,Pos268-Pos407
268,407,Pos268_Y-Pos407_F,0.0,0.0019140625000000002,Pos268-Pos407
268,408,Pos268_Y-Pos408_I,0.0,0.034453125,Pos268-Pos408
268,410,Pos268_Y-Pos410_R,0.0,0.034453125,Pos268-Pos410
268,410,Pos268_Y-Pos410_S,0.0,0.0019140625000000002,Pos268-Pos410
268,411,Pos268_Y-Pos411_F,0.0,0.034453125,Pos268-Pos411
268,411,Pos268_Y-Pos411_K,0.0,0.0019140625000000002,Pos268-Pos411
269,270,Pos269_N-Pos270_D,0.30625,0.09378906250000002,Pos269-Pos270
269,270,Pos269_K-Pos270_D,0.0,0.0019140625000000002,Pos269-Pos270
269,272,Pos269_N-Pos272_Y,0.30625,0.09378906250000002,Pos269-Pos272
269,272,Pos269_K-Pos272_Y,0.0,0.0019140625000000002,Pos269-Pos272
269,273,Pos269_N-Pos273_T,0.30625,0.09378906250000002,Pos269-Pos273
269,273,Pos269_N-Pos273_G,0.0,0.0019140625000000002,Pos269-Pos273
269,273,Pos269_K-Pos273_T,0.0,0.0019140625000000002,Pos269-Pos273
269,273,Pos269_K-Pos273_G,0.0,3.906250000000001e-05,Pos269-Pos273
269,276,Pos269_N-Pos276_I,0.0,0.0057421875,Pos269-Pos276
269,276,Pos269_K-Pos276_I,0.0,0.0001171875,Pos269-Pos276
269,277,Pos269_N-Pos277_N,0.30625,0.09378906250000002,Pos269-Pos277
269,277,Pos269_K-Pos277_N,0.0,0.0019140625000000002,Pos269-Pos277
269,278,Pos269_N-Pos278_D,0.30625,0.09378906250000002,Pos269-Pos278
269,278,Pos269_K-Pos278_D,0.0,0.0019140625000000002,Pos269-Pos278
269,280,Pos269_N-Pos280_R,0.30625,0.09378906250000002,Pos269-Pos280
269,280,Pos269_K-Pos280_R,0.0,0.0019140625000000002,Pos269-Pos280
269,281,Pos269_N-Pos281_K,0.30625,0.09378906250000002,Pos269-Pos281
269,281,Pos269_K-Pos281_K,0.0,0.0019140625000000002,Pos269-Pos281
269,284,Pos269_N-Pos284_S,0.30625,0.09378906250000002,Pos269-Pos284
269,284,Pos269_K-Pos284_S,0.0,0.0019140625000000002,Pos269-Pos284
269,314,Pos269_N-Pos314_S,0.125,0.06699218750000001,Pos269-Pos314
269,314,Pos269_N-Pos314_Y,0.0,0.0019140625000000002,Pos269-Pos314
269,314,Pos269_K-Pos314_S,0.0,0.0013671875000000001,Pos269-Pos314
269,314,Pos269_K-Pos314_Y,0.0,3.906250000000001e-05,Pos269-Pos314
269,316,Pos269_N-Pos316_I,0.13125,0.06890625,Pos269-Pos316
269,316,Pos269_K-Pos316_I,0.0,0.0014062500000000002,Pos269-Pos316
269,344,Pos269_N-Pos344_Q,0.0625,0.05167968750000001,Pos269-Pos344
269,344,Pos269_N-Pos344_K,0.0,0.0038281250000000004,Pos269-Pos344
269,344,Pos269_N-Pos344_H,0.0125,0.0057421875,Pos269-Pos344
269,344,Pos269_K-Pos344_Q,0.0,0.0010546875,Pos269-Pos344
269,344,Pos269_K-Pos344_K,0.0,7.812500000000002e-05,Pos269-Pos344
269,344,Pos269_K-Pos344_H,0.0,0.0001171875,Pos269-Pos344
269,365,Pos269_N-Pos365_N,0.075,0.04976562500000001,Pos269-Pos365
269,365,Pos269_N-Pos365_Y,0.00625,0.0019140625000000002,Pos269-Pos365
269,365,Pos269_K-Pos365_N,0.0,0.001015625,Pos269-Pos365
269,365,Pos269_K-Pos365_Y,0.0,3.906250000000001e-05,Pos269-Pos365
269,372,Pos269_N-Pos372_S,0.00625,0.0363671875,Pos269-Pos372
269,372,Pos269_K-Pos372_S,0.0,0.0007421875,Pos269-Pos372
269,373,Pos269_N-Pos373_E,0.0,0.034453125,Pos269-Pos373
269,373,Pos269_K-Pos373_E,0.0,0.0007031250000000001,Pos269-Pos373
269,375,Pos269_N-Pos375_Y,0.0,0.034453125,Pos269-Pos375
269,375,Pos269_K-Pos375_Y,0.0,0.0007031250000000001,Pos269-Pos375
269,378,Pos269_N-Pos378_N,0.0,0.034453125,Pos269-Pos378
269,378,Pos269_K-Pos378_N,0.0,0.0007031250000000001,Pos269-Pos378
269,379,Pos269_N-Pos379_N,0.0,0.034453125,Pos269-Pos379
269,379,Pos269_K-Pos379_N,0.0,0.0007031250000000001,Pos269-Pos379
269,381,Pos269_N-Pos381_K,0.0,0.034453125,Pos269-Pos381
269,381,Pos269_K-Pos381_K,0.0,0.0007031250000000001,Pos269-Pos381
269,382,Pos269_N-Pos382_V,0.0,0.034453125,Pos269-Pos382
269,382,Pos269_K-Pos382_V,0.0,0.0007031250000000001,Pos269-Pos382
269,384,Pos269_N-Pos384_F,0.0,0.034453125,Pos269-Pos384
269,384,Pos269_K-Pos384_F,0.0,0.0007031250000000001,Pos269-Pos384
269,385,Pos269_N-Pos385_R,0.0,0.034453125,Pos269-Pos385
269,385,Pos269_K-Pos385_R,0.0,0.0007031250000000001,Pos269-Pos385
269,389,Pos269_N-Pos389_A,0.0,0.034453125,Pos269-Pos389
269,389,Pos269_N-Pos389_T,0.0,0.0019140625000000002,Pos269-Pos389
269,389,Pos269_K-Pos389_A,0.0,0.0007031250000000001,Pos269-Pos389
269,389,Pos269_K-Pos389_T,0.0,3.906250000000001e-05,Pos269-Pos389
269,390,Pos269_N-Pos390_N,0.0,0.034453125,Pos269-Pos390
269,390,Pos269_N-Pos390_R,0.0,0.0019140625000000002,Pos269-Pos390
269,390,Pos269_K-Pos390_N,0.0,0.0007031250000000001,Pos269-Pos390
269,390,Pos269_K-Pos390_R,0.0,3.906250000000001e-05,Pos269-Pos390
269,391,Pos269_N-Pos391_L,0.0,0.034453125,Pos269-Pos391
269,391,Pos269_N-Pos391_S,0.0,0.0019140625000000002,Pos269-Pos391
269,391,Pos269_K-Pos391_L,0.0,0.0007031250000000001,Pos269-Pos391
269,391,Pos269_K-Pos391_S,0.0,3.906250000000001e-05,Pos269-Pos391
269,392,Pos269_N-Pos392_S,0.00625,0.0019140625000000002,Pos269-Pos392
269,392,Pos269_N-Pos392_*,0.0,0.0019140625000000002,Pos269-Pos392
269,392,Pos269_K-Pos392_S,0.0,3.906250000000001e-05,Pos269-Pos392
269,392,Pos269_K-Pos392_*,0.0,3.906250000000001e-05,Pos269-Pos392
269,394,Pos269_N-Pos394_R,0.0,0.034453125,Pos269-Pos394
269,394,Pos269_N-Pos394_A,0.0,0.0019140625000000002,Pos269-Pos394
269,394,Pos269_K-Pos394_R,0.0,0.0007031250000000001,Pos269-Pos394
269,394,Pos269_K-Pos394_A,0.0,3.906250000000001e-05,Pos269-Pos394
269,396,Pos269_N-Pos396_I,0.0,0.034453125,Pos269-Pos396
269,396,Pos269_N-Pos396_N,0.0,0.0019140625000000002,Pos269-Pos396
269,396,Pos269_K-Pos396_I,0.0,0.0007031250000000001,Pos269-Pos396
269,396,Pos269_K-Pos396_N,0.0,3.906250000000001e-05,Pos269-Pos396
269,397,Pos269_N-Pos397_K,0.0,0.034453125,Pos269-Pos397
269,397,Pos269_N-Pos397_S,0.0,0.0019140625000000002,Pos269-Pos397
269,397,Pos269_K-Pos397_K,0.0,0.0007031250000000001,Pos269-Pos397
269,397,Pos269_K-Pos397_S,0.0,3.906250000000001e-05,Pos269-Pos397
269,398,Pos269_N-Pos398_P,0.0,0.034453125,Pos269-Pos398
269,398,Pos269_N-Pos398_G,0.0,0.0019140625000000002,Pos269-Pos398
269,398,Pos269_N-Pos398_S,0.0,0.0019140625000000002,Pos269-Pos398
269,398,Pos269_K-Pos398_P,0.0,0.0007031250000000001,Pos269-Pos398
269,398,Pos269_K-Pos398_G,0.0,3.906250000000001e-05,Pos269-Pos398
269,398,Pos269_K-Pos398_S,0.0,3.906250000000001e-05,Pos269-Pos398
269,400,Pos269_N-Pos400_T,0.0,0.034453125,Pos269-Pos400
269,400,Pos269_N-Pos400_S,0.0,0.0019140625000000002,Pos269-Pos400
269,400,Pos269_K-Pos400_T,0.0,0.0007031250000000001,Pos269-Pos400
269,400,Pos269_K-Pos400_S,0.0,3.906250000000001e-05,Pos269-Pos400
269,407,Pos269_N-Pos407_K,0.0,0.034453125,Pos269-Pos407
269,407,Pos269_N-Pos407_F,0.0,0.0019140625000000002,Pos269-Pos407
269,407,Pos269_K-Pos407_K,0.0,0.0007031250000000001,Pos269-Pos407
269,407,Pos269_K-Pos407_F,0.0,3.906250000000001e-05,Pos269-Pos407
269,408,Pos269_N-Pos408_I,0.0,0.034453125,Pos269-Pos408
269,408,Pos269_K-Pos408_I,0.0,0.0007031250000000001,Pos269-Pos408
269,410,Pos269_N-Pos410_R,0.0,0.034453125,Pos269-Pos410
269,410,Pos269_N-Pos410_S,0.0,0.0019140625000000002,Pos269-Pos410
269,410,Pos269_K-Pos410_R,0.0,0.0007031250000000001,Pos269-Pos410
269,410,Pos269_K-Pos410_S,0.0,3.906250000000001e-05,Pos269-Pos410
269,411,Pos269_N-Pos411_F,0.0,0.034453125,Pos269-Pos411
269,411,Pos269_N-Pos411_K,0.0,0.0019140625000000002,Pos269-Pos411
269,411,Pos269_K-Pos411_F,0.0,0.0007031250000000001,Pos269-Pos411
269,411,Pos269_K-Pos411_K,0.0,3.906250000000001e-05,Pos269-Pos411
270,272,Pos270_D-Pos272_Y,0.30625,0.09378906250000002,Pos270-Pos272
270,273,Pos270_D-Pos273_T,0.30625,0.09378906250000002,Pos270-Pos273
270,273,Pos270_D-Pos273_G,0.0,0.0019140625000000002,Pos270-Pos273
270,276,Pos270_D-Pos276_I,0.0,0.0057421875,Pos270-Pos276
270,277,Pos270_D-Pos277_N,0.30625,0.09378906250000002,Pos270-Pos277
270,278,Pos270_D-Pos278_D,0.30625,0.09378906250000002,Pos270-Pos278
270,280,Pos270_D-Pos280_R,0.30625,0.09378906250000002,Pos270-Pos280
270,281,Pos270_D-Pos281_K,0.30625,0.09378906250000002,Pos270-Pos281
270,284,Pos270_D-Pos284_S,0.30625,0.09378906250000002,Pos270-Pos284
270,314,Pos270_D-Pos314_S,0.125,0.06699218750000001,Pos270-Pos314
270,314,Pos270_D-Pos314_Y,0.0,0.0019140625000000002,Pos270-Pos314
270,316,Pos270_D-Pos316_I,0.13125,0.06890625,Pos270-Pos316
270,344,Pos270_D-Pos344_Q,0.0625,0.05167968750000001,Pos270-Pos344
270,344,Pos270_D-Pos344_K,0.0,0.0038281250000000004,Pos270-Pos344
270,344,Pos270_D-Pos344_H,0.0125,0.0057421875,Pos270-Pos344
270,365,Pos270_D-Pos365_N,0.075,0.04976562500000001,Pos270-Pos365
270,365,Pos270_D-Pos365_Y,0.00625,0.0019140625000000002,Pos270-Pos365
270,372,Pos270_D-Pos372_S,0.00625,0.0363671875,Pos270-Pos372
270,373,Pos270_D-Pos373_E,0.0,0.034453125,Pos270-Pos373
270,375,Pos270_D-Pos375_Y,0.0,0.034453125,Pos270-Pos375
270,378,Pos270_D-Pos378_N,0.0,0.034453125,Pos270-Pos378
270,379,Pos270_D-Pos379_N,0.0,0.034453125,Pos270-Pos379
270,381,Pos270_D-Pos381_K,0.0,0.034453125,Pos270-Pos381
270,382,Pos270_D-Pos382_V,0.0,0.034453125,Pos270-Pos382
270,384,Pos270_D-Pos384_F,0.0,0.034453125,Pos270-Pos384
270,385,Pos270_D-Pos385_R,0.0,0.034453125,Pos270-Pos385
270,389,Pos270_D-Pos389_A,0.0,0.034453125,Pos270-Pos389
270,389,Pos270_D-Pos389_T,0.0,0.0019140625000000002,Pos270-Pos389
270,390,Pos270_D-Pos390_N,0.0,0.034453125,Pos270-Pos390
270,390,Pos270_D-Pos390_R,0.0,0.0019140625000000002,Pos270-Pos390
270,391,Pos270_D-Pos391_L,0.0,0.034453125,Pos270-Pos391
270,391,Pos270_D-Pos391_S,0.0,0.0019140625000000002,Pos270-Pos391
270,392,Pos270_D-Pos392_S,0.00625,0.0019140625000000002,Pos270-Pos392
270,392,Pos270_D-Pos392_*,0.0,0.0019140625000000002,Pos270-Pos392
270,394,Pos270_D-Pos394_R,0.0,0.034453125,Pos270-Pos394
270,394,Pos270_D-Pos394_A,0.0,0.0019140625000000002,Pos270-Pos394
270,396,Pos270_D-Pos396_I,0.0,0.034453125,Pos270-Pos396
270,396,Pos270_D-Pos396_N,0.0,0.0019140625000000002,Pos270-Pos396
270,397,Pos270_D-Pos397_K,0.0,0.034453125,Pos270-Pos397
270,397,Pos270_D-Pos397_S,0.0,0.0019140625000000002,Pos270-Pos397
270,398,Pos270_D-Pos398_P,0.0,0.034453125,Pos270-Pos398
270,398,Pos270_D-Pos398_G,0.0,0.0019140625000000002,Pos270-Pos398
270,398,Pos270_D-Pos398_S,0.0,0.0019140625000000002,Pos270-Pos398
270,400,Pos270_D-Pos400_T,0.0,0.034453125,Pos270-Pos400
270,400,Pos270_D-Pos400_S,0.0,0.0019140625000000002,Pos270-Pos400
270,407,Pos270_D-Pos407_K,0.0,0.034453125,Pos270-Pos407
270,407,Pos270_D-Pos407_F,0.0,0.0019140625000000002,Pos270-Pos407
270,408,Pos270_D-Pos408_I,0.0,0.034453125,Pos270-Pos408
270,410,Pos270_D-Pos410_R,0.0,0.034453125,Pos270-Pos410
270,410,Pos270_D-Pos410_S,0.0,0.0019140625000000002,Pos270-Pos410
270,411,Pos270_D-Pos411_F,0.0,0.034453125,Pos270-Pos411
270,411,Pos270_D-Pos411_K,0.0,0.0019140625000000002,Pos270-Pos411
272,273,Pos272_Y-Pos273_T,0.30625,0.09378906250000002,Pos272-Pos273
272,273,Pos272_Y-Pos273_G,0.0,0.0019140625000000002,Pos272-Pos273
272,276,Pos272_Y-Pos276_I,0.0,0.0057421875,Pos272-Pos276
272,277,Pos272_Y-Pos277_N,0.30625,0.09378906250000002,Pos272-Pos277
272,278,Pos272_Y-Pos278_D,0.30625,0.09378906250000002,Pos272-Pos278
272,280,Pos272_Y-Pos280_R,0.30625,0.09378906250000002,Pos272-Pos280
272,281,Pos272_Y-Pos281_K,0.30625,0.09378906250000002,Pos272-Pos281
272,284,Pos272_Y-Pos284_S,0.30625,0.09378906250000002,Pos272-Pos284
272,314,Pos272_Y-Pos314_S,0.125,0.06699218750000001,Pos272-Pos314
272,314,Pos272_Y-Pos314_Y,0.0,0.0019140625000000002,Pos272-Pos314
272,316,Pos272_Y-Pos316_I,0.13125,0.06890625,Pos272-Pos316
272,344,Pos272_Y-Pos344_Q,0.0625,0.05167968750000001,Pos272-Pos344
272,344,Pos272_Y-Pos344_K,0.0,0.0038281250000000004,Pos272-Pos344
272,344,Pos272_Y-Pos344_H,0.0125,0.0057421875,Pos272-Pos344
272,365,Pos272_Y-Pos365_N,0.075,0.04976562500000001,Pos272-Pos365
272,365,Pos272_Y-Pos365_Y,0.00625,0.0019140625000000002,Pos272-Pos365
272,372,Pos272_Y-Pos372_S,0.00625,0.0363671875,Pos272-Pos372
272,373,Pos272_Y-Pos373_E,0.0,0.034453125,Pos272-Pos373
272,375,Pos272_Y-Pos375_Y,0.0,0.034453125,Pos272-Pos375
272,378,Pos272_Y-Pos378_N,0.0,0.034453125,Pos272-Pos378
272,379,Pos272_Y-Pos379_N,0.0,0.034453125,Pos272-Pos379
272,381,Pos272_Y-Pos381_K,0.0,0.034453125,Pos272-Pos381
272,382,Pos272_Y-Pos382_V,0.0,0.034453125,Pos272-Pos382
272,384,Pos272_Y-Pos384_F,0.0,0.034453125,Pos272-Pos384
272,385,Pos272_Y-Pos385_R,0.0,0.034453125,Pos272-Pos385
272,389,Pos272_Y-Pos389_A,0.0,0.034453125,Pos272-Pos389
272,389,Pos272_Y-Pos389_T,0.0,0.0019140625000000002,Pos272-Pos389
272,390,Pos272_Y-Pos390_N,0.0,0.034453125,Pos272-Pos390
272,390,Pos272_Y-Pos390_R,0.0,0.0019140625000000002,Pos272-Pos390
272,391,Pos272_Y-Pos391_L,0.0,0.034453125,Pos272-Pos391
272,391,Pos272_Y-Pos391_S,0.0,0.0019140625000000002,Pos272-Pos391
272,392,Pos272_Y-Pos392_S,0.00625,0.0019140625000000002,Pos272-Pos392
272,392,Pos272_Y-Pos392_*,0.0,0.0019140625000000002,Pos272-Pos392
272,394,Pos272_Y-Pos394_R,0.0,0.034453125,Pos272-Pos394
272,394,Pos272_Y-Pos394_A,0.0,0.0019140625000000002,Pos272-Pos394
272,396,Pos272_Y-Pos396_I,0.0,0.034453125,Pos272-Pos396
272,396,Pos272_Y-Pos396_N,0.0,0.0019140625000000002,Pos272-Pos396
272,397,Pos272_Y-Pos397_K,0.0,0.034453125,Pos272-Pos397
272,397,Pos272_Y-Pos397_S,0.0,0.0019140625000000002,Pos272-Pos397
272,398,Pos272_Y-Pos398_P,0.0,0.034453125,Pos272-Pos398
272,398,Pos272_Y-Pos398_G,0.0,0.0019140625000000002,Pos272-Pos398
272,398,Pos272_Y-Pos398_S,0.0,0.0019140625000000002,Pos272-Pos398
272,400,Pos272_Y-Pos400_T,0.0,0.034453125,Pos272-Pos400
272,400,Pos272_Y-Pos400_S,0.0,0.0019140625000000002,Pos272-Pos400
272,407,Pos272_Y-Pos407_K,0.0,0.034453125,Pos272-Pos407
272,407,Pos272_Y-Pos407_F,0.0,0.0019140625000000002,Pos272-Pos407
272,408,Pos272_Y-Pos408_I,0.0,0.034453125,Pos272-Pos408
272,410,Pos272_Y-Pos410_R,0.0,0.034453125,Pos272-Pos410
272,410,Pos272_Y-Pos410_S,0.0,0.0019140625000000002,Pos272-Pos410
272,411,Pos272_Y-Pos411_F,0.0,0.034453125,Pos272-Pos411
272,411,Pos272_Y-Pos411_K,0.0,0.0019140625000000002,Pos272-Pos411
273,276,Pos273_T-Pos276_I,0.0,0.0057421875,Pos273-Pos276
273,276,Pos273_G-Pos276_I,0.0,0.0001171875,Pos273-Pos276
273,277,Pos273_T-Pos277_N,0.30625,0.09378906250000002,Pos273-Pos277
273,277,Pos273_G-Pos277_N,0.0,0.0019140625000000002,Pos273-Pos277
273,278,Pos273_T-Pos278_D,0.30625,0.09378906250000002,Pos273-Pos278
273,278,Pos273_G-Pos278_D,0.0,0.0019140625000000002,Pos273-Pos278
273,280,Pos273_T-Pos280_R,0.30625,0.09378906250000002,Pos273-Pos280
273,280,Pos273_G-Pos280_R,0.0,0.0019140625000000002,Pos273-Pos280
273,281,Pos273_T-Pos281_K,0.30625,0.09378906250000002,Pos273-Pos281
273,281,Pos273_G-Pos281_K,0.0,0.0019140625000000002,Pos273-Pos281
273,284,Pos273_T-Pos284_S,0.30625,0.09378906250000002,Pos273-Pos284
273,284,Pos273_G-Pos284_S,0.0,0.0019140625000000002,Pos273-Pos284
273,314,Pos273_T-Pos314_S,0.125,0.06699218750000001,Pos273-Pos314
273,314,Pos273_T-Pos314_Y,0.0,0.0019140625000000002,Pos273-Pos314
273,314,Pos273_G-Pos314_S,0.0,0.0013671875000000001,Pos273-Pos314
273,314,Pos273_G-Pos314_Y,0.0,3.906250000000001e-05,Pos273-Pos314
273,316,Pos273_T-Pos316_I,0.13125,0.06890625,Pos273-Pos316
273,316,Pos273_G-Pos316_I,0.0,0.0014062500000000002,Pos273-Pos316
273,344,Pos273_T-Pos344_Q,0.0625,0.05167968750000001,Pos273-Pos344
273,344,Pos273_T-Pos344_K,0.0,0.0038281250000000004,Pos273-Pos344
273,344,Pos273_T-Pos344_H,0.0125,0.0057421875,Pos273-Pos344
273,344,Pos273_G-Pos344_Q,0.0,0.0010546875,Pos273-Pos344
273,344,Pos273_G-Pos344_K,0.0,7.812500000000002e-05,Pos273-Pos344
273,344,Pos273_G-Pos344_H,0.0,0.0001171875,Pos273-Pos344
273,365,Pos273_T-Pos365_N,0.075,0.04976562500000001,Pos273-Pos365
273,365,Pos273_T-Pos365_Y,0.00625,0.0019140625000000002,Pos273-Pos365
273,365,Pos273_G-Pos365_N,0.0,0.001015625,Pos273-Pos365
273,365,Pos273_G-Pos365_Y,0.0,3.906250000000001e-05,Pos273-Pos365
273,372,Pos273_T-Pos372_S,0.00625,0.0363671875,Pos273-Pos372
273,372,Pos273_G-Pos372_S,0.0,0.0007421875,Pos273-Pos372
273,373,Pos273_T-Pos373_E,0.0,0.034453125,Pos273-Pos373
273,373,Pos273_G-Pos373_E,0.0,0.0007031250000000001,Pos273-Pos373
273,375,Pos273_T-Pos375_Y,0.0,0.034453125,Pos273-Pos375
273,375,Pos273_G-Pos375_Y,0.0,0.0007031250000000001,Pos273-Pos375
273,378,Pos273_T-Pos378_N,0.0,0.034453125,Pos273-Pos378
273,378,Pos273_G-Pos378_N,0.0,0.0007031250000000001,Pos273-Pos378
273,379,Pos273_T-Pos379_N,0.0,0.034453125,Pos273-Pos379
273,379,Pos273_G-Pos379_N,0.0,0.0007031250000000001,Pos273-Pos379
273,381,Pos273_T-Pos381_K,0.0,0.034453125,Pos273-Pos381
273,381,Pos273_G-Pos381_K,0.0,0.0007031250000000001,Pos273-Pos381
273,382,Pos273_T-Pos382_V,0.0,0.034453125,Pos273-Pos382
273,382,Pos273_G-Pos382_V,0.0,0.0007031250000000001,Pos273-Pos382
273,384,Pos273_T-Pos384_F,0.0,0.034453125,Pos273-Pos384
273,384,Pos273_G-Pos384_F,0.0,0.0007031250000000001,Pos273-Pos384
273,385,Pos273_T-Pos385_R,0.0,0.034453125,Pos273-Pos385
273,385,Pos273_G-Pos385_R,0.0,0.0007031250000000001,Pos273-Pos385
273,389,Pos273_T-Pos389_A,0.0,0.034453125,Pos273-Pos389
273,389,Pos273_T-Pos389_T,0.0,0.0019140625000000002,Pos273-Pos389
273,389,Pos273_G-Pos389_A,0.0,0.0007031250000000001,Pos273-Pos389
273,389,Pos273_G-Pos389_T,0.0,3.906250000000001e-05,Pos273-Pos389
273,390,Pos273_T-Pos390_N,0.0,0.034453125,Pos273-Pos390
273,390,Pos273_T-Pos390_R,0.0,0.0019140625000000002,Pos273-Pos390
273,390,Pos273_G-Pos390_N,0.0,0.0007031250000000001,Pos273-Pos390
273,390,Pos273_G-Pos390_R,0.0,3.906250000000001e-05,Pos273-Pos390
273,391,Pos273_T-Pos391_L,0.0,0.034453125,Pos273-Pos391
273,391,Pos273_T-Pos391_S,0.0,0.0019140625000000002,Pos273-Pos391
273,391,Pos273_G-Pos391_L,0.0,0.0007031250000000001,Pos273-Pos391
273,391,Pos273_G-Pos391_S,0.0,3.906250000000001e-05,Pos273-Pos391
273,392,Pos273_T-Pos392_S,0.00625,0.0019140625000000002,Pos273-Pos392
273,392,Pos273_T-Pos392_*,0.0,0.0019140625000000002,Pos273-Pos392
273,392,Pos273_G-Pos392_S,0.0,3.906250000000001e-05,Pos273-Pos392
273,392,Pos273_G-Pos392_*,0.0,3.906250000000001e-05,Pos273-Pos392
273,394,Pos273_T-Pos394_R,0.0,0.034453125,Pos273-Pos394
273,394,Pos273_T-Pos394_A,0.0,0.0019140625000000002,Pos273-Pos394
273,394,Pos273_G-Pos394_R,0.0,0.0007031250000000001,Pos273-Pos394
273,394,Pos273_G-Pos394_A,0.0,3.906250000000001e-05,Pos273-Pos394
273,396,Pos273_T-Pos396_I,0.0,0.034453125,Pos273-Pos396
273,396,Pos273_T-Pos396_N,0.0,0.0019140625000000002,Pos273-Pos396
273,396,Pos273_G-Pos396_I,0.0,0.0007031250000000001,Pos273-Pos396
273,396,Pos273_G-Pos396_N,0.0,3.906250000000001e-05,Pos273-Pos396
273,397,Pos273_T-Pos397_K,0.0,0.034453125,Pos273-Pos397
273,397,Pos273_T-Pos397_S,0.0,0.0019140625000000002,Pos273-Pos397
273,397,Pos273_G-Pos397_K,0.0,0.0007031250000000001,Pos273-Pos397
273,397,Pos273_G-Pos397_S,0.0,3.906250000000001e-05,Pos273-Pos397
273,398,Pos273_T-Pos398_P,0.0,0.034453125,Pos273-Pos398
273,398,Pos273_T-Pos398_G,0.0,0.0019140625000000002,Pos273-Pos398
273,398,Pos273_T-Pos398_S,0.0,0.0019140625000000002,Pos273-Pos398
273,398,Pos273_G-Pos398_P,0.0,0.0007031250000000001,Pos273-Pos398
273,398,Pos273_G-Pos398_G,0.0,3.906250000000001e-05,Pos273-Pos398
273,398,Pos273_G-Pos398_S,0.0,3.906250000000001e-05,Pos273-Pos398
273,400,Pos273_T-Pos400_T,0.0,0.034453125,Pos273-Pos400
273,400,Pos273_T-Pos400_S,0.0,0.0019140625000000002,Pos273-Pos400
273,400,Pos273_G-Pos400_T,0.0,0.0007031250000000001,Pos273-Pos400
273,400,Pos273_G-Pos400_S,0.0,3.906250000000001e-05,Pos273-Pos400
273,407,Pos273_T-Pos407_K,0.0,0.034453125,Pos273-Pos407
273,407,Pos273_T-Pos407_F,0.0,0.0019140625000000002,Pos273-Pos407
273,407,Pos273_G-Pos407_K,0.0,0.0007031250000000001,Pos273-Pos407
273,407,Pos273_G-Pos407_F,0.0,3.906250000000001e-05,Pos273-Pos407
273,408,Pos273_T-Pos408_I,0.0,0.034453125,Pos273-Pos408
273,408,Pos273_G-Pos408_I,0.0,0.0007031250000000001,Pos273-Pos408
273,410,Pos273_T-Pos410_R,0.0,0.034453125,Pos273-Pos410
273,410,Pos273_T-Pos410_S,0.0,0.0019140625000000002,Pos273-Pos410
273,410,Pos273_G-Pos410_R,0.0,0.0007031250000000001,Pos273-Pos410
273,410,Pos273_G-Pos410_S,0.0,3.906250000000001e-05,Pos273-Pos410
273,411,Pos273_T-Pos411_F,0.0,0.034453125,Pos273-Pos411
273,411,Pos273_T-Pos411_K,0.0,0.0019140625000000002,Pos273-Pos411
273,411,Pos273_G-Pos411_F,0.0,0.0007031250000000001,Pos273-Pos411
273,411,Pos273_G-Pos411_K,0.0,3.906250000000001e-05,Pos273-Pos411
276,277,Pos276_I-Pos277_N,0.0,0.0057421875,Pos276-Pos277
276,278,Pos276_I-Pos278_D,0.0,0.0057421875,Pos276-Pos278
276,280,Pos276_I-Pos280_R,0.0,0.0057421875,Pos276-Pos280
276,281,Pos276_I-Pos281_K,0.0,0.0057421875,Pos276-Pos281
276,284,Pos276_I-Pos284_S,0.0,0.0057421875,Pos276-Pos284
276,314,Pos276_I-Pos314_S,0.0,0.0041015625,Pos276-Pos314
276,314,Pos276_I-Pos314_Y,0.0,0.0001171875,Pos276-Pos314
276,316,Pos276_I-Pos316_I,0.0,0.00421875,Pos276-Pos316
276,344,Pos276_I-Pos344_Q,0.0,0.0031640625,Pos276-Pos344
276,344,Pos276_I-Pos344_K,0.0,0.000234375,Pos276-Pos344
276,344,Pos276_I-Pos344_H,0.0,0.0003515625,Pos276-Pos344
276,365,Pos276_I-Pos365_N,0.0,0.003046875,Pos276-Pos365
276,365,Pos276_I-Pos365_Y,0.0,0.0001171875,Pos276-Pos365
276,372,Pos276_I-Pos372_S,0.0,0.0022265625,Pos276-Pos372
276,373,Pos276_I-Pos373_E,0.0,0.002109375,Pos276-Pos373
276,375,Pos276_I-Pos375_Y,0.0,0.002109375,Pos276-Pos375
276,378,Pos276_I-Pos378_N,0.0,0.002109375,Pos276-Pos378
276,379,Pos276_I-Pos379_N,0.0,0.002109375,Pos276-Pos379
276,381,Pos276_I-Pos381_K,0.0,0.002109375,Pos276-Pos381
276,382,Pos276_I-Pos382_V,0.0,0.002109375,Pos276-Pos382
276,384,Pos276_I-Pos384_F,0.0,0.002109375,Pos276-Pos384
276,385,Pos276_I-Pos385_R,0.0,0.002109375,Pos276-Pos385
276,389,Pos276_I-Pos389_A,0.0,0.002109375,Pos276-Pos389
276,389,Pos276_I-Pos389_T,0.0,0.0001171875,Pos276-Pos389
276,390,Pos276_I-Pos390_N,0.0,0.002109375,Pos276-Pos390
276,390,Pos276_I-Pos390_R,0.0,0.0001171875,Pos276-Pos390
276,391,Pos276_I-Pos391_L,0.0,0.002109375,Pos276-Pos391
276,391,Pos276_I-Pos391_S,0.0,0.0001171875,Pos276-Pos391
276,392,Pos276_I-Pos392_S,0.0,0.0001171875,Pos276-Pos392
276,392,Pos276_I-Pos392_*,0.0,0.0001171875,Pos276-Pos392
276,394,Pos276_I-Pos394_R,0.0,0.002109375,Pos276-Pos394
276,394,Pos276_I-Pos394_A,0.0,0.0001171875,Pos276-Pos394
276,396,Pos276_I-Pos396_I,0.0,0.002109375,Pos276-Pos396
276,396,Pos276_I-Pos396_N,0.0,0.0001171875,Pos276-Pos396
276,397,Pos276_I-Pos397_K,0.0,0.002109375,Pos276-Pos397
276,397,Pos276_I-Pos397_S,0.0,0.0001171875,Pos276-Pos397
276,398,Pos276_I-Pos398_P,0.0,0.002109375,Pos276-Pos398
276,398,Pos276_I-Pos398_G,0.0,0.0001171875,Pos276-Pos398
276,398,Pos276_I-Pos398_S,0.0,0.0001171875,Pos276-Pos398
276,400,Pos276_I-Pos400_T,0.0,0.002109375,Pos276-Pos400
276,400,Pos276_I-Pos400_S,0.0,0.0001171875,Pos276-Pos400
276,407,Pos276_I-Pos407_K,0.0,0.002109375,Pos276-Pos407
276,407,Pos276_I-Pos407_F,0.0,0.0001171875,Pos276-Pos407
276,408,Pos276_I-Pos408_I,0.0,0.002109375,Pos276-Pos408
276,410,Pos276_I-Pos410_R,0.0,0.002109375,Pos276-Pos410
276,410,Pos276_I-Pos410_S,0.0,0.0001171875,Pos276-Pos410
276,411,Pos276_I-Pos411_F,0.0,0.002109375,Pos276-Pos411
276,411,Pos276_I-Pos411_K,0.0,0.0001171875,Pos276-Pos411
277,278,Pos277_N-Pos278_D,0.30625,0.09378906250000002,Pos277-Pos278
277,280,Pos277_N-Pos280_R,0.30625,0.09378906250000002,Pos277-Pos280
277,281,Pos277_N-Pos281_K,0.30625,0.09378906250000002,Pos277-Pos281
277,284,Pos277_N-Pos284_S,0.30625,0.09378906250000002,Pos277-Pos284
277,314,Pos277_N-Pos314_S,0.125,0.06699218750000001,Pos277-Pos314
277,314,Pos277_N-Pos314_Y,0.0,0.0019140625000000002,Pos277-Pos314
277,316,Pos277_N-Pos316_I,0.13125,0.06890625,Pos277-Pos316
277,344,Pos277_N-Pos344_Q,0.0625,0.05167968750000001,Pos277-Pos344
277,344,Pos277_N-Pos344_K,0.0,0.0038281250000000004,Pos277-Pos344
277,344,Pos277_N-Pos344_H,0.0125,0.0057421875,Pos277-Pos344
277,365,Pos277_N-Pos365_N,0.075,0.04976562500000001,Pos277-Pos365
277,365,Pos277_N-Pos365_Y,0.00625,0.0019140625000000002,Pos277-Pos365
277,372,Pos277_N-Pos372_S,0.00625,0.0363671875,Pos277-Pos372
277,373,Pos277_N-Pos373_E,0.0,0.034453125,Pos277-Pos373
277,375,Pos277_N-Pos375_Y,0.0,0.034453125,Pos277-Pos375
277,378,Pos277_N-Pos378_N,0.0,0.034453125,Pos277-Pos378
277,379,Pos277_N-Pos379_N,0.0,0.034453125,Pos277-Pos379
277,381,Pos277_N-Pos381_K,0.0,0.034453125,Pos277-Pos381
277,382,Pos277_N-Pos382_V,0.0,0.034453125,Pos277-Pos382
277,384,Pos277_N-Pos384_F,0.0,0.034453125,Pos277-Pos384
277,385,Pos277_N-Pos385_R,0.0,0.034453125,Pos277-Pos385
277,389,Pos277_N-Pos389_A,0.0,0.034453125,Pos277-Pos389
277,389,Pos277_N-Pos389_T,0.0,0.0019140625000000002,Pos277-Pos389
277,390,Pos277_N-Pos390_N,0.0,0.034453125,Pos277-Pos390
277,390,Pos277_N-Pos390_R,0.0,0.0019140625000000002,Pos277-Pos390
277,391,Pos277_N-Pos391_L,0.0,0.034453125,Pos277-Pos391
277,391,Pos277_N-Pos391_S,0.0,0.0019140625000000002,Pos277-Pos391
277,392,Pos277_N-Pos392_S,0.00625,0.0019140625000000002,Pos277-Pos392
277,392,Pos277_N-Pos392_*,0.0,0.0019140625000000002,Pos277-Pos392
277,394,Pos277_N-Pos394_R,0.0,0.034453125,Pos277-Pos394
277,394,Pos277_N-Pos394_A,0.0,0.0019140625000000002,Pos277-Pos394
277,396,Pos277_N-Pos396_I,0.0,0.034453125,Pos277-Pos396
277,396,Pos277_N-Pos396_N,0.0,0.0019140625000000002,Pos277-Pos396
277,397,Pos277_N-Pos397_K,0.0,0.034453125,Pos277-Pos397
277,397,Pos277_N-Pos397_S,0.0,0.0019140625000000002,Pos277-Pos397
277,398,Pos277_N-Pos398_P,0.0,0.034453125,Pos277-Pos398
277,398,Pos277_N-Pos398_G,0.0,0.0019140625000000002,Pos277-Pos398
277,398,Pos277_N-Pos398_S,0.0,0.0019140625000000002,Pos277-Pos398
277,400,Pos277_N-Pos400_T,0.0,0.034453125,Pos277-Pos400
277,400,Pos277_N-Pos400_S,0.0,0.0019140625000000002,Pos277-Pos400
277,407,Pos277_N-Pos407_K,0.0,0.034453125,Pos277-Pos407
277,407,Pos277_N-Pos407_F,0.0,0.0019140625000000002,Pos277-Pos407
277,408,Pos277_N-Pos408_I,0.0,0.034453125,Pos277-Pos408
277,410,Pos277_N-Pos410_R,0.0,0.034453125,Pos277-Pos410
277,410,Pos277_N-Pos410_S,0.0,0.0019140625000000002,Pos277-Pos410
277,411,Pos277_N-Pos411_F,0.0,0.034453125,Pos277-Pos411
277,411,Pos277_N-Pos411_K,0.0,0.0019140625000000002,Pos277-Pos411
278,280,Pos278_D-Pos280_R,0.30625,0.09378906250000002,Pos278-Pos280
278,281,Pos278_D-Pos281_K,0.30625,0.09378906250000002,Pos278-Pos281
278,284,Pos278_D-Pos284_S,0.30625,0.09378906250000002,Pos278-Pos284
278,314,Pos278_D-Pos314_S,0.125,0.06699218750000001,Pos278-Pos314
278,314,Pos278_D-Pos314_Y,0.0,0.0019140625000000002,Pos278-Pos314
278,316,Pos278_D-Pos316_I,0.13125,0.06890625,Pos278-Pos316
278,344,Pos278_D-Pos344_Q,0.0625,0.05167968750000001,Pos278-Pos344
278,344,Pos278_D-Pos344_K,0.0,0.0038281250000000004,Pos278-Pos344
278,344,Pos278_D-Pos344_H,0.0125,0.0057421875,Pos278-Pos344
278,365,Pos278_D-Pos365_N,0.075,0.04976562500000001,Pos278-Pos365
278,365,Pos278_D-Pos365_Y,0.00625,0.0019140625000000002,Pos278-Pos365
278,372,Pos278_D-Pos372_S,0.00625,0.0363671875,Pos278-Pos372
278,373,Pos278_D-Pos373_E,0.0,0.034453125,Pos278-Pos373
278,375,Pos278_D-Pos375_Y,0.0,0.034453125,Pos278-Pos375
278,378,Pos278_D-Pos378_N,0.0,0.034453125,Pos278-Pos378
278,379,Pos278_D-Pos379_N,0.0,0.034453125,Pos278-Pos379
278,381,Pos278_D-Pos381_K,0.0,0.034453125,Pos278-Pos381
278,382,Pos278_D-Pos382_V,0.0,0.034453125,Pos278-Pos382
278,384,Pos278_D-Pos384_F,0.0,0.034453125,Pos278-Pos384
278,385,Pos278_D-Pos385_R,0.0,0.034453125,Pos278-Pos385
278,389,Pos278_D-Pos389_A,0.0,0.034453125,Pos278-Pos389
278,389,Pos278_D-Pos389_T,0.0,0.0019140625000000002,Pos278-Pos389
278,390,Pos278_D-Pos390_N,0.0,0.034453125,Pos278-Pos390
278,390,Pos278_D-Pos390_R,0.0,0.0019140625000000002,Pos278-Pos390
278,391,Pos278_D-Pos391_L,0.0,0.034453125,Pos278-Pos391
278,391,Pos278_D-Pos391_S,0.0,0.0019140625000000002,Pos278-Pos391
278,392,Pos278_D-Pos392_S,0.00625,0.0019140625000000002,Pos278-Pos392
278,392,Pos278_D-Pos392_*,0.0,0.0019140625000000002,Pos278-Pos392
278,394,Pos278_D-Pos394_R,0.0,0.034453125,Pos278-Pos394
278,394,Pos278_D-Pos394_A,0.0,0.0019140625000000002,Pos278-Pos394
278,396,Pos278_D-Pos396_I,0.0,0.034453125,Pos278-Pos396
278,396,Pos278_D-Pos396_N,0.0,0.0019140625000000002,Pos278-Pos396
278,397,Pos278_D-Pos397_K,0.0,0.034453125,Pos278-Pos397
278,397,Pos278_D-Pos397_S,0.0,0.0019140625000000002,Pos278-Pos397
278,398,Pos278_D-Pos398_P,0.0,0.034453125,Pos278-Pos398
278,398,Pos278_D-Pos398_G,0.0,0.0019140625000000002,Pos278-Pos398
278,398,Pos278_D-Pos398_S,0.0,0.0019140625000000002,Pos278-Pos398
278,400,Pos278_D-Pos400_T,0.0,0.034453125,Pos278-Pos400
278,400,Pos278_D-Pos400_S,0.0,0.0019140625000000002,Pos278-Pos400
278,407,Pos278_D-Pos407_K,0.0,0.034453125,Pos278-Pos407
278,407,Pos278_D-Pos407_F,0.0,0.0019140625000000002,Pos278-Pos407
278,408,Pos278_D-Pos408_I,0.0,0.034453125,Pos278-Pos408
278,410,Pos278_D-Pos410_R,0.0,0.034453125,Pos278-Pos410
278,410,Pos278_D-Pos410_S,0.0,0.0019140625000000002,Pos278-Pos410
278,411,Pos278_D-Pos411_F,0.0,0.034453125,Pos278-Pos411
278,411,Pos278_D-Pos411_K,0.0,0.0019140625000000002,Pos278-Pos411
280,281,Pos280_R-Pos281_K,0.30625,0.09378906250000002,Pos280-Pos281
280,284,Pos280_R-Pos284_S,0.30625,0.09378906250000002,Pos280-Pos284
280,314,Pos280_R-Pos314_S,0.125,0.06699218750000001,Pos280-Pos314
280,314,Pos280_R-Pos314_Y,0.0,0.0019140625000000002,Pos280-Pos314
280,316,Pos280_R-Pos316_I,0.13125,0.06890625,Pos280-Pos316
280,344,Pos280_R-Pos344_Q,0.0625,0.05167968750000001,Pos280-Pos344
280,344,Pos280_R-Pos344_K,0.0,0.0038281250000000004,Pos280-Pos344
280,344,Pos280_R-Pos344_H,0.0125,0.0057421875,Pos280-Pos344
280,365,Pos280_R-Pos365_N,0.075,0.04976562500000001,Pos280-Pos365
280,365,Pos280_R-Pos365_Y,0.00625,0.0019140625000000002,Pos280-Pos365
280,372,Pos280_R-Pos372_S,0.00625,0.0363671875,Pos280-Pos372
280,373,Pos280_R-Pos373_E,0.0,0.034453125,Pos280-Pos373
280,375,Pos280_R-Pos375_Y,0.0,0.034453125,Pos280-Pos375
280,378,Pos280_R-Pos378_N,0.0,0.034453125,Pos280-Pos378
280,379,Pos280_R-Pos379_N,0.0,0.034453125,Pos280-Pos379
280,381,Pos280_R-Pos381_K,0.0,0.034453125,Pos280-Pos381
280,382,Pos280_R-Pos382_V,0.0,0.034453125,Pos280-Pos382
280,384,Pos280_R-Pos384_F,0.0,0.034453125,Pos280-Pos384
280,385,Pos280_R-Pos385_R,0.0,0.034453125,Pos280-Pos385
280,389,Pos280_R-Pos389_A,0.0,0.034453125,Pos280-Pos389
280,389,Pos280_R-Pos389_T,0.0,0.0019140625000000002,Pos280-Pos389
280,390,Pos280_R-Pos390_N,0.0,0.034453125,Pos280-Pos390
280,390,Pos280_R-Pos390_R,0.0,0.0019140625000000002,Pos280-Pos390
280,391,Pos280_R-Pos391_L,0.0,0.034453125,Pos280-Pos391
280,391,Pos280_R-Pos391_S,0.0,0.0019140625000000002,Pos280-Pos391
280,392,Pos280_R-Pos392_S,0.00625,0.0019140625000000002,Pos280-Pos392
280,392,Pos280_R-Pos392_*,0.0,0.0019140625000000002,Pos280-Pos392
280,394,Pos280_R-Pos394_R,0.0,0.034453125,Pos280-Pos394
280,394,Pos280_R-Pos394_A,0.0,0.0019140625000000002,Pos280-Pos394
280,396,Pos280_R-Pos396_I,0.0,0.034453125,Pos280-Pos396
280,396,Pos280_R-Pos396_N,0.0,0.0019140625000000002,Pos280-Pos396
280,397,Pos280_R-Pos397_K,0.0,0.034453125,Pos280-Pos397
280,397,Pos280_R-Pos397_S,0.0,0.0019140625000000002,Pos280-Pos397
280,398,Pos280_R-Pos398_P,0.0,0.034453125,Pos280-Pos398
280,398,Pos280_R-Pos398_G,0.0,0.0019140625000000002,Pos280-Pos398
280,398,Pos280_R-Pos398_S,0.0,0.0019140625000000002,Pos280-Pos398
280,400,Pos280_R-Pos400_T,0.0,0.034453125,Pos280-Pos400
280,400,Pos280_R-Pos400_S,0.0,0.0019140625000000002,Pos280-Pos400
280,407,Pos280_R-Pos407_K,0.0,0.034453125,Pos280-Pos407
280,407,Pos280_R-Pos407_F,0.0,0.0019140625000000002,Pos280-Pos407
280,408,Pos280_R-Pos408_I,0.0,0.034453125,Pos280-Pos408
280,410,Pos280_R-Pos410_R,0.0,0.034453125,Pos280-Pos410
280,410,Pos280_R-Pos410_S,0.0,0.0019140625000000002,Pos280-Pos410
280,411,Pos280_R-Pos411_F,0.0,0.034453125,Pos280-Pos411
280,411,Pos280_R-Pos411_K,0.0,0.0019140625000000002,Pos280-Pos411
281,284,Pos281_K-Pos284_S,0.30625,0.09378906250000002,Pos281-Pos284
281,314,Pos281_K-Pos314_S,0.125,0.06699218750000001,Pos281-Pos314
281,314,Pos281_K-Pos314_Y,0.0,0.0019140625000000002,Pos281-Pos314
281,316,Pos281_K-Pos316_I,0.13125,0.06890625,Pos281-Pos316
281,344,Pos281_K-Pos344_Q,0.0625,0.05167968750000001,Pos281-Pos344
281,344,Pos281_K-Pos344_K,0.0,0.0038281250000000004,Pos281-Pos344
281,344,Pos281_K-Pos344_H,0.0125,0.0057421875,Pos281-Pos344
281,365,Pos281_K-Pos365_N,0.075,0.04976562500000001,Pos281-Pos365
281,365,Pos281_K-Pos365_Y,0.00625,0.0019140625000000002,Pos281-Pos365
281,372,Pos281_K-Pos372_S,0.00625,0.0363671875,Pos281-Pos372
281,373,Pos281_K-Pos373_E,0.0,0.034453125,Pos281-Pos373
281,375,Pos281_K-Pos375_Y,0.0,0.034453125,Pos281-Pos375
281,378,Pos281_K-Pos378_N,0.0,0.034453125,Pos281-Pos378
281,379,Pos281_K-Pos379_N,0.0,0.034453125,Pos281-Pos379
281,381,Pos281_K-Pos381_K,0.0,0.034453125,Pos281-Pos381
281,382,Pos281_K-Pos382_V,0.0,0.034453125,Pos281-Pos382
281,384,Pos281_K-Pos384_F,0.0,0.034453125,Pos281-Pos384
281,385,Pos281_K-Pos385_R,0.0,0.034453125,Pos281-Pos385
281,389,Pos281_K-Pos389_A,0.0,0.034453125,Pos281-Pos389
281,389,Pos281_K-Pos389_T,0.0,0.0019140625000000002,Pos281-Pos389
281,390,Pos281_K-Pos390_N,0.0,0.034453125,Pos281-Pos390
281,390,Pos281_K-Pos390_R,0.0,0.0019140625000000002,Pos281-Pos390
281,391,Pos281_K-Pos391_L,0.0,0.034453125,Pos281-Pos391
281,391,Pos281_K-Pos391_S,0.0,0.0019140625000000002,Pos281-Pos391
281,392,Pos281_K-Pos392_S,0.00625,0.0019140625000000002,Pos281-Pos392
281,392,Pos281_K-Pos392_*,0.0,0.0019140625000000002,Pos281-Pos392
281,394,Pos281_K-Pos394_R,0.0,0.034453125,Pos281-Pos394
281,394,Pos281_K-Pos394_A,0.0,0.0019140625000000002,Pos281-Pos394
281,396,Pos281_K-Pos396_I,0.0,0.034453125,Pos281-Pos396
281,396,Pos281_K-Pos396_N,0.0,0.0019140625000000002,Pos281-Pos396
281,397,Pos281_K-Pos397_K,0.0,0.034453125,Pos281-Pos397
281,397,Pos281_K-Pos397_S,0.0,0.0019140625000000002,Pos281-Pos397
281,398,Pos281_K-Pos398_P,0.0,0.034453125,Pos281-Pos398
281,398,Pos281_K-Pos398_G,0.0,0.0019140625000000002,Pos281-Pos398
281,398,Pos281_K-Pos398_S,0.0,0.0019140625000000002,Pos281-Pos398
281,400,Pos281_K-Pos400_T,0.0,0.034453125,Pos281-Pos400
281,400,Pos281_K-Pos400_S,0.0,0.0019140625000000002,Pos281-Pos400
281,407,Pos281_K-Pos407_K,0.0,0.034453125,Pos281-Pos407
281,407,Pos281_K-Pos407_F,0.0,0.0019140625000000002,Pos281-Pos407
281,408,Pos281_K-Pos408_I,0.0,0.034453125,Pos281-Pos408
281,410,Pos281_K-Pos410_R,0.0,0.034453125,Pos281-Pos410
281,410,Pos281_K-Pos410_S,0.0,0.0019140625000000002,Pos281-Pos410
281,411,Pos281_K-Pos411_F,0.0,0.034453125,Pos281-Pos411
281,411,Pos281_K-Pos411_K,0.0,0.0019140625000000002,Pos281-Pos411
284,314,Pos284_S-Pos314_S,0.125,0.06699218750000001,Pos284-Pos314
284,314,Pos284_S-Pos314_Y,0.0,0.0019140625000000002,Pos284-Pos314
284,316,Pos284_S-Pos316_I,0.13125,0.06890625,Pos284-Pos316
284,344,Pos284_S-Pos344_Q,0.0625,0.05167968750000001,Pos284-Pos344
284,344,Pos284_S-Pos344_K,0.0,0.0038281250000000004,Pos284-Pos344
284,344,Pos284_S-Pos344_H,0.0125,0.0057421875,Pos284-Pos344
284,365,Pos284_S-Pos365_N,0.075,0.04976562500000001,Pos284-Pos365
284,365,Pos284_S-Pos365_Y,0.00625,0.0019140625000000002,Pos284-Pos365
284,372,Pos284_S-Pos372_S,0.00625,0.0363671875,Pos284-Pos372
284,373,Pos284_S-Pos373_E,0.0,0.034453125,Pos284-Pos373
284,375,Pos284_S-Pos375_Y,0.0,0.034453125,Pos284-Pos375
284,378,Pos284_S-Pos378_N,0.0,0.034453125,Pos284-Pos378
284,379,Pos284_S-Pos379_N,0.0,0.034453125,Pos284-Pos379
284,381,Pos284_S-Pos381_K,0.0,0.034453125,Pos284-Pos381
284,382,Pos284_S-Pos382_V,0.0,0.034453125,Pos284-Pos382
284,384,Pos284_S-Pos384_F,0.0,0.034453125,Pos284-Pos384
284,385,Pos284_S-Pos385_R,0.0,0.034453125,Pos284-Pos385
284,389,Pos284_S-Pos389_A,0.0,0.034453125,Pos284-Pos389
284,389,Pos284_S-Pos389_T,0.0,0.0019140625000000002,Pos284-Pos389
284,390,Pos284_S-Pos390_N,0.0,0.034453125,Pos284-Pos390
284,390,Pos284_S-Pos390_R,0.0,0.0019140625000000002,Pos284-Pos390
284,391,Pos284_S-Pos391_L,0.0,0.034453125,Pos284-Pos391
284,391,Pos284_S-Pos391_S,0.0,0.0019140625000000002,Pos284-Pos391
284,392,Pos284_S-Pos392_S,0.00625,0.0019140625000000002,Pos284-Pos392
284,392,Pos284_S-Pos392_*,0.0,0.0019140625000000002,Pos284-Pos392
284,394,Pos284_S-Pos394_R,0.0,0.034453125,Pos284-Pos394
284,394,Pos284_S-Pos394_A,0.0,0.0019140625000000002,Pos284-Pos394
284,396,Pos284_S-Pos396_I,0.0,0.034453125,Pos284-Pos396
284,396,Pos284_S-Pos396_N,0.0,0.0019140625000000002,Pos284-Pos396
284,397,Pos284_S-Pos397_K,0.0,0.034453125,Pos284-Pos397
284,397,Pos284_S-Pos397_S,0.0,0.0019140625000000002,Pos284-Pos397
284,398,Pos284_S-Pos398_P,0.0,0.034453125,Pos284-Pos398
284,398,Pos284_S-Pos398_G,0.0,0.0019140625000000002,Pos284-Pos398
284,398,Pos284_S-Pos398_S,0.0,0.0019140625000000002,Pos284-Pos398
284,400,Pos284_S-Pos400_T,0.0,0.034453125,Pos284-Pos400
284,400,Pos284_S-Pos400_S,0.0,0.0019140625000000002,Pos284-Pos400
284,407,Pos284_S-Pos407_K,0.0,0.034453125,Pos284-Pos407
284,407,Pos284_S-Pos407_F,0.0,0.0019140625000000002,Pos284-Pos407
284,408,Pos284_S-Pos408_I,0.0,0.034453125,Pos284-Pos408
284,410,Pos284_S-Pos410_R,0.0,0.034453125,Pos284-Pos410
284,410,Pos284_S-Pos410_S,0.0,0.0019140625000000002,Pos284-Pos410
284,411,Pos284_S-Pos411_F,0.0,0.034453125,Pos284-Pos411
284,411,Pos284_S-Pos411_K,0.0,0.0019140625000000002,Pos284-Pos411
314,316,Pos314_S-Pos316_I,0.2125,0.04921875,Pos314-Pos316
314,316,Pos314_Y-Pos316_I,0.0,0.0014062500000000002,Pos314-Pos316
314,344,Pos314_S-Pos344_Q,0.075,0.036914062500000004,Pos314-Pos344
314,344,Pos314_S-Pos344_K,0.0,0.0027343750000000003,Pos314-Pos344
314,344,Pos314_S-Pos344_H,0.0125,0.0041015625,Pos314-Pos344
314,344,Pos314_Y-Pos344_Q,0.0,0.0010546875,Pos314-Pos344
314,344,Pos314_Y-Pos344_K,0.0,7.812500000000002e-05,Pos314-Pos344
314,344,Pos314_Y-Pos344_H,0.0,0.0001171875,Pos314-Pos344
314,365,Pos314_S-Pos365_N,0.06875,0.035546875,Pos314-Pos365
314,365,Pos314_S-Pos365_Y,0.0,0.0013671875000000001,Pos314-Pos365
314,365,Pos314_Y-Pos365_N,0.0,0.001015625,Pos314-Pos365
314,365,Pos314_Y-Pos365_Y,0.0,3.906250000000001e-05,Pos314-Pos365
314,372,Pos314_S-Pos372_S,0.00625,0.025976562499999998,Pos314-Pos372
314,372,Pos314_Y-Pos372_S,0.0,0.0007421875,Pos314-Pos372
314,373,Pos314_S-Pos373_E,0.00625,0.024609375,Pos314-Pos373
314,373,Pos314_Y-Pos373_E,0.0,0.0007031250000000001,Pos314-Pos373
314,375,Pos314_S-Pos375_Y,0.00625,0.024609375,Pos314-Pos375
314,375,Pos314_Y-Pos375_Y,0.0,0.0007031250000000001,Pos314-Pos375
314,378,Pos314_S-Pos378_N,0.00625,0.024609375,Pos314-Pos378
314,378,Pos314_Y-Pos378_N,0.0,0.0007031250000000001,Pos314-Pos378
314,379,Pos314_S-Pos379_N,0.00625,0.024609375,Pos314-Pos379
314,379,Pos314_Y-Pos379_N,0.0,0.0007031250000000001,Pos314-Pos379
314,381,Pos314_S-Pos381_K,0.00625,0.024609375,Pos314-Pos381
314,381,Pos314_Y-Pos381_K,0.0,0.0007031250000000001,Pos314-Pos381
314,382,Pos314_S-Pos382_V,0.00625,0.024609375,Pos314-Pos382
314,382,Pos314_Y-Pos382_V,0.0,0.0007031250000000001,Pos314-Pos382
314,384,Pos314_S-Pos384_F,0.00625,0.024609375,Pos314-Pos384
314,384,Pos314_Y-Pos384_F,0.0,0.0007031250000000001,Pos314-Pos384
314,385,Pos314_S-Pos385_R,0.00625,0.024609375,Pos314-Pos385
314,385,Pos314_Y-Pos385_R,0.0,0.0007031250000000001,Pos314-Pos385
314,389,Pos314_S-Pos389_A,0.00625,0.024609375,Pos314-Pos389
314,389,Pos314_S-Pos389_T,0.0,0.0013671875000000001,Pos314-Pos389
314,389,Pos314_Y-Pos389_A,0.0,0.0007031250000000001,Pos314-Pos389
314,389,Pos314_Y-Pos389_T,0.0,3.906250000000001e-05,Pos314-Pos389
314,390,Pos314_S-Pos390_N,0.00625,0.024609375,Pos314-Pos390
314,390,Pos314_S-Pos390_R,0.0,0.0013671875000000001,Pos314-Pos390
314,390,Pos314_Y-Pos390_N,0.0,0.0007031250000000001,Pos314-Pos390
314,390,Pos314_Y-Pos390_R,0.0,3.906250000000001e-05,Pos314-Pos390
314,391,Pos314_S-Pos391_L,0.00625,0.024609375,Pos314-Pos391
314,391,Pos314_S-Pos391_S,0.0,0.0013671875000000001,Pos314-Pos391
314,391,Pos314_Y-Pos391_L,0.0,0.0007031250000000001,Pos314-Pos391
314,391,Pos314_Y-Pos391_S,0.0,3.906250000000001e-05,Pos314-Pos391
314,392,Pos314_S-Pos392_S,0.0,0.0013671875000000001,Pos314-Pos392
314,392,Pos314_S-Pos392_*,0.0,0.0013671875000000001,Pos314-Pos392
314,392,Pos314_Y-Pos392_S,0.0,3.906250000000001e-05,Pos314-Pos392
314,392,Pos314_Y-Pos392_*,0.0,3.906250000000001e-05,Pos314-Pos392
314,394,Pos314_S-Pos394_R,0.00625,0.024609375,Pos314-Pos394
314,394,Pos314_S-Pos394_A,0.0,0.0013671875000000001,Pos314-Pos394
314,394,Pos314_Y-Pos394_R,0.0,0.0007031250000000001,Pos314-Pos394
314,394,Pos314_Y-Pos394_A,0.0,3.906250000000001e-05,Pos314-Pos394
314,396,Pos314_S-Pos396_I,0.00625,0.024609375,Pos314-Pos396
314,396,Pos314_S-Pos396_N,0.0,0.0013671875000000001,Pos314-Pos396
314,396,Pos314_Y-Pos396_I,0.0,0.0007031250000000001,Pos314-Pos396
314,396,Pos314_Y-Pos396_N,0.0,3.906250000000001e-05,Pos314-Pos396
314,397,Pos314_S-Pos397_K,0.00625,0.024609375,Pos314-Pos397
314,397,Pos314_S-Pos397_S,0.0,0.0013671875000000001,Pos314-Pos397
314,397,Pos314_Y-Pos397_K,0.0,0.0007031250000000001,Pos314-Pos397
314,397,Pos314_Y-Pos397_S,0.0,3.906250000000001e-05,Pos314-Pos397
314,398,Pos314_S-Pos398_P,0.00625,0.024609375,Pos314-Pos398
314,398,Pos314_S-Pos398_G,0.0,0.0013671875000000001,Pos314-Pos398
314,398,Pos314_S-Pos398_S,0.0,0.0013671875000000001,Pos314-Pos398
314,398,Pos314_Y-Pos398_P,0.0,0.0007031250000000001,Pos314-Pos398
314,398,Pos314_Y-Pos398_G,0.0,3.906250000000001e-05,Pos314-Pos398
314,398,Pos314_Y-Pos398_S,0.0,3.906250000000001e-05,Pos314-Pos398
314,400,Pos314_S-Pos400_T,0.00625,0.024609375,Pos314-Pos400
314,400,Pos314_S-Pos400_S,0.0,0.0013671875000000001,Pos314-Pos400
314,400,Pos314_Y-Pos400_T,0.0,0.0007031250000000001,Pos314-Pos400
314,400,Pos314_Y-Pos400_S,0.0,3.906250000000001e-05,Pos314-Pos400
314,407,Pos314_S-Pos407_K,0.00625,0.024609375,Pos314-Pos407
314,407,Pos314_S-Pos407_F,0.0,0.0013671875000000001,Pos314-Pos407
314,407,Pos314_Y-Pos407_K,0.0,0.0007031250000000001,Pos314-Pos407
314,407,Pos314_Y-Pos407_F,0.0,3.906250000000001e-05,Pos314-Pos407
314,408,Pos314_S-Pos408_I,0.00625,0.024609375,Pos314-Pos408
314,408,Pos314_Y-Pos408_I,0.0,0.0007031250000000001,Pos314-Pos408
314,410,Pos314_S-Pos410_R,0.00625,0.024609375,Pos314-Pos410
314,410,Pos314_S-Pos410_S,0.0,0.0013671875000000001,Pos314-Pos410
314,410,Pos314_Y-Pos410_R,0.0,0.0007031250000000001,Pos314-Pos410
314,410,Pos314_Y-Pos410_S,0.0,3.906250000000001e-05,Pos314-Pos410
314,411,Pos314_S-Pos411_F,0.00625,0.024609375,Pos314-Pos411
314,411,Pos314_S-Pos411_K,0.0,0.0013671875000000001,Pos314-Pos411
314,411,Pos314_Y-Pos411_F,0.0,0.0007031250000000001,Pos314-Pos411
314,411,Pos314_Y-Pos411_K,0.0,3.906250000000001e-05,Pos314-Pos411
316,344,Pos316_I-Pos344_Q,0.075,0.03796875,Pos316-Pos344
316,344,Pos316_I-Pos344_K,0.0,0.0028125000000000003,Pos316-Pos344
316,344,Pos316_I-Pos344_H,0.0125,0.00421875,Pos316-Pos344
316,365,Pos316_I-Pos365_N,0.06875,0.036562500000000005,Pos316-Pos365
316,365,Pos316_I-Pos365_Y,0.0,0.0014062500000000002,Pos316-Pos365
316,372,Pos316_I-Pos372_S,0.00625,0.02671875,Pos316-Pos372
316,373,Pos316_I-Pos373_E,0.00625,0.0253125,Pos316-Pos373
316,375,Pos316_I-Pos375_Y,0.00625,0.0253125,Pos316-Pos375
316,378,Pos316_I-Pos378_N,0.00625,0.0253125,Pos316-Pos378
316,379,Pos316_I-Pos379_N,0.00625,0.0253125,Pos316-Pos379
316,381,Pos316_I-Pos381_K,0.00625,0.0253125,Pos316-Pos381
316,382,Pos316_I-Pos382_V,0.00625,0.0253125,Pos316-Pos382
316,384,Pos316_I-Pos384_F,0.00625,0.0253125,Pos316-Pos384
316,385,Pos316_I-Pos385_R,0.00625,0.0253125,Pos316-Pos385
316,389,Pos316_I-Pos389_A,0.00625,0.0253125,Pos316-Pos389
316,389,Pos316_I-Pos389_T,0.0,0.0014062500000000002,Pos316-Pos389
316,390,Pos316_I-Pos390_N,0.00625,0.0253125,Pos316-Pos390
316,390,Pos316_I-Pos390_R,0.0,0.0014062500000000002,Pos316-Pos390
316,391,Pos316_I-Pos391_L,0.00625,0.0253125,Pos316-Pos391
316,391,Pos316_I-Pos391_S,0.0,0.0014062500000000002,Pos316-Pos391
316,392,Pos316_I-Pos392_S,0.0,0.0014062500000000002,Pos316-Pos392
316,392,Pos316_I-Pos392_*,0.0,0.0014062500000000002,Pos316-Pos392
316,394,Pos316_I-Pos394_R,0.00625,0.0253125,Pos316-Pos394
316,394,Pos316_I-Pos394_A,0.0,0.0014062500000000002,Pos316-Pos394
316,396,Pos316_I-Pos396_I,0.00625,0.0253125,Pos316-Pos396
316,396,Pos316_I-Pos396_N,0.0,0.0014062500000000002,Pos316-Pos396
316,397,Pos316_I-Pos397_K,0.00625,0.0253125,Pos316-Pos397
316,397,Pos316_I-Pos397_S,0.0,0.0014062500000000002,Pos316-Pos397
316,398,Pos316_I-Pos398_P,0.00625,0.0253125,Pos316-Pos398
316,398,Pos316_I-Pos398_G,0.0,0.0014062500000000002,Pos316-Pos398
316,398,Pos316_I-Pos398_S,0.0,0.0014062500000000002,Pos316-Pos398
316,400,Pos316_I-Pos400_T,0.00625,0.0253125,Pos316-Pos400
316,400,Pos316_I-Pos400_S,0.0,0.0014062500000000002,Pos316-Pos400
316,407,Pos316_I-Pos407_K,0.00625,0.0253125,Pos316-Pos407
316,407,Pos316_I-Pos407_F,0.0,0.0014062500000000002,Pos316-Pos407
316,408,Pos316_I-Pos408_I,0.00625,0.0253125,Pos316-Pos408
316,410,Pos316_I-Pos410_R,0.00625,0.0253125,Pos316-Pos410
316,410,Pos316_I-Pos410_S,0.0,0.0014062500000000002,Pos316-Pos410
316,411,Pos316_I-Pos411_F,0.00625,0.0253125,Pos316-Pos411
316,411,Pos316_I-Pos411_K,0.0,0.0014062500000000002,Pos316-Pos411
344,365,Pos344_Q-Pos365_N,0.08125,0.027421875000000002,Pos344-Pos365
344,365,Pos344_Q-Pos365_Y,0.0,0.0010546875,Pos344-Pos365
344,365,Pos344_K-Pos365_N,0.00625,0.00203125,Pos344-Pos365
344,365,Pos344_K-Pos365_Y,0.0,7.812500000000002e-05,Pos344-Pos365
344,365,Pos344_H-Pos365_N,0.00625,0.003046875,Pos344-Pos365
344,365,Pos344_H-Pos365_Y,0.0,0.0001171875,Pos344-Pos365
344,372,Pos344_Q-Pos372_S,0.03125,0.0200390625,Pos344-Pos372
344,372,Pos344_K-Pos372_S,0.0,0.001484375,Pos344-Pos372
344,372,Pos344_H-Pos372_S,0.0,0.0022265625,Pos344-Pos372
344,373,Pos344_Q-Pos373_E,0.025,0.018984375,Pos344-Pos373
344,373,Pos344_K-Pos373_E,0.0,0.0014062500000000002,Pos344-Pos373
344,373,Pos344_H-Pos373_E,0.0,0.002109375,Pos344-Pos373
344,375,Pos344_Q-Pos375_Y,0.025,0.018984375,Pos344-Pos375
344,375,Pos344_K-Pos375_Y,0.0,0.0014062500000000002,Pos344-Pos375
344,375,Pos344_H-Pos375_Y,0.0,0.002109375,Pos344-Pos375
344,378,Pos344_Q-Pos378_N,0.025,0.018984375,Pos344-Pos378
344,378,Pos344_K-Pos378_N,0.0,0.0014062500000000002,Pos344-Pos378
344,378,Pos344_H-Pos378_N,0.0,0.002109375,Pos344-Pos378
344,379,Pos344_Q-Pos379_N,0.025,0.018984375,Pos344-Pos379
344,379,Pos344_K-Pos379_N,0.0,0.0014062500000000002,Pos344-Pos379
344,379,Pos344_H-Pos379_N,0.0,0.002109375,Pos344-Pos379
344,381,Pos344_Q-Pos381_K,0.025,0.018984375,Pos344-Pos381
344,381,Pos344_K-Pos381_K,0.0,0.0014062500000000002,Pos344-Pos381
344,381,Pos344_H-Pos381_K,0.0,0.002109375,Pos344-Pos381
344,382,Pos344_Q-Pos382_V,0.025,0.018984375,Pos344-Pos382
344,382,Pos344_K-Pos382_V,0.0,0.0014062500000000002,Pos344-Pos382
344,382,Pos344_H-Pos382_V,0.0,0.002109375,Pos344-Pos382
344,384,Pos344_Q-Pos384_F,0.025,0.018984375,Pos344-Pos384
344,384,Pos344_K-Pos384_F,0.0,0.0014062500000000002,Pos344-Pos384
344,384,Pos344_H-Pos384_F,0.0,0.002109375,Pos344-Pos384
344,385,Pos344_Q-Pos385_R,0.025,0.018984375,Pos344-Pos385
344,385,Pos344_K-Pos385_R,0.0,0.0014062500000000002,Pos344-Pos385
344,385,Pos344_H-Pos385_R,0.0,0.002109375,Pos344-Pos385
344,389,Pos344_Q-Pos389_A,0.025,0.018984375,Pos344-Pos389
344,389,Pos344_Q-Pos389_T,0.0,0.0010546875,Pos344-Pos389
344,389,Pos344_K-Pos389_A,0.0,0.0014062500000000002,Pos344-Pos389
344,389,Pos344_K-Pos389_T,0.0,7.812500000000002e-05,Pos344-Pos389
344,389,Pos344_H-Pos389_A,0.0,0.002109375,Pos344-Pos389
344,389,Pos344_H-Pos389_T,0.0,0.0001171875,Pos344-Pos389
344,390,Pos344_Q-Pos390_N,0.025,0.018984375,Pos344-Pos390
344,390,Pos344_Q-Pos390_R,0.0,0.0010546875,Pos344-Pos390
344,390,Pos344_K-Pos390_N,0.0,0.0014062500000000002,Pos344-Pos390
344,390,Pos344_K-Pos390_R,0.0,7.812500000000002e-05,Pos344-Pos390
344,390,Pos344_H-Pos390_N,0.0,0.002109375,Pos344-Pos390
344,390,Pos344_H-Pos390_R,0.0,0.0001171875,Pos344-Pos390
344,391,Pos344_Q-Pos391_L,0.025,0.018984375,Pos344-Pos391
344,391,Pos344_Q-Pos391_S,0.0,0.0010546875,Pos344-Pos391
344,391,Pos344_K-Pos391_L,0.0,0.0014062500000000002,Pos344-Pos391
344,391,Pos344_K-Pos391_S,0.0,7.812500000000002e-05,Pos344-Pos391
344,391,Pos344_H-Pos391_L,0.0,0.002109375,Pos344-Pos391
344,391,Pos344_H-Pos391_S,0.0,0.0001171875,Pos344-Pos391
344,392,Pos344_Q-Pos392_S,0.0,0.0010546875,Pos344-Pos392
344,392,Pos344_Q-Pos392_*,0.0,0.0010546875,Pos344-Pos392
344,392,Pos344_K-Pos392_S,0.0,7.812500000000002e-05,Pos344-Pos392
344,392,Pos344_K-Pos392_*,0.0,7.812500000000002e-05,Pos344-Pos392
344,392,Pos344_H-Pos392_S,0.0,0.0001171875,Pos344-Pos392
344,392,Pos344_H-Pos392_*,0.0,0.0001171875,Pos344-Pos392
344,394,Pos344_Q-Pos394_R,0.025,0.018984375,Pos344-Pos394
344,394,Pos344_Q-Pos394_A,0.0,0.0010546875,Pos344-Pos394
344,394,Pos344_K-Pos394_R,0.0,0.0014062500000000002,Pos344-Pos394
344,394,Pos344_K-Pos394_A,0.0,7.812500000000002e-05,Pos344-Pos394
344,394,Pos344_H-Pos394_R,0.0,0.002109375,Pos344-Pos394
344,394,Pos344_H-Pos394_A,0.0,0.0001171875,Pos344-Pos394
344,396,Pos344_Q-Pos396_I,0.025,0.018984375,Pos344-Pos396
344,396,Pos344_Q-Pos396_N,0.0,0.0010546875,Pos344-Pos396
344,396,Pos344_K-Pos396_I,0.0,0.0014062500000000002,Pos344-Pos396
344,396,Pos344_K-Pos396_N,0.0,7.812500000000002e-05,Pos344-Pos396
344,396,Pos344_H-Pos396_I,0.0,0.002109375,Pos344-Pos396
344,396,Pos344_H-Pos396_N,0.0,0.0001171875,Pos344-Pos396
344,397,Pos344_Q-Pos397_K,0.025,0.018984375,Pos344-Pos397
344,397,Pos344_Q-Pos397_S,0.0,0.0010546875,Pos344-Pos397
344,397,Pos344_K-Pos397_K,0.0,0.0014062500000000002,Pos344-Pos397
344,397,Pos344_K-Pos397_S,0.0,7.812500000000002e-05,Pos344-Pos397
344,397,Pos344_H-Pos397_K,0.0,0.002109375,Pos344-Pos397
344,397,Pos344_H-Pos397_S,0.0,0.0001171875,Pos344-Pos397
344,398,Pos344_Q-Pos398_P,0.025,0.018984375,Pos344-Pos398
344,398,Pos344_Q-Pos398_G,0.0,0.0010546875,Pos344-Pos398
344,398,Pos344_Q-Pos398_S,0.0,0.0010546875,Pos344-Pos398
344,398,Pos344_K-Pos398_P,0.0,0.0014062500000000002,Pos344-Pos398
344,398,Pos344_K-Pos398_G,0.0,7.812500000000002e-05,Pos344-Pos398
344,398,Pos344_K-Pos398_S,0.0,7.812500000000002e-05,Pos344-Pos398
344,398,Pos344_H-Pos398_P,0.0,0.002109375,Pos344-Pos398
344,398,Pos344_H-Pos398_G,0.0,0.0001171875,Pos344-Pos398
344,398,Pos344_H-Pos398_S,0.0,0.0001171875,Pos344-Pos398
344,400,Pos344_Q-Pos400_T,0.025,0.018984375,Pos344-Pos400
344,400,Pos344_Q-Pos400_S,0.0,0.0010546875,Pos344-Pos400
344,400,Pos344_K-Pos400_T,0.0,0.0014062500000000002,Pos344-Pos400
344,400,Pos344_K-Pos400_S,0.0,7.812500000000002e-05,Pos344-Pos400
344,400,Pos344_H-Pos400_T,0.0,0.002109375,Pos344-Pos400
344,400,Pos344_H-Pos400_S,0.0,0.0001171875,Pos344-Pos400
344,407,Pos344_Q-Pos407_K,0.025,0.018984375,Pos344-Pos407
344,407,Pos344_Q-Pos407_F,0.0,0.0010546875,Pos344-Pos407
344,407,Pos344_K-Pos407_K,0.0,0.0014062500000000002,Pos344-Pos407
344,407,Pos344_K-Pos407_F,0.0,7.812500000000002e-05,Pos344-Pos407
344,407,Pos344_H-Pos407_K,0.0,0.002109375,Pos344-Pos407
344,407,Pos344_H-Pos407_F,0.0,0.0001171875,Pos344-Pos407
344,408,Pos344_Q-Pos408_I,0.025,0.018984375,Pos344-Pos408
344,408,Pos344_K-Pos408_I,0.0,0.0014062500000000002,Pos344-Pos408
344,408,Pos344_H-Pos408_I,0.0,0.002109375,Pos344-Pos408
344,410,Pos344_Q-Pos410_R,0.025,0.018984375,Pos344-Pos410
344,410,Pos344_Q-Pos410_S,0.0,0.0010546875,Pos344-Pos410
344,410,Pos344_K-Pos410_R,0.0,0.0014062500000000002,Pos344-Pos410
344,410,Pos344_K-Pos410_S,0.0,7.812500000000002e-05,Pos344-Pos410
344,410,Pos344_H-Pos410_R,0.0,0.002109375,Pos344-Pos410
344,410,Pos344_H-Pos410_S,0.0,0.0001171875,Pos344-Pos410
344,411,Pos344_Q-Pos411_F,0.025,0.018984375,Pos344-Pos411
344,411,Pos344_Q-Pos411_K,0.0,0.0010546875,Pos344-Pos411
344,411,Pos344_K-Pos411_F,0.0,0.0014062500000000002,Pos344-Pos411
344,411,Pos344_K-Pos411_K,0.0,7.812500000000002e-05,Pos344-Pos411
344,411,Pos344_H-Pos411_F,0.0,0.002109375,Pos344-Pos411
344,411,Pos344_H-Pos411_K,0.0,0.0001171875,Pos344-Pos411
365,372,Pos365_N-Pos372_S,0.04375,0.019296874999999998,Pos365-Pos372
365,372,Pos365_Y-Pos372_S,0.0,0.0007421875,Pos365-Pos372
365,373,Pos365_N-Pos373_E,0.0375,0.018281250000000002,Pos365-Pos373
365,373,Pos365_Y-Pos373_E,0.0,0.0007031250000000001,Pos365-Pos373
365,375,Pos365_N-Pos375_Y,0.0375,0.018281250000000002,Pos365-Pos375
365,375,Pos365_Y-Pos375_Y,0.0,0.0007031250000000001,Pos365-Pos375
365,378,Pos365_N-Pos378_N,0.0375,0.018281250000000002,Pos365-Pos378
365,378,Pos365_Y-Pos378_N,0.0,0.0007031250000000001,Pos365-Pos378
365,379,Pos365_N-Pos379_N,0.0375,0.018281250000000002,Pos365-Pos379
365,379,Pos365_Y-Pos379_N,0.0,0.0007031250000000001,Pos365-Pos379
365,381,Pos365_N-Pos381_K,0.0375,0.018281250000000002,Pos365-Pos381
365,381,Pos365_Y-Pos381_K,0.0,0.0007031250000000001,Pos365-Pos381
365,382,Pos365_N-Pos382_V,0.0375,0.018281250000000002,Pos365-Pos382
365,382,Pos365_Y-Pos382_V,0.0,0.0007031250000000001,Pos365-Pos382
365,384,Pos365_N-Pos384_F,0.0375,0.018281250000000002,Pos365-Pos384
365,384,Pos365_Y-Pos384_F,0.0,0.0007031250000000001,Pos365-Pos384
365,385,Pos365_N-Pos385_R,0.0375,0.018281250000000002,Pos365-Pos385
365,385,Pos365_Y-Pos385_R,0.0,0.0007031250000000001,Pos365-Pos385
365,389,Pos365_N-Pos389_A,0.0375,0.018281250000000002,Pos365-Pos389
365,389,Pos365_N-Pos389_T,0.0,0.001015625,Pos365-Pos389
365,389,Pos365_Y-Pos389_A,0.0,0.0007031250000000001,Pos365-Pos389
365,389,Pos365_Y-Pos389_T,0.0,3.906250000000001e-05,Pos365-Pos389
365,390,Pos365_N-Pos390_N,0.0375,0.018281250000000002,Pos365-Pos390
365,390,Pos365_N-Pos390_R,0.0,0.001015625,Pos365-Pos390
365,390,Pos365_Y-Pos390_N,0.0,0.0007031250000000001,Pos365-Pos390
365,390,Pos365_Y-Pos390_R,0.0,3.906250000000001e-05,Pos365-Pos390
365,391,Pos365_N-Pos391_L,0.0375,0.018281250000000002,Pos365-Pos391
365,391,Pos365_N-Pos391_S,0.0,0.001015625,Pos365-Pos391
365,391,Pos365_Y-Pos391_L,0.0,0.0007031250000000001,Pos365-Pos391
365,391,Pos365_Y-Pos391_S,0.0,3.906250000000001e-05,Pos365-Pos391
365,392,Pos365_N-Pos392_S,0.0,0.001015625,Pos365-Pos392
365,392,Pos365_N-Pos392_*,0.0,0.001015625,Pos365-Pos392
365,392,Pos365_Y-Pos392_S,0.0,3.906250000000001e-05,Pos365-Pos392
365,392,Pos365_Y-Pos392_*,0.0,3.906250000000001e-05,Pos365-Pos392
365,394,Pos365_N-Pos394_R,0.0375,0.018281250000000002,Pos365-Pos394
365,394,Pos365_N-Pos394_A,0.0,0.001015625,Pos365-Pos394
365,394,Pos365_Y-Pos394_R,0.0,0.0007031250000000001,Pos365-Pos394
365,394,Pos365_Y-Pos394_A,0.0,3.906250000000001e-05,Pos365-Pos394
365,396,Pos365_N-Pos396_I,0.0375,0.018281250000000002,Pos365-Pos396
365,396,Pos365_N-Pos396_N,0.0,0.001015625,Pos365-Pos396
365,396,Pos365_Y-Pos396_I,0.0,0.0007031250000000001,Pos365-Pos396
365,396,Pos365_Y-Pos396_N,0.0,3.906250000000001e-05,Pos365-Pos396
365,397,Pos365_N-Pos397_K,0.0375,0.018281250000000002,Pos365-Pos397
365,397,Pos365_N-Pos397_S,0.0,0.001015625,Pos365-Pos397
365,397,Pos365_Y-Pos397_K,0.0,0.0007031250000000001,Pos365-Pos397
365,397,Pos365_Y-Pos397_S,0.0,3.906250000000001e-05,Pos365-Pos397
365,398,Pos365_N-Pos398_P,0.0375,0.018281250000000002,Pos365-Pos398
365,398,Pos365_N-Pos398_G,0.0,0.001015625,Pos365-Pos398
365,398,Pos365_N-Pos398_S,0.0,0.001015625,Pos365-Pos398
365,398,Pos365_Y-Pos398_P,0.0,0.0007031250000000001,Pos365-Pos398
365,398,Pos365_Y-Pos398_G,0.0,3.906250000000001e-05,Pos365-Pos398
365,398,Pos365_Y-Pos398_S,0.0,3.906250000000001e-05,Pos365-Pos398
365,400,Pos365_N-Pos400_T,0.0375,0.018281250000000002,Pos365-Pos400
365,400,Pos365_N-Pos400_S,0.0,0.001015625,Pos365-Pos400
365,400,Pos365_Y-Pos400_T,0.0,0.0007031250000000001,Pos365-Pos400
365,400,Pos365_Y-Pos400_S,0.0,3.906250000000001e-05,Pos365-Pos400
365,407,Pos365_N-Pos407_K,0.0375,0.018281250000000002,Pos365-Pos407
365,407,Pos365_N-Pos407_F,0.0,0.001015625,Pos365-Pos407
365,407,Pos365_Y-Pos407_K,0.0,0.0007031250000000001,Pos365-Pos407
365,407,Pos365_Y-Pos407_F,0.0,3.906250000000001e-05,Pos365-Pos407
365,408,Pos365_N-Pos408_I,0.0375,0.018281250000000002,Pos365-Pos408
365,408,Pos365_Y-Pos408_I,0.0,0.0007031250000000001,Pos365-Pos408
365,410,Pos365_N-Pos410_R,0.0375,0.018281250000000002,Pos365-Pos410
365,410,Pos365_N-Pos410_S,0.0,0.001015625,Pos365-Pos410
365,410,Pos365_Y-Pos410_R,0.0,0.0007031250000000001,Pos365-Pos410
365,410,Pos365_Y-Pos410_S,0.0,3.906250000000001e-05,Pos365-Pos410
365,411,Pos365_N-Pos411_F,0.0375,0.018281250000000002,Pos365-Pos411
365,411,Pos365_N-Pos411_K,0.0,0.001015625,Pos365-Pos411
365,411,Pos365_Y-Pos411_F,0.0,0.0007031250000000001,Pos365-Pos411
365,411,Pos365_Y-Pos411_K,0.0,3.906250000000001e-05,Pos365-Pos411
372,373,Pos372_S-Pos373_E,0.1125,0.013359375,Pos372-Pos373
372,375,Pos372_S-Pos375_Y,0.1125,0.013359375,Pos372-Pos375
372,378,Pos372_S-Pos378_N,0.1125,0.013359375,Pos372-Pos378
372,379,Pos372_S-Pos379_N,0.1125,0.013359375,Pos372-Pos379
372,381,Pos372_S-Pos381_K,0.1125,0.013359375,Pos372-Pos381
372,382,Pos372_S-Pos382_V,0.1125,0.013359375,Pos372-Pos382
372,384,Pos372_S-Pos384_F,0.1125,0.013359375,Pos372-Pos384
372,385,Pos372_S-Pos385_R,0.1125,0.013359375,Pos372-Pos385
372,389,Pos372_S-Pos389_A,0.1125,0.013359375,Pos372-Pos389
372,389,Pos372_S-Pos389_T,0.0,0.0007421875,Pos372-Pos389
372,390,Pos372_S-Pos390_N,0.1125,0.013359375,Pos372-Pos390
372,390,Pos372_S-Pos390_R,0.0,0.0007421875,Pos372-Pos390
372,391,Pos372_S-Pos391_L,0.1125,0.013359375,Pos372-Pos391
372,391,Pos372_S-Pos391_S,0.0,0.0007421875,Pos372-Pos391
372,392,Pos372_S-Pos392_S,0.0,0.0007421875,Pos372-Pos392
372,392,Pos372_S-Pos392_*,0.0,0.0007421875,Pos372-Pos392
372,394,Pos372_S-Pos394_R,0.1125,0.013359375,Pos372-Pos394
372,394,Pos372_S-Pos394_A,0.0,0.0007421875,Pos372-Pos394
372,396,Pos372_S-Pos396_I,0.1125,0.013359375,Pos372-Pos396
372,396,Pos372_S-Pos396_N,0.0,0.0007421875,Pos372-Pos396
372,397,Pos372_S-Pos397_K,0.1125,0.013359375,Pos372-Pos397
372,397,Pos372_S-Pos397_S,0.0,0.0007421875,Pos372-Pos397
372,398,Pos372_S-Pos398_P,0.1125,0.013359375,Pos372-Pos398
372,398,Pos372_S-Pos398_G,0.0,0.0007421875,Pos372-Pos398
372,398,Pos372_S-Pos398_S,0.0,0.0007421875,Pos372-Pos398
372,400,Pos372_S-Pos400_T,0.1125,0.013359375,Pos372-Pos400
372,400,Pos372_S-Pos400_S,0.0,0.0007421875,Pos372-Pos400
372,407,Pos372_S-Pos407_K,0.1125,0.013359375,Pos372-Pos407
372,407,Pos372_S-Pos407_F,0.0,0.0007421875,Pos372-Pos407
372,408,Pos372_S-Pos408_I,0.1125,0.013359375,Pos372-Pos408
372,410,Pos372_S-Pos410_R,0.1125,0.013359375,Pos372-Pos410
372,410,Pos372_S-Pos410_S,0.0,0.0007421875,Pos372-Pos410
372,411,Pos372_S-Pos411_F,0.1125,0.013359375,Pos372-Pos411
372,411,Pos372_S-Pos411_K,0.0,0.0007421875,Pos372-Pos411
373,375,Pos373_E-Pos375_Y,0.1125,0.01265625,Pos373-Pos375
373,378,Pos373_E-Pos378_N,0.1125,0.01265625,Pos373-Pos378
373,379,Pos373_E-Pos379_N,0.1125,0.01265625,Pos373-Pos379
373,381,Pos373_E-Pos381_K,0.1125,0.01265625,Pos373-Pos381
373,382,Pos373_E-Pos382_V,0.1125,0.01265625,Pos373-Pos382
373,384,Pos373_E-Pos384_F,0.1125,0.01265625,Pos373-Pos384
373,385,Pos373_E-Pos385_R,0.1125,0.01265625,Pos373-Pos385
373,389,Pos373_E-Pos389_A,0.1125,0.01265625,Pos373-Pos389
373,389,Pos373_E-Pos389_T,0.0,0.0007031250000000001,Pos373-Pos389
373,390,Pos373_E-Pos390_N,0.1125,0.01265625,Pos373-Pos390
373,390,Pos373_E-Pos390_R,0.0,0.0007031250000000001,Pos373-Pos390
373,391,Pos373_E-Pos391_L,0.1125,0.01265625,Pos373-Pos391
373,391,Pos373_E-Pos391_S,0.0,0.0007031250000000001,Pos373-Pos391
373,392,Pos373_E-Pos392_S,0.0,0.0007031250000000001,Pos373-Pos392
373,392,Pos373_E-Pos392_*,0.0,0.0007031250000000001,Pos373-Pos392
373,394,Pos373_E-Pos394_R,0.1125,0.01265625,Pos373-Pos394
373,394,Pos373_E-Pos394_A,0.0,0.0007031250000000001,Pos373-Pos394
373,396,Pos373_E-Pos396_I,0.1125,0.01265625,Pos373-Pos396
373,396,Pos373_E-Pos396_N,0.0,0.0007031250000000001,Pos373-Pos396
373,397,Pos373_E-Pos397_K,0.1125,0.01265625,Pos373-Pos397
373,397,Pos373_E-Pos397_S,0.0,0.0007031250000000001,Pos373-Pos397
373,398,Pos373_E-Pos398_P,0.1125,0.01265625,Pos373-Pos398
373,398,Pos373_E-Pos398_G,0.0,0.0007031250000000001,Pos373-Pos398
373,398,Pos373_E-Pos398_S,0.0,0.0007031250000000001,Pos373-Pos398
373,400,Pos373_E-Pos400_T,0.1125,0.01265625,Pos373-Pos400
373,400,Pos373_E-Pos400_S,0.0,0.0007031250000000001,Pos373-Pos400
373,407,Pos373_E-Pos407_K,0.1125,0.01265625,Pos373-Pos407
373,407,Pos373_E-Pos407_F,0.0,0.0007031250000000001,Pos373-Pos407
373,408,Pos373_E-Pos408_I,0.1125,0.01265625,Pos373-Pos408
373,410,Pos373_E-Pos410_R,0.1125,0.01265625,Pos373-Pos410
373,410,Pos373_E-Pos410_S,0.0,0.0007031250000000001,Pos373-Pos410
373,411,Pos373_E-Pos411_F,0.1125,0.01265625,Pos373-Pos411
373,411,Pos373_E-Pos411_K,0.0,0.0007031250000000001,Pos373-Pos411
375,378,Pos375_Y-Pos378_N,0.1125,0.01265625,Pos375-Pos378
375,379,Pos375_Y-Pos379_N,0.1125,0.01265625,Pos375-Pos379
375,381,Pos375_Y-Pos381_K,0.1125,0.01265625,Pos375-Pos381
375,382,Pos375_Y-Pos382_V,0.1125,0.01265625,Pos375-Pos382
375,384,Pos375_Y-Pos384_F,0.1125,0.01265625,Pos375-Pos384
375,385,Pos375_Y-Pos385_R,0.1125,0.01265625,Pos375-Pos385
375,389,Pos375_Y-Pos389_A,0.1125,0.01265625,Pos375-Pos389
375,389,Pos375_Y-Pos389_T,0.0,0.0007031250000000001,Pos375-Pos389
375,390,Pos375_Y-Pos390_N,0.1125,0.01265625,Pos375-Pos390
375,390,Pos375_Y-Pos390_R,0.0,0.0007031250000000001,Pos375-Pos390
375,391,Pos375_Y-Pos391_L,0.1125,0.01265625,Pos375-Pos391
375,391,Pos375_Y-Pos391_S,0.0,0.0007031250000000001,Pos375-Pos391
375,392,Pos375_Y-Pos392_S,0.0,0.0007031250000000001,Pos375-Pos392
375,392,Pos375_Y-Pos392_*,0.0,0.0007031250000000001,Pos375-Pos392
375,394,Pos375_Y-Pos394_R,0.1125,0.01265625,Pos375-Pos394
375,394,Pos375_Y-Pos394_A,0.0,0.0007031250000000001,Pos375-Pos394
375,396,Pos375_Y-Pos396_I,0.1125,0.01265625,Pos375-Pos396
375,396,Pos375_Y-Pos396_N,0.0,0.0007031250000000001,Pos375-Pos396
375,397,Pos375_Y-Pos397_K,0.1125,0.01265625,Pos375-Pos397
375,397,Pos375_Y-Pos397_S,0.0,0.0007031250000000001,Pos375-Pos397
375,398,Pos375_Y-Pos398_P,0.1125,0.01265625,Pos375-Pos398
375,398,Pos375_Y-Pos398_G,0.0,0.0007031250000000001,Pos375-Pos398
375,398,Pos375_Y-Pos398_S,0.0,0.0007031250000000001,Pos375-Pos398
375,400,Pos375_Y-Pos400_T,0.1125,0.01265625,Pos375-Pos400
375,400,Pos375_Y-Pos400_S,0.0,0.0007031250000000001,Pos375-Pos400
375,407,Pos375_Y-Pos407_K,0.1125,0.01265625,Pos375-Pos407
375,407,Pos375_Y-Pos407_F,0.0,0.0007031250000000001,Pos375-Pos407
375,408,Pos375_Y-Pos408_I,0.1125,0.01265625,Pos375-Pos408
375,410,Pos375_Y-Pos410_R,0.1125,0.01265625,Pos375-Pos410
375,410,Pos375_Y-Pos410_S,0.0,0.0007031250000000001,Pos375-Pos410
375,411,Pos375_Y-Pos411_F,0.1125,0.01265625,Pos375-Pos411
375,411,Pos375_Y-Pos411_K,0.0,0.0007031250000000001,Pos375-Pos411
378,379,Pos378_N-Pos379_N,0.1125,0.01265625,Pos378-Pos379
378,381,Pos378_N-Pos381_K,0.1125,0.01265625,Pos378-Pos381
378,382,Pos378_N-Pos382_V,0.1125,0.01265625,Pos378-Pos382
378,384,Pos378_N-Pos384_F,0.1125,0.01265625,Pos378-Pos384
378,385,Pos378_N-Pos385_R,0.1125,0.01265625,Pos378-Pos385
378,389,Pos378_N-Pos389_A,0.1125,0.01265625,Pos378-Pos389
378,389,Pos378_N-Pos389_T,0.0,0.0007031250000000001,Pos378-Pos389
378,390,Pos378_N-Pos390_N,0.1125,0.01265625,Pos378-Pos390
378,390,Pos378_N-Pos390_R,0.0,0.0007031250000000001,Pos378-Pos390
378,391,Pos378_N-Pos391_L,0.1125,0.01265625,Pos378-Pos391
378,391,Pos378_N-Pos391_S,0.0,0.0007031250000000001,Pos378-Pos391
378,392,Pos378_N-Pos392_S,0.0,0.0007031250000000001,Pos378-Pos392
378,392,Pos378_N-Pos392_*,0.0,0.0007031250000000001,Pos378-Pos392
378,394,Pos378_N-Pos394_R,0.1125,0.01265625,Pos378-Pos394
378,394,Pos378_N-Pos394_A,0.0,0.0007031250000000001,Pos378-Pos394
378,396,Pos378_N-Pos396_I,0.1125,0.01265625,Pos378-Pos396
378,396,Pos378_N-Pos396_N,0.0,0.0007031250000000001,Pos378-Pos396
378,397,Pos378_N-Pos397_K,0.1125,0.01265625,Pos378-Pos397
378,397,Pos378_N-Pos397_S,0.0,0.0007031250000000001,Pos378-Pos397
378,398,Pos378_N-Pos398_P,0.1125,0.01265625,Pos378-Pos398
378,398,Pos378_N-Pos398_G,0.0,0.0007031250000000001,Pos378-Pos398
378,398,Pos378_N-Pos398_S,0.0,0.0007031250000000001,Pos378-Pos398
378,400,Pos378_N-Pos400_T,0.1125,0.01265625,Pos378-Pos400
378,400,Pos378_N-Pos400_S,0.0,0.0007031250000000001,Pos378-Pos400
378,407,Pos378_N-Pos407_K,0.1125,0.01265625,Pos378-Pos407
378,407,Pos378_N-Pos407_F,0.0,0.0007031250000000001,Pos378-Pos407
378,408,Pos378_N-Pos408_I,0.1125,0.01265625,Pos378-Pos408
378,410,Pos378_N-Pos410_R,0.1125,0.01265625,Pos378-Pos410
378,410,Pos378_N-Pos410_S,0.0,0.0007031250000000001,Pos378-Pos410
378,411,Pos378_N-Pos411_F,0.1125,0.01265625,Pos378-Pos411
378,411,Pos378_N-Pos411_K,0.0,0.0007031250000000001,Pos378-Pos411
379,381,Pos379_N-Pos381_K,0.1125,0.01265625,Pos379-Pos381
379,382,Pos379_N-Pos382_V,0.1125,0.01265625,Pos379-Pos382
379,384,Pos379_N-Pos384_F,0.1125,0.01265625,Pos379-Pos384
379,385,Pos379_N-Pos385_R,0.1125,0.01265625,Pos379-Pos385
379,389,Pos379_N-Pos389_A,0.1125,0.01265625,Pos379-Pos389
379,389,Pos379_N-Pos389_T,0.0,0.0007031250000000001,Pos379-Pos389
379,390,Pos379_N-Pos390_N,0.1125,0.01265625,Pos379-Pos390
379,390,Pos379_N-Pos390_R,0.0,0.0007031250000000001,Pos379-Pos390
379,391,Pos379_N-Pos391_L,0.1125,0.01265625,Pos379-Pos391
379,391,Pos379_N-Pos391_S,0.0,0.0007031250000000001,Pos379-Pos391
379,392,Pos379_N-Pos392_S,0.0,0.0007031250000000001,Pos379-Pos392
379,392,Pos379_N-Pos392_*,0.0,0.0007031250000000001,Pos379-Pos392
379,394,Pos379_N-Pos394_R,0.1125,0.01265625,Pos379-Pos394
379,394,Pos379_N-Pos394_A,0.0,0.0007031250000000001,Pos379-Pos394
379,396,Pos379_N-Pos396_I,0.1125,0.01265625,Pos379-Pos396
379,396,Pos379_N-Pos396_N,0.0,0.0007031250000000001,Pos379-Pos396
379,397,Pos379_N-Pos397_K,0.1125,0.01265625,Pos379-Pos397
379,397,Pos379_N-Pos397_S,0.0,0.0007031250000000001,Pos379-Pos397
379,398,Pos379_N-Pos398_P,0.1125,0.01265625,Pos379-Pos398
379,398,Pos379_N-Pos398_G,0.0,0.0007031250000000001,Pos379-Pos398
379,398,Pos379_N-Pos398_S,0.0,0.0007031250000000001,Pos379-Pos398
379,400,Pos379_N-Pos400_T,0.1125,0.01265625,Pos379-Pos400
379,400,Pos379_N-Pos400_S,0.0,0.0007031250000000001,Pos379-Pos400
379,407,Pos379_N-Pos407_K,0.1125,0.01265625,Pos379-Pos407
379,407,Pos379_N-Pos407_F,0.0,0.0007031250000000001,Pos379-Pos407
379,408,Pos379_N-Pos408_I,0.1125,0.01265625,Pos379-Pos408
379,410,Pos379_N-Pos410_R,0.1125,0.01265625,Pos379-Pos410
379,410,Pos379_N-Pos410_S,0.0,0.0007031250000000001,Pos379-Pos410
379,411,Pos379_N-Pos411_F,0.1125,0.01265625,Pos379-Pos411
379,411,Pos379_N-Pos411_K,0.0,0.0007031250000000001,Pos379-Pos411
381,382,Pos381_K-Pos382_V,0.1125,0.01265625,Pos381-Pos382
381,384,Pos381_K-Pos384_F,0.1125,0.01265625,Pos381-Pos384
381,385,Pos381_K-Pos385_R,0.1125,0.01265625,Pos381-Pos385
381,389,Pos381_K-Pos389_A,0.1125,0.01265625,Pos381-Pos389
381,389,Pos381_K-Pos389_T,0.0,0.0007031250000000001,Pos381-Pos389
381,390,Pos381_K-Pos390_N,0.1125,0.01265625,Pos381-Pos390
381,390,Pos381_K-Pos390_R,0.0,0.0007031250000000001,Pos381-Pos390
381,391,Pos381_K-Pos391_L,0.1125,0.01265625,Pos381-Pos391
381,391,Pos381_K-Pos391_S,0.0,0.0007031250000000001,Pos381-Pos391
381,392,Pos381_K-Pos392_S,0.0,0.0007031250000000001,Pos381-Pos392
381,392,Pos381_K-Pos392_*,0.0,0.0007031250000000001,Pos381-Pos392
381,394,Pos381_K-Pos394_R,0.1125,0.01265625,Pos381-Pos394
381,394,Pos381_K-Pos394_A,0.0,0.0007031250000000001,Pos381-Pos394
381,396,Pos381_K-Pos396_I,0.1125,0.01265625,Pos381-Pos396
381,396,Pos381_K-Pos396_N,0.0,0.0007031250000000001,Pos381-Pos396
381,397,Pos381_K-Pos397_K,0.1125,0.01265625,Pos381-Pos397
381,397,Pos381_K-Pos397_S,0.0,0.0007031250000000001,Pos381-Pos397
381,398,Pos381_K-Pos398_P,0.1125,0.01265625,Pos381-Pos398
381,398,Pos381_K-Pos398_G,0.0,0.0007031250000000001,Pos381-Pos398
381,398,Pos381_K-Pos398_S,0.0,0.0007031250000000001,Pos381-Pos398
381,400,Pos381_K-Pos400_T,0.1125,0.01265625,Pos381-Pos400
381,400,Pos381_K-Pos400_S,0.0,0.0007031250000000001,Pos381-Pos400
381,407,Pos381_K-Pos407_K,0.1125,0.01265625,Pos381-Pos407
381,407,Pos381_K-Pos407_F,0.0,0.0007031250000000001,Pos381-Pos407
381,408,Pos381_K-Pos408_I,0.1125,0.01265625,Pos381-Pos408
381,410,Pos381_K-Pos410_R,0.1125,0.01265625,Pos381-Pos410
381,410,Pos381_K-Pos410_S,0.0,0.0007031250000000001,Pos381-Pos410
381,411,Pos381_K-Pos411_F,0.1125,0.01265625,Pos381-Pos411
381,411,Pos381_K-Pos411_K,0.0,0.0007031250000000001,Pos381-Pos411
382,384,Pos382_V-Pos384_F,0.1125,0.01265625,Pos382-Pos384
382,385,Pos382_V-Pos385_R,0.1125,0.01265625,Pos382-Pos385
382,389,Pos382_V-Pos389_A,0.1125,0.01265625,Pos382-Pos389
382,389,Pos382_V-Pos389_T,0.0,0.0007031250000000001,Pos382-Pos389
382,390,Pos382_V-Pos390_N,0.1125,0.01265625,Pos382-Pos390
382,390,Pos382_V-Pos390_R,0.0,0.0007031250000000001,Pos382-Pos390
382,391,Pos382_V-Pos391_L,0.1125,0.01265625,Pos382-Pos391
382,391,Pos382_V-Pos391_S,0.0,0.0007031250000000001,Pos382-Pos391
382,392,Pos382_V-Pos392_S,0.0,0.0007031250000000001,Pos382-Pos392
382,392,Pos382_V-Pos392_*,0.0,0.0007031250000000001,Pos382-Pos392
382,394,Pos382_V-Pos394_R,0.1125,0.01265625,Pos382-Pos394
382,394,Pos382_V-Pos394_A,0.0,0.0007031250000000001,Pos382-Pos394
382,396,Pos382_V-Pos396_I,0.1125,0.01265625,Pos382-Pos396
382,396,Pos382_V-Pos396_N,0.0,0.0007031250000000001,Pos382-Pos396
382,397,Pos382_V-Pos397_K,0.1125,0.01265625,Pos382-Pos397
382,397,Pos382_V-Pos397_S,0.0,0.0007031250000000001,Pos382-Pos397
382,398,Pos382_V-Pos398_P,0.1125,0.01265625,Pos382-Pos398
382,398,Pos382_V-Pos398_G,0.0,0.0007031250000000001,Pos382-Pos398
382,398,Pos382_V-Pos398_S,0.0,0.0007031250000000001,Pos382-Pos398
382,400,Pos382_V-Pos400_T,0.1125,0.01265625,Pos382-Pos400
382,400,Pos382_V-Pos400_S,0.0,0.0007031250000000001,Pos382-Pos400
382,407,Pos382_V-Pos407_K,0.1125,0.01265625,Pos382-Pos407
382,407,Pos382_V-Pos407_F,0.0,0.0007031250000000001,Pos382-Pos407
382,408,Pos382_V-Pos408_I,0.1125,0.01265625,Pos382-Pos408
382,410,Pos382_V-Pos410_R,0.1125,0.01265625,Pos382-Pos410
382,410,Pos382_V-Pos410_S,0.0,0.0007031250000000001,Pos382-Pos410
382,411,Pos382_V-Pos411_F,0.1125,0.01265625,Pos382-Pos411
382,411,Pos382_V-Pos411_K,0.0,0.0007031250000000001,Pos382-Pos411
384,385,Pos384_F-Pos385_R,0.1125,0.01265625,Pos384-Pos385
384,389,Pos384_F-Pos389_A,0.1125,0.01265625,Pos384-Pos389
384,389,Pos384_F-Pos389_T,0.0,0.0007031250000000001,Pos384-Pos389
384,390,Pos384_F-Pos390_N,0.1125,0.01265625,Pos384-Pos390
384,390,Pos384_F-Pos390_R,0.0,0.0007031250000000001,Pos384-Pos390
384,391,Pos384_F-Pos391_L,0.1125,0.01265625,Pos384-Pos391
384,391,Pos384_F-Pos391_S,0.0,0.0007031250000000001,Pos384-Pos391
384,392,Pos384_F-Pos392_S,0.0,0.0007031250000000001,Pos384-Pos392
384,392,Pos384_F-Pos392_*,0.0,0.0007031250000000001,Pos384-Pos392
384,394,Pos384_F-Pos394_R,0.1125,0.01265625,Pos384-Pos394
384,394,Pos384_F-Pos394_A,0.0,0.0007031250000000001,Pos384-Pos394
384,396,Pos384_F-Pos396_I,0.1125,0.01265625,Pos384-Pos396
384,396,Pos384_F-Pos396_N,0.0,0.0007031250000000001,Pos384-Pos396
384,397,Pos384_F-Pos397_K,0.1125,0.01265625,Pos384-Pos397
384,397,Pos384_F-Pos397_S,0.0,0.0007031250000000001,Pos384-Pos397
384,398,Pos384_F-Pos398_P,0.1125,0.01265625,Pos384-Pos398
384,398,Pos384_F-Pos398_G,0.0,0.0007031250000000001,Pos384-Pos398
384,398,Pos384_F-Pos398_S,0.0,0.0007031250000000001,Pos384-Pos398
384,400,Pos384_F-Pos400_T,0.1125,0.01265625,Pos384-Pos400
384,400,Pos384_F-Pos400_S,0.0,0.0007031250000000001,Pos384-Pos400
384,407,Pos384_F-Pos407_K,0.1125,0.01265625,Pos384-Pos407
384,407,Pos384_F-Pos407_F,0.0,0.0007031250000000001,Pos384-Pos407
384,408,Pos384_F-Pos408_I,0.1125,0.01265625,Pos384-Pos408
384,410,Pos384_F-Pos410_R,0.1125,0.01265625,Pos384-Pos410
384,410,Pos384_F-Pos410_S,0.0,0.0007031250000000001,Pos384-Pos410
384,411,Pos384_F-Pos411_F,0.1125,0.01265625,Pos384-Pos411
384,411,Pos384_F-Pos411_K,0.0,0.0007031250000000001,Pos384-Pos411
385,389,Pos385_R-Pos389_A,0.1125,0.01265625,Pos385-Pos389
385,389,Pos385_R-Pos389_T,0.0,0.0007031250000000001,Pos385-Pos389
385,390,Pos385_R-Pos390_N,0.1125,0.01265625,Pos385-Pos390
385,390,Pos385_R-Pos390_R,0.0,0.0007031250000000001,Pos385-Pos390
385,391,Pos385_R-Pos391_L,0.1125,0.01265625,Pos385-Pos391
385,391,Pos385_R-Pos391_S,0.0,0.0007031250000000001,Pos385-Pos391
385,392,Pos385_R-Pos392_S,0.0,0.0007031250000000001,Pos385-Pos392
385,392,Pos385_R-Pos392_*,0.0,0.0007031250000000001,Pos385-Pos392
385,394,Pos385_R-Pos394_R,0.1125,0.01265625,Pos385-Pos394
385,394,Pos385_R-Pos394_A,0.0,0.0007031250000000001,Pos385-Pos394
385,396,Pos385_R-Pos396_I,0.1125,0.01265625,Pos385-Pos396
385,396,Pos385_R-Pos396_N,0.0,0.0007031250000000001,Pos385-Pos396
385,397,Pos385_R-Pos397_K,0.1125,0.01265625,Pos385-Pos397
385,397,Pos385_R-Pos397_S,0.0,0.0007031250000000001,Pos385-Pos397
385,398,Pos385_R-Pos398_P,0.1125,0.01265625,Pos385-Pos398
385,398,Pos385_R-Pos398_G,0.0,0.0007031250000000001,Pos385-Pos398
385,398,Pos385_R-Pos398_S,0.0,0.0007031250000000001,Pos385-Pos398
385,400,Pos385_R-Pos400_T,0.1125,0.01265625,Pos385-Pos400
385,400,Pos385_R-Pos400_S,0.0,0.0007031250000000001,Pos385-Pos400
385,407,Pos385_R-Pos407_K,0.1125,0.01265625,Pos385-Pos407
385,407,Pos385_R-Pos407_F,0.0,0.0007031250000000001,Pos385-Pos407
385,408,Pos385_R-Pos408_I,0.1125,0.01265625,Pos385-Pos408
385,410,Pos385_R-Pos410_R,0.1125,0.01265625,Pos385-Pos410
385,410,Pos385_R-Pos410_S,0.0,0.0007031250000000001,Pos385-Pos410
385,411,Pos385_R-Pos411_F,0.1125,0.01265625,Pos385-Pos411
385,411,Pos385_R-Pos411_K,0.0,0.0007031250000000001,Pos385-Pos411
389,390,Pos389_A-Pos390_N,0.1125,0.01265625,Pos389-Pos390
389,390,Pos389_A-Pos390_R,0.0,0.0007031250000000001,Pos389-Pos390
389,390,Pos389_T-Pos390_N,0.0,0.0007031250000000001,Pos389-Pos390
389,390,Pos389_T-Pos390_R,0.00625,3.906250000000001e-05,Pos389-Pos390
389,391,Pos389_A-Pos391_L,0.1125,0.01265625,Pos389-Pos391
389,391,Pos389_A-Pos391_S,0.0,0.0007031250000000001,Pos389-Pos391
389,391,Pos389_T-Pos391_L,0.0,0.0007031250000000001,Pos389-Pos391
389,391,Pos389_T-Pos391_S,0.00625,3.906250000000001e-05,Pos389-Pos391
389,392,Pos389_A-Pos392_S,0.0,0.0007031250000000001,Pos389-Pos392
389,392,Pos389_A-Pos392_*,0.0,0.0007031250000000001,Pos389-Pos392
389,392,Pos389_T-Pos392_S,0.0,3.906250000000001e-05,Pos389-Pos392
389,392,Pos389_T-Pos392_*,0.00625,3.906250000000001e-05,Pos389-Pos392
389,394,Pos389_A-Pos394_R,0.1125,0.01265625,Pos389-Pos394
389,394,Pos389_A-Pos394_A,0.0,0.0007031250000000001,Pos389-Pos394
389,394,Pos389_T-Pos394_R,0.0,0.0007031250000000001,Pos389-Pos394
389,394,Pos389_T-Pos394_A,0.00625,3.906250000000001e-05,Pos389-Pos394
389,396,Pos389_A-Pos396_I,0.1125,0.01265625,Pos389-Pos396
389,396,Pos389_A-Pos396_N,0.0,0.0007031250000000001,Pos389-Pos396
389,396,Pos389_T-Pos396_I,0.0,0.0007031250000000001,Pos389-Pos396
389,396,Pos389_T-Pos396_N,0.00625,3.906250000000001e-05,Pos389-Pos396
389,397,Pos389_A-Pos397_K,0.1125,0.01265625,Pos389-Pos397
389,397,Pos389_A-Pos397_S,0.0,0.0007031250000000001,Pos389-Pos397
389,397,Pos389_T-Pos397_K,0.0,0.0007031250000000001,Pos389-Pos397
389,397,Pos389_T-Pos397_S,0.00625,3.906250000000001e-05,Pos389-Pos397
389,398,Pos389_A-Pos398_P,0.1125,0.01265625,Pos389-Pos398
389,398,Pos389_A-Pos398_G,0.0,0.0007031250000000001,Pos389-Pos398
389,398,Pos389_A-Pos398_S,0.0,0.0007031250000000001,Pos389-Pos398
389,398,Pos389_T-Pos398_P,0.0,0.0007031250000000001,Pos389-Pos398
389,398,Pos389_T-Pos398_G,0.0,3.906250000000001e-05,Pos389-Pos398
389,398,Pos389_T-Pos398_S,0.00625,3.906250000000001e-05,Pos389-Pos398
389,400,Pos389_A-Pos400_T,0.1125,0.01265625,Pos389-Pos400
389,400,Pos389_A-Pos400_S,0.0,0.0007031250000000001,Pos389-Pos400
389,400,Pos389_T-Pos400_T,0.0,0.0007031250000000001,Pos389-Pos400
389,400,Pos389_T-Pos400_S,0.00625,3.906250000000001e-05,Pos389-Pos400
389,407,Pos389_A-Pos407_K,0.1125,0.01265625,Pos389-Pos407
389,407,Pos389_A-Pos407_F,0.0,0.0007031250000000001,Pos389-Pos407
389,407,Pos389_T-Pos407_K,0.0,0.0007031250000000001,Pos389-Pos407
389,407,Pos389_T-Pos407_F,0.00625,3.906250000000001e-05,Pos389-Pos407
389,408,Pos389_A-Pos408_I,0.1125,0.01265625,Pos389-Pos408
389,408,Pos389_T-Pos408_I,0.0,0.0007031250000000001,Pos389-Pos408
389,410,Pos389_A-Pos410_R,0.1125,0.01265625,Pos389-Pos410
389,410,Pos389_A-Pos410_S,0.0,0.0007031250000000001,Pos389-Pos410
389,410,Pos389_T-Pos410_R,0.0,0.0007031250000000001,Pos389-Pos410
389,410,Pos389_T-Pos410_S,0.00625,3.906250000000001e-05,Pos389-Pos410
389,411,Pos389_A-Pos411_F,0.1125,0.01265625,Pos389-Pos411
389,411,Pos389_A-Pos411_K,0.0,0.0007031250000000001,Pos389-Pos411
389,411,Pos389_T-Pos411_F,0.0,0.0007031250000000001,Pos389-Pos411
389,411,Pos389_T-Pos411_K,0.00625,3.906250000000001e-05,Pos389-Pos411
390,391,Pos390_N-Pos391_L,0.1125,0.01265625,Pos390-Pos391
390,391,Pos390_N-Pos391_S,0.0,0.0007031250000000001,Pos390-Pos391
390,391,Pos390_R-Pos391_L,0.0,0.0007031250000000001,Pos390-Pos391
390,391,Pos390_R-Pos391_S,0.00625,3.906250000000001e-05,Pos390-Pos391
390,392,Pos390_N-Pos392_S,0.0,0.0007031250000000001,Pos390-Pos392
390,392,Pos390_N-Pos392_*,0.0,0.0007031250000000001,Pos390-Pos392
390,392,Pos390_R-Pos392_S,0.0,3.906250000000001e-05,Pos390-Pos392
390,392,Pos390_R-Pos392_*,0.00625,3.906250000000001e-05,Pos390-Pos392
390,394,Pos390_N-Pos394_R,0.1125,0.01265625,Pos390-Pos394
390,394,Pos390_N-Pos394_A,0.0,0.0007031250000000001,Pos390-Pos394
390,394,Pos390_R-Pos394_R,0.0,0.0007031250000000001,Pos390-Pos394
390,394,Pos390_R-Pos394_A,0.00625,3.906250000000001e-05,Pos390-Pos394
390,396,Pos390_N-Pos396_I,0.1125,0.01265625,Pos390-Pos396
390,396,Pos390_N-Pos396_N,0.0,0.0007031250000000001,Pos390-Pos396
390,396,Pos390_R-Pos396_I,0.0,0.0007031250000000001,Pos390-Pos396
390,396,Pos390_R-Pos396_N,0.00625,3.906250000000001e-05,Pos390-Pos396
390,397,Pos390_N-Pos397_K,0.1125,0.01265625,Pos390-Pos397
390,397,Pos390_N-Pos397_S,0.0,0.0007031250000000001,Pos390-Pos397
390,397,Pos390_R-Pos397_K,0.0,0.0007031250000000001,Pos390-Pos397
390,397,Pos390_R-Pos397_S,0.00625,3.906250000000001e-05,Pos390-Pos397
390,398,Pos390_N-Pos398_P,0.1125,0.01265625,Pos390-Pos398
390,398,Pos390_N-Pos398_G,0.0,0.0007031250000000001,Pos390-Pos398
390,398,Pos390_N-Pos398_S,0.0,0.0007031250000000001,Pos390-Pos398
390,398,Pos390_R-Pos398_P,0.0,0.0007031250000000001,Pos390-Pos398
390,398,Pos390_R-Pos398_G,0.0,3.906250000000001e-05,Pos390-Pos398
390,398,Pos390_R-Pos398_S,0.00625,3.906250000000001e-05,Pos390-Pos398
390,400,Pos390_N-Pos400_T,0.1125,0.01265625,Pos390-Pos400
390,400,Pos390_N-Pos400_S,0.0,0.0007031250000000001,Pos390-Pos400
390,400,Pos390_R-Pos400_T,0.0,0.0007031250000000001,Pos390-Pos400
390,400,Pos390_R-Pos400_S,0.00625,3.906250000000001e-05,Pos390-Pos400
390,407,Pos390_N-Pos407_K,0.1125,0.01265625,Pos390-Pos407
390,407,Pos390_N-Pos407_F,0.0,0.0007031250000000001,Pos390-Pos407
390,407,Pos390_R-Pos407_K,0.0,0.0007031250000000001,Pos390-Pos407
390,407,Pos390_R-Pos407_F,0.00625,3.906250000000001e-05,Pos390-Pos407
390,408,Pos390_N-Pos408_I,0.1125,0.01265625,Pos390-Pos408
390,408,Pos390_R-Pos408_I,0.0,0.0007031250000000001,Pos390-Pos408
390,410,Pos390_N-Pos410_R,0.1125,0.01265625,Pos390-Pos410
390,410,Pos390_N-Pos410_S,0.0,0.0007031250000000001,Pos390-Pos410
390,410,Pos390_R-Pos410_R,0.0,0.0007031250000000001,Pos390-Pos410
390,410,Pos390_R-Pos410_S,0.00625,3.906250000000001e-05,Pos390-Pos410
390,411,Pos390_N-Pos411_F,0.1125,0.01265625,Pos390-Pos411
390,411,Pos390_N-Pos411_K,0.0,0.0007031250000000001,Pos390-Pos411
390,411,Pos390_R-Pos411_F,0.0,0.0007031250000000001,Pos390-Pos411
390,411,Pos390_R-Pos411_K,0.00625,3.906250000000001e-05,Pos390-Pos411
391,392,Pos391_L-Pos392_S,0.0,0.0007031250000000001,Pos391-Pos392
391,392,Pos391_L-Pos392_*,0.0,0.0007031250000000001,Pos391-Pos392
391,392,Pos391_S-Pos392_S,0.0,3.906250000000001e-05,Pos391-Pos392
391,392,Pos391_S-Pos392_*,0.00625,3.906250000000001e-05,Pos391-Pos392
391,394,Pos391_L-Pos394_R,0.1125,0.01265625,Pos391-Pos394
391,394,Pos391_L-Pos394_A,0.0,0.0007031250000000001,Pos391-Pos394
391,394,Pos391_S-Pos394_R,0.0,0.0007031250000000001,Pos391-Pos394
391,394,Pos391_S-Pos394_A,0.00625,3.906250000000001e-05,Pos391-Pos394
391,396,Pos391_L-Pos396_I,0.1125,0.01265625,Pos391-Pos396
391,396,Pos391_L-Pos396_N,0.0,0.0007031250000000001,Pos391-Pos396
391,396,Pos391_S-Pos396_I,0.0,0.0007031250000000001,Pos391-Pos396
391,396,Pos391_S-Pos396_N,0.00625,3.906250000000001e-05,Pos391-Pos396
391,397,Pos391_L-Pos397_K,0.1125,0.01265625,Pos391-Pos397
391,397,Pos391_L-Pos397_S,0.0,0.0007031250000000001,Pos391-Pos397
391,397,Pos391_S-Pos397_K,0.0,0.0007031250000000001,Pos391-Pos397
391,397,Pos391_S-Pos397_S,0.00625,3.906250000000001e-05,Pos391-Pos397
391,398,Pos391_L-Pos398_P,0.1125,0.01265625,Pos391-Pos398
391,398,Pos391_L-Pos398_G,0.0,0.0007031250000000001,Pos391-Pos398
391,398,Pos391_L-Pos398_S,0.0,0.0007031250000000001,Pos391-Pos398
391,398,Pos391_S-Pos398_P,0.0,0.0007031250000000001,Pos391-Pos398
391,398,Pos391_S-Pos398_G,0.0,3.906250000000001e-05,Pos391-Pos398
391,398,Pos391_S-Pos398_S,0.00625,3.906250000000001e-05,Pos391-Pos398
391,400,Pos391_L-Pos400_T,0.1125,0.01265625,Pos391-Pos400
391,400,Pos391_L-Pos400_S,0.0,0.0007031250000000001,Pos391-Pos400
391,400,Pos391_S-Pos400_T,0.0,0.0007031250000000001,Pos391-Pos400
391,400,Pos391_S-Pos400_S,0.00625,3.906250000000001e-05,Pos391-Pos400
391,407,Pos391_L-Pos407_K,0.1125,0.01265625,Pos391-Pos407
391,407,Pos391_L-Pos407_F,0.0,0.0007031250000000001,Pos391-Pos407
391,407,Pos391_S-Pos407_K,0.0,0.0007031250000000001,Pos391-Pos407
391,407,Pos391_S-Pos407_F,0.00625,3.906250000000001e-05,Pos391-Pos407
391,408,Pos391_L-Pos408_I,0.1125,0.01265625,Pos391-Pos408
391,408,Pos391_S-Pos408_I,0.0,0.0007031250000000001,Pos391-Pos408
391,410,Pos391_L-Pos410_R,0.1125,0.01265625,Pos391-Pos410
391,410,Pos391_L-Pos410_S,0.0,0.0007031250000000001,Pos391-Pos410
391,410,Pos391_S-Pos410_R,0.0,0.0007031250000000001,Pos391-Pos410
391,410,Pos391_S-Pos410_S,0.00625,3.906250000000001e-05,Pos391-Pos410
391,411,Pos391_L-Pos411_F,0.1125,0.01265625,Pos391-Pos411
391,411,Pos391_L-Pos411_K,0.0,0.0007031250000000001,Pos391-Pos411
391,411,Pos391_S-Pos411_F,0.0,0.0007031250000000001,Pos391-Pos411
391,411,Pos391_S-Pos411_K,0.00625,3.906250000000001e-05,Pos391-Pos411
392,394,Pos392_S-Pos394_R,0.0,0.0007031250000000001,Pos392-Pos394
392,394,Pos392_S-Pos394_A,0.0,3.906250000000001e-05,Pos392-Pos394
392,394,Pos392_*-Pos394_R,0.0,0.0007031250000000001,Pos392-Pos394
392,394,Pos392_*-Pos394_A,0.00625,3.906250000000001e-05,Pos392-Pos394
392,396,Pos392_S-Pos396_I,0.0,0.0007031250000000001,Pos392-Pos396
392,396,Pos392_S-Pos396_N,0.0,3.906250000000001e-05,Pos392-Pos396
392,396,Pos392_*-Pos396_I,0.0,0.0007031250000000001,Pos392-Pos396
392,396,Pos392_*-Pos396_N,0.00625,3.906250000000001e-05,Pos392-Pos396
392,397,Pos392_S-Pos397_K,0.0,0.0007031250000000001,Pos392-Pos397
392,397,Pos392_S-Pos397_S,0.0,3.906250000000001e-05,Pos392-Pos397
392,397,Pos392_*-Pos397_K,0.0,0.0007031250000000001,Pos392-Pos397
392,397,Pos392_*-Pos397_S,0.00625,3.906250000000001e-05,Pos392-Pos397
392,398,Pos392_S-Pos398_P,0.0,0.0007031250000000001,Pos392-Pos398
392,398,Pos392_S-Pos398_G,0.0,3.906250000000001e-05,Pos392-Pos398
392,398,Pos392_S-Pos398_S,0.0,3.906250000000001e-05,Pos392-Pos398
392,398,Pos392_*-Pos398_P,0.0,0.0007031250000000001,Pos392-Pos398
392,398,Pos392_*-Pos398_G,0.0,3.906250000000001e-05,Pos392-Pos398
392,398,Pos392_*-Pos398_S,0.00625,3.906250000000001e-05,Pos392-Pos398
392,400,Pos392_S-Pos400_T,0.0,0.0007031250000000001,Pos392-Pos400
392,400,Pos392_S-Pos400_S,0.0,3.906250000000001e-05,Pos392-Pos400
392,400,Pos392_*-Pos400_T,0.0,0.0007031250000000001,Pos392-Pos400
392,400,Pos392_*-Pos400_S,0.00625,3.906250000000001e-05,Pos392-Pos400
392,407,Pos392_S-Pos407_K,0.0,0.0007031250000000001,Pos392-Pos407
392,407,Pos392_S-Pos407_F,0.0,3.906250000000001e-05,Pos392-Pos407
392,407,Pos392_*-Pos407_K,0.0,0.0007031250000000001,Pos392-Pos407
392,407,Pos392_*-Pos407_F,0.00625,3.906250000000001e-05,Pos392-Pos407
392,408,Pos392_S-Pos408_I,0.0,0.0007031250000000001,Pos392-Pos408
392,408,Pos392_*-Pos408_I,0.0,0.0007031250000000001,Pos392-Pos408
392,410,Pos392_S-Pos410_R,0.0,0.0007031250000000001,Pos392-Pos410
392,410,Pos392_S-Pos410_S,0.0,3.906250000000001e-05,Pos392-Pos410
392,410,Pos392_*-Pos410_R,0.0,0.0007031250000000001,Pos392-Pos410
392,410,Pos392_*-Pos410_S,0.00625,3.906250000000001e-05,Pos392-Pos410
392,411,Pos392_S-Pos411_F,0.0,0.0007031250000000001,Pos392-Pos411
392,411,Pos392_S-Pos411_K,0.0,3.906250000000001e-05,Pos392-Pos411
392,411,Pos392_*-Pos411_F,0.0,0.0007031250000000001,Pos392-Pos411
392,411,Pos392_*-Pos411_K,0.00625,3.906250000000001e-05,Pos392-Pos411
394,396,Pos394_R-Pos396_I,0.1125,0.01265625,Pos394-Pos396
394,396,Pos394_R-Pos396_N,0.0,0.0007031250000000001,Pos394-Pos396
394,396,Pos394_A-Pos396_I,0.0,0.0007031250000000001,Pos394-Pos396
394,396,Pos394_A-Pos396_N,0.00625,3.906250000000001e-05,Pos394-Pos396
394,397,Pos394_R-Pos397_K,0.1125,0.01265625,Pos394-Pos397
394,397,Pos394_R-Pos397_S,0.0,0.0007031250000000001,Pos394-Pos397
394,397,Pos394_A-Pos397_K,0.0,0.0007031250000000001,Pos394-Pos397
394,397,Pos394_A-Pos397_S,0.00625,3.906250000000001e-05,Pos394-Pos397
394,398,Pos394_R-Pos398_P,0.1125,0.01265625,Pos394-Pos398
394,398,Pos394_R-Pos398_G,0.0,0.0007031250000000001,Pos394-Pos398
394,398,Pos394_R-Pos398_S,0.0,0.0007031250000000001,Pos394-Pos398
394,398,Pos394_A-Pos398_P,0.0,0.0007031250000000001,Pos394-Pos398
394,398,Pos394_A-Pos398_G,0.0,3.906250000000001e-05,Pos394-Pos398
394,398,Pos394_A-Pos398_S,0.00625,3.906250000000001e-05,Pos394-Pos398
394,400,Pos394_R-Pos400_T,0.1125,0.01265625,Pos394-Pos400
394,400,Pos394_R-Pos400_S,0.0,0.0007031250000000001,Pos394-Pos400
394,400,Pos394_A-Pos400_T,0.0,0.0007031250000000001,Pos394-Pos400
394,400,Pos394_A-Pos400_S,0.00625,3.906250000000001e-05,Pos394-Pos400
394,407,Pos394_R-Pos407_K,0.1125,0.01265625,Pos394-Pos407
394,407,Pos394_R-Pos407_F,0.0,0.0007031250000000001,Pos394-Pos407
394,407,Pos394_A-Pos407_K,0.0,0.0007031250000000001,Pos394-Pos407
394,407,Pos394_A-Pos407_F,0.00625,3.906250000000001e-05,Pos394-Pos407
394,408,Pos394_R-Pos408_I,0.1125,0.01265625,Pos394-Pos408
394,408,Pos394_A-Pos408_I,0.0,0.0007031250000000001,Pos394-Pos408
394,410,Pos394_R-Pos410_R,0.1125,0.01265625,Pos394-Pos410
394,410,Pos394_R-Pos410_S,0.0,0.0007031250000000001,Pos394-Pos410
394,410,Pos394_A-Pos410_R,0.0,0.0007031250000000001,Pos394-Pos410
394,410,Pos394_A-Pos410_S,0.00625,3.906250000000001e-05,Pos394-Pos410
394,411,Pos394_R-Pos411_F,0.1125,0.01265625,Pos394-Pos411
394,411,Pos394_R-Pos411_K,0.0,0.0007031250000000001,Pos394-Pos411
394,411,Pos394_A-Pos411_F,0.0,0.0007031250000000001,Pos394-Pos411
394,411,Pos394_A-Pos411_K,0.00625,3.906250000000001e-05,Pos394-Pos411
396,397,Pos396_I-Pos397_K,0.1125,0.01265625,Pos396-Pos397
396,397,Pos396_I-Pos397_S,0.0,0.0007031250000000001,Pos396-Pos397
396,397,Pos396_N-Pos397_K,0.0,0.0007031250000000001,Pos396-Pos397
396,397,Pos396_N-Pos397_S,0.00625,3.906250000000001e-05,Pos396-Pos397
396,398,Pos396_I-Pos398_P,0.1125,0.01265625,Pos396-Pos398
396,398,Pos396_I-Pos398_G,0.0,0.0007031250000000001,Pos396-Pos398
396,398,Pos396_I-Pos398_S,0.0,0.0007031250000000001,Pos396-Pos398
396,398,Pos396_N-Pos398_P,0.0,0.0007031250000000001,Pos396-Pos398
396,398,Pos396_N-Pos398_G,0.0,3.906250000000001e-05,Pos396-Pos398
396,398,Pos396_N-Pos398_S,0.00625,3.906250000000001e-05,Pos396-Pos398
396,400,Pos396_I-Pos400_T,0.1125,0.01265625,Pos396-Pos400
396,400,Pos396_I-Pos400_S,0.0,0.0007031250000000001,Pos396-Pos400
396,400,Pos396_N-Pos400_T,0.0,0.0007031250000000001,Pos396-Pos400
396,400,Pos396_N-Pos400_S,0.00625,3.906250000000001e-05,Pos396-Pos400
396,407,Pos396_I-Pos407_K,0.1125,0.01265625,Pos396-Pos407
396,407,Pos396_I-Pos407_F,0.0,0.0007031250000000001,Pos396-Pos407
396,407,Pos396_N-Pos407_K,0.0,0.0007031250000000001,Pos396-Pos407
396,407,Pos396_N-Pos407_F,0.00625,3.906250000000001e-05,Pos396-Pos407
396,408,Pos396_I-Pos408_I,0.1125,0.01265625,Pos396-Pos408
396,408,Pos396_N-Pos408_I,0.0,0.0007031250000000001,Pos396-Pos408
396,410,Pos396_I-Pos410_R,0.1125,0.01265625,Pos396-Pos410
396,410,Pos396_I-Pos410_S,0.0,0.0007031250000000001,Pos396-Pos410
396,410,Pos396_N-Pos410_R,0.0,0.0007031250000000001,Pos396-Pos410
396,410,Pos396_N-Pos410_S,0.00625,3.906250000000001e-05,Pos396-Pos410
396,411,Pos396_I-Pos411_F,0.1125,0.01265625,Pos396-Pos411
396,411,Pos396_I-Pos411_K,0.0,0.0007031250000000001,Pos396-Pos411
396,411,Pos396_N-Pos411_F,0.0,0.0007031250000000001,Pos396-Pos411
396,411,Pos396_N-Pos411_K,0.00625,3.906250000000001e-05,Pos396-Pos411
397,398,Pos397_K-Pos398_P,0.1125,0.01265625,Pos397-Pos398
397,398,Pos397_K-Pos398_G,0.0,0.0007031250000000001,Pos397-Pos398
397,398,Pos397_K-Pos398_S,0.0,0.0007031250000000001,Pos397-Pos398
397,398,Pos397_S-Pos398_P,0.0,0.0007031250000000001,Pos397-Pos398
397,398,Pos397_S-Pos398_G,0.0,3.906250000000001e-05,Pos397-Pos398
397,398,Pos397_S-Pos398_S,0.00625,3.906250000000001e-05,Pos397-Pos398
397,400,Pos397_K-Pos400_T,0.1125,0.01265625,Pos397-Pos400
397,400,Pos397_K-Pos400_S,0.0,0.0007031250000000001,Pos397-Pos400
397,400,Pos397_S-Pos400_T,0.0,0.0007031250000000001,Pos397-Pos400
397,400,Pos397_S-Pos400_S,0.00625,3.906250000000001e-05,Pos397-Pos400
397,407,Pos397_K-Pos407_K,0.1125,0.01265625,Pos397-Pos407
397,407,Pos397_K-Pos407_F,0.0,0.0007031250000000001,Pos397-Pos407
397,407,Pos397_S-Pos407_K,0.0,0.0007031250000000001,Pos397-Pos407
397,407,Pos397_S-Pos407_F,0.00625,3.906250000000001e-05,Pos397-Pos407
397,408,Pos397_K-Pos408_I,0.1125,0.01265625,Pos397-Pos408
397,408,Pos397_S-Pos408_I,0.0,0.0007031250000000001,Pos397-Pos408
397,410,Pos397_K-Pos410_R,0.1125,0.01265625,Pos397-Pos410
397,410,Pos397_K-Pos410_S,0.0,0.0007031250000000001,Pos397-Pos410
397,410,Pos397_S-Pos410_R,0.0,0.0007031250000000001,Pos397-Pos410
397,410,Pos397_S-Pos410_S,0.00625,3.906250000000001e-05,Pos397-Pos410
397,411,Pos397_K-Pos411_F,0.1125,0.01265625,Pos397-Pos411
397,411,Pos397_K-Pos411_K,0.0,0.0007031250000000001,Pos397-Pos411
397,411,Pos397_S-Pos411_F,0.0,0.0007031250000000001,Pos397-Pos411
397,411,Pos397_S-Pos411_K,0.00625,3.906250000000001e-05,Pos397-Pos411
398,400,Pos398_P-Pos400_T,0.1125,0.01265625,Pos398-Pos400
398,400,Pos398_P-Pos400_S,0.0,0.0007031250000000001,Pos398-Pos400
398,400,Pos398_G-Pos400_T,0.0,0.0007031250000000001,Pos398-Pos400
398,400,Pos398_G-Pos400_S,0.0,3.906250000000001e-05,Pos398-Pos400
398,400,Pos398_S-Pos400_T,0.0,0.0007031250000000001,Pos398-Pos400
398,400,Pos398_S-Pos400_S,0.00625,3.906250000000001e-05,Pos398-Pos400
398,407,Pos398_P-Pos407_K,0.1125,0.01265625,Pos398-Pos407
398,407,Pos398_P-Pos407_F,0.0,0.0007031250000000001,Pos398-Pos407
398,407,Pos398_G-Pos407_K,0.0,0.0007031250000000001,Pos398-Pos407
398,407,Pos398_G-Pos407_F,0.0,3.906250000000001e-05,Pos398-Pos407
398,407,Pos398_S-Pos407_K,0.0,0.0007031250000000001,Pos398-Pos407
398,407,Pos398_S-Pos407_F,0.00625,3.906250000000001e-05,Pos398-Pos407
398,408,Pos398_P-Pos408_I,0.1125,0.01265625,Pos398-Pos408
398,408,Pos398_G-Pos408_I,0.0,0.0007031250000000001,Pos398-Pos408
398,408,Pos398_S-Pos408_I,0.0,0.0007031250000000001,Pos398-Pos408
398,410,Pos398_P-Pos410_R,0.1125,0.01265625,Pos398-Pos410
398,410,Pos398_P-Pos410_S,0.0,0.0007031250000000001,Pos398-Pos410
398,410,Pos398_G-Pos410_R,0.0,0.0007031250000000001,Pos398-Pos410
398,410,Pos398_G-Pos410_S,0.0,3.906250000000001e-05,Pos398-Pos410
398,410,Pos398_S-Pos410_R,0.0,0.0007031250000000001,Pos398-Pos410
398,410,Pos398_S-Pos410_S,0.00625,3.906250000000001e-05,Pos398-Pos410
398,411,Pos398_P-Pos411_F,0.1125,0.01265625,Pos398-Pos411
398,411,Pos398_P-Pos411_K,0.0,0.0007031250000000001,Pos398-Pos411
398,411,Pos398_G-Pos411_F,0.0,0.0007031250000000001,Pos398-Pos411
398,411,Pos398_G-Pos411_K,0.0,3.906250000000001e-05,Pos398-Pos411
398,411,Pos398_S-Pos411_F,0.0,0.0007031250000000001,Pos398-Pos411
398,411,Pos398_S-Pos411_K,0.00625,3.906250000000001e-05,Pos398-Pos411
400,407,Pos400_T-Pos407_K,0.1125,0.01265625,Pos400-Pos407
400,407,Pos400_T-Pos407_F,0.0,0.0007031250000000001,Pos400-Pos407
400,407,Pos400_S-Pos407_K,0.0,0.0007031250000000001,Pos400-Pos407
400,407,Pos400_S-Pos407_F,0.00625,3.906250000000001e-05,Pos400-Pos407
400,408,Pos400_T-Pos408_I,0.1125,0.01265625,Pos400-Pos408
400,408,Pos400_S-Pos408_I,0.0,0.0007031250000000001,Pos400-Pos408
400,410,Pos400_T-Pos410_R,0.1125,0.01265625,Pos400-Pos410
400,410,Pos400_T-Pos410_S,0.0,0.0007031250000000001,Pos400-Pos410
400,410,Pos400_S-Pos410_R,0.0,0.0007031250000000001,Pos400-Pos410
400,410,Pos400_S-Pos410_S,0.00625,3.906250000000001e-05,Pos400-Pos410
400,411,Pos400_T-Pos411_F,0.1125,0.01265625,Pos400-Pos411
400,411,Pos400_T-Pos411_K,0.0,0.0007031250000000001,Pos400-Pos411
400,411,Pos400_S-Pos411_F,0.0,0.0007031250000000001,Pos400-Pos411
400,411,Pos400_S-Pos411_K,0.00625,3.906250000000001e-05,Pos400-Pos411
407,408,Pos407_K-Pos408_I,0.1125,0.01265625,Pos407-Pos408
407,408,Pos407_F-Pos408_I,0.0,0.0007031250000000001,Pos407-Pos408
407,410,Pos407_K-Pos410_R,0.1125,0.01265625,Pos407-Pos410
407,410,Pos407_K-Pos410_S,0.0,0.0007031250000000001,Pos407-Pos410
407,410,Pos407_F-Pos410_R,0.0,0.0007031250000000001,Pos407-Pos410
407,410,Pos407_F-Pos410_S,0.00625,3.906250000000001e-05,Pos407-Pos410
407,411,Pos407_K-Pos411_F,0.1125,0.01265625,Pos407-Pos411
407,411,Pos407_K-Pos411_K,0.0,0.0007031250000000001,Pos407-Pos411
407,411,Pos407_F-Pos411_F,0.0,0.0007031250000000001,Pos407-Pos411
407,411,Pos407_F-Pos411_K,0.00625,3.906250000000001e-05,Pos407-Pos411
408,410,Pos408_I-Pos410_R,0.1125,0.01265625,Pos408-Pos410
408,410,Pos408_I-Pos410_S,0.0,0.0007031250000000001,Pos408-Pos410
408,411,Pos408_I-Pos411_F,0.1125,0.01265625,Pos408-Pos411
408,411,Pos408_I-Pos411_K,0.0,0.0007031250000000001,Pos408-Pos411
410,411,Pos410_R-Pos411_F,0.1125,0.01265625,Pos410-Pos411
410,411,Pos410_R-Pos411_K,0.0,0.0007031250000000001,Pos410-Pos411
410,411,Pos410_S-Pos411_F,0.0,0.0007031250000000001,Pos410-Pos411
410,411,Pos410_S-Pos411_K,0.00625,3.906250000000001e-05,Pos410-Pos411
